{"shear_15nN-qq": [-623.4990477953637, 58.37375861360039], "delta_molecular_weight": 78.0869, "status": {"73b0d3cb84ffaf98072835b8a8687156-lammps_to_gmx": 1, "73b0d3cb84ffaf98072835b8a8687156-log_S2": 1, "73b0d3cb84ffaf98072835b8a8687156-shear_25nN": 1, "73b0d3cb84ffaf98072835b8a8687156-shear_25nN_rerun": 1, "73b0d3cb84ffaf98072835b8a8687156-minimize_grompp": 1, "73b0d3cb84ffaf98072835b8a8687156-log_tilt": 1, "73b0d3cb84ffaf98072835b8a8687156-top_to_mol2": 1, "73b0d3cb84ffaf98072835b8a8687156-log_interaction_energy_5nN": 1, "73b0d3cb84ffaf98072835b8a8687156-shear_15nN_grompp": 1, "73b0d3cb84ffaf98072835b8a8687156-get_interaction_energy_5nN": 1, "73b0d3cb84ffaf98072835b8a8687156-unwrap_shear_5nN": 1, "73b0d3cb84ffaf98072835b8a8687156-shear_15nN_rerun": 1, "73b0d3cb84ffaf98072835b8a8687156-shear_25nN_rerun_grompp": 1, "73b0d3cb84ffaf98072835b8a8687156-unwrap_shear_25nN": 1, "73b0d3cb84ffaf98072835b8a8687156-shear_5nN_rerun_grompp": 1, "73b0d3cb84ffaf98072835b8a8687156-shear_5nN_rerun": 1, "73b0d3cb84ffaf98072835b8a8687156-compress_grompp": 1, "73b0d3cb84ffaf98072835b8a8687156-fix_overlaps": 1, "73b0d3cb84ffaf98072835b8a8687156-log_interaction_energy_15nN": 1, "73b0d3cb84ffaf98072835b8a8687156-log_cof": 1, "73b0d3cb84ffaf98072835b8a8687156-shear_5nN": 1, "73b0d3cb84ffaf98072835b8a8687156-get_interaction_energy_15nN": 1, "73b0d3cb84ffaf98072835b8a8687156-equilibrate_grompp": 1, "73b0d3cb84ffaf98072835b8a8687156-shear_25nN_grompp": 1, "73b0d3cb84ffaf98072835b8a8687156-log_interaction_energy_25nN": 1, "73b0d3cb84ffaf98072835b8a8687156-calc_S2_shear": 1, "73b0d3cb84ffaf98072835b8a8687156-calc_interdigitation": 1, "73b0d3cb84ffaf98072835b8a8687156-shear_5nN_grompp": 1, "73b0d3cb84ffaf98072835b8a8687156-initialize": 1, "73b0d3cb84ffaf98072835b8a8687156-unwrap_shear_15nN": 1, "73b0d3cb84ffaf98072835b8a8687156-get_interaction_energy_25nN": 1, "73b0d3cb84ffaf98072835b8a8687156-shear_15nN": 1, "73b0d3cb84ffaf98072835b8a8687156-calc_tilt_shear": 1, "73b0d3cb84ffaf98072835b8a8687156-equilibrate": 1, "73b0d3cb84ffaf98072835b8a8687156-compress": 1, "73b0d3cb84ffaf98072835b8a8687156-count_hydrogen_bonds": 1, "73b0d3cb84ffaf98072835b8a8687156-shear_15nN_rerun_grompp": 1, "73b0d3cb84ffaf98072835b8a8687156-calc_friction": 1, "73b0d3cb84ffaf98072835b8a8687156-minimize": 1}, "interdigitation": {"15nN": 0.16630181038668226, "5nN": 0.1327703656080806, "25nN": 0.13817944878192132}, "avg_molecular_weight": 56.05075, "delta_dipole_moment": 0.1499999999999999, "tilt_bottom": {"15nN": 36.21304476528883, "5nN": 33.71734722460233, "25nN": 39.49928318827007}, "S2_top": {"15nN": 0.9620621132367463, "5nN": 0.9699292265281624, "25nN": 0.9621131920110438}, "shear_25nN-Etotal": [-2359.1671597234213, 85.17291255473862], "shear_5nN-Etotal": [-1971.1661032006393, 84.90756255712562], "S2_bottom": {"15nN": 0.9420323094451464, "5nN": 0.9279147220441541, "25nN": 0.9601669031189636}, "intercept": 1.6204326485538263, "shear_15nN-lj": [-1603.817352181455, 51.7835197216259], "tilt_top": {"15nN": 39.29996339110942, "5nN": 36.35868281686125, "25nN": 40.913235694755095}, "avg_dipole_moment": 1.9549999999999998, "shear_5nN-qq": [-549.5523896818544, 54.238234694542285], "shear_5nN-lj": [-1421.6137135187848, 53.639686281270855], "COF": 0.15400481873202632, "shear_25nN-lj": [-1674.9448075339728, 51.694722779030684], "shear_25nN-qq": [-684.2223521894485, 62.08903637345018], "shear_15nN-Etotal": [-2227.3163999768185, 85.20578948302858]}