{"avg_dipole_moment": 1.45, "max_dipole_moment": 2.89, "min_dipole_moment": 0.01, "max_molecular_weight": 66.0811, "shear_5nN-qq": [-26.102969038369302, 10.569634349743088], "intercept": 0.6803510109225948, "shear_15nN-qq": [-4.518231077537969, 15.22339880635311], "min_molecular_weight": 43.0874, "delta_molecular_weight": 22.993700000000004, "ch3-smiles-2": "C1=C(C)NC=C1", "chain-smiles-2": "CCCCCCCCCCCCCCCCCC1=CNC=C1", "tilt_bottom": {"25nN": 36.26286834398057, "5nN": 33.95389437479744, "15nN": 36.296919887570084}, "tilt_top": {"25nN": 40.52962291959247, "5nN": 35.716193686894236, "15nN": 38.98803751693572}, "shear_15nN-lj": [-1658.5902485155875, 49.74157324293498], "h-smiles-1": "C(C)C", "ch3-smiles-1": "CC(C)C", "S2_bottom": {"25nN": 0.9421333343327134, "5nN": 0.9789650556232096, "15nN": 0.9548619278868378}, "h-smiles-2": "C1=CNC=C1", "shear_25nN-qq": [22.666397488409274, 12.549289475902762], "COF": 0.13701789767994155, "shear_25nN-lj": [-1772.3714443573142, 51.0827026529854], "S2_top": {"25nN": 0.9735979413017026, "5nN": 0.9806423709753668, "15nN": 0.9747517211617}, "shear_15nN-Etotal": [-1663.1084795931256, 50.95973014173895], "shear_5nN-Etotal": [-1427.2944310127898, 52.89019877764818], "shear_25nN-Etotal": [-1749.7050468689047, 51.85422718630425], "avg_molecular_weight": 54.584250000000004, "shear_5nN-lj": [-1401.1914619744202, 52.471704364337754], "delta_dipole_moment": 2.8800000000000003, "status": {"9392dfa87741e17b3c5bd37019ca3bac-shear_5nN_rerun": 1, "9392dfa87741e17b3c5bd37019ca3bac-shear_15nN_rerun_grompp": 1, "9392dfa87741e17b3c5bd37019ca3bac-initialize": 1, "9392dfa87741e17b3c5bd37019ca3bac-shear_15nN_rerun": 1, "9392dfa87741e17b3c5bd37019ca3bac-compress_grompp": 1, "9392dfa87741e17b3c5bd37019ca3bac-get_interaction_energy_5nN": 1, "9392dfa87741e17b3c5bd37019ca3bac-get_interaction_energy_15nN": 1, "9392dfa87741e17b3c5bd37019ca3bac-minimize_grompp": 1, "9392dfa87741e17b3c5bd37019ca3bac-shear_25nN_rerun": 1, "9392dfa87741e17b3c5bd37019ca3bac-shear_25nN_rerun_grompp": 1, "9392dfa87741e17b3c5bd37019ca3bac-shear_5nN_grompp": 1, "9392dfa87741e17b3c5bd37019ca3bac-compress": 1, "9392dfa87741e17b3c5bd37019ca3bac-calc_friction": 1, "9392dfa87741e17b3c5bd37019ca3bac-shear_15nN_grompp": 1, "9392dfa87741e17b3c5bd37019ca3bac-log_interaction_energy_25nN": 1, "9392dfa87741e17b3c5bd37019ca3bac-fix_overlaps": 1, "9392dfa87741e17b3c5bd37019ca3bac-lammps_to_gmx": 1, "9392dfa87741e17b3c5bd37019ca3bac-shear_25nN": 1, "9392dfa87741e17b3c5bd37019ca3bac-shear_25nN_grompp": 1, "9392dfa87741e17b3c5bd37019ca3bac-unwrap_shear_5nN": 1, "9392dfa87741e17b3c5bd37019ca3bac-shear_5nN_rerun_grompp": 1, "9392dfa87741e17b3c5bd37019ca3bac-unwrap_shear_15nN": 1, "9392dfa87741e17b3c5bd37019ca3bac-calc_tilt_shear": 1, "9392dfa87741e17b3c5bd37019ca3bac-minimize": 1, "9392dfa87741e17b3c5bd37019ca3bac-equilibrate": 1, "9392dfa87741e17b3c5bd37019ca3bac-get_interaction_energy_25nN": 1, "9392dfa87741e17b3c5bd37019ca3bac-shear_15nN": 1, "9392dfa87741e17b3c5bd37019ca3bac-calc_S2_shear": 1, "9392dfa87741e17b3c5bd37019ca3bac-calc_interdigitation": 1, "9392dfa87741e17b3c5bd37019ca3bac-log_tilt": 1, "9392dfa87741e17b3c5bd37019ca3bac-top_to_mol2": 1, "9392dfa87741e17b3c5bd37019ca3bac-equilibrate_grompp": 1, "9392dfa87741e17b3c5bd37019ca3bac-log_interaction_energy_15nN": 1, "9392dfa87741e17b3c5bd37019ca3bac-log_interaction_energy_5nN": 1, "9392dfa87741e17b3c5bd37019ca3bac-shear_5nN": 1, "9392dfa87741e17b3c5bd37019ca3bac-log_S2": 1, "9392dfa87741e17b3c5bd37019ca3bac-log_cof": 1, "9392dfa87741e17b3c5bd37019ca3bac-unwrap_shear_25nN": 1}, "chain-smiles-1": "CCCCCCCCCCCCCCCCCC(C)C"}