{"MR-mean":12.3289,"asphericity-mean":0.3247975,"balabanj-mean":3.921885,"bertzct-mean":78.1057165,"chi0-mean":6.8922285,"chi0n-mean":6.4082485,"chi0v-mean":1.4082485,"chi1-mean":3.36569,"chi1n-mean":2.9082485,"chi1v-mean":0.454124,"chi2n-mean":0.1437285,"chi2v-mean":0.1437285,"chi3n-mean":0.0,"chi3v-mean":0.0,"chi4n-mean":0.0,"chi4v-mean":0.0,"e-valence-mean":19.0,"eccentricity-mean":0.923873,"hk-alpha-mean":-0.265,"hk-kappa1-mean":0.2732705,"hk-kappa2-mean":0.437429,"hk-kappa3-mean":0.5780045,"ipc-mean":28.4767175,"isf-mean":0.0823335,"labuteASA-mean":26.6502585,"logP-mean":0.55855,"molwt-mean":45.0340395,"molwt-hvy-mean":40.021,"nheavy-mean":3.0,"npr1-mean":0.3667775,"npr2-mean":0.784351,"pbf-mean":0.4284005,"pc+-mean":0.4353895,"pc--mean":-0.4353895,"pmi1-mean":25.987868,"pmi2-mean":40.0365105,"pmi3-mean":60.8528515,"rbonds-mean":1.0,"rg-mean":1.12389,"rpc+-mean":0.2874075,"rpc--mean":0.5778385,"spherocity-mean":0.447352,"tpsa-mean":18.65,"vsa+-mean":13.294612,"vsa--mean":11.8035645,"vsa-fhyd-mean":0.6939325,"vsa-fneg-mean":0.487636,"vsa-fpneg-mean":0.1751685,"vsa-fpos-mean":0.512364,"vsa-fppos-mean":0.130899,"vsa-hyd-mean":16.4462515,"vsa-polar-mean":0.3060675,"vsa-polar+-mean":3.7002525,"vsa-polar--mean":4.9516725,"MR-min":11.348,"asphericity-min":0.229305,"balabanj-min":3.823378,"bertzct-min":61.509775,"chi0-min":6.784457,"chi0n-min":5.816497,"chi0v-min":1.0,"chi1-min":3.25,"chi1n-min":2.566497,"chi1v-min":0.25,"chi2n-min":0.0,"chi2v-min":0.0,"chi3n-min":0.0,"chi3v-min":0.0,"chi4n-min":0.0,"chi4v-min":0.0,"e-valence-min":14.0,"eccentricity-min":0.883566,"hk-alpha-min":-0.53,"hk-kappa1-min":0.040816,"hk-kappa2-min":0.0,"hk-kappa3-min":0.0,"ipc-min":21.306059,"isf-min":0.012581,"labuteASA-min":23.534016,"logP-min":0.0909,"molwt-min":30.04695,"molwt-hvy-min":24.022,"nheavy-min":2.0,"npr1-min":0.265248,"npr2-min":0.571419,"pbf-min":0.340047,"pc+-min":0.136525,"pc--min":-0.734254,"pmi1-min":6.557381,"pmi2-min":24.654494,"pmi3-min":24.721654,"rbonds-min":1.0,"rg-min":0.964394,"rpc+-min":0.166667,"rpc--min":0.5,"spherocity-min":0.263097,"tpsa-min":0.0,"vsa+-min":8.224551,"vsa--min":9.903345,"vsa-fhyd-min":0.387865,"vsa-fneg-min":0.350337,"vsa-fpneg-min":0.0,"vsa-fpos-min":0.375065,"vsa-fppos-min":0.0,"vsa-hyd-min":10.964168,"vsa-polar-min":0.0,"vsa-polar+-min":0.0,"vsa-polar--min":0.0,"MR-max":13.3098,"asphericity-max":0.42029,"balabanj-max":4.020392,"bertzct-max":94.701658,"chi0-max":7.0,"chi0n-max":7.0,"chi0v-max":1.816497,"chi1-max":3.48138,"chi1n-max":3.25,"chi1v-max":0.658248,"chi2n-max":0.287457,"chi2v-max":0.287457,"chi3n-max":0.0,"chi3v-max":0.0,"chi4n-max":0.0,"chi4v-max":0.0,"e-valence-max":24.0,"eccentricity-max":0.96418,"hk-alpha-max":0.0,"hk-kappa1-max":0.505725,"hk-kappa2-max":0.874858,"hk-kappa3-max":1.156009,"ipc-max":35.647376,"isf-max":0.152086,"labuteASA-max":29.766501,"logP-max":1.0262,"molwt-max":60.021129,"molwt-hvy-max":56.02,"nheavy-max":4.0,"npr1-max":0.468307,"npr2-max":0.997283,"pbf-max":0.516754,"pc+-max":0.734254,"pc--max":-0.136525,"pmi1-max":45.418355,"pmi2-max":55.418527,"pmi3-max":96.984049,"rbonds-max":1.0,"rg-max":1.283386,"rpc+-max":0.408148,"rpc--max":0.655677,"spherocity-max":0.631607,"tpsa-max":37.3,"vsa+-max":18.364673,"vsa--max":13.703784,"vsa-fhyd-max":1.0,"vsa-fneg-max":0.624935,"vsa-fpneg-max":0.350337,"vsa-fpos-max":0.649663,"vsa-fppos-max":0.261798,"vsa-hyd-max":21.928335,"vsa-polar-max":0.612135,"vsa-polar+-max":7.400505,"vsa-polar--max":9.903345,"MR-diff":1.9618,"asphericity-diff":0.190985,"balabanj-diff":0.197014,"bertzct-diff":33.191883,"chi0-diff":0.215543,"chi0n-diff":1.183503,"chi0v-diff":0.816497,"chi1-diff":0.23138,"chi1n-diff":0.683503,"chi1v-diff":0.408248,"chi2n-diff":0.287457,"chi2v-diff":0.287457,"chi3n-diff":0.0,"chi3v-diff":0.0,"chi4n-diff":0.0,"chi4v-diff":0.0,"e-valence-diff":10.0,"eccentricity-diff":0.080614,"hk-alpha-diff":0.53,"hk-kappa1-diff":0.464909,"hk-kappa2-diff":0.874858,"hk-kappa3-diff":1.156009,"ipc-diff":14.341317,"isf-diff":0.139505,"labuteASA-diff":6.232485,"logP-diff":0.9353,"molwt-diff":29.974179,"molwt-hvy-diff":31.998,"nheavy-diff":2.0,"npr1-diff":0.203059,"npr2-diff":0.425864,"pbf-diff":0.176707,"pc+-diff":0.597729,"pc--diff":0.597729,"pmi1-diff":38.860974,"pmi2-diff":30.764033,"pmi3-diff":72.262395,"rbonds-diff":0.0,"rg-diff":0.318992,"rpc+-diff":0.241481,"rpc--diff":0.155677,"spherocity-diff":0.36851,"tpsa-diff":37.3,"vsa+-diff":10.140122,"vsa--diff":3.800439,"vsa-fhyd-diff":0.612135,"vsa-fneg-diff":0.274598,"vsa-fpneg-diff":0.350337,"vsa-fpos-diff":0.274598,"vsa-fppos-diff":0.261798,"vsa-hyd-diff":10.964167,"vsa-polar-diff":0.612135,"vsa-polar+-diff":7.400505,"vsa-polar--diff":9.903345,"hbonds":0.0}