{"avg_dipole_moment": 2.405, "max_dipole_moment": 4.81, "min_dipole_moment": 0.0, "max_molecular_weight": 45.0174, "shear_5nN-qq": [7.431575027178257, 12.687703714251196], "intercept": 0.7648887157280122, "shear_15nN-qq": [29.460456805755403, 13.84724470121456], "min_molecular_weight": 15.0344, "delta_molecular_weight": 29.983000000000004, "ch3-smiles-2": "CC", "chain-smiles-2": "CCCCCCCCCCCCCCCCCC", "tilt_bottom": {"25nN": 38.77065438986254, "5nN": 34.08635489788206, "15nN": 36.45673981604065}, "interdigitation": {"25nN": 0.10319310156385642, "5nN": 0.11649800265128885, "15nN": 0.10985451140343591}, "tilt_top": {"25nN": 38.78324955846504, "5nN": 33.05142920834088, "15nN": 37.3888844778903}, "shear_15nN-lj": [-1772.228010569944, 48.178814287812], "h-smiles-1": "C(=O)O", "S2_top": {"25nN": 0.9003382193379204, "5nN": 0.9375588664605905, "15nN": 0.9199342990087431}, "S2_bottom": {"25nN": 0.9460403479284892, "5nN": 0.9596246988031714, "15nN": 0.9440006240779166}, "h-smiles-2": "C", "shear_25nN-qq": [49.77370717266188, 16.577122539065385], "COF": 0.12923339900189232, "shear_25nN-lj": [-1909.784204275779, 53.15867789015942], "ch3-smiles-1": "CC(=O)O", "shear_15nN-Etotal": [-1742.7675537641885, 48.91431622948712], "shear_5nN-Etotal": [-1530.3077661159075, 52.480481438909884], "shear_25nN-Etotal": [-1860.0104971031174, 54.43508067029705], "avg_molecular_weight": 30.0259, "shear_5nN-lj": [-1537.7393411430853, 52.86483358515873], "delta_dipole_moment": 4.81, "status": {"30aee5162821ae650680d6531cef2be2-shear_5nN_rerun_grompp": 1, "30aee5162821ae650680d6531cef2be2-unwrap_shear_5nN": 1, "30aee5162821ae650680d6531cef2be2-calc_interdigitation": 1, "30aee5162821ae650680d6531cef2be2-lammps_to_gmx": 1, "30aee5162821ae650680d6531cef2be2-equilibrate_grompp": 1, "30aee5162821ae650680d6531cef2be2-compress": 1, "30aee5162821ae650680d6531cef2be2-shear_15nN_rerun_grompp": 1, "30aee5162821ae650680d6531cef2be2-unwrap_shear_15nN": 1, "30aee5162821ae650680d6531cef2be2-log_interaction_energy_5nN": 1, "30aee5162821ae650680d6531cef2be2-equilibrate": 1, "30aee5162821ae650680d6531cef2be2-shear_5nN": 1, "30aee5162821ae650680d6531cef2be2-calc_friction": 1, "30aee5162821ae650680d6531cef2be2-shear_5nN_grompp": 1, "30aee5162821ae650680d6531cef2be2-unwrap_shear_25nN": 1, "30aee5162821ae650680d6531cef2be2-compress_grompp": 1, "30aee5162821ae650680d6531cef2be2-shear_5nN_rerun": 1, "30aee5162821ae650680d6531cef2be2-minimize_grompp": 1, "30aee5162821ae650680d6531cef2be2-get_interaction_energy_5nN": 1, "30aee5162821ae650680d6531cef2be2-minimize": 1, "30aee5162821ae650680d6531cef2be2-calc_S2_shear": 1, "30aee5162821ae650680d6531cef2be2-log_interaction_energy_25nN": 1, "30aee5162821ae650680d6531cef2be2-log_tilt": 1, "30aee5162821ae650680d6531cef2be2-shear_25nN": 1, "30aee5162821ae650680d6531cef2be2-shear_25nN_rerun_grompp": 1, "30aee5162821ae650680d6531cef2be2-top_to_mol2": 1, "30aee5162821ae650680d6531cef2be2-shear_15nN_grompp": 1, "30aee5162821ae650680d6531cef2be2-count_hydrogen_bonds": 1, "30aee5162821ae650680d6531cef2be2-shear_25nN_grompp": 1, "30aee5162821ae650680d6531cef2be2-calc_tilt_shear": 1, "30aee5162821ae650680d6531cef2be2-log_cof": 1, "30aee5162821ae650680d6531cef2be2-get_interaction_energy_15nN": 1, "30aee5162821ae650680d6531cef2be2-initialize": 1, "30aee5162821ae650680d6531cef2be2-get_interaction_energy_25nN": 1, "30aee5162821ae650680d6531cef2be2-log_S2": 1, "30aee5162821ae650680d6531cef2be2-shear_15nN_rerun": 1, "30aee5162821ae650680d6531cef2be2-shear_15nN": 1, "30aee5162821ae650680d6531cef2be2-fix_overlaps": 1, "30aee5162821ae650680d6531cef2be2-shear_25nN_rerun": 1, "30aee5162821ae650680d6531cef2be2-log_interaction_energy_15nN": 1}, "chain-smiles-1": "CCCCCCCCCCCCCCCCCC(=O)O"}