{"avg_dipole_moment": 3.8499999999999996, "max_dipole_moment": 4.81, "min_dipole_moment": 2.89, "max_molecular_weight": 66.0811, "shear_5nN-qq": [-746.6387100711431, 91.81583382166163], "intercept": 2.503177522122348, "shear_15nN-qq": [-708.5287482270185, 90.81348786425266], "min_molecular_weight": 45.0174, "delta_molecular_weight": 21.063700000000004, "ch3-smiles-2": "C1=C(C)NC=C1", "chain-smiles-2": "CCCCCCCCCCCCCCCCCC1=CNC=C1", "tilt_bottom": {"25nN": 40.37347768007237, "5nN": 35.663683052452704, "15nN": 38.662247479152576}, "tilt_top": {"25nN": 39.93677727101734, "5nN": 35.32727690269401, "15nN": 38.50844280404289}, "shear_15nN-lj": [-2017.0384941918464, 56.258586186440326], "h-smiles-1": "C(=O)O", "ch3-smiles-1": "CC(=O)O", "S2_bottom": {"25nN": 0.9463069322477257, "5nN": 0.9536028359507503, "15nN": 0.9456060721844554}, "h-smiles-2": "C1=CNC=C1", "shear_25nN-qq": [-718.9773041438849, 95.86768338403813], "COF": 0.12236084865116574, "shear_25nN-lj": [-2116.111250760991, 59.47069241297004], "S2_top": {"25nN": 0.9513512312510425, "5nN": 0.9512294607004906, "15nN": 0.9649123831238181}, "shear_15nN-Etotal": [-2725.567242418865, 105.7873655544394], "shear_5nN-Etotal": [-2563.040867442846, 118.12922787040591], "shear_25nN-Etotal": [-2835.088554904876, 109.90445018130563], "avg_molecular_weight": 55.54925, "shear_5nN-lj": [-1816.4021573717025, 60.866411709651764], "delta_dipole_moment": 1.9199999999999995, "status": {"a1ebbeb87c7813b77ff314c26f98fe3d-shear_15nN_grompp": 1, "a1ebbeb87c7813b77ff314c26f98fe3d-top_to_mol2": 1, "a1ebbeb87c7813b77ff314c26f98fe3d-shear_15nN": 1, "a1ebbeb87c7813b77ff314c26f98fe3d-shear_5nN": 1, "a1ebbeb87c7813b77ff314c26f98fe3d-equilibrate": 1, "a1ebbeb87c7813b77ff314c26f98fe3d-shear_5nN_rerun_grompp": 1, "a1ebbeb87c7813b77ff314c26f98fe3d-calc_tilt_shear": 1, "a1ebbeb87c7813b77ff314c26f98fe3d-log_S2": 1, "a1ebbeb87c7813b77ff314c26f98fe3d-get_interaction_energy_15nN": 1, "a1ebbeb87c7813b77ff314c26f98fe3d-log_tilt": 1, "a1ebbeb87c7813b77ff314c26f98fe3d-initialize": 1, "a1ebbeb87c7813b77ff314c26f98fe3d-log_cof": 1, "a1ebbeb87c7813b77ff314c26f98fe3d-minimize_grompp": 1, "a1ebbeb87c7813b77ff314c26f98fe3d-shear_5nN_rerun": 1, "a1ebbeb87c7813b77ff314c26f98fe3d-calc_friction": 1, "a1ebbeb87c7813b77ff314c26f98fe3d-calc_interdigitation": 1, "a1ebbeb87c7813b77ff314c26f98fe3d-equilibrate_grompp": 1, "a1ebbeb87c7813b77ff314c26f98fe3d-compress": 1, "a1ebbeb87c7813b77ff314c26f98fe3d-shear_25nN_grompp": 1, "a1ebbeb87c7813b77ff314c26f98fe3d-log_interaction_energy_5nN": 1, "a1ebbeb87c7813b77ff314c26f98fe3d-unwrap_shear_25nN": 1, "a1ebbeb87c7813b77ff314c26f98fe3d-shear_15nN_rerun": 1, "a1ebbeb87c7813b77ff314c26f98fe3d-log_interaction_energy_15nN": 1, "a1ebbeb87c7813b77ff314c26f98fe3d-unwrap_shear_5nN": 1, "a1ebbeb87c7813b77ff314c26f98fe3d-calc_S2_shear": 1, "a1ebbeb87c7813b77ff314c26f98fe3d-unwrap_shear_15nN": 1, "a1ebbeb87c7813b77ff314c26f98fe3d-log_interaction_energy_25nN": 1, "a1ebbeb87c7813b77ff314c26f98fe3d-shear_15nN_rerun_grompp": 1, "a1ebbeb87c7813b77ff314c26f98fe3d-shear_25nN_rerun": 1, "a1ebbeb87c7813b77ff314c26f98fe3d-shear_25nN_rerun_grompp": 1, "a1ebbeb87c7813b77ff314c26f98fe3d-shear_25nN": 1, "a1ebbeb87c7813b77ff314c26f98fe3d-lammps_to_gmx": 1, "a1ebbeb87c7813b77ff314c26f98fe3d-get_interaction_energy_25nN": 1, "a1ebbeb87c7813b77ff314c26f98fe3d-get_interaction_energy_5nN": 1, "a1ebbeb87c7813b77ff314c26f98fe3d-fix_overlaps": 1, "a1ebbeb87c7813b77ff314c26f98fe3d-count_hydrogen_bonds": 1, "a1ebbeb87c7813b77ff314c26f98fe3d-compress_grompp": 1, "a1ebbeb87c7813b77ff314c26f98fe3d-minimize": 1, "a1ebbeb87c7813b77ff314c26f98fe3d-shear_5nN_grompp": 1}, "chain-smiles-1": "CCCCCCCCCCCCCCCCCC(=O)O"}