{"avg_dipole_moment": 4.31, "max_dipole_moment": 4.81, "min_dipole_moment": 3.81, "max_molecular_weight": 46.0055, "shear_5nN-qq": [-1181.7186015819343, 109.27423001196885], "intercept": 2.906694062284356, "shear_15nN-qq": [-1281.7473810551558, 109.47033177655085], "min_molecular_weight": 45.0174, "delta_molecular_weight": 0.9880999999999958, "ch3-smiles-2": "C[N+](=O)[O-]", "chain-smiles-2": "CCCCCCCCCCCCCCCCC[N+](=O)[O-]", "tilt_bottom": {"25nN": 41.916213553392986, "5nN": 37.78580135321599, "15nN": 40.69517720688759}, "interdigitation": {"25nN": 0.1394705273705867, "5nN": 0.10569448163455955, "15nN": 0.10600541154790666}, "tilt_top": {"25nN": 41.62284610349841, "5nN": 37.31553339756795, "15nN": 39.673361377179184}, "shear_15nN-lj": [-2168.1472425643483, 54.536309537728435], "h-smiles-1": "C(=O)O", "S2_top": {"25nN": 0.9500564123205316, "5nN": 0.9756514558492237, "15nN": 0.9729027942866626}, "S2_bottom": {"25nN": 0.9749870062159817, "5nN": 0.9805089242960339, "15nN": 0.9752902629632572}, "h-smiles-2": "[N+](=O)[O-]", "shear_25nN-qq": [-1352.1081182757794, 106.16431862388731], "COF": 0.1470108529123464, "shear_25nN-lj": [-2257.769982059153, 52.89278096410306], "ch3-smiles-1": "CC(=O)O", "shear_15nN-Etotal": [-3449.894623619505, 120.80362125948962], "shear_5nN-Etotal": [-3189.8771953972823, 130.62170297560286], "shear_25nN-Etotal": [-3609.8781003349322, 119.30288200931714], "avg_molecular_weight": 45.511449999999996, "shear_5nN-lj": [-2008.1585938153478, 56.68274374830671], "delta_dipole_moment": 0.9999999999999996, "status": {"c944dde5c3da0d26a8629ecb01f7f9c5-count_hydrogen_bonds": 1, "c944dde5c3da0d26a8629ecb01f7f9c5-minimize_grompp": 1, "c944dde5c3da0d26a8629ecb01f7f9c5-shear_5nN_grompp": 1, "c944dde5c3da0d26a8629ecb01f7f9c5-log_interaction_energy_15nN": 1, "c944dde5c3da0d26a8629ecb01f7f9c5-compress_grompp": 1, "c944dde5c3da0d26a8629ecb01f7f9c5-shear_15nN_grompp": 1, "c944dde5c3da0d26a8629ecb01f7f9c5-get_interaction_energy_25nN": 1, "c944dde5c3da0d26a8629ecb01f7f9c5-lammps_to_gmx": 1, "c944dde5c3da0d26a8629ecb01f7f9c5-log_cof": 1, "c944dde5c3da0d26a8629ecb01f7f9c5-equilibrate_grompp": 1, "c944dde5c3da0d26a8629ecb01f7f9c5-top_to_mol2": 1, "c944dde5c3da0d26a8629ecb01f7f9c5-unwrap_shear_5nN": 1, "c944dde5c3da0d26a8629ecb01f7f9c5-calc_tilt_shear": 1, "c944dde5c3da0d26a8629ecb01f7f9c5-shear_5nN": 1, "c944dde5c3da0d26a8629ecb01f7f9c5-minimize": 1, "c944dde5c3da0d26a8629ecb01f7f9c5-shear_25nN_rerun": 1, "c944dde5c3da0d26a8629ecb01f7f9c5-shear_25nN": 1, "c944dde5c3da0d26a8629ecb01f7f9c5-calc_S2_shear": 1, "c944dde5c3da0d26a8629ecb01f7f9c5-shear_15nN_rerun_grompp": 1, "c944dde5c3da0d26a8629ecb01f7f9c5-initialize": 1, "c944dde5c3da0d26a8629ecb01f7f9c5-log_interaction_energy_5nN": 1, "c944dde5c3da0d26a8629ecb01f7f9c5-get_interaction_energy_5nN": 1, "c944dde5c3da0d26a8629ecb01f7f9c5-unwrap_shear_15nN": 1, "c944dde5c3da0d26a8629ecb01f7f9c5-shear_25nN_grompp": 1, "c944dde5c3da0d26a8629ecb01f7f9c5-log_interaction_energy_25nN": 1, "c944dde5c3da0d26a8629ecb01f7f9c5-shear_15nN": 1, "c944dde5c3da0d26a8629ecb01f7f9c5-unwrap_shear_25nN": 1, "c944dde5c3da0d26a8629ecb01f7f9c5-shear_25nN_rerun_grompp": 1, "c944dde5c3da0d26a8629ecb01f7f9c5-calc_friction": 1, "c944dde5c3da0d26a8629ecb01f7f9c5-shear_15nN_rerun": 1, "c944dde5c3da0d26a8629ecb01f7f9c5-fix_overlaps": 1, "c944dde5c3da0d26a8629ecb01f7f9c5-shear_5nN_rerun": 1, "c944dde5c3da0d26a8629ecb01f7f9c5-get_interaction_energy_15nN": 1, "c944dde5c3da0d26a8629ecb01f7f9c5-log_tilt": 1, "c944dde5c3da0d26a8629ecb01f7f9c5-calc_interdigitation": 1, "c944dde5c3da0d26a8629ecb01f7f9c5-shear_5nN_rerun_grompp": 1, "c944dde5c3da0d26a8629ecb01f7f9c5-log_S2": 1, "c944dde5c3da0d26a8629ecb01f7f9c5-equilibrate": 1, "c944dde5c3da0d26a8629ecb01f7f9c5-compress": 1}, "chain-smiles-1": "CCCCCCCCCCCCCCCCCC(=O)O"}