{"shear_15nN-qq": [17.26724879936051, 12.911503978360273], "tilt_bottom": {"15nN": 37.44247157112606, "5nN": 33.795693624721004, "25nN": 40.516040994506476}, "delta_molecular_weight": 1.9299999999999997, "status": {"ebab713793ef9bcf3dbdf4f40f6b2228-shear_15nN_rerun_grompp": 1, "ebab713793ef9bcf3dbdf4f40f6b2228-shear_5nN_rerun_grompp": 1, "ebab713793ef9bcf3dbdf4f40f6b2228-log_interaction_energy_15nN": 1, "ebab713793ef9bcf3dbdf4f40f6b2228-log_S2": 1, "ebab713793ef9bcf3dbdf4f40f6b2228-get_interaction_energy_5nN": 1, "ebab713793ef9bcf3dbdf4f40f6b2228-lammps_to_gmx": 1, "ebab713793ef9bcf3dbdf4f40f6b2228-count_hydrogen_bonds": 1, "ebab713793ef9bcf3dbdf4f40f6b2228-log_tilt": 1, "ebab713793ef9bcf3dbdf4f40f6b2228-log_interaction_energy_5nN": 1, "ebab713793ef9bcf3dbdf4f40f6b2228-shear_25nN": 1, "ebab713793ef9bcf3dbdf4f40f6b2228-calc_tilt_shear": 1, "ebab713793ef9bcf3dbdf4f40f6b2228-initialize": 1, "ebab713793ef9bcf3dbdf4f40f6b2228-unwrap_shear_5nN": 1, "ebab713793ef9bcf3dbdf4f40f6b2228-shear_5nN_rerun": 1, "ebab713793ef9bcf3dbdf4f40f6b2228-equilibrate": 1, "ebab713793ef9bcf3dbdf4f40f6b2228-shear_5nN_grompp": 1, "ebab713793ef9bcf3dbdf4f40f6b2228-compress_grompp": 1, "ebab713793ef9bcf3dbdf4f40f6b2228-minimize": 1, "ebab713793ef9bcf3dbdf4f40f6b2228-fix_overlaps": 1, "ebab713793ef9bcf3dbdf4f40f6b2228-get_interaction_energy_25nN": 1, "ebab713793ef9bcf3dbdf4f40f6b2228-log_interaction_energy_25nN": 1, "ebab713793ef9bcf3dbdf4f40f6b2228-shear_5nN": 1, "ebab713793ef9bcf3dbdf4f40f6b2228-calc_interdigitation": 1, "ebab713793ef9bcf3dbdf4f40f6b2228-calc_friction": 1, "ebab713793ef9bcf3dbdf4f40f6b2228-shear_15nN_rerun": 1, "ebab713793ef9bcf3dbdf4f40f6b2228-calc_S2_shear": 1, "ebab713793ef9bcf3dbdf4f40f6b2228-shear_25nN_grompp": 1, "ebab713793ef9bcf3dbdf4f40f6b2228-shear_25nN_rerun_grompp": 1, "ebab713793ef9bcf3dbdf4f40f6b2228-unwrap_shear_25nN": 1, "ebab713793ef9bcf3dbdf4f40f6b2228-shear_15nN": 1, "ebab713793ef9bcf3dbdf4f40f6b2228-compress": 1, "ebab713793ef9bcf3dbdf4f40f6b2228-minimize_grompp": 1, "ebab713793ef9bcf3dbdf4f40f6b2228-get_interaction_energy_15nN": 1, "ebab713793ef9bcf3dbdf4f40f6b2228-top_to_mol2": 1, "ebab713793ef9bcf3dbdf4f40f6b2228-unwrap_shear_15nN": 1, "ebab713793ef9bcf3dbdf4f40f6b2228-shear_25nN_rerun": 1, "ebab713793ef9bcf3dbdf4f40f6b2228-equilibrate_grompp": 1, "ebab713793ef9bcf3dbdf4f40f6b2228-shear_15nN_grompp": 1, "ebab713793ef9bcf3dbdf4f40f6b2228-log_cof": 1}, "interdigitation": {"15nN": 0.10094448207504013, "5nN": 0.09246533212139459, "25nN": 0.11541706931266876}, "avg_molecular_weight": 44.052400000000006, "delta_dipole_moment": 4.8, "S2_top": {"15nN": 0.9397048270909042, "5nN": 0.9250995359173169, "25nN": 0.9205207245101891}, "shear_25nN-Etotal": [-1910.342104528377, 50.59238941321903], "shear_5nN-Etotal": [-1586.8522098872902, 53.21908470399134], "S2_bottom": {"15nN": 0.9438391780279508, "5nN": 0.946637764854469, "25nN": 0.9624047879972866}, "intercept": 0.8464810842813193, "shear_15nN-lj": [-1796.9600424124703, 46.48680286668276], "tilt_top": {"15nN": 33.54765203203071, "5nN": 30.632497920506765, "25nN": 34.897081161454295}, "avg_dipole_moment": 2.4099999999999997, "shear_5nN-qq": [0.3106421446842526, 9.86851545894712], "shear_5nN-lj": [-1587.1628520319744, 52.77795667091182], "COF": 0.10517103579099124, "shear_25nN-lj": [-1946.0711971414867, 49.826266502163534], "shear_25nN-qq": [35.72909261310951, 13.708472415062314], "shear_15nN-Etotal": [-1779.6927936131094, 47.87085036878771]}