{"MR-mean":13.8515,"asphericity-mean":0.3213475,"balabanj-mean":4.2096915,"bertzct-mean":92.7810715,"chi0-mean":7.788675,"chi0n-mean":7.454124,"chi0v-mean":1.454124,"chi1-mean":3.7023505,"chi1n-mean":3.477062,"chi1v-mean":0.477062,"chi2n-mean":0.164562,"chi2v-mean":0.164562,"chi3n-mean":0.0,"chi3v-mean":0.0,"chi4n-mean":0.0,"chi4v-mean":0.0,"e-valence-mean":19.0,"eccentricity-mean":0.9280785,"hk-alpha-mean":-0.165,"hk-kappa1-mean":0.1944365,"hk-kappa2-mean":0.522266,"hk-kappa3-mean":3.441979,"ipc-mean":42.4429335,"isf-mean":0.0821395,"labuteASA-mean":28.797248,"logP-mean":0.81075,"molwt-mean":44.0444075,"molwt-hvy-mean":38.027,"nheavy-mean":3.0,"npr1-mean":0.358687,"npr2-mean":0.8023555,"pbf-mean":0.4485485,"pc+-mean":0.2243965,"pc--mean":-0.2243965,"pmi1-mean":26.091092,"pmi2-mean":43.1895565,"pmi3-mean":62.83969,"rbonds-mean":1.5,"rg-mean":1.1518725,"rpc+-mean":0.285512,"rpc--mean":0.730907,"spherocity-mean":0.466952,"tpsa-mean":8.535,"vsa+-mean":11.1161735,"vsa--mean":16.1010525,"vsa-fhyd-mean":0.926252,"vsa-fneg-mean":0.5970035,"vsa-fpneg-mean":0.073748,"vsa-fpos-mean":0.4029965,"vsa-fppos-mean":0.0,"vsa-hyd-mean":24.8199575,"vsa-polar-mean":0.073748,"vsa-polar+-mean":0.0,"vsa-polar--mean":2.3972685,"MR-min":11.348,"asphericity-min":0.223517,"balabanj-min":4.020392,"bertzct-min":61.509775,"chi0-min":7.0,"chi0n-min":7.0,"chi0v-min":1.0,"chi1-min":3.25,"chi1n-min":3.25,"chi1v-min":0.25,"chi2n-min":0.0,"chi2v-min":0.0,"chi3n-min":0.0,"chi3v-min":0.0,"chi4n-min":0.0,"chi4v-min":0.0,"e-valence-min":14.0,"eccentricity-min":0.892005,"hk-alpha-min":-0.33,"hk-kappa1-min":0.040816,"hk-kappa2-min":0.0,"hk-kappa3-min":0.0,"ipc-min":21.306059,"isf-min":0.013427,"labuteASA-min":23.534016,"logP-min":0.5953,"molwt-min":30.04695,"molwt-hvy-min":24.022,"nheavy-min":2.0,"npr1-min":0.265349,"npr2-min":0.612325,"pbf-min":0.415814,"pc+-min":0.136525,"pc--min":-0.312268,"pmi1-min":6.578535,"pmi2-min":24.603234,"pmi3-min":24.791995,"rbonds-min":1.0,"rg-min":0.964741,"rpc+-min":0.166667,"rpc--min":0.5,"spherocity-min":0.315428,"tpsa-min":0.0,"vsa+-min":8.224551,"vsa--min":13.703784,"vsa-fhyd-min":0.852504,"vsa-fneg-min":0.569072,"vsa-fpneg-min":0.0,"vsa-fpos-min":0.375065,"vsa-fppos-min":0.0,"vsa-hyd-min":21.928335,"vsa-polar-min":0.0,"vsa-polar+-min":0.0,"vsa-polar--min":0.0,"MR-max":16.355,"asphericity-max":0.419178,"balabanj-max":4.398991,"bertzct-max":124.052368,"chi0-max":8.57735,"chi0n-max":7.908248,"chi0v-max":1.908248,"chi1-max":4.154701,"chi1n-max":3.704124,"chi1v-max":0.704124,"chi2n-max":0.329124,"chi2v-max":0.329124,"chi3n-max":0.0,"chi3v-max":0.0,"chi4n-max":0.0,"chi4v-max":0.0,"e-valence-max":24.0,"eccentricity-max":0.964152,"hk-alpha-max":0.0,"hk-kappa1-max":0.348057,"hk-kappa2-max":1.044532,"hk-kappa3-max":6.883958,"ipc-max":63.579808,"isf-max":0.150852,"labuteASA-max":34.06048,"logP-max":1.0262,"molwt-max":58.041865,"molwt-hvy-max":52.032,"nheavy-max":4.0,"npr1-max":0.452025,"npr2-max":0.992386,"pbf-max":0.481283,"pc+-max":0.312268,"pc--max":-0.136525,"pmi1-max":45.603649,"pmi2-max":61.775879,"pmi3-max":100.887385,"rbonds-max":2.0,"rg-max":1.339004,"rpc+-max":0.404357,"rpc--max":0.961814,"spherocity-max":0.618476,"tpsa-max":17.07,"vsa+-max":14.007796,"vsa--max":18.498321,"vsa-fhyd-max":1.0,"vsa-fneg-max":0.624935,"vsa-fpneg-max":0.147496,"vsa-fpos-max":0.430928,"vsa-fppos-max":0.0,"vsa-hyd-max":27.71158,"vsa-polar-max":0.147496,"vsa-polar+-max":0.0,"vsa-polar--max":4.794537,"MR-diff":5.007,"asphericity-diff":0.195661,"balabanj-diff":0.378599,"bertzct-diff":62.542593,"chi0-diff":1.57735,"chi0n-diff":0.908248,"chi0v-diff":0.908248,"chi1-diff":0.904701,"chi1n-diff":0.454124,"chi1v-diff":0.454124,"chi2n-diff":0.329124,"chi2v-diff":0.329124,"chi3n-diff":0.0,"chi3v-diff":0.0,"chi4n-diff":0.0,"chi4v-diff":0.0,"e-valence-diff":10.0,"eccentricity-diff":0.072147,"hk-alpha-diff":0.33,"hk-kappa1-diff":0.307241,"hk-kappa2-diff":1.044532,"hk-kappa3-diff":6.883958,"ipc-diff":42.273749,"isf-diff":0.137425,"labuteASA-diff":10.526464,"logP-diff":0.4309,"molwt-diff":27.994915,"molwt-hvy-diff":28.01,"nheavy-diff":2.0,"npr1-diff":0.186676,"npr2-diff":0.380061,"pbf-diff":0.065469,"pc+-diff":0.175743,"pc--diff":0.175743,"pmi1-diff":39.025114,"pmi2-diff":37.172645,"pmi3-diff":76.09539,"rbonds-diff":1.0,"rg-diff":0.374263,"rpc+-diff":0.23769,"rpc--diff":0.461814,"spherocity-diff":0.303048,"tpsa-diff":17.07,"vsa+-diff":5.783245,"vsa--diff":4.794537,"vsa-fhyd-diff":0.147496,"vsa-fneg-diff":0.055863,"vsa-fpneg-diff":0.147496,"vsa-fpos-diff":0.055863,"vsa-fppos-diff":0.0,"vsa-hyd-diff":5.783245,"vsa-polar-diff":0.147496,"vsa-polar+-diff":0.0,"vsa-polar--diff":4.794537,"hbonds":0.0}