{"tilt_bottom": {"25nN": 36.59851406715565, "5nN": 31.270590426320993, "15nN": 33.88706875073951}, "shear_25nN-qq": [-178.8157141966427, 37.675093527596545], "S2_top": {"25nN": 0.9511270018739103, "5nN": 0.9387227638594342, "15nN": 0.9480084781544408}, "shear_5nN-qq": [-152.17526731414867, 31.535937346212314], "shear_15nN-Etotal": [-1961.6163993701036, 68.72713912064195], "S2_bottom": {"25nN": 0.8428001287975819, "5nN": 0.8840806864946408, "15nN": 0.8520255815822748}, "shear_25nN-lj": [-1877.8722165803358, 52.327084428226755], "delta_molecular_weight": 29.013099999999994, "intercept": 1.336257941435942, "avg_dipole_moment": 2.46, "COF": 0.12624934140768443, "shear_25nN-Etotal": [-2056.6879307769786, 65.9479108416753], "tilt_top": {"25nN": 40.45004908863892, "5nN": 35.23919335459798, "15nN": 38.375557872973786}, "status": {"37802ba9b74ff62ffd6a495031458b92-initialize": 1, "37802ba9b74ff62ffd6a495031458b92-get_interaction_energy_15nN": 1, "37802ba9b74ff62ffd6a495031458b92-log_interaction_energy_5nN": 1, "37802ba9b74ff62ffd6a495031458b92-shear_25nN_rerun": 1, "37802ba9b74ff62ffd6a495031458b92-shear_15nN_rerun_grompp": 1, "37802ba9b74ff62ffd6a495031458b92-shear_5nN_rerun_grompp": 1, "37802ba9b74ff62ffd6a495031458b92-unwrap_shear_5nN": 1, "37802ba9b74ff62ffd6a495031458b92-log_tilt": 1, "37802ba9b74ff62ffd6a495031458b92-calc_S2_shear": 1, "37802ba9b74ff62ffd6a495031458b92-shear_15nN": 1, "37802ba9b74ff62ffd6a495031458b92-get_interaction_energy_25nN": 1, "37802ba9b74ff62ffd6a495031458b92-fix_overlaps": 1, "37802ba9b74ff62ffd6a495031458b92-compress_grompp": 1, "37802ba9b74ff62ffd6a495031458b92-equilibrate": 1, "37802ba9b74ff62ffd6a495031458b92-compress": 1, "37802ba9b74ff62ffd6a495031458b92-calc_friction": 1, "37802ba9b74ff62ffd6a495031458b92-lammps_to_gmx": 1, "37802ba9b74ff62ffd6a495031458b92-minimize": 1, "37802ba9b74ff62ffd6a495031458b92-equilibrate_grompp": 1, "37802ba9b74ff62ffd6a495031458b92-calc_tilt_shear": 1, "37802ba9b74ff62ffd6a495031458b92-shear_5nN_rerun": 1, "37802ba9b74ff62ffd6a495031458b92-log_S2": 1, "37802ba9b74ff62ffd6a495031458b92-shear_15nN_grompp": 1, "37802ba9b74ff62ffd6a495031458b92-shear_5nN": 1, "37802ba9b74ff62ffd6a495031458b92-get_interaction_energy_5nN": 1, "37802ba9b74ff62ffd6a495031458b92-shear_25nN_rerun_grompp": 1, "37802ba9b74ff62ffd6a495031458b92-shear_25nN": 1, "37802ba9b74ff62ffd6a495031458b92-unwrap_shear_15nN": 1, "37802ba9b74ff62ffd6a495031458b92-minimize_grompp": 1, "37802ba9b74ff62ffd6a495031458b92-shear_25nN_grompp": 1, "37802ba9b74ff62ffd6a495031458b92-shear_5nN_grompp": 1, "37802ba9b74ff62ffd6a495031458b92-top_to_mol2": 1, "37802ba9b74ff62ffd6a495031458b92-log_interaction_energy_25nN": 1, "37802ba9b74ff62ffd6a495031458b92-calc_interdigitation": 1, "37802ba9b74ff62ffd6a495031458b92-unwrap_shear_25nN": 1, "37802ba9b74ff62ffd6a495031458b92-log_interaction_energy_15nN": 1, "37802ba9b74ff62ffd6a495031458b92-log_cof": 1, "37802ba9b74ff62ffd6a495031458b92-shear_15nN_rerun": 1}, "shear_15nN-qq": [-176.184094509992, 37.06854253125706], "shear_5nN-Etotal": [-1712.2055426027177, 70.64456040490133], "avg_molecular_weight": 80.58765, "delta_dipole_moment": 0.8600000000000003, "shear_15nN-lj": [-1785.432304860112, 52.545195206280006], "shear_5nN-lj": [-1560.030275288569, 57.339681767269276]}