{"shear_15nN-qq": [25.420810027977616, 9.70297553085407], "tilt_bottom": {"15nN": 35.26749982437624, "5nN": 32.865578236457964, "25nN": 38.66921187623291}, "delta_molecular_weight": 12.053600000000003, "status": {"1e47e7a8697d76a7385c47118033d708-shear_5nN_grompp": 1, "1e47e7a8697d76a7385c47118033d708-minimize": 1, "1e47e7a8697d76a7385c47118033d708-get_interaction_energy_25nN": 1, "1e47e7a8697d76a7385c47118033d708-initialize": 1, "1e47e7a8697d76a7385c47118033d708-shear_5nN_rerun": 1, "1e47e7a8697d76a7385c47118033d708-calc_tilt_shear": 1, "1e47e7a8697d76a7385c47118033d708-log_interaction_energy_5nN": 1, "1e47e7a8697d76a7385c47118033d708-log_interaction_energy_15nN": 1, "1e47e7a8697d76a7385c47118033d708-shear_15nN_grompp": 1, "1e47e7a8697d76a7385c47118033d708-shear_25nN_rerun": 1, "1e47e7a8697d76a7385c47118033d708-shear_5nN_rerun_grompp": 1, "1e47e7a8697d76a7385c47118033d708-equilibrate": 1, "1e47e7a8697d76a7385c47118033d708-compress": 1, "1e47e7a8697d76a7385c47118033d708-compress_grompp": 1, "1e47e7a8697d76a7385c47118033d708-shear_25nN_rerun_grompp": 1, "1e47e7a8697d76a7385c47118033d708-log_interaction_energy_25nN": 1, "1e47e7a8697d76a7385c47118033d708-calc_S2_shear": 1, "1e47e7a8697d76a7385c47118033d708-shear_15nN": 1, "1e47e7a8697d76a7385c47118033d708-get_interaction_energy_15nN": 1, "1e47e7a8697d76a7385c47118033d708-shear_5nN": 1, "1e47e7a8697d76a7385c47118033d708-minimize_grompp": 1, "1e47e7a8697d76a7385c47118033d708-shear_25nN": 1, "1e47e7a8697d76a7385c47118033d708-calc_interdigitation": 1, "1e47e7a8697d76a7385c47118033d708-unwrap_shear_25nN": 1, "1e47e7a8697d76a7385c47118033d708-lammps_to_gmx": 1, "1e47e7a8697d76a7385c47118033d708-top_to_mol2": 1, "1e47e7a8697d76a7385c47118033d708-unwrap_shear_15nN": 1, "1e47e7a8697d76a7385c47118033d708-shear_15nN_rerun_grompp": 1, "1e47e7a8697d76a7385c47118033d708-fix_overlaps": 1, "1e47e7a8697d76a7385c47118033d708-equilibrate_grompp": 1, "1e47e7a8697d76a7385c47118033d708-log_cof": 1, "1e47e7a8697d76a7385c47118033d708-log_S2": 1, "1e47e7a8697d76a7385c47118033d708-get_interaction_energy_5nN": 1, "1e47e7a8697d76a7385c47118033d708-shear_15nN_rerun": 1, "1e47e7a8697d76a7385c47118033d708-log_tilt": 1, "1e47e7a8697d76a7385c47118033d708-calc_friction": 1, "1e47e7a8697d76a7385c47118033d708-unwrap_shear_5nN": 1, "1e47e7a8697d76a7385c47118033d708-shear_25nN_grompp": 1}, "interdigitation": {"15nN": 0.13300443474005183, "5nN": 0.1261294166800779, "25nN": 0.1413337501617731}, "intercept": 1.0082945689742182, "delta_dipole_moment": 1.67, "S2_top": {"15nN": 0.9737177940200603, "5nN": 0.9708462532456839, "25nN": 0.9570313614440409}, "shear_25nN-Etotal": [-1571.1465070303757, 46.96702622509308], "avg_dipole_moment": 0.845, "S2_bottom": {"15nN": 0.9388730315035643, "5nN": 0.9395608049735383, "25nN": 0.9580465311669435}, "avg_molecular_weight": 37.0606, "shear_15nN-lj": [-1509.6222173565147, 48.0833824784724], "tilt_top": {"15nN": 39.17636433618685, "5nN": 35.4782935593302, "25nN": 40.11947873859876}, "shear_5nN-Etotal": [-1246.743759128697, 51.15826389191838], "shear_5nN-qq": [1.9437935651478817, 8.185567856268696], "shear_5nN-lj": [-1248.687552693845, 51.662174879013136], "COF": 0.13736067009513317, "shear_25nN-lj": [-1620.0795501239008, 47.02519539112629], "shear_25nN-qq": [48.933043093525185, 11.906761220707276], "shear_15nN-Etotal": [-1484.2014073285372, 47.05087798130158]}