{"MR-mean":19.455,"asphericity-mean":0.203544,"balabanj-mean":4.3167305,"bertzct-mean":181.590719,"chi0-mean":11.0,"chi0n-mean":11.0,"chi0v-mean":2.0,"chi1-mean":5.375,"chi1n-mean":5.375,"chi1v-mean":0.875,"chi2n-mean":0.5,"chi2v-mean":0.5,"chi3n-mean":0.125,"chi3v-mean":0.125,"chi4n-mean":0.015625,"chi4v-mean":0.015625,"e-valence-mean":25.0,"eccentricity-mean":0.8763455,"hk-alpha-mean":0.0,"hk-kappa1-mean":0.231509,"hk-kappa2-mean":0.9066665,"hk-kappa3-mean":0.111111,"ipc-mean":283.2692915,"isf-mean":0.01867,"labuteASA-mean":39.975896,"logP-mean":1.5393,"molwt-mean":57.070425,"molwt-hvy-mean":48.044,"nheavy-mean":4.0,"npr1-mean":0.4684245,"npr2-mean":0.7503625,"pbf-mean":0.604526,"pc+-mean":0.223391,"pc--mean":-0.223391,"pmi1-mean":46.4535175,"pmi2-mean":71.7786755,"pmi3-mean":97.262301,"rbonds-mean":0.5,"rg-mean":1.372145,"rpc+-mean":0.13371,"rpc--mean":0.2823145,"spherocity-mean":0.536068,"tpsa-mean":0.0,"vsa+-mean":12.336827,"vsa--mean":25.970667,"vsa-fhyd-mean":1.0,"vsa-fneg-mean":0.678932,"vsa-fpneg-mean":0.0,"vsa-fpos-mean":0.321068,"vsa-fppos-mean":0.0,"vsa-hyd-mean":38.307494,"vsa-polar-mean":0.0,"vsa-polar+-mean":0.0,"vsa-polar--mean":0.0,"MR-min":18.398,"asphericity-min":0.140929,"balabanj-min":3.090735,"bertzct-min":165.593463,"chi0-min":10.0,"chi0n-min":10.0,"chi0v-min":2.0,"chi1-min":5.0,"chi1n-min":5.0,"chi1v-min":0.75,"chi2n-min":0.375,"chi2v-min":0.375,"chi3n-min":0.0,"chi3v-min":0.0,"chi4n-min":0.0,"chi4v-min":0.0,"e-valence-min":24.0,"eccentricity-min":0.823435,"hk-alpha-min":0.0,"hk-kappa1-min":0.213018,"hk-kappa2-min":0.48,"hk-kappa3-min":0.0,"ipc-min":254.458072,"isf-min":0.010231,"labuteASA-min":38.06801,"logP-min":1.4163,"molwt-min":56.0626,"molwt-hvy-min":48.044,"nheavy-min":4.0,"npr1-min":0.369438,"npr2-min":0.617051,"pbf-min":0.560231,"pc+-min":0.207684,"pc--min":-0.239098,"pmi1-min":32.597637,"pmi2-min":65.58564,"pmi3-min":88.235831,"rbonds-min":0.0,"rg-min":1.331026,"rpc+-min":0.123042,"rpc--min":0.263646,"spherocity-min":0.469858,"tpsa-min":0.0,"vsa+-min":10.966068,"vsa--min":25.4917,"vsa-fhyd-min":1.0,"vsa-fneg-min":0.658652,"vsa-fpneg-min":0.0,"vsa-fpos-min":0.300788,"vsa-fppos-min":0.0,"vsa-hyd-min":36.457768,"vsa-polar-min":0.0,"vsa-polar+-min":0.0,"vsa-polar--min":0.0,"MR-max":20.512,"asphericity-max":0.266159,"balabanj-max":5.542726,"bertzct-max":197.587975,"chi0-max":12.0,"chi0n-max":12.0,"chi0v-max":2.0,"chi1-max":5.75,"chi1n-max":5.75,"chi1v-max":1.0,"chi2n-max":0.625,"chi2v-max":0.625,"chi3n-max":0.25,"chi3v-max":0.25,"chi4n-max":0.03125,"chi4v-max":0.03125,"e-valence-max":26.0,"eccentricity-max":0.929256,"hk-alpha-max":0.0,"hk-kappa1-max":0.25,"hk-kappa2-max":1.333333,"hk-kappa3-max":0.222222,"ipc-max":312.080511,"isf-max":0.027109,"labuteASA-max":41.883782,"logP-max":1.6623,"molwt-max":58.07825,"molwt-hvy-max":48.044,"nheavy-max":4.0,"npr1-max":0.567411,"npr2-max":0.883674,"pbf-max":0.648821,"pc+-max":0.239098,"pc--max":-0.207684,"pmi1-max":60.309398,"pmi2-max":77.971711,"pmi3-max":106.288771,"rbonds-max":1.0,"rg-max":1.413264,"rpc+-max":0.144378,"rpc--max":0.300983,"spherocity-max":0.602278,"tpsa-max":0.0,"vsa+-max":13.707586,"vsa--max":26.449634,"vsa-fhyd-max":1.0,"vsa-fneg-max":0.699212,"vsa-fpneg-max":0.0,"vsa-fpos-max":0.341348,"vsa-fppos-max":0.0,"vsa-hyd-max":40.15722,"vsa-polar-max":0.0,"vsa-polar+-max":0.0,"vsa-polar--max":0.0,"MR-diff":2.114,"asphericity-diff":0.12523,"balabanj-diff":2.451991,"bertzct-diff":31.994512,"chi0-diff":2.0,"chi0n-diff":2.0,"chi0v-diff":0.0,"chi1-diff":0.75,"chi1n-diff":0.75,"chi1v-diff":0.25,"chi2n-diff":0.25,"chi2v-diff":0.25,"chi3n-diff":0.25,"chi3v-diff":0.25,"chi4n-diff":0.03125,"chi4v-diff":0.03125,"e-valence-diff":2.0,"eccentricity-diff":0.105821,"hk-alpha-diff":0.0,"hk-kappa1-diff":0.036982,"hk-kappa2-diff":0.853333,"hk-kappa3-diff":0.222222,"ipc-diff":57.622439,"isf-diff":0.016878,"labuteASA-diff":3.815772,"logP-diff":0.246,"molwt-diff":2.01565,"molwt-hvy-diff":0.0,"nheavy-diff":0.0,"npr1-diff":0.197973,"npr2-diff":0.266623,"pbf-diff":0.08859,"pc+-diff":0.031414,"pc--diff":0.031414,"pmi1-diff":27.711761,"pmi2-diff":12.386071,"pmi3-diff":18.05294,"rbonds-diff":1.0,"rg-diff":0.082238,"rpc+-diff":0.021336,"rpc--diff":0.037337,"spherocity-diff":0.13242,"tpsa-diff":0.0,"vsa+-diff":2.741518,"vsa--diff":0.957934,"vsa-fhyd-diff":0.0,"vsa-fneg-diff":0.04056,"vsa-fpneg-diff":0.0,"vsa-fpos-diff":0.04056,"vsa-fppos-diff":0.0,"vsa-hyd-diff":3.699452,"vsa-polar-diff":0.0,"vsa-polar+-diff":0.0,"vsa-polar--diff":0.0,"hbonds":0.0}