{"MR-mean":25.8455,"asphericity-mean":0.253417,"balabanj-mean":4.611731,"bertzct-mean":270.5101395,"chi0-mean":11.982051,"chi0n-mean":11.75,"chi0v-mean":2.75,"chi1-mean":6.212713,"chi1n-mean":5.75,"chi1v-mean":1.25,"chi2n-mean":0.6875,"chi2v-mean":0.6875,"chi3n-mean":0.25,"chi3v-mean":0.25,"chi4n-mean":0.125,"chi4v-mean":0.125,"e-valence-mean":31.0,"eccentricity-mean":0.8904425,"hk-alpha-mean":-0.39,"hk-kappa1-mean":0.525594,"hk-kappa2-mean":1.5583095,"hk-kappa3-mean":0.519132,"ipc-mean":773.958967,"isf-mean":0.0089665,"labuteASA-mean":48.4599455,"logP-mean":1.82866,"molwt-mean":75.070425,"molwt-hvy-mean":66.0605,"nheavy-mean":5.5,"npr1-mean":0.433555,"npr2-mean":0.654224,"pbf-mean":0.340662,"pc+-mean":0.3174585,"pc--mean":-0.3174585,"pmi1-mean":74.3729675,"pmi2-mean":132.748979,"pmi3-mean":196.5005135,"rbonds-mean":0.5,"rg-mean":1.593455,"rpc+-mean":0.140534,"rpc--mean":0.210456,"spherocity-mean":0.2547385,"tpsa-mean":0.0,"vsa+-mean":12.3368275,"vsa--mean":34.5385355,"vsa-fhyd-mean":1.0,"vsa-fneg-mean":0.727018,"vsa-fpneg-mean":0.0,"vsa-fpos-mean":0.272982,"vsa-fppos-mean":0.0,"vsa-hyd-mean":46.875363,"vsa-polar-mean":0.0,"vsa-polar+-mean":0.0,"vsa-polar--mean":0.0,"MR-min":20.512,"asphericity-min":0.150742,"balabanj-min":3.680736,"bertzct-min":165.593463,"chi0-min":11.964102,"chi0n-min":11.5,"chi0v-min":2.0,"chi1-min":5.75,"chi1n-min":5.75,"chi1v-min":0.75,"chi2n-min":0.375,"chi2v-min":0.375,"chi3n-min":0.0,"chi3v-min":0.0,"chi4n-min":0.0,"chi4v-min":0.0,"e-valence-min":26.0,"eccentricity-min":0.829876,"hk-alpha-min":-0.78,"hk-kappa1-min":0.213018,"hk-kappa2-min":1.333333,"hk-kappa3-min":0.0,"ipc-min":312.080511,"isf-min":0.008015,"labuteASA-min":41.883782,"logP-min":1.6623,"molwt-min":58.07825,"molwt-hvy-min":48.044,"nheavy-min":4.0,"npr1-min":0.309162,"npr2-min":0.606016,"pbf-min":0.135005,"pc+-min":0.239098,"pc--min":-0.395819,"pmi1-min":61.101763,"pmi2-min":66.365809,"pmi3-min":109.511569,"rbonds-min":0.0,"rg-min":1.427783,"rpc+-min":0.123042,"rpc--min":0.157266,"spherocity-min":0.062208,"tpsa-min":0.0,"vsa+-min":10.966069,"vsa--min":26.449634,"vsa-fhyd-min":1.0,"vsa-fneg-min":0.658652,"vsa-fpneg-min":0.0,"vsa-fpos-min":0.204616,"vsa-fppos-min":0.0,"vsa-hyd-min":40.15722,"vsa-polar-min":0.0,"vsa-polar+-min":0.0,"vsa-polar--min":0.0,"MR-max":31.179,"asphericity-max":0.356092,"balabanj-max":5.542726,"bertzct-max":375.426816,"chi0-max":12.0,"chi0n-max":12.0,"chi0v-max":3.5,"chi1-max":6.675426,"chi1n-max":5.75,"chi1v-max":1.75,"chi2n-max":1.0,"chi2v-max":1.0,"chi3n-max":0.5,"chi3v-max":0.5,"chi4n-max":0.25,"chi4v-max":0.25,"e-valence-max":36.0,"eccentricity-max":0.951009,"hk-alpha-max":0.0,"hk-kappa1-max":0.83817,"hk-kappa2-max":1.783286,"hk-kappa3-max":1.038264,"ipc-max":1235.837423,"isf-max":0.009918,"labuteASA-max":55.036109,"logP-max":1.99502,"molwt-max":92.0626,"molwt-hvy-max":84.077,"nheavy-max":7.0,"npr1-max":0.557948,"npr2-max":0.702432,"pbf-max":0.546319,"pc+-max":0.395819,"pc--max":-0.239098,"pmi1-max":87.644172,"pmi2-max":199.132149,"pmi3-max":283.489458,"rbonds-max":1.0,"rg-max":1.759127,"rpc+-max":0.158026,"rpc--max":0.263646,"spherocity-max":0.447269,"tpsa-max":0.0,"vsa+-max":13.707586,"vsa--max":42.627437,"vsa-fhyd-max":1.0,"vsa-fneg-max":0.795384,"vsa-fpneg-max":0.0,"vsa-fpos-max":0.341348,"vsa-fppos-max":0.0,"vsa-hyd-max":53.593506,"vsa-polar-max":0.0,"vsa-polar+-max":0.0,"vsa-polar--max":0.0,"MR-diff":10.667,"asphericity-diff":0.20535,"balabanj-diff":1.86199,"bertzct-diff":209.833353,"chi0-diff":0.035898,"chi0n-diff":0.5,"chi0v-diff":1.5,"chi1-diff":0.925426,"chi1n-diff":0.0,"chi1v-diff":1.0,"chi2n-diff":0.625,"chi2v-diff":0.625,"chi3n-diff":0.5,"chi3v-diff":0.5,"chi4n-diff":0.25,"chi4v-diff":0.25,"e-valence-diff":10.0,"eccentricity-diff":0.121133,"hk-alpha-diff":0.78,"hk-kappa1-diff":0.625152,"hk-kappa2-diff":0.449953,"hk-kappa3-diff":1.038264,"ipc-diff":923.756912,"isf-diff":0.001903,"labuteASA-diff":13.152327,"logP-diff":0.33272,"molwt-diff":33.98435,"molwt-hvy-diff":36.033,"nheavy-diff":3.0,"npr1-diff":0.248786,"npr2-diff":0.096416,"pbf-diff":0.411314,"pc+-diff":0.156721,"pc--diff":0.156721,"pmi1-diff":26.542409,"pmi2-diff":132.76634,"pmi3-diff":173.977889,"rbonds-diff":1.0,"rg-diff":0.331344,"rpc+-diff":0.034984,"rpc--diff":0.10638,"spherocity-diff":0.385061,"tpsa-diff":0.0,"vsa+-diff":2.741517,"vsa--diff":16.177803,"vsa-fhyd-diff":0.0,"vsa-fneg-diff":0.136732,"vsa-fpneg-diff":0.0,"vsa-fpos-diff":0.136732,"vsa-fppos-diff":0.0,"vsa-hyd-diff":13.436286,"vsa-polar-diff":0.0,"vsa-polar+-diff":0.0,"vsa-polar--diff":0.0,"hbonds":0.0}