{"avg_dipole_moment": 0.005, "max_dipole_moment": 0.01, "min_dipole_moment": 0.0, "max_molecular_weight": 77.1037, "shear_5nN-qq": [-21.577609254196645, 8.962084801792628], "intercept": 0.7541954182335502, "shear_15nN-qq": [-8.217486081534773, 9.575648252085678], "min_molecular_weight": 43.0874, "delta_molecular_weight": 34.0163, "ch3-smiles-2": "CC1=CC=CC=C1", "chain-smiles-2": "CCCCCCCCCCCCCCCCCC1=CC=CC=C1", "tilt_bottom": {"25nN": 38.07678342967505, "5nN": 31.519036008463615, "15nN": 35.94033647745832}, "interdigitation": {"25nN": 0.12255172267534895, "5nN": 0.1285336663973786, "15nN": 0.13257620722398952}, "tilt_top": {"25nN": 38.02249271743354, "5nN": 34.258728117894265, "15nN": 35.94207979936842}, "shear_15nN-lj": [-1620.6454253541167, 46.218361363322934], "h-smiles-1": "C(C)C", "S2_top": {"25nN": 0.9022110146806217, "5nN": 0.94542613380038, "15nN": 0.940113390593253}, "S2_bottom": {"25nN": 0.928186507652733, "5nN": 0.9210812725031904, "15nN": 0.9349844919753111}, "h-smiles-2": "C1=CC=CC=C1", "shear_25nN-qq": [7.274674131894485, 11.154475747127936], "COF": 0.14227485930390413, "shear_25nN-lj": [-1711.9179257178257, 49.19519811871594], "ch3-smiles-1": "CC(C)C", "shear_15nN-Etotal": [-1628.8629114356515, 46.599988827688954], "shear_5nN-Etotal": [-1411.26647486251, 54.090476286231436], "shear_25nN-Etotal": [-1704.6432515859312, 47.992241309145584], "avg_molecular_weight": 60.09555, "shear_5nN-lj": [-1389.6888656083133, 53.28039721573559], "delta_dipole_moment": 0.01, "status": {"d1bf5d3e86cda249ca09ac3c18967d35-log_interaction_energy_15nN": 1, "d1bf5d3e86cda249ca09ac3c18967d35-log_tilt": 1, "d1bf5d3e86cda249ca09ac3c18967d35-log_interaction_energy_5nN": 1, "d1bf5d3e86cda249ca09ac3c18967d35-unwrap_shear_25nN": 1, "d1bf5d3e86cda249ca09ac3c18967d35-log_S2": 1, "d1bf5d3e86cda249ca09ac3c18967d35-shear_15nN_rerun": 1, "d1bf5d3e86cda249ca09ac3c18967d35-shear_25nN_rerun_grompp": 1, "d1bf5d3e86cda249ca09ac3c18967d35-shear_15nN": 1, "d1bf5d3e86cda249ca09ac3c18967d35-calc_friction": 1, "d1bf5d3e86cda249ca09ac3c18967d35-equilibrate_grompp": 1, "d1bf5d3e86cda249ca09ac3c18967d35-log_cof": 1, "d1bf5d3e86cda249ca09ac3c18967d35-shear_25nN": 1, "d1bf5d3e86cda249ca09ac3c18967d35-shear_15nN_rerun_grompp": 1, "d1bf5d3e86cda249ca09ac3c18967d35-unwrap_shear_5nN": 1, "d1bf5d3e86cda249ca09ac3c18967d35-get_interaction_energy_5nN": 1, "d1bf5d3e86cda249ca09ac3c18967d35-compress": 1, "d1bf5d3e86cda249ca09ac3c18967d35-shear_15nN_grompp": 1, "d1bf5d3e86cda249ca09ac3c18967d35-lammps_to_gmx": 1, "d1bf5d3e86cda249ca09ac3c18967d35-equilibrate": 1, "d1bf5d3e86cda249ca09ac3c18967d35-log_interaction_energy_25nN": 1, "d1bf5d3e86cda249ca09ac3c18967d35-calc_tilt_shear": 1, "d1bf5d3e86cda249ca09ac3c18967d35-shear_5nN": 1, "d1bf5d3e86cda249ca09ac3c18967d35-shear_25nN_grompp": 1, "d1bf5d3e86cda249ca09ac3c18967d35-shear_25nN_rerun": 1, "d1bf5d3e86cda249ca09ac3c18967d35-shear_5nN_rerun_grompp": 1, "d1bf5d3e86cda249ca09ac3c18967d35-get_interaction_energy_25nN": 1, "d1bf5d3e86cda249ca09ac3c18967d35-calc_interdigitation": 1, "d1bf5d3e86cda249ca09ac3c18967d35-top_to_mol2": 1, "d1bf5d3e86cda249ca09ac3c18967d35-initialize": 1, "d1bf5d3e86cda249ca09ac3c18967d35-calc_S2_shear": 1, "d1bf5d3e86cda249ca09ac3c18967d35-get_interaction_energy_15nN": 1, "d1bf5d3e86cda249ca09ac3c18967d35-minimize": 1, "d1bf5d3e86cda249ca09ac3c18967d35-compress_grompp": 1, "d1bf5d3e86cda249ca09ac3c18967d35-minimize_grompp": 1, "d1bf5d3e86cda249ca09ac3c18967d35-fix_overlaps": 1, "d1bf5d3e86cda249ca09ac3c18967d35-shear_5nN_rerun": 1, "d1bf5d3e86cda249ca09ac3c18967d35-unwrap_shear_15nN": 1, "d1bf5d3e86cda249ca09ac3c18967d35-shear_5nN_grompp": 1}, "chain-smiles-1": "CCCCCCCCCCCCCCCCCC(C)C"}