{"shear_15nN-qq": [28.96663824620304, 15.441135075971566], "delta_molecular_weight": 29.983000000000004, "tilt_bottom": {"15nN": 36.7787886746186, "5nN": 32.617386721419976, "25nN": 37.54519372441245}, "interdigitation": {"15nN": 0.091096267760995, "5nN": 0.08999742877254531, "25nN": 0.1141841517789003}, "avg_molecular_weight": 30.0259, "delta_dipole_moment": 4.81, "S2_top": {"15nN": 0.9592265590292421, "5nN": 0.9661531078764843, "25nN": 0.9637162703835445}, "shear_25nN-Etotal": [-1824.0904335747402, 54.190525536716635], "avg_dipole_moment": 2.405, "S2_bottom": {"15nN": 0.9627035299751985, "5nN": 0.9129611267671895, "25nN": 0.9169812169369967}, "status": {"401081855c1096fbfb297c8a4d994e96-unwrap_shear_15nN": 1, "401081855c1096fbfb297c8a4d994e96-equilibrate_grompp": 1, "401081855c1096fbfb297c8a4d994e96-minimize": 1, "401081855c1096fbfb297c8a4d994e96-shear_5nN_grompp": 1, "401081855c1096fbfb297c8a4d994e96-log_cof": 1, "401081855c1096fbfb297c8a4d994e96-calc_interdigitation": 1, "401081855c1096fbfb297c8a4d994e96-count_hydrogen_bonds": 1, "401081855c1096fbfb297c8a4d994e96-shear_25nN_rerun": 1, "401081855c1096fbfb297c8a4d994e96-log_interaction_energy_25nN": 1, "401081855c1096fbfb297c8a4d994e96-initialize": 1, "401081855c1096fbfb297c8a4d994e96-shear_15nN_rerun": 1, "401081855c1096fbfb297c8a4d994e96-get_interaction_energy_25nN": 1, "401081855c1096fbfb297c8a4d994e96-shear_15nN": 1, "401081855c1096fbfb297c8a4d994e96-log_interaction_energy_15nN": 1, "401081855c1096fbfb297c8a4d994e96-shear_25nN_rerun_grompp": 1, "401081855c1096fbfb297c8a4d994e96-get_interaction_energy_5nN": 1, "401081855c1096fbfb297c8a4d994e96-unwrap_shear_25nN": 1, "401081855c1096fbfb297c8a4d994e96-shear_15nN_rerun_grompp": 1, "401081855c1096fbfb297c8a4d994e96-shear_15nN_grompp": 1, "401081855c1096fbfb297c8a4d994e96-shear_5nN_rerun": 1, "401081855c1096fbfb297c8a4d994e96-log_interaction_energy_5nN": 1, "401081855c1096fbfb297c8a4d994e96-calc_S2_shear": 1, "401081855c1096fbfb297c8a4d994e96-shear_25nN": 1, "401081855c1096fbfb297c8a4d994e96-get_interaction_energy_15nN": 1, "401081855c1096fbfb297c8a4d994e96-shear_5nN_rerun_grompp": 1, "401081855c1096fbfb297c8a4d994e96-fix_overlaps": 1, "401081855c1096fbfb297c8a4d994e96-calc_tilt_shear": 1, "401081855c1096fbfb297c8a4d994e96-lammps_to_gmx": 1, "401081855c1096fbfb297c8a4d994e96-calc_friction": 1, "401081855c1096fbfb297c8a4d994e96-shear_25nN_grompp": 1, "401081855c1096fbfb297c8a4d994e96-minimize_grompp": 1, "401081855c1096fbfb297c8a4d994e96-top_to_mol2": 1, "401081855c1096fbfb297c8a4d994e96-shear_5nN": 1, "401081855c1096fbfb297c8a4d994e96-compress_grompp": 1, "401081855c1096fbfb297c8a4d994e96-unwrap_shear_5nN": 1, "401081855c1096fbfb297c8a4d994e96-log_tilt": 1, "401081855c1096fbfb297c8a4d994e96-compress": 1, "401081855c1096fbfb297c8a4d994e96-log_S2": 1, "401081855c1096fbfb297c8a4d994e96-equilibrate": 1}, "intercept": 0.8274628273881679, "shear_15nN-lj": [-1756.3990352494004, 50.567710604172326], "tilt_top": {"15nN": 37.61352284996565, "5nN": 35.07463486985886, "25nN": 39.93760787942152}, "shear_5nN-Etotal": [-1509.2362490615508, 54.649907139032855], "shear_5nN-qq": [2.6500384932054355, 11.510824850807824], "shear_5nN-lj": [-1511.886287554756, 54.13062279393011], "COF": 0.11584393054333363, "shear_25nN-lj": [-1871.670920196643, 52.964909717889014], "shear_25nN-qq": [47.58048662190248, 15.802324224526267], "shear_15nN-Etotal": [-1727.4323970031974, 52.50049896036714]}