{"MR-mean":5.1419,"asphericity-mean":0.677246,"balabanj-mean":2.0542635,"bertzct-mean":14.5097755,"chi0-mean":2.707107,"chi0n-mean":2.177731,"chi0v-mean":0.677731,"chi1-mean":1.414214,"chi1n-mean":0.770052,"chi1v-mean":0.1118035,"chi2n-mean":0.0,"chi2v-mean":0.0,"chi3n-mean":0.0,"chi3v-mean":0.0,"chi4n-mean":0.0,"chi4v-mean":0.0,"e-valence-mean":9.0,"eccentricity-mean":0.974825,"hk-alpha-mean":-0.275,"hk-kappa1-mean":0.0807705,"hk-kappa2-mean":-13.275,"hk-kappa3-mean":-54.255392,"ipc-mean":2.754888,"isf-mean":1983.439894,"labuteASA-mean":12.184657,"logP-mean":-0.34246,"molwt-mean":22.510732,"molwt-hvy-mean":21.0085,"nheavy-mean":1.5,"npr1-mean":0.156667,"npr2-mean":0.843333,"pbf-mean":0.0,"pc+-mean":0.3067385,"pc--mean":-0.3067385,"pmi1-mean":0.294641,"pmi2-mean":6.361737,"pmi3-mean":6.656378,"rbonds-mean":0.0,"rg-mean":0.4867255,"rpc+-mean":0.6357155,"rpc--mean":1.0,"spherocity-mean":0.0,"tpsa-mean":27.645,"vsa+-mean":5.3906735,"vsa--mean":5.3713225,"vsa-fhyd-mean":0.300396,"vsa-fneg-mean":0.528062,"vsa-fpneg-mean":0.528062,"vsa-fpos-mean":0.471938,"vsa-fppos-mean":0.171542,"vsa-hyd-mean":3.959474,"vsa-polar-mean":0.699604,"vsa-polar+-mean":1.4311995,"vsa-polar--mean":5.3713225,"MR-min":3.6138,"asphericity-min":0.354558,"balabanj-min":1.632993,"bertzct-min":2.754888,"chi0-min":2.707107,"chi0n-min":1.947214,"chi0v-min":0.408248,"chi1-min":1.414214,"chi1n-min":0.723607,"chi1v-min":0.0,"chi2n-min":0.0,"chi2v-min":0.0,"chi3n-min":0.0,"chi3v-min":0.0,"chi4n-min":0.0,"chi4v-min":0.0,"e-valence-min":8.0,"eccentricity-min":0.94965,"hk-alpha-min":-0.51,"hk-kappa1-min":0.0004,"hk-kappa2-min":-27.04,"hk-kappa3-min":-104.04,"ipc-min":2.754888,"isf-min":1.165795,"labuteASA-min":9.832513,"logP-min":-0.8247,"molwt-min":18.010565,"molwt-hvy-min":15.999,"nheavy-min":1.0,"npr1-min":0.000022,"npr2-min":0.686688,"pbf-min":0.0,"pc+-min":0.201967,"pc--min":-0.41151,"pmi1-min":0.000252,"pmi2-min":1.290983,"pmi3-min":1.880013,"rbonds-min":0.0,"rg-min":0.323045,"rpc+-min":0.5,"rpc--min":1.0,"spherocity-min":0.0,"tpsa-min":23.79,"vsa+-min":2.862399,"vsa--min":5.261892,"vsa-fhyd-min":0.0,"vsa-fneg-min":0.399208,"vsa-fpneg-min":0.399208,"vsa-fpos-min":0.343084,"vsa-fppos-min":0.0,"vsa-hyd-min":0.0,"vsa-polar-min":0.399208,"vsa-polar+-min":0.0,"vsa-polar--min":5.261892,"MR-max":6.67,"asphericity-max":0.999934,"balabanj-max":2.475534,"bertzct-max":26.264663,"chi0-max":2.707107,"chi0n-max":2.408248,"chi0v-max":0.947214,"chi1-max":1.414214,"chi1n-max":0.816497,"chi1v-max":0.223607,"chi2n-max":0.0,"chi2v-max":0.0,"chi3n-max":0.0,"chi3v-max":0.0,"chi4n-max":0.0,"chi4v-max":0.0,"e-valence-max":10.0,"eccentricity-max":1.0,"hk-alpha-max":-0.04,"hk-kappa1-max":0.161141,"hk-kappa2-max":0.49,"hk-kappa3-max":-4.470784,"ipc-max":2.754888,"isf-max":3965.713993,"labuteASA-max":14.536801,"logP-max":0.13978,"molwt-max":27.010899,"molwt-hvy-max":26.018,"nheavy-max":2.0,"npr1-max":0.313312,"npr2-max":0.999978,"pbf-max":0.0,"pc+-max":0.41151,"pc--max":-0.201967,"pmi1-max":0.58903,"pmi2-max":11.432491,"pmi3-max":11.432743,"rbonds-max":0.0,"rg-max":0.650406,"rpc+-max":0.771431,"rpc--max":1.0,"spherocity-max":0.0,"tpsa-max":31.5,"vsa+-max":7.918948,"vsa--max":5.480753,"vsa-fhyd-max":0.600792,"vsa-fneg-max":0.656916,"vsa-fpneg-max":0.656916,"vsa-fpos-max":0.600792,"vsa-fppos-max":0.343084,"vsa-hyd-max":7.918948,"vsa-polar-max":1.0,"vsa-polar+-max":2.862399,"vsa-polar--max":5.480753,"MR-diff":3.0562,"asphericity-diff":0.645376,"balabanj-diff":0.842541,"bertzct-diff":23.509775,"chi0-diff":0.0,"chi0n-diff":0.461034,"chi0v-diff":0.538966,"chi1-diff":0.0,"chi1n-diff":0.09289,"chi1v-diff":0.223607,"chi2n-diff":0.0,"chi2v-diff":0.0,"chi3n-diff":0.0,"chi3v-diff":0.0,"chi4n-diff":0.0,"chi4v-diff":0.0,"e-valence-diff":2.0,"eccentricity-diff":0.05035,"hk-alpha-diff":0.47,"hk-kappa1-diff":0.160741,"hk-kappa2-diff":27.53,"hk-kappa3-diff":99.569216,"ipc-diff":0.0,"isf-diff":3964.548198,"labuteASA-diff":4.704288,"logP-diff":0.96448,"molwt-diff":9.000334,"molwt-hvy-diff":10.019,"nheavy-diff":1.0,"npr1-diff":0.31329,"npr2-diff":0.31329,"pbf-diff":0.0,"pc+-diff":0.209543,"pc--diff":0.209543,"pmi1-diff":0.588778,"pmi2-diff":10.141508,"pmi3-diff":9.55273,"rbonds-diff":0.0,"rg-diff":0.327361,"rpc+-diff":0.271431,"rpc--diff":0.0,"spherocity-diff":0.0,"tpsa-diff":7.71,"vsa+-diff":5.056549,"vsa--diff":0.218861,"vsa-fhyd-diff":0.600792,"vsa-fneg-diff":0.257708,"vsa-fpneg-diff":0.257708,"vsa-fpos-diff":0.257708,"vsa-fppos-diff":0.343084,"vsa-hyd-diff":7.918948,"vsa-polar-diff":0.600792,"vsa-polar+-diff":2.862399,"vsa-polar--diff":0.218861,"hbonds":1.0}