{"MR-mean":9.7149,"asphericity-mean":0.691185,"balabanj-mean":3.360612,"bertzct-mean":56.5387035,"chi0-mean":5.207107,"chi0n-mean":4.677731,"chi0v-mean":1.177731,"chi1-mean":2.56066,"chi1n-mean":2.0429895,"chi1v-mean":0.3388655,"chi2n-mean":0.0559015,"chi2v-mean":0.0559015,"chi3n-mean":0.0,"chi3v-mean":0.0,"chi4n-mean":0.0,"chi4v-mean":0.0,"e-valence-mean":15.0,"eccentricity-mean":0.990223,"hk-alpha-mean":-0.275,"hk-kappa1-mean":0.1738155,"hk-kappa2-mean":1.225,"hk-kappa3-mean":-12.775,"ipc-mean":12.164797,"isf-mean":0.280805,"labuteASA-mean":21.4758605,"logP-mean":0.06919,"molwt-mean":36.526382,"molwt-hvy-mean":33.0195,"nheavy-mean":2.5,"npr1-mean":0.1232775,"npr2-mean":0.9832125,"pbf-mean":0.329367,"pc+-mean":0.299144,"pc--mean":-0.299144,"pmi1-mean":3.534276,"pmi2-mean":37.412709,"pmi3-mean":37.7635145,"rbonds-mean":0.5,"rg-mean":1.0021485,"rpc+-mean":0.410058,"rpc--mean":1.0,"spherocity-mean":0.4756065,"tpsa-mean":22.01,"vsa+-mean":14.8074085,"vsa--mean":5.18535,"vsa-fhyd-mean":0.815152,"vsa-fneg-mean":0.262401,"vsa-fpneg-mean":0.1443965,"vsa-fpos-mean":0.737599,"vsa-fppos-mean":0.0404515,"vsa-hyd-mean":16.7227545,"vsa-polar-mean":0.184848,"vsa-polar+-mean":0.7156,"vsa-polar--mean":2.554404,"MR-min":8.1428,"asphericity-min":0.545635,"balabanj-min":3.16849,"bertzct-min":37.302969,"chi0-min":5.207107,"chi0n-min":4.447214,"chi0v-min":0.908248,"chi1-min":2.56066,"chi1n-min":1.973607,"chi1v-min":0.204124,"chi2n-min":0.0,"chi2v-min":0.0,"chi3n-min":0.0,"chi3v-min":0.0,"chi4n-min":0.0,"chi4v-min":0.0,"e-valence-min":14.0,"eccentricity-min":0.982158,"hk-alpha-min":-0.51,"hk-kappa1-min":0.073424,"hk-kappa2-min":0.96,"hk-kappa3-min":-27.04,"ipc-min":12.164797,"isf-min":0.251312,"labuteASA-min":19.240037,"logP-min":-0.3915,"molwt-min":32.026215,"molwt-hvy-min":28.01,"nheavy-min":2.0,"npr1-min":0.058496,"npr2-min":0.966851,"pbf-min":0.315252,"pc+-min":0.198658,"pc--min":-0.39963,"pmi1-min":3.221338,"pmi2-min":19.779363,"pmi3-min":20.457507,"rbonds-min":0.0,"rg-min":0.829404,"rpc+-min":0.295557,"rpc--min":1.0,"spherocity-min":0.4195,"tpsa-min":20.23,"vsa+-min":12.581428,"vsa--min":5.108808,"vsa-fhyd-min":0.630304,"vsa-fneg-min":0.236009,"vsa-fpneg-min":0.0,"vsa-fpos-min":0.711207,"vsa-fppos-min":0.0,"vsa-hyd-min":11.150228,"vsa-polar-min":0.0,"vsa-polar+-min":0.0,"vsa-polar--min":0.0,"MR-max":11.287,"asphericity-max":0.836735,"balabanj-max":3.552734,"bertzct-max":75.774438,"chi0-max":5.207107,"chi0n-max":4.908248,"chi0v-max":1.447214,"chi1-max":2.56066,"chi1n-max":2.112372,"chi1v-max":0.473607,"chi2n-max":0.111803,"chi2v-max":0.111803,"chi3n-max":0.0,"chi3v-max":0.0,"chi4n-max":0.0,"chi4v-max":0.0,"e-valence-max":16.0,"eccentricity-max":0.998288,"hk-alpha-max":-0.04,"hk-kappa1-max":0.274207,"hk-kappa2-max":1.49,"hk-kappa3-max":1.49,"ipc-max":12.164797,"isf-max":0.310298,"labuteASA-max":23.711684,"logP-max":0.52988,"molwt-max":41.026549,"molwt-hvy-max":38.029,"nheavy-max":3.0,"npr1-max":0.188059,"npr2-max":0.999574,"pbf-max":0.343482,"pc+-max":0.39963,"pc--max":-0.198658,"pmi1-max":3.847214,"pmi2-max":55.046055,"pmi3-max":55.069522,"rbonds-max":1.0,"rg-max":1.174893,"rpc+-max":0.524559,"rpc--max":1.0,"spherocity-max":0.531713,"tpsa-max":23.79,"vsa+-max":17.033389,"vsa--max":5.261892,"vsa-fhyd-max":1.0,"vsa-fneg-max":0.288793,"vsa-fpneg-max":0.288793,"vsa-fpos-max":0.763991,"vsa-fppos-max":0.080903,"vsa-hyd-max":22.295281,"vsa-polar-max":0.369696,"vsa-polar+-max":1.4312,"vsa-polar--max":5.108808,"MR-diff":3.1442,"asphericity-diff":0.2911,"balabanj-diff":0.384244,"bertzct-diff":38.471469,"chi0-diff":0.0,"chi0n-diff":0.461034,"chi0v-diff":0.538966,"chi1-diff":0.0,"chi1n-diff":0.138765,"chi1v-diff":0.269483,"chi2n-diff":0.111803,"chi2v-diff":0.111803,"chi3n-diff":0.0,"chi3v-diff":0.0,"chi4n-diff":0.0,"chi4v-diff":0.0,"e-valence-diff":2.0,"eccentricity-diff":0.01613,"hk-alpha-diff":0.47,"hk-kappa1-diff":0.200783,"hk-kappa2-diff":0.53,"hk-kappa3-diff":28.53,"ipc-diff":0.0,"isf-diff":0.058986,"labuteASA-diff":4.471647,"logP-diff":0.92138,"molwt-diff":9.000334,"molwt-hvy-diff":10.019,"nheavy-diff":1.0,"npr1-diff":0.129563,"npr2-diff":0.032723,"pbf-diff":0.02823,"pc+-diff":0.200972,"pc--diff":0.200972,"pmi1-diff":0.625876,"pmi2-diff":35.266692,"pmi3-diff":34.612015,"rbonds-diff":1.0,"rg-diff":0.345489,"rpc+-diff":0.229002,"rpc--diff":0.0,"spherocity-diff":0.112213,"tpsa-diff":3.56,"vsa+-diff":4.451961,"vsa--diff":0.153084,"vsa-fhyd-diff":0.369696,"vsa-fneg-diff":0.052784,"vsa-fpneg-diff":0.288793,"vsa-fpos-diff":0.052784,"vsa-fppos-diff":0.080903,"vsa-hyd-diff":11.145053,"vsa-polar-diff":0.369696,"vsa-polar+-diff":1.4312,"vsa-polar--diff":5.108808,"hbonds":1.0}