{"avg_dipole_moment": 2.645, "max_dipole_moment": 3.41, "min_dipole_moment": 1.88, "max_molecular_weight": 26.0174, "shear_5nN-qq": [-1632.5925136770584, 125.92378878012521], "intercept": 3.421246529891974, "shear_15nN-qq": [-1756.717865246203, 120.82284307517975], "min_molecular_weight": 17.0073, "delta_molecular_weight": 9.010099999999998, "ch3-smiles-2": "CO", "chain-smiles-2": "CCCCCCCCCCCCCCCCCO", "tilt_bottom": {"25nN": 40.10071335574969, "5nN": 36.44244025666211, "15nN": 39.463196061072516}, "interdigitation": {"25nN": 0.14536565414873254, "5nN": 0.12867376388499974, "15nN": 0.16729058776191885}, "tilt_top": {"25nN": 41.156572167266, "5nN": 36.074234565730094, "15nN": 39.233515369215105}, "shear_15nN-lj": [-1443.6405247841726, 51.809025553729995], "h-smiles-1": "C#N", "S2_top": {"25nN": 0.9685664702349173, "5nN": 0.9606222424422612, "15nN": 0.9596183924305858}, "S2_bottom": {"25nN": 0.9513594000961042, "5nN": 0.959112717429627, "15nN": 0.9302322544426472}, "h-smiles-2": "O", "shear_25nN-qq": [-1873.0448226474819, 132.94546803174913], "COF": 0.1509642211409501, "shear_25nN-lj": [-1489.7899289984014, 55.73961318782812], "ch3-smiles-1": "CC#N", "shear_15nN-Etotal": [-3200.3583900303756, 127.63439787271751], "shear_5nN-Etotal": [-2956.2002213557153, 139.24579467539323], "shear_25nN-Etotal": [-3362.8347516458834, 141.82150150099784], "avg_molecular_weight": 21.512349999999998, "shear_5nN-lj": [-1323.607707678657, 49.48724234832664], "delta_dipole_moment": 1.5300000000000002, "status": {"d7f8da4b9b35eb60e67687d469a1f080-calc_friction": 1, "d7f8da4b9b35eb60e67687d469a1f080-shear_15nN_grompp": 1, "d7f8da4b9b35eb60e67687d469a1f080-shear_5nN": 1, "d7f8da4b9b35eb60e67687d469a1f080-shear_25nN_grompp": 1, "d7f8da4b9b35eb60e67687d469a1f080-compress": 1, "d7f8da4b9b35eb60e67687d469a1f080-shear_15nN": 1, "d7f8da4b9b35eb60e67687d469a1f080-shear_5nN_rerun_grompp": 1, "d7f8da4b9b35eb60e67687d469a1f080-shear_25nN_rerun": 1, "d7f8da4b9b35eb60e67687d469a1f080-shear_5nN_rerun": 1, "d7f8da4b9b35eb60e67687d469a1f080-log_interaction_energy_15nN": 1, "d7f8da4b9b35eb60e67687d469a1f080-shear_15nN_rerun": 1, "d7f8da4b9b35eb60e67687d469a1f080-calc_tilt_shear": 1, "d7f8da4b9b35eb60e67687d469a1f080-get_interaction_energy_25nN": 1, "d7f8da4b9b35eb60e67687d469a1f080-calc_interdigitation": 1, "d7f8da4b9b35eb60e67687d469a1f080-unwrap_shear_5nN": 1, "d7f8da4b9b35eb60e67687d469a1f080-get_interaction_energy_15nN": 1, "d7f8da4b9b35eb60e67687d469a1f080-shear_25nN_rerun_grompp": 1, "d7f8da4b9b35eb60e67687d469a1f080-count_hydrogen_bonds": 1, "d7f8da4b9b35eb60e67687d469a1f080-shear_25nN": 1, "d7f8da4b9b35eb60e67687d469a1f080-top_to_mol2": 1, "d7f8da4b9b35eb60e67687d469a1f080-unwrap_shear_15nN": 1, "d7f8da4b9b35eb60e67687d469a1f080-equilibrate_grompp": 1, "d7f8da4b9b35eb60e67687d469a1f080-calc_S2_shear": 1, "d7f8da4b9b35eb60e67687d469a1f080-log_tilt": 1, "d7f8da4b9b35eb60e67687d469a1f080-shear_15nN_rerun_grompp": 1, "d7f8da4b9b35eb60e67687d469a1f080-log_interaction_energy_25nN": 1, "d7f8da4b9b35eb60e67687d469a1f080-initialize": 1, "d7f8da4b9b35eb60e67687d469a1f080-minimize": 1, "d7f8da4b9b35eb60e67687d469a1f080-log_S2": 1, "d7f8da4b9b35eb60e67687d469a1f080-lammps_to_gmx": 1, "d7f8da4b9b35eb60e67687d469a1f080-get_interaction_energy_5nN": 1, "d7f8da4b9b35eb60e67687d469a1f080-log_interaction_energy_5nN": 1, "d7f8da4b9b35eb60e67687d469a1f080-unwrap_shear_25nN": 1, "d7f8da4b9b35eb60e67687d469a1f080-compress_grompp": 1, "d7f8da4b9b35eb60e67687d469a1f080-log_cof": 1, "d7f8da4b9b35eb60e67687d469a1f080-equilibrate": 1, "d7f8da4b9b35eb60e67687d469a1f080-shear_5nN_grompp": 1, "d7f8da4b9b35eb60e67687d469a1f080-minimize_grompp": 1, "d7f8da4b9b35eb60e67687d469a1f080-fix_overlaps": 1}, "chain-smiles-1": "CCCCCCCCCCCCCCCCCC#N"}