{"avg_dipole_moment": 1.8849999999999998, "max_dipole_moment": 2.09, "min_dipole_moment": 1.68, "max_molecular_weight": 69.0059, "shear_5nN-qq": [-11.939094358113511, 13.532465001281928], "intercept": 0.6001110895526192, "shear_15nN-qq": [-20.07889252997602, 18.356652047646207], "min_molecular_weight": 31.0338, "delta_molecular_weight": 37.9721, "ch3-smiles-2": "CC(F)(F)F", "chain-smiles-2": "CCCCCCCCCCCCCCCCCC(F)(F)F", "tilt_bottom": {"25nN": 41.76623486524269, "5nN": 37.26597110323461, "15nN": 40.122191980820304}, "interdigitation": {"25nN": 0.12334566410712137, "5nN": 0.11677101353174354, "15nN": 0.11503151659292941}, "tilt_top": {"25nN": 39.456931654291296, "5nN": 35.41376974832147, "15nN": 39.15784135742444}, "shear_15nN-lj": [-1320.0114416258994, 45.73689677147622], "h-smiles-1": "OC", "S2_top": {"25nN": 0.9551517924572841, "5nN": 0.9679654782043531, "15nN": 0.9730336760933188}, "S2_bottom": {"25nN": 0.975314170427097, "5nN": 0.9739124722527844, "15nN": 0.9745967596480426}, "h-smiles-2": "C(F)(F)F", "shear_25nN-qq": [-36.55315965467626, 19.077793570403447], "COF": 0.15790177615953613, "shear_25nN-lj": [-1427.5872316914467, 48.626641582127775], "ch3-smiles-1": "COC", "shear_15nN-Etotal": [-1340.0903341558753, 51.29479570627359], "shear_5nN-Etotal": [-1105.0169170239808, 52.79688761556031], "shear_25nN-Etotal": [-1464.1403913461231, 55.17135982778517], "avg_molecular_weight": 50.01985, "shear_5nN-lj": [-1093.0778226658674, 48.958940697400784], "delta_dipole_moment": 0.4099999999999999, "status": {"09e1019b72613208785eb6373b4f022f-log_tilt": 1, "09e1019b72613208785eb6373b4f022f-log_cof": 1, "09e1019b72613208785eb6373b4f022f-lammps_to_gmx": 1, "09e1019b72613208785eb6373b4f022f-get_interaction_energy_5nN": 1, "09e1019b72613208785eb6373b4f022f-shear_15nN_rerun_grompp": 1, "09e1019b72613208785eb6373b4f022f-unwrap_shear_15nN": 1, "09e1019b72613208785eb6373b4f022f-calc_S2_shear": 1, "09e1019b72613208785eb6373b4f022f-calc_friction": 1, "09e1019b72613208785eb6373b4f022f-shear_5nN": 1, "09e1019b72613208785eb6373b4f022f-get_interaction_energy_25nN": 1, "09e1019b72613208785eb6373b4f022f-get_interaction_energy_15nN": 1, "09e1019b72613208785eb6373b4f022f-calc_tilt_shear": 1, "09e1019b72613208785eb6373b4f022f-log_interaction_energy_25nN": 1, "09e1019b72613208785eb6373b4f022f-initialize": 1, "09e1019b72613208785eb6373b4f022f-equilibrate_grompp": 1, "09e1019b72613208785eb6373b4f022f-shear_5nN_rerun": 1, "09e1019b72613208785eb6373b4f022f-shear_25nN_grompp": 1, "09e1019b72613208785eb6373b4f022f-shear_25nN_rerun_grompp": 1, "09e1019b72613208785eb6373b4f022f-shear_5nN_grompp": 1, "09e1019b72613208785eb6373b4f022f-fix_overlaps": 1, "09e1019b72613208785eb6373b4f022f-minimize_grompp": 1, "09e1019b72613208785eb6373b4f022f-minimize": 1, "09e1019b72613208785eb6373b4f022f-shear_15nN_grompp": 1, "09e1019b72613208785eb6373b4f022f-shear_25nN_rerun": 1, "09e1019b72613208785eb6373b4f022f-equilibrate": 1, "09e1019b72613208785eb6373b4f022f-shear_5nN_rerun_grompp": 1, "09e1019b72613208785eb6373b4f022f-shear_15nN_rerun": 1, "09e1019b72613208785eb6373b4f022f-unwrap_shear_5nN": 1, "09e1019b72613208785eb6373b4f022f-shear_25nN": 1, "09e1019b72613208785eb6373b4f022f-calc_interdigitation": 1, "09e1019b72613208785eb6373b4f022f-log_S2": 1, "09e1019b72613208785eb6373b4f022f-log_interaction_energy_5nN": 1, "09e1019b72613208785eb6373b4f022f-shear_15nN": 1, "09e1019b72613208785eb6373b4f022f-log_interaction_energy_15nN": 1, "09e1019b72613208785eb6373b4f022f-top_to_mol2": 1, "09e1019b72613208785eb6373b4f022f-unwrap_shear_25nN": 1, "09e1019b72613208785eb6373b4f022f-compress": 1, "09e1019b72613208785eb6373b4f022f-compress_grompp": 1}, "chain-smiles-1": "CCCCCCCCCCCCCCCCCOC"}