{"avg_dipole_moment": 2.405, "max_dipole_moment": 4.81, "min_dipole_moment": 0.0, "max_molecular_weight": 45.0174, "shear_5nN-qq": [-90.04063313109512, 24.66733863515351], "intercept": 1.0012042152519112, "shear_15nN-qq": [-68.50572165147881, 24.804666363599658], "min_molecular_weight": 27.0451, "delta_molecular_weight": 17.9723, "ch3-smiles-2": "CC=C", "chain-smiles-2": "CCCCCCCCCCCCCCCCCC=C", "tilt_bottom": {"25nN": 40.69919278818548, "5nN": 34.652031200041336, "15nN": 38.26409531627676}, "interdigitation": {"25nN": 0.125914817184154, "5nN": 0.09990408024349864, "15nN": 0.10617557151757537}, "tilt_top": {"25nN": 39.79116711671724, "5nN": 34.26668366458763, "15nN": 37.97665316511504}, "shear_15nN-lj": [-1846.036651059952, 44.3216258963453], "h-smiles-1": "C(=O)O", "S2_top": {"25nN": 0.9384839344355524, "5nN": 0.9492097953011197, "15nN": 0.949896321269982}, "S2_bottom": {"25nN": 0.9551489368031544, "5nN": 0.9487745549326424, "15nN": 0.9608586112252695}, "h-smiles-2": "C=C", "shear_25nN-qq": [-45.43680017266187, 29.383195964007644], "COF": 0.09562669418319719, "shear_25nN-lj": [-1971.9342956282974, 48.34338859931208], "ch3-smiles-1": "CC(=O)O", "shear_15nN-Etotal": [-1914.542372711431, 49.34339152896392], "shear_5nN-Etotal": [-1733.7893161239008, 55.49868032548301], "shear_25nN-Etotal": [-2017.3710958009592, 52.91997455390207], "avg_molecular_weight": 36.03125, "shear_5nN-lj": [-1643.7486829928057, 48.91137416321654], "delta_dipole_moment": 4.81, "status": {"11644d94c5aeb08bb91a129e27fafddf-shear_15nN": 1, "11644d94c5aeb08bb91a129e27fafddf-log_interaction_energy_25nN": 1, "11644d94c5aeb08bb91a129e27fafddf-shear_15nN_rerun_grompp": 1, "11644d94c5aeb08bb91a129e27fafddf-fix_overlaps": 1, "11644d94c5aeb08bb91a129e27fafddf-count_hydrogen_bonds": 1, "11644d94c5aeb08bb91a129e27fafddf-log_tilt": 1, "11644d94c5aeb08bb91a129e27fafddf-shear_25nN": 1, "11644d94c5aeb08bb91a129e27fafddf-lammps_to_gmx": 1, "11644d94c5aeb08bb91a129e27fafddf-initialize": 1, "11644d94c5aeb08bb91a129e27fafddf-shear_5nN_rerun": 1, "11644d94c5aeb08bb91a129e27fafddf-log_interaction_energy_5nN": 1, "11644d94c5aeb08bb91a129e27fafddf-shear_5nN_grompp": 1, "11644d94c5aeb08bb91a129e27fafddf-calc_friction": 1, "11644d94c5aeb08bb91a129e27fafddf-minimize": 1, "11644d94c5aeb08bb91a129e27fafddf-shear_25nN_grompp": 1, "11644d94c5aeb08bb91a129e27fafddf-equilibrate_grompp": 1, "11644d94c5aeb08bb91a129e27fafddf-log_interaction_energy_15nN": 1, "11644d94c5aeb08bb91a129e27fafddf-top_to_mol2": 1, "11644d94c5aeb08bb91a129e27fafddf-log_cof": 1, "11644d94c5aeb08bb91a129e27fafddf-unwrap_shear_5nN": 1, "11644d94c5aeb08bb91a129e27fafddf-shear_5nN": 1, "11644d94c5aeb08bb91a129e27fafddf-compress": 1, "11644d94c5aeb08bb91a129e27fafddf-calc_interdigitation": 1, "11644d94c5aeb08bb91a129e27fafddf-equilibrate": 1, "11644d94c5aeb08bb91a129e27fafddf-shear_15nN_rerun": 1, "11644d94c5aeb08bb91a129e27fafddf-get_interaction_energy_25nN": 1, "11644d94c5aeb08bb91a129e27fafddf-shear_25nN_rerun": 1, "11644d94c5aeb08bb91a129e27fafddf-calc_S2_shear": 1, "11644d94c5aeb08bb91a129e27fafddf-shear_15nN_grompp": 1, "11644d94c5aeb08bb91a129e27fafddf-minimize_grompp": 1, "11644d94c5aeb08bb91a129e27fafddf-get_interaction_energy_15nN": 1, "11644d94c5aeb08bb91a129e27fafddf-log_S2": 1, "11644d94c5aeb08bb91a129e27fafddf-shear_25nN_rerun_grompp": 1, "11644d94c5aeb08bb91a129e27fafddf-unwrap_shear_25nN": 1, "11644d94c5aeb08bb91a129e27fafddf-shear_5nN_rerun_grompp": 1, "11644d94c5aeb08bb91a129e27fafddf-unwrap_shear_15nN": 1, "11644d94c5aeb08bb91a129e27fafddf-compress_grompp": 1, "11644d94c5aeb08bb91a129e27fafddf-get_interaction_energy_5nN": 1, "11644d94c5aeb08bb91a129e27fafddf-calc_tilt_shear": 1}, "chain-smiles-1": "CCCCCCCCCCCCCCCCCC(=O)O"}