{"avg_dipole_moment": 1.45, "max_dipole_moment": 2.89, "min_dipole_moment": 0.01, "max_molecular_weight": 66.0811, "shear_5nN-qq": [-27.676849917665866, 13.319744111964532], "intercept": 0.7700069097886673, "shear_15nN-qq": [-8.594963216626699, 14.350697440103325], "min_molecular_weight": 43.0874, "delta_molecular_weight": 22.993700000000004, "ch3-smiles-2": "C1=C(C)NC=C1", "chain-smiles-2": "CCCCCCCCCCCCCCCCCC1=CNC=C1", "tilt_bottom": {"25nN": 35.81704324298642, "5nN": 32.93992705070393, "15nN": 35.43196787177471}, "interdigitation": {"25nN": 0.09262925126743403, "5nN": 0.09489016981433437, "15nN": 0.12119374328167942}, "tilt_top": {"25nN": 40.701969826741845, "5nN": 35.476547809843495, "15nN": 38.3509649108395}, "shear_15nN-lj": [-1662.2803542509992, 48.24491530008257], "h-smiles-1": "C(C)C", "S2_top": {"25nN": 0.9730433558321254, "5nN": 0.9777447793630394, "15nN": 0.9737253574988074}, "S2_bottom": {"25nN": 0.9140052692406834, "5nN": 0.917124574620116, "15nN": 0.9544687045821497}, "h-smiles-2": "C1=CNC=C1", "shear_25nN-qq": [16.033763361310953, 16.03705596369933], "COF": 0.13111488060020426, "shear_25nN-lj": [-1773.6580917825743, 52.859637651720845], "ch3-smiles-1": "CC(C)C", "shear_15nN-Etotal": [-1670.875317467626, 47.474463872366336], "shear_5nN-Etotal": [-1454.3242987825738, 55.4727108439125], "shear_25nN-Etotal": [-1757.6243284212628, 50.85114791111755], "avg_molecular_weight": 54.584250000000004, "shear_5nN-lj": [-1426.647448864908, 52.98041222408192], "delta_dipole_moment": 2.8800000000000003, "status": {"445254dcc54018a20720ebbc73b1aaf7-calc_S2_shear": 1, "445254dcc54018a20720ebbc73b1aaf7-shear_15nN_rerun_grompp": 1, "445254dcc54018a20720ebbc73b1aaf7-shear_15nN_rerun": 1, "445254dcc54018a20720ebbc73b1aaf7-shear_5nN_rerun_grompp": 1, "445254dcc54018a20720ebbc73b1aaf7-get_interaction_energy_25nN": 1, "445254dcc54018a20720ebbc73b1aaf7-minimize_grompp": 1, "445254dcc54018a20720ebbc73b1aaf7-shear_5nN_grompp": 1, "445254dcc54018a20720ebbc73b1aaf7-shear_25nN_grompp": 1, "445254dcc54018a20720ebbc73b1aaf7-log_interaction_energy_5nN": 1, "445254dcc54018a20720ebbc73b1aaf7-shear_5nN_rerun": 1, "445254dcc54018a20720ebbc73b1aaf7-compress": 1, "445254dcc54018a20720ebbc73b1aaf7-unwrap_shear_15nN": 1, "445254dcc54018a20720ebbc73b1aaf7-shear_25nN_rerun_grompp": 1, "445254dcc54018a20720ebbc73b1aaf7-calc_tilt_shear": 1, "445254dcc54018a20720ebbc73b1aaf7-log_interaction_energy_25nN": 1, "445254dcc54018a20720ebbc73b1aaf7-top_to_mol2": 1, "445254dcc54018a20720ebbc73b1aaf7-shear_15nN": 1, "445254dcc54018a20720ebbc73b1aaf7-minimize": 1, "445254dcc54018a20720ebbc73b1aaf7-unwrap_shear_5nN": 1, "445254dcc54018a20720ebbc73b1aaf7-get_interaction_energy_15nN": 1, "445254dcc54018a20720ebbc73b1aaf7-shear_15nN_grompp": 1, "445254dcc54018a20720ebbc73b1aaf7-log_S2": 1, "445254dcc54018a20720ebbc73b1aaf7-calc_friction": 1, "445254dcc54018a20720ebbc73b1aaf7-lammps_to_gmx": 1, "445254dcc54018a20720ebbc73b1aaf7-compress_grompp": 1, "445254dcc54018a20720ebbc73b1aaf7-log_cof": 1, "445254dcc54018a20720ebbc73b1aaf7-equilibrate_grompp": 1, "445254dcc54018a20720ebbc73b1aaf7-initialize": 1, "445254dcc54018a20720ebbc73b1aaf7-equilibrate": 1, "445254dcc54018a20720ebbc73b1aaf7-log_tilt": 1, "445254dcc54018a20720ebbc73b1aaf7-calc_interdigitation": 1, "445254dcc54018a20720ebbc73b1aaf7-get_interaction_energy_5nN": 1, "445254dcc54018a20720ebbc73b1aaf7-log_interaction_energy_15nN": 1, "445254dcc54018a20720ebbc73b1aaf7-shear_25nN_rerun": 1, "445254dcc54018a20720ebbc73b1aaf7-shear_25nN": 1, "445254dcc54018a20720ebbc73b1aaf7-unwrap_shear_25nN": 1, "445254dcc54018a20720ebbc73b1aaf7-shear_5nN": 1, "445254dcc54018a20720ebbc73b1aaf7-fix_overlaps": 1}, "chain-smiles-1": "CCCCCCCCCCCCCCCCCC(C)C"}