{"tilt_bottom": {"25nN": 39.74855003325175, "5nN": 36.06147224583415, "15nN": 38.65799299692666}, "shear_25nN-qq": [-433.1504783844923, 56.29477084299787], "S2_top": {"25nN": 0.9546116330480706, "5nN": 0.9566373721072389, "15nN": 0.9523168234797096}, "shear_5nN-qq": [-432.97843631894483, 55.568002446802375], "shear_15nN-Etotal": [-2042.3217619656277, 79.09851639127452], "S2_bottom": {"25nN": 0.9502685837809629, "5nN": 0.9551699333285308, "15nN": 0.9649425962975529}, "shear_25nN-lj": [-1668.3510970431655, 46.78859484101664], "delta_molecular_weight": 69.0768, "intercept": 1.4999805577231464, "avg_dipole_moment": 2.7199999999999998, "COF": 0.11843374874446533, "shear_25nN-Etotal": [-2101.5015754276583, 75.43321805529912], "tilt_top": {"25nN": 38.975197568764536, "5nN": 33.48760965450464, "15nN": 37.32861170742172}, "status": {"c53ddde8c9c1981a8fd3067492da5ab6-get_interaction_energy_15nN": 1, "c53ddde8c9c1981a8fd3067492da5ab6-lammps_to_gmx": 1, "c53ddde8c9c1981a8fd3067492da5ab6-equilibrate": 1, "c53ddde8c9c1981a8fd3067492da5ab6-log_interaction_energy_15nN": 1, "c53ddde8c9c1981a8fd3067492da5ab6-calc_interdigitation": 1, "c53ddde8c9c1981a8fd3067492da5ab6-calc_S2_shear": 1, "c53ddde8c9c1981a8fd3067492da5ab6-initialize": 1, "c53ddde8c9c1981a8fd3067492da5ab6-log_tilt": 1, "c53ddde8c9c1981a8fd3067492da5ab6-compress_grompp": 1, "c53ddde8c9c1981a8fd3067492da5ab6-shear_25nN_rerun_grompp": 1, "c53ddde8c9c1981a8fd3067492da5ab6-shear_5nN_rerun": 1, "c53ddde8c9c1981a8fd3067492da5ab6-shear_15nN_rerun": 1, "c53ddde8c9c1981a8fd3067492da5ab6-shear_5nN_rerun_grompp": 1, "c53ddde8c9c1981a8fd3067492da5ab6-fix_overlaps": 1, "c53ddde8c9c1981a8fd3067492da5ab6-shear_15nN": 1, "c53ddde8c9c1981a8fd3067492da5ab6-top_to_mol2": 1, "c53ddde8c9c1981a8fd3067492da5ab6-equilibrate_grompp": 1, "c53ddde8c9c1981a8fd3067492da5ab6-minimize_grompp": 1, "c53ddde8c9c1981a8fd3067492da5ab6-log_cof": 1, "c53ddde8c9c1981a8fd3067492da5ab6-get_interaction_energy_5nN": 1, "c53ddde8c9c1981a8fd3067492da5ab6-unwrap_shear_5nN": 1, "c53ddde8c9c1981a8fd3067492da5ab6-get_interaction_energy_25nN": 1, "c53ddde8c9c1981a8fd3067492da5ab6-log_interaction_energy_25nN": 1, "c53ddde8c9c1981a8fd3067492da5ab6-unwrap_shear_25nN": 1, "c53ddde8c9c1981a8fd3067492da5ab6-shear_15nN_grompp": 1, "c53ddde8c9c1981a8fd3067492da5ab6-minimize": 1, "c53ddde8c9c1981a8fd3067492da5ab6-unwrap_shear_15nN": 1, "c53ddde8c9c1981a8fd3067492da5ab6-shear_5nN_grompp": 1, "c53ddde8c9c1981a8fd3067492da5ab6-shear_25nN_grompp": 1, "c53ddde8c9c1981a8fd3067492da5ab6-shear_15nN_rerun_grompp": 1, "c53ddde8c9c1981a8fd3067492da5ab6-shear_25nN": 1, "c53ddde8c9c1981a8fd3067492da5ab6-shear_25nN_rerun": 1, "c53ddde8c9c1981a8fd3067492da5ab6-log_S2": 1, "c53ddde8c9c1981a8fd3067492da5ab6-log_interaction_energy_5nN": 1, "c53ddde8c9c1981a8fd3067492da5ab6-compress": 1, "c53ddde8c9c1981a8fd3067492da5ab6-shear_5nN": 1, "c53ddde8c9c1981a8fd3067492da5ab6-calc_tilt_shear": 1, "c53ddde8c9c1981a8fd3067492da5ab6-calc_friction": 1}, "shear_15nN-qq": [-462.8737506418865, 53.47173564222265], "shear_5nN-Etotal": [-1832.6719792254196, 88.61178232114389], "avg_molecular_weight": 60.5558, "delta_dipole_moment": 1.3800000000000003, "shear_15nN-lj": [-1579.4480113237412, 46.36793916365894], "shear_5nN-lj": [-1399.6935429064747, 51.19476183218369]}