{"MR-mean":18.827,"asphericity-mean":0.460062,"balabanj-mean":3.639758,"bertzct-mean":142.910248,"chi0-mean":7.3094015,"chi0n-mean":6.688982,"chi0v-mean":2.188982,"chi1-mean":4.053418,"chi1n-mean":3.219491,"chi1v-mean":0.969491,"chi2n-mean":0.469491,"chi2v-mean":0.469491,"chi3n-mean":0.2347455,"chi3v-mean":0.2347455,"chi4n-mean":0.117373,"chi4v-mean":0.117373,"e-valence-mean":24.0,"eccentricity-mean":0.9678135,"hk-alpha-mean":-0.555,"hk-kappa1-mean":0.6772135,"hk-kappa2-mean":1.2374835,"hk-kappa3-mean":-2.5532885,"ipc-mean":214.9620025,"isf-mean":0.11974,"labuteASA-mean":34.3281315,"logP-mean":1.31395,"molwt-mean":62.034414,"molwt-hvy-mean":57.543,"nheavy-mean":4.5,"npr1-mean":0.243063,"npr2-mean":0.756937,"pbf-mean":0.000013,"pc+-mean":0.326532,"pc--mean":-0.326532,"pmi1-mean":45.281407,"pmi2-mean":106.602403,"pmi3-mean":151.88381,"rbonds-mean":0.0,"rg-mean":1.2786785,"rpc+-mean":0.2643,"rpc--mean":0.4850055,"spherocity-mean":0.0,"tpsa-mean":0.0,"vsa+-mean":9.077024,"vsa--mean":23.832293,"vsa-fhyd-mean":0.9535635,"vsa-fneg-mean":0.7181525,"vsa-fpneg-mean":0.0464365,"vsa-fpos-mean":0.2818475,"vsa-fppos-mean":0.0,"vsa-hyd-mean":30.7141095,"vsa-polar-mean":0.0464365,"vsa-polar+-mean":0.0,"vsa-polar--mean":2.1952075,"MR-min":11.254,"asphericity-min":0.36251,"balabanj-min":3.603567,"bertzct-min":55.617271,"chi0-min":5.154701,"chi0n-min":5.0,"chi0v-min":1.0,"chi1-min":2.642734,"chi1n-min":2.25,"chi1v-min":0.25,"chi2n-min":0.0,"chi2v-min":0.0,"chi3n-min":0.0,"chi3v-min":0.0,"chi4n-min":0.0,"chi4v-min":0.0,"e-valence-min":12.0,"eccentricity-min":0.951921,"hk-alpha-min":-0.85,"hk-kappa1-min":0.042409,"hk-kappa2-min":0.74,"hk-kappa3-min":-6.106154,"ipc-min":13.60964,"isf-min":0.007971,"labuteASA-min":20.034472,"logP-min":0.8022,"molwt-min":28.0313,"molwt-hvy-min":24.022,"nheavy-min":2.0,"npr1-min":0.179784,"npr2-min":0.693658,"pbf-min":0.000012,"pc+-min":0.212622,"pc--min":-0.440442,"pmi1-min":3.542914,"pmi2-min":16.163566,"pmi3-min":19.70648,"rbonds-min":0.0,"rg-min":0.838122,"rpc+-min":0.25,"rpc--min":0.470011,"spherocity-min":0.0,"tpsa-min":0.0,"vsa+-min":5.483034,"vsa--min":13.062078,"vsa-fhyd-min":0.907127,"vsa-fneg-min":0.704341,"vsa-fpneg-min":0.0,"vsa-fpos-min":0.268036,"vsa-fppos-min":0.0,"vsa-hyd-min":18.545112,"vsa-polar-min":0.0,"vsa-polar+-min":0.0,"vsa-polar--min":0.0,"MR-max":26.4,"asphericity-max":0.557614,"balabanj-max":3.675949,"bertzct-max":230.203225,"chi0-max":9.464102,"chi0n-max":8.377964,"chi0v-max":3.377964,"chi1-max":5.464102,"chi1n-max":4.188982,"chi1v-max":1.688982,"chi2n-max":0.938982,"chi2v-max":0.938982,"chi3n-max":0.469491,"chi3v-max":0.469491,"chi4n-max":0.234746,"chi4v-max":0.234746,"e-valence-max":36.0,"eccentricity-max":0.983706,"hk-alpha-max":-0.26,"hk-kappa1-max":1.312018,"hk-kappa2-max":1.734967,"hk-kappa3-max":0.999577,"ipc-max":416.314365,"isf-max":0.231509,"labuteASA-max":48.621791,"logP-max":1.8257,"molwt-max":96.037528,"molwt-hvy-max":91.064,"nheavy-max":7.0,"npr1-max":0.306342,"npr2-max":0.820216,"pbf-max":0.000014,"pc+-max":0.440442,"pc--max":-0.212622,"pmi1-max":87.0199,"pmi2-max":197.04124,"pmi3-max":284.06114,"rbonds-max":0.0,"rg-max":1.719235,"rpc+-max":0.2786,"rpc--max":0.5,"spherocity-max":0.0,"tpsa-max":0.0,"vsa+-max":12.671014,"vsa--max":34.602508,"vsa-fhyd-max":1.0,"vsa-fneg-max":0.731964,"vsa-fpneg-max":0.092873,"vsa-fpos-max":0.295659,"vsa-fppos-max":0.0,"vsa-hyd-max":42.883107,"vsa-polar-max":0.092873,"vsa-polar+-max":0.0,"vsa-polar--max":4.390415,"MR-diff":15.146,"asphericity-diff":0.195104,"balabanj-diff":0.072382,"bertzct-diff":174.585954,"chi0-diff":4.309401,"chi0n-diff":3.377964,"chi0v-diff":2.377964,"chi1-diff":2.821368,"chi1n-diff":1.938982,"chi1v-diff":1.438982,"chi2n-diff":0.938982,"chi2v-diff":0.938982,"chi3n-diff":0.469491,"chi3v-diff":0.469491,"chi4n-diff":0.234746,"chi4v-diff":0.234746,"e-valence-diff":24.0,"eccentricity-diff":0.031785,"hk-alpha-diff":0.59,"hk-kappa1-diff":1.269609,"hk-kappa2-diff":0.994967,"hk-kappa3-diff":7.105731,"ipc-diff":402.704725,"isf-diff":0.223538,"labuteASA-diff":28.587319,"logP-diff":1.0235,"molwt-diff":68.006228,"molwt-hvy-diff":67.042,"nheavy-diff":5.0,"npr1-diff":0.126558,"npr2-diff":0.126558,"pbf-diff":0.000002,"pc+-diff":0.22782,"pc--diff":0.22782,"pmi1-diff":83.476986,"pmi2-diff":180.877674,"pmi3-diff":264.35466,"rbonds-diff":0.0,"rg-diff":0.881113,"rpc+-diff":0.0286,"rpc--diff":0.029989,"spherocity-diff":0.0,"tpsa-diff":0.0,"vsa+-diff":7.18798,"vsa--diff":21.54043,"vsa-fhyd-diff":0.092873,"vsa-fneg-diff":0.027623,"vsa-fpneg-diff":0.092873,"vsa-fpos-diff":0.027623,"vsa-fppos-diff":0.0,"vsa-hyd-diff":24.337995,"vsa-polar-diff":0.092873,"vsa-polar+-diff":0.0,"vsa-polar--diff":4.390415,"hbonds":0.0}