{"shear_15nN-qq": [-54.227153586730616, 14.387588792540313], "delta_molecular_weight": 68.0491, "status": {"168a369aebe369eab3e838332e6e6321-compress_grompp": 1, "168a369aebe369eab3e838332e6e6321-minimize_grompp": 1, "168a369aebe369eab3e838332e6e6321-unwrap_shear_15nN": 1, "168a369aebe369eab3e838332e6e6321-get_interaction_energy_15nN": 1, "168a369aebe369eab3e838332e6e6321-fix_overlaps": 1, "168a369aebe369eab3e838332e6e6321-log_S2": 1, "168a369aebe369eab3e838332e6e6321-shear_15nN_grompp": 1, "168a369aebe369eab3e838332e6e6321-unwrap_shear_5nN": 1, "168a369aebe369eab3e838332e6e6321-shear_15nN_rerun": 1, "168a369aebe369eab3e838332e6e6321-shear_5nN_rerun": 1, "168a369aebe369eab3e838332e6e6321-equilibrate_grompp": 1, "168a369aebe369eab3e838332e6e6321-calc_interdigitation": 1, "168a369aebe369eab3e838332e6e6321-shear_15nN_rerun_grompp": 1, "168a369aebe369eab3e838332e6e6321-compress": 1, "168a369aebe369eab3e838332e6e6321-calc_S2_shear": 1, "168a369aebe369eab3e838332e6e6321-initialize": 1, "168a369aebe369eab3e838332e6e6321-shear_5nN_rerun_grompp": 1, "168a369aebe369eab3e838332e6e6321-lammps_to_gmx": 1, "168a369aebe369eab3e838332e6e6321-calc_friction": 1, "168a369aebe369eab3e838332e6e6321-log_interaction_energy_25nN": 1, "168a369aebe369eab3e838332e6e6321-shear_25nN_grompp": 1, "168a369aebe369eab3e838332e6e6321-log_cof": 1, "168a369aebe369eab3e838332e6e6321-shear_25nN_rerun_grompp": 1, "168a369aebe369eab3e838332e6e6321-shear_5nN_grompp": 1, "168a369aebe369eab3e838332e6e6321-shear_25nN_rerun": 1, "168a369aebe369eab3e838332e6e6321-log_interaction_energy_5nN": 1, "168a369aebe369eab3e838332e6e6321-log_interaction_energy_15nN": 1, "168a369aebe369eab3e838332e6e6321-top_to_mol2": 1, "168a369aebe369eab3e838332e6e6321-log_tilt": 1, "168a369aebe369eab3e838332e6e6321-minimize": 1, "168a369aebe369eab3e838332e6e6321-get_interaction_energy_25nN": 1, "168a369aebe369eab3e838332e6e6321-get_interaction_energy_5nN": 1, "168a369aebe369eab3e838332e6e6321-calc_tilt_shear": 1, "168a369aebe369eab3e838332e6e6321-shear_5nN": 1, "168a369aebe369eab3e838332e6e6321-shear_25nN": 1, "168a369aebe369eab3e838332e6e6321-shear_15nN": 1, "168a369aebe369eab3e838332e6e6321-unwrap_shear_25nN": 1, "168a369aebe369eab3e838332e6e6321-equilibrate": 1}, "interdigitation": {"25nN": 0.1202001989268347, "5nN": 0.1491661199347541, "15nN": 0.1342276079476835}, "intercept": 0.9256918847885283, "delta_dipole_moment": 2.03, "tilt_bottom": {"25nN": 39.549463654785775, "5nN": 35.694011480155176, "15nN": 38.10437179515108}, "S2_top": {"25nN": 0.9287886902626866, "5nN": 0.9348619908706188, "15nN": 0.940554101629501}, "shear_25nN-Etotal": [-1755.0551666866506, 49.588878485028864], "avg_dipole_moment": 1.015, "S2_bottom": {"25nN": 0.9600596537956329, "5nN": 0.969793246986594, "15nN": 0.9665998479342461}, "avg_molecular_weight": 61.06965, "shear_15nN-lj": [-1622.4807649072743, 45.31851190391699], "tilt_top": {"25nN": 37.62775711948888, "5nN": 31.735197518869846, "15nN": 34.698347699464364}, "shear_5nN-Etotal": [-1419.6347061542765, 51.966378445872095], "shear_5nN-qq": [-42.021623183053556, 14.010853888437769], "shear_5nN-lj": [-1377.6130829712229, 48.882431990333146], "COF": 0.10545012907643658, "shear_25nN-lj": [-1694.682178972822, 46.48843482007838], "shear_25nN-qq": [-60.37298771382895, 14.831106548749094], "shear_15nN-Etotal": [-1676.7079184940048, 47.64293842787292]}