{"avg_dipole_moment": 1.015, "max_dipole_moment": 2.03, "min_dipole_moment": 0.0, "max_molecular_weight": 95.0942, "shear_5nN-qq": [-42.021623183053556, 14.010853888437769], "intercept": 0.9256918847885283, "shear_15nN-qq": [-54.227153586730616, 14.387588792540313], "min_molecular_weight": 27.0451, "delta_molecular_weight": 68.0491, "ch3-smiles-2": "CC1=CC=C(F)C=C1", "chain-smiles-2": "CCCCCCCCCCCCCCCCCC1=CC=C(F)C=C1", "tilt_bottom": {"25nN": 39.549463654785775, "5nN": 35.694011480155176, "15nN": 38.10437179515108}, "interdigitation": {"25nN": 0.12041259444996982, "5nN": 0.14949722871153687, "15nN": 0.13378168508225022}, "tilt_top": {"25nN": 37.62775711948888, "5nN": 31.735197518869846, "15nN": 34.698347699464364}, "shear_15nN-lj": [-1622.4807649072743, 45.31851190391699], "h-smiles-1": "C=C", "S2_top": {"25nN": 0.9287886902626866, "5nN": 0.9348619908706188, "15nN": 0.940554101629501}, "S2_bottom": {"25nN": 0.9600596537956329, "5nN": 0.969793246986594, "15nN": 0.9665998479342461}, "h-smiles-2": "C1=CC=C(F)C=C1", "shear_25nN-qq": [-60.37298771382895, 14.831106548749094], "COF": 0.10545012907643658, "shear_25nN-lj": [-1694.682178972822, 46.48843482007838], "ch3-smiles-1": "CC=C", "shear_15nN-Etotal": [-1676.7079184940048, 47.64293842787292], "shear_5nN-Etotal": [-1419.6347061542765, 51.966378445872095], "shear_25nN-Etotal": [-1755.0551666866506, 49.588878485028864], "avg_molecular_weight": 61.06965, "shear_5nN-lj": [-1377.6130829712229, 48.882431990333146], "delta_dipole_moment": 2.03, "status": {"168a369aebe369eab3e838332e6e6321-compress": 1, "168a369aebe369eab3e838332e6e6321-calc_interdigitation": 1, "168a369aebe369eab3e838332e6e6321-shear_25nN_grompp": 1, "168a369aebe369eab3e838332e6e6321-shear_25nN_rerun_grompp": 1, "168a369aebe369eab3e838332e6e6321-log_interaction_energy_25nN": 1, "168a369aebe369eab3e838332e6e6321-shear_15nN_grompp": 1, "168a369aebe369eab3e838332e6e6321-lammps_to_gmx": 1, "168a369aebe369eab3e838332e6e6321-equilibrate": 1, "168a369aebe369eab3e838332e6e6321-shear_5nN_rerun_grompp": 1, "168a369aebe369eab3e838332e6e6321-shear_25nN": 1, "168a369aebe369eab3e838332e6e6321-unwrap_shear_25nN": 1, "168a369aebe369eab3e838332e6e6321-shear_15nN_rerun_grompp": 1, "168a369aebe369eab3e838332e6e6321-shear_15nN_rerun": 1, "168a369aebe369eab3e838332e6e6321-shear_15nN": 1, "168a369aebe369eab3e838332e6e6321-log_interaction_energy_15nN": 1, "168a369aebe369eab3e838332e6e6321-unwrap_shear_15nN": 1, "168a369aebe369eab3e838332e6e6321-get_interaction_energy_5nN": 1, "168a369aebe369eab3e838332e6e6321-calc_tilt_shear": 1, "168a369aebe369eab3e838332e6e6321-top_to_mol2": 1, "168a369aebe369eab3e838332e6e6321-fix_overlaps": 1, "168a369aebe369eab3e838332e6e6321-minimize": 1, "168a369aebe369eab3e838332e6e6321-log_S2": 1, "168a369aebe369eab3e838332e6e6321-unwrap_shear_5nN": 1, "168a369aebe369eab3e838332e6e6321-initialize": 1, "168a369aebe369eab3e838332e6e6321-minimize_grompp": 1, "168a369aebe369eab3e838332e6e6321-shear_5nN_grompp": 1, "168a369aebe369eab3e838332e6e6321-compress_grompp": 1, "168a369aebe369eab3e838332e6e6321-get_interaction_energy_15nN": 1, "168a369aebe369eab3e838332e6e6321-equilibrate_grompp": 1, "168a369aebe369eab3e838332e6e6321-shear_5nN_rerun": 1, "168a369aebe369eab3e838332e6e6321-shear_5nN": 1, "168a369aebe369eab3e838332e6e6321-log_cof": 1, "168a369aebe369eab3e838332e6e6321-shear_25nN_rerun": 1, "168a369aebe369eab3e838332e6e6321-log_tilt": 1, "168a369aebe369eab3e838332e6e6321-calc_friction": 1, "168a369aebe369eab3e838332e6e6321-get_interaction_energy_25nN": 1, "168a369aebe369eab3e838332e6e6321-calc_S2_shear": 1, "168a369aebe369eab3e838332e6e6321-log_interaction_energy_5nN": 1}, "chain-smiles-1": "CCCCCCCCCCCCCCCCCC=C"}