{"tilt_bottom": {"25nN": 40.877018218393005, "5nN": 35.04823251825518, "15nN": 38.201729174990625}, "shear_25nN-qq": [33.33256659952038, 13.67097011458136], "S2_top": {"25nN": 0.9514800651673891, "5nN": 0.9610023897857206, "15nN": 0.9498492961715752}, "shear_5nN-qq": [-1.578181024780176, 10.598278287574228], "shear_15nN-Etotal": [-1811.9984175763386, 50.48247409005862], "status": {"e0c692d0881322ebaaa3c82b58d5f145-log_tilt": 1, "e0c692d0881322ebaaa3c82b58d5f145-log_interaction_energy_15nN": 1, "e0c692d0881322ebaaa3c82b58d5f145-equilibrate_grompp": 1, "e0c692d0881322ebaaa3c82b58d5f145-shear_15nN_rerun_grompp": 1, "e0c692d0881322ebaaa3c82b58d5f145-minimize_grompp": 1, "e0c692d0881322ebaaa3c82b58d5f145-shear_15nN_rerun": 1, "e0c692d0881322ebaaa3c82b58d5f145-log_interaction_energy_25nN": 1, "e0c692d0881322ebaaa3c82b58d5f145-shear_25nN_grompp": 1, "e0c692d0881322ebaaa3c82b58d5f145-calc_S2_shear": 1, "e0c692d0881322ebaaa3c82b58d5f145-log_cof": 1, "e0c692d0881322ebaaa3c82b58d5f145-unwrap_shear_5nN": 1, "e0c692d0881322ebaaa3c82b58d5f145-log_interaction_energy_5nN": 1, "e0c692d0881322ebaaa3c82b58d5f145-shear_5nN": 1, "e0c692d0881322ebaaa3c82b58d5f145-calc_tilt_shear": 1, "e0c692d0881322ebaaa3c82b58d5f145-get_interaction_energy_5nN": 1, "e0c692d0881322ebaaa3c82b58d5f145-compress_grompp": 1, "e0c692d0881322ebaaa3c82b58d5f145-shear_15nN": 1, "e0c692d0881322ebaaa3c82b58d5f145-shear_25nN_rerun_grompp": 1, "e0c692d0881322ebaaa3c82b58d5f145-minimize": 1, "e0c692d0881322ebaaa3c82b58d5f145-lammps_to_gmx": 1, "e0c692d0881322ebaaa3c82b58d5f145-calc_interdigitation": 1, "e0c692d0881322ebaaa3c82b58d5f145-shear_25nN_rerun": 1, "e0c692d0881322ebaaa3c82b58d5f145-get_interaction_energy_25nN": 1, "e0c692d0881322ebaaa3c82b58d5f145-fix_overlaps": 1, "e0c692d0881322ebaaa3c82b58d5f145-count_hydrogen_bonds": 1, "e0c692d0881322ebaaa3c82b58d5f145-shear_25nN": 1, "e0c692d0881322ebaaa3c82b58d5f145-equilibrate": 1, "e0c692d0881322ebaaa3c82b58d5f145-get_interaction_energy_15nN": 1, "e0c692d0881322ebaaa3c82b58d5f145-calc_friction": 1, "e0c692d0881322ebaaa3c82b58d5f145-shear_5nN_rerun": 1, "e0c692d0881322ebaaa3c82b58d5f145-log_S2": 1, "e0c692d0881322ebaaa3c82b58d5f145-shear_5nN_grompp": 1, "e0c692d0881322ebaaa3c82b58d5f145-unwrap_shear_25nN": 1, "e0c692d0881322ebaaa3c82b58d5f145-top_to_mol2": 1, "e0c692d0881322ebaaa3c82b58d5f145-initialize": 1, "e0c692d0881322ebaaa3c82b58d5f145-unwrap_shear_15nN": 1, "e0c692d0881322ebaaa3c82b58d5f145-compress": 1, "e0c692d0881322ebaaa3c82b58d5f145-shear_5nN_rerun_grompp": 1, "e0c692d0881322ebaaa3c82b58d5f145-shear_15nN_grompp": 1}, "shear_25nN-lj": [-1938.0739940335732, 47.60900988146444], "delta_molecular_weight": 1.9299999999999997, "interdigitation": {"25nN": 0.10753987135757981, "5nN": 0.08905245710835977, "15nN": 0.09984349156153421}, "intercept": 0.958371188230003, "avg_dipole_moment": 2.4099999999999997, "COF": 0.09914215397395573, "shear_25nN-Etotal": [-1904.7414274340529, 49.19896401636083], "tilt_top": {"25nN": 37.26377359228473, "5nN": 32.490990115417624, "15nN": 34.61193365605758}, "S2_bottom": {"25nN": 0.9768924940514772, "5nN": 0.9737507123238772, "15nN": 0.9757579030319656}, "shear_15nN-qq": [16.577656820943243, 12.15189863767571], "shear_5nN-Etotal": [-1588.4195863285372, 52.30084224142808], "avg_molecular_weight": 44.052400000000006, "delta_dipole_moment": 4.8, "shear_15nN-lj": [-1828.5760743972821, 49.27556124205402], "shear_5nN-lj": [-1586.841405303757, 51.15621658408732]}