{"MR-mean":16.756,"asphericity-mean":0.2732195,"balabanj-mean":3.3136415,"bertzct-mean":126.2838765,"chi0-mean":6.982051,"chi0n-mean":5.5059285,"chi0v-mean":2.5059285,"chi1-mean":3.732051,"chi1n-mean":2.6279645,"chi1v-mean":1.1279645,"chi2n-mean":0.576634,"chi2v-mean":0.576634,"chi3n-mean":0.2347455,"chi3v-mean":0.2347455,"chi4n-mean":0.117373,"chi4v-mean":0.117373,"e-valence-mean":31.0,"eccentricity-mean":0.897352,"hk-alpha-mean":-0.53,"hk-kappa1-mean":1.682935,"hk-kappa2-mean":1.441695,"hk-kappa3-mean":13.1657635,"ipc-mean":209.9620025,"isf-mean":0.009179,"labuteASA-mean":35.6313095,"logP-mean":1.5021,"molwt-mean":83.0202815,"molwt-hvy-mean":80.0345,"nheavy-mean":5.5,"npr1-mean":0.424008,"npr2-mean":0.6191965,"pbf-mean":0.2390755,"pc+-mean":0.481557,"pc--mean":-0.481557,"pmi1-mean":70.3533895,"pmi2-mean":124.0502905,"pmi3-mean":190.2059825,"rbonds-mean":0.0,"rg-mean":1.4599905,"rpc+-mean":0.501502,"rpc--mean":0.401672,"spherocity-mean":0.3927265,"tpsa-mean":0.0,"vsa+-mean":10.3485195,"vsa--mean":23.8868765,"vsa-fhyd-mean":0.7965795,"vsa-fneg-mean":0.6766645,"vsa-fpneg-mean":0.0464365,"vsa-fpos-mean":0.3233355,"vsa-fppos-mean":0.156984,"vsa-hyd-mean":28.7125555,"vsa-polar-mean":0.2034205,"vsa-polar+-mean":3.327633,"vsa-polar--mean":2.1952075,"MR-min":7.112,"asphericity-min":0.191937,"balabanj-min":3.023716,"bertzct-min":22.364528,"chi0-min":4.5,"chi0n-min":2.633893,"chi0v-min":1.633893,"chi1-min":2.0,"chi1n-min":1.066947,"chi1v-min":0.566947,"chi2n-min":0.214286,"chi2v-min":0.214286,"chi3n-min":0.0,"chi3v-min":0.0,"chi4n-min":0.0,"chi4v-min":0.0,"e-valence-min":26.0,"eccentricity-min":0.84507,"hk-alpha-min":-0.85,"hk-kappa1-min":1.312018,"hk-kappa2-min":1.148423,"hk-kappa3-min":0.999577,"ipc-min":3.60964,"isf-min":0.007736,"labuteASA-min":22.640828,"logP-min":1.1785,"molwt-min":70.003035,"molwt-hvy-min":69.005,"nheavy-min":4.0,"npr1-min":0.313361,"npr2-min":0.551754,"pbf-min":0.000008,"pc+-min":0.440442,"pc--min":-0.522672,"pmi1-min":51.94591,"pmi2-min":53.607213,"pmi3-min":97.157728,"rbonds-min":0.0,"rg-min":1.20319,"rpc+-min":0.2786,"rpc--min":0.333333,"spherocity-min":0.0,"tpsa-min":0.0,"vsa+-min":8.026025,"vsa--min":13.171245,"vsa-fhyd-min":0.686032,"vsa-fneg-min":0.621365,"vsa-fpneg-min":0.0,"vsa-fpos-min":0.268036,"vsa-fppos-min":0.0,"vsa-hyd-min":14.542004,"vsa-polar-min":0.092873,"vsa-polar+-min":0.0,"vsa-polar--min":0.0,"MR-max":26.4,"asphericity-max":0.354502,"balabanj-max":3.603567,"bertzct-max":230.203225,"chi0-max":9.464102,"chi0n-max":8.377964,"chi0v-max":3.377964,"chi1-max":5.464102,"chi1n-max":4.188982,"chi1v-max":1.688982,"chi2n-max":0.938982,"chi2v-max":0.938982,"chi3n-max":0.469491,"chi3v-max":0.469491,"chi4n-max":0.234746,"chi4v-max":0.234746,"e-valence-max":36.0,"eccentricity-max":0.949634,"hk-alpha-max":-0.21,"hk-kappa1-max":2.053852,"hk-kappa2-max":1.734967,"hk-kappa3-max":25.33195,"ipc-max":416.314365,"isf-max":0.010622,"labuteASA-max":48.621791,"logP-max":1.8257,"molwt-max":96.037528,"molwt-hvy-max":91.064,"nheavy-max":7.0,"npr1-max":0.534655,"npr2-max":0.686639,"pbf-max":0.478143,"pc+-max":0.522672,"pc--max":-0.440442,"pmi1-max":88.760869,"pmi2-max":194.493368,"pmi3-max":283.254237,"rbonds-max":0.0,"rg-max":1.716791,"rpc+-max":0.724404,"rpc--max":0.470011,"spherocity-max":0.785453,"tpsa-max":0.0,"vsa+-max":12.671014,"vsa--max":34.602508,"vsa-fhyd-max":0.907127,"vsa-fneg-max":0.731964,"vsa-fpneg-max":0.092873,"vsa-fpos-max":0.378635,"vsa-fppos-max":0.313968,"vsa-hyd-max":42.883107,"vsa-polar-max":0.313968,"vsa-polar+-max":6.655266,"vsa-polar--max":4.390415,"MR-diff":19.288,"asphericity-diff":0.162565,"balabanj-diff":0.579851,"bertzct-diff":207.838697,"chi0-diff":4.964102,"chi0n-diff":5.744071,"chi0v-diff":1.744071,"chi1-diff":3.464102,"chi1n-diff":3.122035,"chi1v-diff":1.122035,"chi2n-diff":0.724696,"chi2v-diff":0.724696,"chi3n-diff":0.469491,"chi3v-diff":0.469491,"chi4n-diff":0.234746,"chi4v-diff":0.234746,"e-valence-diff":10.0,"eccentricity-diff":0.104564,"hk-alpha-diff":0.64,"hk-kappa1-diff":0.741834,"hk-kappa2-diff":0.586544,"hk-kappa3-diff":24.332373,"ipc-diff":412.704725,"isf-diff":0.002886,"labuteASA-diff":25.980963,"logP-diff":0.6472,"molwt-diff":26.034493,"molwt-hvy-diff":22.059,"nheavy-diff":3.0,"npr1-diff":0.221294,"npr2-diff":0.134885,"pbf-diff":0.478135,"pc+-diff":0.08223,"pc--diff":0.08223,"pmi1-diff":36.814959,"pmi2-diff":140.886155,"pmi3-diff":186.096509,"rbonds-diff":0.0,"rg-diff":0.513601,"rpc+-diff":0.445804,"rpc--diff":0.136678,"spherocity-diff":0.785453,"tpsa-diff":0.0,"vsa+-diff":4.644989,"vsa--diff":21.431263,"vsa-fhyd-diff":0.221095,"vsa-fneg-diff":0.110599,"vsa-fpneg-diff":0.092873,"vsa-fpos-diff":0.110599,"vsa-fppos-diff":0.313968,"vsa-hyd-diff":28.341103,"vsa-polar-diff":0.221095,"vsa-polar+-diff":6.655266,"vsa-polar--diff":4.390415,"hbonds":0.0}