{"shear_15nN-qq": [-68.18954720863309, 15.810867636476177], "tilt_bottom": {"15nN": 35.18255810088772, "5nN": 33.550607741842796, "25nN": 38.72668599180855}, "delta_molecular_weight": 26.088300000000004, "status": {"7cafdfc14dfc30bda7b6a669a4566e12-minimize_grompp": 1, "7cafdfc14dfc30bda7b6a669a4566e12-unwrap_shear_15nN": 1, "7cafdfc14dfc30bda7b6a669a4566e12-top_to_mol2": 1, "7cafdfc14dfc30bda7b6a669a4566e12-shear_15nN_rerun": 1, "7cafdfc14dfc30bda7b6a669a4566e12-shear_15nN_grompp": 1, "7cafdfc14dfc30bda7b6a669a4566e12-shear_15nN": 1, "7cafdfc14dfc30bda7b6a669a4566e12-calc_friction": 1, "7cafdfc14dfc30bda7b6a669a4566e12-lammps_to_gmx": 1, "7cafdfc14dfc30bda7b6a669a4566e12-compress_grompp": 1, "7cafdfc14dfc30bda7b6a669a4566e12-equilibrate_grompp": 1, "7cafdfc14dfc30bda7b6a669a4566e12-log_interaction_energy_15nN": 1, "7cafdfc14dfc30bda7b6a669a4566e12-initialize": 1, "7cafdfc14dfc30bda7b6a669a4566e12-calc_interdigitation": 1, "7cafdfc14dfc30bda7b6a669a4566e12-shear_5nN_rerun_grompp": 1, "7cafdfc14dfc30bda7b6a669a4566e12-unwrap_shear_5nN": 1, "7cafdfc14dfc30bda7b6a669a4566e12-shear_25nN": 1, "7cafdfc14dfc30bda7b6a669a4566e12-shear_5nN_grompp": 1, "7cafdfc14dfc30bda7b6a669a4566e12-shear_25nN_grompp": 1, "7cafdfc14dfc30bda7b6a669a4566e12-get_interaction_energy_15nN": 1, "7cafdfc14dfc30bda7b6a669a4566e12-log_interaction_energy_25nN": 1, "7cafdfc14dfc30bda7b6a669a4566e12-shear_25nN_rerun": 1, "7cafdfc14dfc30bda7b6a669a4566e12-log_cof": 1, "7cafdfc14dfc30bda7b6a669a4566e12-shear_5nN": 1, "7cafdfc14dfc30bda7b6a669a4566e12-log_tilt": 1, "7cafdfc14dfc30bda7b6a669a4566e12-shear_5nN_rerun": 1, "7cafdfc14dfc30bda7b6a669a4566e12-shear_15nN_rerun_grompp": 1, "7cafdfc14dfc30bda7b6a669a4566e12-minimize": 1, "7cafdfc14dfc30bda7b6a669a4566e12-shear_25nN_rerun_grompp": 1, "7cafdfc14dfc30bda7b6a669a4566e12-calc_tilt_shear": 1, "7cafdfc14dfc30bda7b6a669a4566e12-log_interaction_energy_5nN": 1, "7cafdfc14dfc30bda7b6a669a4566e12-equilibrate": 1, "7cafdfc14dfc30bda7b6a669a4566e12-compress": 1, "7cafdfc14dfc30bda7b6a669a4566e12-unwrap_shear_25nN": 1, "7cafdfc14dfc30bda7b6a669a4566e12-get_interaction_energy_25nN": 1, "7cafdfc14dfc30bda7b6a669a4566e12-fix_overlaps": 1, "7cafdfc14dfc30bda7b6a669a4566e12-log_S2": 1, "7cafdfc14dfc30bda7b6a669a4566e12-calc_S2_shear": 1, "7cafdfc14dfc30bda7b6a669a4566e12-get_interaction_energy_5nN": 1}, "interdigitation": {"15nN": 0.16881984197378944, "5nN": 0.16279207342887844, "25nN": 0.16740326821621856}, "intercept": 0.9694012631179088, "delta_dipole_moment": 0.06000000000000005, "S2_top": {"15nN": 0.953158300287871, "5nN": 0.9495180556985634, "25nN": 0.9205419327517497}, "shear_25nN-Etotal": [-1569.2325015587528, 51.05960191159671], "avg_dipole_moment": 2.0599999999999996, "S2_bottom": {"15nN": 0.9393296704105022, "5nN": 0.9483289190164184, "25nN": 0.9551452929042724}, "avg_molecular_weight": 82.05005, "shear_15nN-lj": [-1414.1522143741006, 49.281975320749865], "tilt_top": {"15nN": 36.78728213634549, "5nN": 33.80042519592444, "25nN": 38.94386213795822}, "shear_5nN-Etotal": [-1251.420715696243, 53.810217743805524], "shear_5nN-qq": [-54.20930689128697, 14.468125229980561], "shear_5nN-lj": [-1197.211408804956, 47.1395373974189], "COF": 0.1459766679319064, "shear_25nN-lj": [-1493.321225436451, 46.22086559099195], "shear_25nN-qq": [-75.91127612230216, 16.224976045147315], "shear_15nN-Etotal": [-1482.3417615827339, 54.78503763987531]}