{"avg_dipole_moment": 2.0599999999999996, "max_dipole_moment": 2.09, "min_dipole_moment": 2.03, "max_molecular_weight": 95.0942, "shear_5nN-qq": [-54.20930689128697, 14.468125229980561], "intercept": 0.9694012631179088, "shear_15nN-qq": [-68.18954720863309, 15.810867636476177], "min_molecular_weight": 69.0059, "delta_molecular_weight": 26.088300000000004, "ch3-smiles-2": "CC(F)(F)F", "chain-smiles-2": "CCCCCCCCCCCCCCCCCC(F)(F)F", "tilt_bottom": {"25nN": 38.72668599180855, "5nN": 33.550607741842796, "15nN": 35.18255810088772}, "tilt_top": {"25nN": 38.94386213795822, "5nN": 33.80042519592444, "15nN": 36.78728213634549}, "shear_15nN-lj": [-1414.1522143741006, 49.281975320749865], "h-smiles-1": "C1=CC=C(F)C=C1", "ch3-smiles-1": "CC1=CC=C(F)C=C1", "S2_bottom": {"25nN": 0.9551452929042724, "5nN": 0.9483289190164184, "15nN": 0.9393296704105022}, "h-smiles-2": "C(F)(F)F", "shear_25nN-qq": [-75.91127612230216, 16.224976045147315], "COF": 0.1459766679319064, "shear_25nN-lj": [-1493.321225436451, 46.22086559099195], "S2_top": {"25nN": 0.9205419327517497, "5nN": 0.9495180556985634, "15nN": 0.953158300287871}, "shear_15nN-Etotal": [-1482.3417615827339, 54.78503763987531], "shear_5nN-Etotal": [-1251.420715696243, 53.810217743805524], "shear_25nN-Etotal": [-1569.2325015587528, 51.05960191159671], "avg_molecular_weight": 82.05005, "shear_5nN-lj": [-1197.211408804956, 47.1395373974189], "delta_dipole_moment": 0.06000000000000005, "status": {"7cafdfc14dfc30bda7b6a669a4566e12-get_interaction_energy_15nN": 1, "7cafdfc14dfc30bda7b6a669a4566e12-initialize": 1, "7cafdfc14dfc30bda7b6a669a4566e12-log_interaction_energy_25nN": 1, "7cafdfc14dfc30bda7b6a669a4566e12-shear_15nN_rerun_grompp": 1, "7cafdfc14dfc30bda7b6a669a4566e12-calc_S2_shear": 1, "7cafdfc14dfc30bda7b6a669a4566e12-minimize": 1, "7cafdfc14dfc30bda7b6a669a4566e12-shear_15nN": 1, "7cafdfc14dfc30bda7b6a669a4566e12-fix_overlaps": 1, "7cafdfc14dfc30bda7b6a669a4566e12-shear_5nN": 1, "7cafdfc14dfc30bda7b6a669a4566e12-shear_5nN_grompp": 1, "7cafdfc14dfc30bda7b6a669a4566e12-lammps_to_gmx": 1, "7cafdfc14dfc30bda7b6a669a4566e12-unwrap_shear_5nN": 1, "7cafdfc14dfc30bda7b6a669a4566e12-get_interaction_energy_5nN": 1, "7cafdfc14dfc30bda7b6a669a4566e12-shear_5nN_rerun": 1, "7cafdfc14dfc30bda7b6a669a4566e12-shear_25nN_rerun": 1, "7cafdfc14dfc30bda7b6a669a4566e12-compress": 1, "7cafdfc14dfc30bda7b6a669a4566e12-log_S2": 1, "7cafdfc14dfc30bda7b6a669a4566e12-log_tilt": 1, "7cafdfc14dfc30bda7b6a669a4566e12-calc_interdigitation": 1, "7cafdfc14dfc30bda7b6a669a4566e12-shear_15nN_rerun": 1, "7cafdfc14dfc30bda7b6a669a4566e12-log_interaction_energy_15nN": 1, "7cafdfc14dfc30bda7b6a669a4566e12-unwrap_shear_15nN": 1, "7cafdfc14dfc30bda7b6a669a4566e12-shear_25nN": 1, "7cafdfc14dfc30bda7b6a669a4566e12-equilibrate_grompp": 1, "7cafdfc14dfc30bda7b6a669a4566e12-calc_tilt_shear": 1, "7cafdfc14dfc30bda7b6a669a4566e12-shear_25nN_grompp": 1, "7cafdfc14dfc30bda7b6a669a4566e12-unwrap_shear_25nN": 1, "7cafdfc14dfc30bda7b6a669a4566e12-get_interaction_energy_25nN": 1, "7cafdfc14dfc30bda7b6a669a4566e12-shear_5nN_rerun_grompp": 1, "7cafdfc14dfc30bda7b6a669a4566e12-equilibrate": 1, "7cafdfc14dfc30bda7b6a669a4566e12-compress_grompp": 1, "7cafdfc14dfc30bda7b6a669a4566e12-top_to_mol2": 1, "7cafdfc14dfc30bda7b6a669a4566e12-shear_25nN_rerun_grompp": 1, "7cafdfc14dfc30bda7b6a669a4566e12-shear_15nN_grompp": 1, "7cafdfc14dfc30bda7b6a669a4566e12-calc_friction": 1, "7cafdfc14dfc30bda7b6a669a4566e12-log_interaction_energy_5nN": 1, "7cafdfc14dfc30bda7b6a669a4566e12-minimize_grompp": 1, "7cafdfc14dfc30bda7b6a669a4566e12-log_cof": 1}, "chain-smiles-1": "CCCCCCCCCCCCCCCCCC1=CC=C(F)C=C1"}