{"interdigitation": {"25nN": 0.17572708238185958, "5nN": 0.13494822178971844, "15nN": 0.13811672452963777}, "shear_25nN-qq": [-53.79480659392487, 15.299788110672301], "S2_top": {"25nN": 0.9059684073147954, "5nN": 0.9302692199939436, "15nN": 0.923301764502667}, "tilt_bottom": {"25nN": 38.700186391911586, "5nN": 35.05528664290153, "15nN": 38.22529202486073}, "shear_15nN-Etotal": [-1660.46223033733, 49.103673107695705], "status": {"6ca3ad3ac4a7761cb972a99272d741de-shear_5nN_grompp": 1, "6ca3ad3ac4a7761cb972a99272d741de-shear_15nN": 1, "6ca3ad3ac4a7761cb972a99272d741de-log_interaction_energy_15nN": 1, "6ca3ad3ac4a7761cb972a99272d741de-compress_grompp": 1, "6ca3ad3ac4a7761cb972a99272d741de-log_interaction_energy_5nN": 1, "6ca3ad3ac4a7761cb972a99272d741de-shear_15nN_rerun_grompp": 1, "6ca3ad3ac4a7761cb972a99272d741de-shear_5nN": 1, "6ca3ad3ac4a7761cb972a99272d741de-fix_overlaps": 1, "6ca3ad3ac4a7761cb972a99272d741de-compress": 1, "6ca3ad3ac4a7761cb972a99272d741de-get_interaction_energy_15nN": 1, "6ca3ad3ac4a7761cb972a99272d741de-shear_25nN_grompp": 1, "6ca3ad3ac4a7761cb972a99272d741de-shear_25nN_rerun_grompp": 1, "6ca3ad3ac4a7761cb972a99272d741de-shear_15nN_rerun": 1, "6ca3ad3ac4a7761cb972a99272d741de-unwrap_shear_25nN": 1, "6ca3ad3ac4a7761cb972a99272d741de-log_interaction_energy_25nN": 1, "6ca3ad3ac4a7761cb972a99272d741de-calc_S2_shear": 1, "6ca3ad3ac4a7761cb972a99272d741de-top_to_mol2": 1, "6ca3ad3ac4a7761cb972a99272d741de-log_cof": 1, "6ca3ad3ac4a7761cb972a99272d741de-log_tilt": 1, "6ca3ad3ac4a7761cb972a99272d741de-shear_25nN": 1, "6ca3ad3ac4a7761cb972a99272d741de-calc_friction": 1, "6ca3ad3ac4a7761cb972a99272d741de-equilibrate_grompp": 1, "6ca3ad3ac4a7761cb972a99272d741de-equilibrate": 1, "6ca3ad3ac4a7761cb972a99272d741de-calc_tilt_shear": 1, "6ca3ad3ac4a7761cb972a99272d741de-lammps_to_gmx": 1, "6ca3ad3ac4a7761cb972a99272d741de-shear_5nN_rerun_grompp": 1, "6ca3ad3ac4a7761cb972a99272d741de-minimize_grompp": 1, "6ca3ad3ac4a7761cb972a99272d741de-calc_interdigitation": 1, "6ca3ad3ac4a7761cb972a99272d741de-get_interaction_energy_25nN": 1, "6ca3ad3ac4a7761cb972a99272d741de-shear_25nN_rerun": 1, "6ca3ad3ac4a7761cb972a99272d741de-unwrap_shear_15nN": 1, "6ca3ad3ac4a7761cb972a99272d741de-get_interaction_energy_5nN": 1, "6ca3ad3ac4a7761cb972a99272d741de-shear_15nN_grompp": 1, "6ca3ad3ac4a7761cb972a99272d741de-unwrap_shear_5nN": 1, "6ca3ad3ac4a7761cb972a99272d741de-initialize": 1, "6ca3ad3ac4a7761cb972a99272d741de-minimize": 1, "6ca3ad3ac4a7761cb972a99272d741de-log_S2": 1, "6ca3ad3ac4a7761cb972a99272d741de-shear_5nN_rerun": 1}, "shear_25nN-lj": [-1714.0033198217425, 46.00223531627429], "delta_molecular_weight": 68.0491, "intercept": 1.0131336534940596, "avg_dipole_moment": 1.015, "COF": 0.0985553308293536, "shear_25nN-Etotal": [-1767.7981264156674, 47.331941753852725], "tilt_top": {"25nN": 36.74017018106655, "5nN": 32.180667663443536, "15nN": 35.77895412645048}, "S2_bottom": {"25nN": 0.9464418098959334, "5nN": 0.9679515302900454, "15nN": 0.9641100448627602}, "shear_15nN-qq": [-49.35508002318146, 16.752781878757755], "shear_5nN-qq": [-39.06670952278178, 13.262613966055232], "shear_5nN-Etotal": [-1421.1535581079138, 50.17279473595737], "avg_molecular_weight": 61.06965, "delta_dipole_moment": 2.03, "shear_15nN-lj": [-1611.1071503141486, 46.615115164026285], "shear_5nN-lj": [-1382.086848585132, 47.0631732333621]}