{"shear_15nN-qq": [8.19256879696243, 14.83643323319161], "tilt_bottom": {"15nN": 38.31882000275954, "5nN": 35.48155580490877, "25nN": 40.541279782953396}, "delta_molecular_weight": 3.9458000000000055, "status": {"8c28405794b3b096ecaf6c88e4f73cf6-shear_15nN_grompp": 1, "8c28405794b3b096ecaf6c88e4f73cf6-shear_25nN_rerun_grompp": 1, "8c28405794b3b096ecaf6c88e4f73cf6-shear_5nN": 1, "8c28405794b3b096ecaf6c88e4f73cf6-minimize": 1, "8c28405794b3b096ecaf6c88e4f73cf6-unwrap_shear_25nN": 1, "8c28405794b3b096ecaf6c88e4f73cf6-top_to_mol2": 1, "8c28405794b3b096ecaf6c88e4f73cf6-shear_25nN_rerun": 1, "8c28405794b3b096ecaf6c88e4f73cf6-shear_5nN_grompp": 1, "8c28405794b3b096ecaf6c88e4f73cf6-log_interaction_energy_15nN": 1, "8c28405794b3b096ecaf6c88e4f73cf6-lammps_to_gmx": 1, "8c28405794b3b096ecaf6c88e4f73cf6-calc_tilt_shear": 1, "8c28405794b3b096ecaf6c88e4f73cf6-shear_15nN_rerun_grompp": 1, "8c28405794b3b096ecaf6c88e4f73cf6-get_interaction_energy_25nN": 1, "8c28405794b3b096ecaf6c88e4f73cf6-calc_S2_shear": 1, "8c28405794b3b096ecaf6c88e4f73cf6-compress": 1, "8c28405794b3b096ecaf6c88e4f73cf6-log_interaction_energy_25nN": 1, "8c28405794b3b096ecaf6c88e4f73cf6-log_cof": 1, "8c28405794b3b096ecaf6c88e4f73cf6-unwrap_shear_5nN": 1, "8c28405794b3b096ecaf6c88e4f73cf6-unwrap_shear_15nN": 1, "8c28405794b3b096ecaf6c88e4f73cf6-shear_25nN": 1, "8c28405794b3b096ecaf6c88e4f73cf6-count_hydrogen_bonds": 1, "8c28405794b3b096ecaf6c88e4f73cf6-log_tilt": 1, "8c28405794b3b096ecaf6c88e4f73cf6-shear_15nN_rerun": 1, "8c28405794b3b096ecaf6c88e4f73cf6-shear_25nN_grompp": 1, "8c28405794b3b096ecaf6c88e4f73cf6-shear_5nN_rerun_grompp": 1, "8c28405794b3b096ecaf6c88e4f73cf6-log_S2": 1, "8c28405794b3b096ecaf6c88e4f73cf6-equilibrate": 1, "8c28405794b3b096ecaf6c88e4f73cf6-fix_overlaps": 1, "8c28405794b3b096ecaf6c88e4f73cf6-get_interaction_energy_15nN": 1, "8c28405794b3b096ecaf6c88e4f73cf6-get_interaction_energy_5nN": 1, "8c28405794b3b096ecaf6c88e4f73cf6-initialize": 1, "8c28405794b3b096ecaf6c88e4f73cf6-minimize_grompp": 1, "8c28405794b3b096ecaf6c88e4f73cf6-equilibrate_grompp": 1, "8c28405794b3b096ecaf6c88e4f73cf6-log_interaction_energy_5nN": 1, "8c28405794b3b096ecaf6c88e4f73cf6-shear_5nN_rerun": 1, "8c28405794b3b096ecaf6c88e4f73cf6-calc_interdigitation": 1, "8c28405794b3b096ecaf6c88e4f73cf6-calc_friction": 1, "8c28405794b3b096ecaf6c88e4f73cf6-compress_grompp": 1, "8c28405794b3b096ecaf6c88e4f73cf6-shear_15nN": 1}, "interdigitation": {"15nN": 0.09404273417781014, "5nN": 0.09959081138488497, "25nN": 0.1259313014407052}, "avg_molecular_weight": 43.0445, "delta_dipole_moment": 4.81, "S2_top": {"15nN": 0.9409326471416624, "5nN": 0.9220247880581902, "25nN": 0.8803084500249256}, "shear_25nN-Etotal": [-1947.9768423309354, 53.032470494487924], "avg_dipole_moment": 2.405, "S2_bottom": {"15nN": 0.9700237629304767, "5nN": 0.9774028047387892, "25nN": 0.9689924973747721}, "intercept": 0.3705428863110005, "shear_15nN-lj": [-1815.7490703709034, 47.91198833111459], "tilt_top": {"15nN": 37.79843576132886, "5nN": 32.46253873951142, "25nN": 36.05997439349448}, "shear_5nN-Etotal": [-1618.1377269624302, 51.21950473677774], "shear_5nN-qq": [-9.25548351478817, 12.01925111649412], "shear_5nN-lj": [-1608.882243447642, 51.36208754071933], "COF": 0.1493257148984286, "shear_25nN-lj": [-1970.5312759456433, 51.80046162683486], "shear_25nN-qq": [22.554433614708234, 15.633613088962079], "shear_15nN-Etotal": [-1807.5565015739407, 49.43100272704316]}