{"shear_15nN-qq": [-62.70351066906475, 21.802049672249655], "tilt_bottom": {"25nN": 40.234267119540476, "5nN": 34.997814006311906, "15nN": 36.81795315958217}, "delta_molecular_weight": 25.961399999999998, "status": {"7714d7dd9462c4d207cbc7c59f74631e-shear_15nN_rerun": 1, "7714d7dd9462c4d207cbc7c59f74631e-log_S2": 1, "7714d7dd9462c4d207cbc7c59f74631e-compress": 1, "7714d7dd9462c4d207cbc7c59f74631e-top_to_mol2": 1, "7714d7dd9462c4d207cbc7c59f74631e-get_interaction_energy_15nN": 1, "7714d7dd9462c4d207cbc7c59f74631e-unwrap_shear_5nN": 1, "7714d7dd9462c4d207cbc7c59f74631e-log_cof": 1, "7714d7dd9462c4d207cbc7c59f74631e-log_interaction_energy_25nN": 1, "7714d7dd9462c4d207cbc7c59f74631e-shear_5nN": 1, "7714d7dd9462c4d207cbc7c59f74631e-minimize": 1, "7714d7dd9462c4d207cbc7c59f74631e-shear_25nN_grompp": 1, "7714d7dd9462c4d207cbc7c59f74631e-log_interaction_energy_15nN": 1, "7714d7dd9462c4d207cbc7c59f74631e-calc_tilt_shear": 1, "7714d7dd9462c4d207cbc7c59f74631e-calc_S2_shear": 1, "7714d7dd9462c4d207cbc7c59f74631e-unwrap_shear_15nN": 1, "7714d7dd9462c4d207cbc7c59f74631e-calc_friction": 1, "7714d7dd9462c4d207cbc7c59f74631e-shear_15nN": 1, "7714d7dd9462c4d207cbc7c59f74631e-shear_5nN_grompp": 1, "7714d7dd9462c4d207cbc7c59f74631e-minimize_grompp": 1, "7714d7dd9462c4d207cbc7c59f74631e-shear_25nN": 1, "7714d7dd9462c4d207cbc7c59f74631e-get_interaction_energy_25nN": 1, "7714d7dd9462c4d207cbc7c59f74631e-lammps_to_gmx": 1, "7714d7dd9462c4d207cbc7c59f74631e-shear_15nN_grompp": 1, "7714d7dd9462c4d207cbc7c59f74631e-shear_25nN_rerun_grompp": 1, "7714d7dd9462c4d207cbc7c59f74631e-log_interaction_energy_5nN": 1, "7714d7dd9462c4d207cbc7c59f74631e-shear_15nN_rerun_grompp": 1, "7714d7dd9462c4d207cbc7c59f74631e-initialize": 1, "7714d7dd9462c4d207cbc7c59f74631e-shear_25nN_rerun": 1, "7714d7dd9462c4d207cbc7c59f74631e-unwrap_shear_25nN": 1, "7714d7dd9462c4d207cbc7c59f74631e-get_interaction_energy_5nN": 1, "7714d7dd9462c4d207cbc7c59f74631e-fix_overlaps": 1, "7714d7dd9462c4d207cbc7c59f74631e-equilibrate": 1, "7714d7dd9462c4d207cbc7c59f74631e-equilibrate_grompp": 1, "7714d7dd9462c4d207cbc7c59f74631e-compress_grompp": 1, "7714d7dd9462c4d207cbc7c59f74631e-log_tilt": 1, "7714d7dd9462c4d207cbc7c59f74631e-shear_5nN_rerun_grompp": 1, "7714d7dd9462c4d207cbc7c59f74631e-calc_interdigitation": 1, "7714d7dd9462c4d207cbc7c59f74631e-shear_5nN_rerun": 1}, "interdigitation": {"25nN": 0.13027116422170892, "5nN": 0.12114089334565091, "15nN": 0.13768385630852276}, "avg_molecular_weight": 56.0252, "delta_dipole_moment": 1.0700000000000003, "S2_top": {"25nN": 0.9597714127319267, "5nN": 0.9741593383517483, "15nN": 0.9748114085946759}, "shear_25nN-Etotal": [-1627.7282810287772, 54.920110202430756], "avg_dipole_moment": 2.625, "S2_bottom": {"25nN": 0.9417129786736151, "5nN": 0.9580043198554685, "15nN": 0.9553461282538559}, "intercept": 0.6456878149971983, "shear_15nN-lj": [-1400.2415046418864, 44.4713916356656], "tilt_top": {"25nN": 39.792680583724525, "5nN": 33.81277516079756, "15nN": 38.519851521535436}, "shear_5nN-Etotal": [-1204.0937076195044, 56.22872365150117], "shear_5nN-qq": [-26.20582989048761, 17.0183743328422], "shear_5nN-lj": [-1177.8878777290167, 49.451402622721254], "COF": 0.14602587869112546, "shear_25nN-lj": [-1544.908858366107, 47.29591210322614], "shear_25nN-qq": [-82.81942266266987, 22.64685996755073], "shear_15nN-Etotal": [-1462.9450153109512, 52.25338039202881]}