{"avg_dipole_moment": 2.8449999999999998, "max_dipole_moment": 3.81, "min_dipole_moment": 1.88, "max_molecular_weight": 46.0055, "shear_5nN-qq": [-1254.475756365308, 95.81267099404765], "intercept": 2.806235537123831, "shear_15nN-qq": [-1347.3344292406075, 98.84701455280319], "min_molecular_weight": 17.0073, "delta_molecular_weight": 28.998199999999997, "ch3-smiles-2": "C[N+](=O)[O-]", "chain-smiles-2": "CCCCCCCCCCCCCCCCC[N+](=O)[O-]", "tilt_bottom": {"25nN": 40.144110886853966, "5nN": 35.12998442472641, "15nN": 38.926446046657}, "interdigitation": {"25nN": 0.13458719011614156, "5nN": 0.12467070866711177, "15nN": 0.1427755793563427}, "tilt_top": {"25nN": 42.09980251047108, "5nN": 36.90078240411947, "15nN": 39.997087552979224}, "shear_15nN-lj": [-1827.8150690319746, 54.712942058912745], "h-smiles-1": "O", "S2_top": {"25nN": 0.9741128573310874, "5nN": 0.9766834728080804, "15nN": 0.9722010054258892}, "S2_bottom": {"25nN": 0.9663618718728533, "5nN": 0.9587288327724547, "15nN": 0.9642980206486099}, "h-smiles-2": "[N+](=O)[O-]", "shear_25nN-qq": [-1400.1869937593926, 100.9449383735828], "COF": 0.13253151166788232, "shear_25nN-lj": [-1881.1040481095122, 54.73987913762654], "ch3-smiles-1": "CO", "shear_15nN-Etotal": [-3175.149498272582, 119.67220309350532], "shear_5nN-Etotal": [-2932.95801176259, 122.39172589884689], "shear_25nN-Etotal": [-3281.291041868905, 119.01183485901112], "avg_molecular_weight": 31.5064, "shear_5nN-lj": [-1678.4822553972822, 53.37586763365431], "delta_dipole_moment": 1.9300000000000002, "status": {"92a786586fe6df5f0526bc616effe285-count_hydrogen_bonds": 1, "92a786586fe6df5f0526bc616effe285-lammps_to_gmx": 1, "92a786586fe6df5f0526bc616effe285-top_to_mol2": 1, "92a786586fe6df5f0526bc616effe285-equilibrate_grompp": 1, "92a786586fe6df5f0526bc616effe285-minimize": 1, "92a786586fe6df5f0526bc616effe285-shear_5nN_rerun": 1, "92a786586fe6df5f0526bc616effe285-compress": 1, "92a786586fe6df5f0526bc616effe285-calc_interdigitation": 1, "92a786586fe6df5f0526bc616effe285-minimize_grompp": 1, "92a786586fe6df5f0526bc616effe285-shear_5nN_grompp": 1, "92a786586fe6df5f0526bc616effe285-get_interaction_energy_25nN": 1, "92a786586fe6df5f0526bc616effe285-fix_overlaps": 1, "92a786586fe6df5f0526bc616effe285-calc_S2_shear": 1, "92a786586fe6df5f0526bc616effe285-shear_15nN": 1, "92a786586fe6df5f0526bc616effe285-shear_25nN_rerun_grompp": 1, "92a786586fe6df5f0526bc616effe285-get_interaction_energy_15nN": 1, "92a786586fe6df5f0526bc616effe285-compress_grompp": 1, "92a786586fe6df5f0526bc616effe285-equilibrate": 1, "92a786586fe6df5f0526bc616effe285-get_interaction_energy_5nN": 1, "92a786586fe6df5f0526bc616effe285-shear_25nN_rerun": 1, "92a786586fe6df5f0526bc616effe285-log_tilt": 1, "92a786586fe6df5f0526bc616effe285-shear_25nN_grompp": 1, "92a786586fe6df5f0526bc616effe285-log_S2": 1, "92a786586fe6df5f0526bc616effe285-log_interaction_energy_25nN": 1, "92a786586fe6df5f0526bc616effe285-log_interaction_energy_5nN": 1, "92a786586fe6df5f0526bc616effe285-unwrap_shear_5nN": 1, "92a786586fe6df5f0526bc616effe285-shear_5nN_rerun_grompp": 1, "92a786586fe6df5f0526bc616effe285-shear_15nN_rerun": 1, "92a786586fe6df5f0526bc616effe285-shear_5nN": 1, "92a786586fe6df5f0526bc616effe285-calc_tilt_shear": 1, "92a786586fe6df5f0526bc616effe285-log_interaction_energy_15nN": 1, "92a786586fe6df5f0526bc616effe285-unwrap_shear_25nN": 1, "92a786586fe6df5f0526bc616effe285-shear_25nN": 1, "92a786586fe6df5f0526bc616effe285-initialize": 1, "92a786586fe6df5f0526bc616effe285-shear_15nN_rerun_grompp": 1, "92a786586fe6df5f0526bc616effe285-unwrap_shear_15nN": 1, "92a786586fe6df5f0526bc616effe285-calc_friction": 1, "92a786586fe6df5f0526bc616effe285-log_cof": 1, "92a786586fe6df5f0526bc616effe285-shear_15nN_grompp": 1}, "chain-smiles-1": "CCCCCCCCCCCCCCCCCO"}