{"avg_dipole_moment": 3.985, "max_dipole_moment": 4.81, "min_dipole_moment": 3.16, "max_molecular_weight": 45.0174, "shear_5nN-qq": [-1187.3216059808153, 107.16124462260157], "intercept": 3.3378769778027113, "shear_15nN-qq": [-1223.1665895323742, 122.20309181177943], "min_molecular_weight": 43.0445, "delta_molecular_weight": 1.9729000000000028, "ch3-smiles-2": "CC(=O)O", "chain-smiles-2": "CCCCCCCCCCCCCCCCCC(=O)O", "tilt_bottom": {"25nN": 40.864208663693724, "5nN": 36.79945914766193, "15nN": 39.10896704910699}, "interdigitation": {"25nN": 0.12718381364466497, "5nN": 0.10384995661085371, "15nN": 0.11199443338578238}, "tilt_top": {"25nN": 40.56852150917304, "5nN": 36.125605952304454, "15nN": 39.405741617045635}, "shear_15nN-lj": [-1922.4980154572343, 59.40992837020121], "h-smiles-1": "C(=O)C", "S2_top": {"25nN": 0.9618371147969071, "5nN": 0.957708829151269, "15nN": 0.9663200251254094}, "S2_bottom": {"25nN": 0.9712185608710103, "5nN": 0.9695943344981649, "15nN": 0.966926736810114}, "h-smiles-2": "C(=O)O", "shear_25nN-qq": [-1243.2410124572343, 123.46735177605609], "COF": 0.14280430325873011, "shear_25nN-lj": [-2005.753854538769, 58.007583187853925], "ch3-smiles-1": "CC(=O)C", "shear_15nN-Etotal": [-3145.6646049896085, 128.34985841365904], "shear_5nN-Etotal": [-2931.2781382238213, 124.7673768749573], "shear_25nN-Etotal": [-3248.9948669960036, 132.57862105317042], "avg_molecular_weight": 44.030950000000004, "shear_5nN-lj": [-1743.9565322430058, 57.178522240462996], "delta_dipole_moment": 1.6499999999999995, "status": {"dfe7bc2f83d3619fa791c2088d728093-get_interaction_energy_25nN": 1, "dfe7bc2f83d3619fa791c2088d728093-unwrap_shear_15nN": 1, "dfe7bc2f83d3619fa791c2088d728093-calc_tilt_shear": 1, "dfe7bc2f83d3619fa791c2088d728093-shear_15nN_grompp": 1, "dfe7bc2f83d3619fa791c2088d728093-equilibrate": 1, "dfe7bc2f83d3619fa791c2088d728093-top_to_mol2": 1, "dfe7bc2f83d3619fa791c2088d728093-shear_25nN_rerun": 1, "dfe7bc2f83d3619fa791c2088d728093-log_S2": 1, "dfe7bc2f83d3619fa791c2088d728093-log_interaction_energy_15nN": 1, "dfe7bc2f83d3619fa791c2088d728093-compress_grompp": 1, "dfe7bc2f83d3619fa791c2088d728093-shear_25nN_rerun_grompp": 1, "dfe7bc2f83d3619fa791c2088d728093-shear_15nN_rerun": 1, "dfe7bc2f83d3619fa791c2088d728093-equilibrate_grompp": 1, "dfe7bc2f83d3619fa791c2088d728093-lammps_to_gmx": 1, "dfe7bc2f83d3619fa791c2088d728093-shear_5nN_rerun": 1, "dfe7bc2f83d3619fa791c2088d728093-log_cof": 1, "dfe7bc2f83d3619fa791c2088d728093-fix_overlaps": 1, "dfe7bc2f83d3619fa791c2088d728093-log_interaction_energy_5nN": 1, "dfe7bc2f83d3619fa791c2088d728093-shear_5nN_rerun_grompp": 1, "dfe7bc2f83d3619fa791c2088d728093-shear_15nN_rerun_grompp": 1, "dfe7bc2f83d3619fa791c2088d728093-calc_S2_shear": 1, "dfe7bc2f83d3619fa791c2088d728093-count_hydrogen_bonds": 1, "dfe7bc2f83d3619fa791c2088d728093-shear_25nN": 1, "dfe7bc2f83d3619fa791c2088d728093-shear_15nN": 1, "dfe7bc2f83d3619fa791c2088d728093-get_interaction_energy_15nN": 1, "dfe7bc2f83d3619fa791c2088d728093-unwrap_shear_25nN": 1, "dfe7bc2f83d3619fa791c2088d728093-compress": 1, "dfe7bc2f83d3619fa791c2088d728093-minimize": 1, "dfe7bc2f83d3619fa791c2088d728093-shear_25nN_grompp": 1, "dfe7bc2f83d3619fa791c2088d728093-log_interaction_energy_25nN": 1, "dfe7bc2f83d3619fa791c2088d728093-shear_5nN_grompp": 1, "dfe7bc2f83d3619fa791c2088d728093-initialize": 1, "dfe7bc2f83d3619fa791c2088d728093-calc_interdigitation": 1, "dfe7bc2f83d3619fa791c2088d728093-get_interaction_energy_5nN": 1, "dfe7bc2f83d3619fa791c2088d728093-calc_friction": 1, "dfe7bc2f83d3619fa791c2088d728093-minimize_grompp": 1, "dfe7bc2f83d3619fa791c2088d728093-log_tilt": 1, "dfe7bc2f83d3619fa791c2088d728093-shear_5nN": 1, "dfe7bc2f83d3619fa791c2088d728093-unwrap_shear_5nN": 1}, "chain-smiles-1": "CCCCCCCCCCCCCCCCCC(=O)C"}