{"shear_15nN-qq": [56.524010429256585, 15.278854883340886], "tilt_bottom": {"25nN": 39.592893415148204, "5nN": 35.22640204537511, "15nN": 38.294393057512664}, "delta_molecular_weight": 15.9994, "status": {"f75fc930fbfb2b44fe0b4b183f7c8f98-log_cof": 1, "f75fc930fbfb2b44fe0b4b183f7c8f98-shear_25nN_rerun_grompp": 1, "f75fc930fbfb2b44fe0b4b183f7c8f98-shear_25nN_rerun": 1, "f75fc930fbfb2b44fe0b4b183f7c8f98-shear_15nN_rerun_grompp": 1, "f75fc930fbfb2b44fe0b4b183f7c8f98-log_tilt": 1, "f75fc930fbfb2b44fe0b4b183f7c8f98-minimize": 1, "f75fc930fbfb2b44fe0b4b183f7c8f98-compress_grompp": 1, "f75fc930fbfb2b44fe0b4b183f7c8f98-minimize_grompp": 1, "f75fc930fbfb2b44fe0b4b183f7c8f98-shear_5nN": 1, "f75fc930fbfb2b44fe0b4b183f7c8f98-log_interaction_energy_5nN": 1, "f75fc930fbfb2b44fe0b4b183f7c8f98-shear_5nN_rerun": 1, "f75fc930fbfb2b44fe0b4b183f7c8f98-calc_friction": 1, "f75fc930fbfb2b44fe0b4b183f7c8f98-calc_S2_shear": 1, "f75fc930fbfb2b44fe0b4b183f7c8f98-get_interaction_energy_15nN": 1, "f75fc930fbfb2b44fe0b4b183f7c8f98-log_interaction_energy_15nN": 1, "f75fc930fbfb2b44fe0b4b183f7c8f98-unwrap_shear_25nN": 1, "f75fc930fbfb2b44fe0b4b183f7c8f98-log_S2": 1, "f75fc930fbfb2b44fe0b4b183f7c8f98-shear_5nN_grompp": 1, "f75fc930fbfb2b44fe0b4b183f7c8f98-get_interaction_energy_5nN": 1, "f75fc930fbfb2b44fe0b4b183f7c8f98-unwrap_shear_5nN": 1, "f75fc930fbfb2b44fe0b4b183f7c8f98-equilibrate": 1, "f75fc930fbfb2b44fe0b4b183f7c8f98-shear_25nN_grompp": 1, "f75fc930fbfb2b44fe0b4b183f7c8f98-shear_15nN_rerun": 1, "f75fc930fbfb2b44fe0b4b183f7c8f98-equilibrate_grompp": 1, "f75fc930fbfb2b44fe0b4b183f7c8f98-initialize": 1, "f75fc930fbfb2b44fe0b4b183f7c8f98-get_interaction_energy_25nN": 1, "f75fc930fbfb2b44fe0b4b183f7c8f98-shear_15nN": 1, "f75fc930fbfb2b44fe0b4b183f7c8f98-lammps_to_gmx": 1, "f75fc930fbfb2b44fe0b4b183f7c8f98-fix_overlaps": 1, "f75fc930fbfb2b44fe0b4b183f7c8f98-log_interaction_energy_25nN": 1, "f75fc930fbfb2b44fe0b4b183f7c8f98-unwrap_shear_15nN": 1, "f75fc930fbfb2b44fe0b4b183f7c8f98-compress": 1, "f75fc930fbfb2b44fe0b4b183f7c8f98-calc_tilt_shear": 1, "f75fc930fbfb2b44fe0b4b183f7c8f98-shear_15nN_grompp": 1, "f75fc930fbfb2b44fe0b4b183f7c8f98-shear_5nN_rerun_grompp": 1, "f75fc930fbfb2b44fe0b4b183f7c8f98-top_to_mol2": 1, "f75fc930fbfb2b44fe0b4b183f7c8f98-calc_interdigitation": 1, "f75fc930fbfb2b44fe0b4b183f7c8f98-shear_25nN": 1}, "interdigitation": {"25nN": 0.13770888766484174, "5nN": 0.12184679999104515, "15nN": 0.1196837492332201}, "intercept": 0.709084981757008, "delta_dipole_moment": 1.68, "S2_top": {"25nN": 0.9225567760539586, "5nN": 0.9560051375413151, "15nN": 0.9646914158903168}, "shear_25nN-Etotal": [-1537.526550376499, 51.184659159541724], "avg_dipole_moment": 0.84, "S2_bottom": {"25nN": 0.9481398321190679, "5nN": 0.9658356675799523, "15nN": 0.946108594513589}, "avg_molecular_weight": 23.0341, "shear_15nN-lj": [-1472.6972891390888, 49.532473839343425], "tilt_top": {"25nN": 39.37044053816421, "5nN": 34.903871751364946, "15nN": 38.45927262677588}, "shear_5nN-Etotal": [-1227.7426551958433, 50.01957978877888], "shear_5nN-qq": [19.47805397202238, 11.270433215165081], "shear_5nN-lj": [-1247.2207091678656, 51.076383764585195], "COF": 0.1697607790761942, "shear_25nN-lj": [-1612.1073351223022, 51.088658921419594], "shear_25nN-qq": [74.58078474580336, 15.76663112137866], "shear_15nN-Etotal": [-1416.1732787098322, 48.1411620651416]}