{"avg_dipole_moment": 1.705, "max_dipole_moment": 3.41, "min_dipole_moment": 0.0, "max_molecular_weight": 26.0174, "shear_5nN-qq": [-2.86591767146283, 11.632848146941832], "intercept": 0.5152641890592824, "shear_15nN-qq": [-3.2821929352517984, 15.059042910748035], "min_molecular_weight": 15.0344, "delta_molecular_weight": 10.982999999999999, "ch3-smiles-2": "CC", "chain-smiles-2": "CCCCCCCCCCCCCCCCCC", "tilt_bottom": {"25nN": 37.59777996878505, "5nN": 33.50778448523729, "15nN": 37.400013893123564}, "tilt_top": {"25nN": 38.74721914814773, "5nN": 33.90164623612636, "15nN": 36.34520866373676}, "shear_15nN-lj": [-1452.1660555427657, 42.71466868661614], "h-smiles-1": "C#N", "ch3-smiles-1": "CC#N", "S2_bottom": {"25nN": 0.8940180684210866, "5nN": 0.9139755328431373, "15nN": 0.9205974550460814}, "h-smiles-2": "C", "shear_25nN-qq": [-13.086134041566746, 16.953290126139798], "COF": 0.12320505324982026, "shear_25nN-lj": [-1556.2597546043164, 48.23427644405091], "S2_top": {"25nN": 0.9195789643443818, "5nN": 0.9385127150208248, "15nN": 0.9020051455092836}, "shear_15nN-Etotal": [-1455.4482484780176, 45.10367632310952], "shear_5nN-Etotal": [-1230.4302262741805, 50.01659391829304], "shear_25nN-Etotal": [-1569.3458886458832, 50.203470118841466], "avg_molecular_weight": 20.5259, "shear_5nN-lj": [-1227.5643086027178, 47.931710484931486], "delta_dipole_moment": 3.41, "status": {"ddfa5e7d72db45e85dc137b130812705-top_to_mol2": 1, "ddfa5e7d72db45e85dc137b130812705-compress_grompp": 1, "ddfa5e7d72db45e85dc137b130812705-shear_5nN_rerun": 1, "ddfa5e7d72db45e85dc137b130812705-initialize": 1, "ddfa5e7d72db45e85dc137b130812705-shear_15nN_rerun": 1, "ddfa5e7d72db45e85dc137b130812705-shear_15nN_rerun_grompp": 1, "ddfa5e7d72db45e85dc137b130812705-minimize": 1, "ddfa5e7d72db45e85dc137b130812705-get_interaction_energy_15nN": 1, "ddfa5e7d72db45e85dc137b130812705-shear_25nN_rerun_grompp": 1, "ddfa5e7d72db45e85dc137b130812705-shear_5nN": 1, "ddfa5e7d72db45e85dc137b130812705-get_interaction_energy_5nN": 1, "ddfa5e7d72db45e85dc137b130812705-shear_25nN": 1, "ddfa5e7d72db45e85dc137b130812705-minimize_grompp": 1, "ddfa5e7d72db45e85dc137b130812705-log_interaction_energy_25nN": 1, "ddfa5e7d72db45e85dc137b130812705-log_interaction_energy_5nN": 1, "ddfa5e7d72db45e85dc137b130812705-shear_25nN_rerun": 1, "ddfa5e7d72db45e85dc137b130812705-calc_friction": 1, "ddfa5e7d72db45e85dc137b130812705-unwrap_shear_15nN": 1, "ddfa5e7d72db45e85dc137b130812705-log_S2": 1, "ddfa5e7d72db45e85dc137b130812705-equilibrate_grompp": 1, "ddfa5e7d72db45e85dc137b130812705-shear_5nN_rerun_grompp": 1, "ddfa5e7d72db45e85dc137b130812705-unwrap_shear_5nN": 1, "ddfa5e7d72db45e85dc137b130812705-unwrap_shear_25nN": 1, "ddfa5e7d72db45e85dc137b130812705-log_tilt": 1, "ddfa5e7d72db45e85dc137b130812705-lammps_to_gmx": 1, "ddfa5e7d72db45e85dc137b130812705-shear_25nN_grompp": 1, "ddfa5e7d72db45e85dc137b130812705-calc_S2_shear": 1, "ddfa5e7d72db45e85dc137b130812705-shear_15nN": 1, "ddfa5e7d72db45e85dc137b130812705-log_cof": 1, "ddfa5e7d72db45e85dc137b130812705-fix_overlaps": 1, "ddfa5e7d72db45e85dc137b130812705-equilibrate": 1, "ddfa5e7d72db45e85dc137b130812705-calc_tilt_shear": 1, "ddfa5e7d72db45e85dc137b130812705-compress": 1, "ddfa5e7d72db45e85dc137b130812705-get_interaction_energy_25nN": 1, "ddfa5e7d72db45e85dc137b130812705-log_interaction_energy_15nN": 1, "ddfa5e7d72db45e85dc137b130812705-shear_15nN_grompp": 1, "ddfa5e7d72db45e85dc137b130812705-shear_5nN_grompp": 1, "ddfa5e7d72db45e85dc137b130812705-calc_interdigitation": 1}, "chain-smiles-1": "CCCCCCCCCCCCCCCCCC#N"}