{"MR-mean":6.85745,"asphericity-mean":0.4131845,"balabanj-mean":2.5855845,"bertzct-mean":25.4563045,"chi0-mean":3.9309035,"chi0n-mean":3.3818555,"chi0v-mean":0.8818555,"chi1-mean":2.0010535,"chi1n-mean":1.329069,"chi1v-mean":0.204124,"chi2n-mean":0.0416665,"chi2v-mean":0.0416665,"chi3n-mean":0.0,"chi3v-mean":0.0,"chi4n-mean":0.0,"chi4v-mean":0.0,"e-valence-mean":13.0,"eccentricity-mean":0.9067865,"hk-alpha-mean":-0.285,"hk-kappa1-mean":0.2217245,"hk-kappa2-mean":-12.785,"hk-kappa3-mean":-51.285,"ipc-mean":6.448298,"isf-mean":0.2482235,"labuteASA-mean":16.242464,"logP-mean":-0.0686,"molwt-mean":31.516014,"molwt-hvy-mean":29.008,"nheavy-mean":2.0,"npr1-mean":0.3460545,"npr2-mean":0.7462455,"pbf-mean":0.124974,"pc+-mean":0.5418585,"pc--mean":-0.5418585,"pmi1-mean":3.9813665,"pmi2-mean":23.9719415,"pmi3-mean":27.362934,"rbonds-mean":0.0,"rg-mean":0.7495105,"rpc+-mean":0.3667025,"rpc--mean":0.826759,"spherocity-mean":0.0623965,"tpsa-mean":36.15,"vsa+-mean":6.7428785,"vsa--mean":8.016483,"vsa-fhyd-mean":0.2400995,"vsa-fneg-mean":0.5542085,"vsa-fpneg-mean":0.5542085,"vsa-fpos-mean":0.4457915,"vsa-fppos-mean":0.205692,"vsa-hyd-mean":2.8031425,"vsa-polar-mean":0.7599005,"vsa-polar+-mean":3.939736,"vsa-polar--mean":8.016483,"MR-min":5.0221,"asphericity-min":0.146058,"balabanj-min":2.32379,"bertzct-min":8.0,"chi0-min":3.57735,"chi0n-min":3.316497,"chi0v-min":0.447214,"chi1-min":1.732051,"chi1n-min":1.316497,"chi1v-min":0.0,"chi2n-min":0.0,"chi2v-min":0.0,"chi3n-min":0.0,"chi3v-min":0.0,"chi4n-min":0.0,"chi4v-min":0.0,"e-valence-min":8.0,"eccentricity-min":0.820931,"hk-alpha-min":-0.53,"hk-kappa1-min":0.000175,"hk-kappa2-min":-27.04,"hk-kappa3-min":-104.04,"ipc-min":3.245112,"isf-min":0.142321,"labuteASA-min":11.89331,"logP-min":-0.2992,"molwt-min":17.026549,"molwt-hvy-min":14.007,"nheavy-min":1.0,"npr1-min":0.121082,"npr2-min":0.600609,"pbf-min":0.120075,"pc+-min":0.343926,"pc--min":-0.739791,"pmi1-min":1.696035,"pmi2-min":1.7839,"pmi3-min":2.97015,"rbonds-min":0.0,"rg-min":0.435159,"rpc+-min":0.333333,"rpc--min":0.653518,"spherocity-min":0.048451,"tpsa-min":35.0,"vsa+-min":4.235526,"vsa--min":6.129621,"vsa-fhyd-min":0.071567,"vsa-fneg-min":0.517049,"vsa-fpneg-min":0.517049,"vsa-fpos-min":0.408632,"vsa-fppos-min":0.0,"vsa-hyd-min":1.370759,"vsa-polar-min":0.591368,"vsa-polar+-min":0.0,"vsa-polar--min":6.129621,"MR-max":8.6928,"asphericity-max":0.680311,"balabanj-max":2.847379,"bertzct-max":42.912609,"chi0-max":4.284457,"chi0n-max":3.447214,"chi0v-max":1.316497,"chi1-max":2.270056,"chi1n-max":1.341641,"chi1v-max":0.408248,"chi2n-max":0.083333,"chi2v-max":0.083333,"chi3n-max":0.0,"chi3v-max":0.0,"chi4n-max":0.0,"chi4v-max":0.0,"e-valence-max":18.0,"eccentricity-max":0.992642,"hk-alpha-max":-0.04,"hk-kappa1-max":0.443274,"hk-kappa2-max":1.47,"hk-kappa3-max":1.47,"ipc-max":9.651484,"isf-max":0.354126,"labuteASA-max":20.591618,"logP-max":0.162,"molwt-max":46.005479,"molwt-hvy-max":44.009,"nheavy-max":3.0,"npr1-max":0.571027,"npr2-max":0.891882,"pbf-max":0.129873,"pc+-max":0.739791,"pc--max":-0.343926,"pmi1-max":6.266698,"pmi2-max":46.159983,"pmi3-max":51.755718,"rbonds-max":0.0,"rg-max":1.063862,"rpc+-max":0.400072,"rpc--max":1.0,"spherocity-max":0.076342,"tpsa-max":37.3,"vsa+-max":9.250231,"vsa--max":9.903345,"vsa-fhyd-max":0.408632,"vsa-fneg-max":0.591368,"vsa-fpneg-max":0.591368,"vsa-fpos-max":0.482951,"vsa-fppos-max":0.411384,"vsa-hyd-max":4.235526,"vsa-polar-max":0.928433,"vsa-polar+-max":7.879472,"vsa-polar--max":9.903345,"MR-diff":3.6707,"asphericity-diff":0.534253,"balabanj-diff":0.523589,"bertzct-diff":34.912609,"chi0-diff":0.707107,"chi0n-diff":0.130717,"chi0v-diff":0.869283,"chi1-diff":0.538005,"chi1n-diff":0.025144,"chi1v-diff":0.408248,"chi2n-diff":0.083333,"chi2v-diff":0.083333,"chi3n-diff":0.0,"chi3v-diff":0.0,"chi4n-diff":0.0,"chi4v-diff":0.0,"e-valence-diff":10.0,"eccentricity-diff":0.171711,"hk-alpha-diff":0.49,"hk-kappa1-diff":0.443099,"hk-kappa2-diff":28.51,"hk-kappa3-diff":105.51,"ipc-diff":6.406372,"isf-diff":0.211805,"labuteASA-diff":8.698308,"logP-diff":0.4612,"molwt-diff":28.97893,"molwt-hvy-diff":30.002,"nheavy-diff":2.0,"npr1-diff":0.449945,"npr2-diff":0.291273,"pbf-diff":0.009798,"pc+-diff":0.395865,"pc--diff":0.395865,"pmi1-diff":4.570663,"pmi2-diff":44.376083,"pmi3-diff":48.785568,"rbonds-diff":0.0,"rg-diff":0.628703,"rpc+-diff":0.066739,"rpc--diff":0.346482,"spherocity-diff":0.027891,"tpsa-diff":2.3,"vsa+-diff":5.014705,"vsa--diff":3.773724,"vsa-fhyd-diff":0.337065,"vsa-fneg-diff":0.074319,"vsa-fpneg-diff":0.074319,"vsa-fpos-diff":0.074319,"vsa-fppos-diff":0.411384,"vsa-hyd-diff":2.864767,"vsa-polar-diff":0.337065,"vsa-polar+-diff":7.879472,"vsa-polar--diff":3.773724,"hbonds":3.0}