{"avg_dipole_moment": 3.35, "max_dipole_moment": 3.81, "min_dipole_moment": 2.89, "max_molecular_weight": 66.0811, "shear_5nN-qq": [-432.99516248840933, 55.73138021646574], "intercept": 1.9087950032981444, "shear_15nN-qq": [-505.1153362214228, 57.18190155108543], "min_molecular_weight": 46.0055, "delta_molecular_weight": 20.07560000000001, "ch3-smiles-2": "C1=C(C)NC=C1", "chain-smiles-2": "CCCCCCCCCCCCCCCCCC1=CNC=C1", "tilt_bottom": {"25nN": 40.244019234473775, "5nN": 34.62985697418064, "15nN": 38.285511092846654}, "tilt_top": {"25nN": 39.55353042118904, "5nN": 35.469548655325134, "15nN": 37.96379880543848}, "shear_15nN-lj": [-2039.7798993221422, 52.264598756512754], "h-smiles-1": "[N+](=O)[O-]", "ch3-smiles-1": "C[N+](=O)[O-]", "S2_bottom": {"25nN": 0.9293704255524843, "5nN": 0.9426320318532168, "15nN": 0.9210335831792619}, "h-smiles-2": "C1=CNC=C1", "shear_25nN-qq": [-509.11127952198245, 68.82038756605736], "COF": 0.14395915383459923, "shear_25nN-lj": [-2125.9922371678654, 59.52581804440584], "S2_top": {"25nN": 0.9406134136119126, "5nN": 0.9530002476716689, "15nN": 0.9297956135613805}, "shear_15nN-Etotal": [-2544.895235543565, 81.19648022550852], "shear_5nN-Etotal": [-2254.1378974356517, 96.99715383752405], "shear_25nN-Etotal": [-2635.103516689848, 100.1105098232183], "avg_molecular_weight": 56.0433, "shear_5nN-lj": [-1821.1427349472422, 62.22390207118575], "delta_dipole_moment": 0.9199999999999999, "status": {"d87f5939a25c4306104b56144df05a91-minimize": 1, "d87f5939a25c4306104b56144df05a91-initialize": 1, "d87f5939a25c4306104b56144df05a91-minimize_grompp": 1, "d87f5939a25c4306104b56144df05a91-shear_5nN_rerun_grompp": 1, "d87f5939a25c4306104b56144df05a91-shear_25nN_rerun": 1, "d87f5939a25c4306104b56144df05a91-compress_grompp": 1, "d87f5939a25c4306104b56144df05a91-log_cof": 1, "d87f5939a25c4306104b56144df05a91-fix_overlaps": 1, "d87f5939a25c4306104b56144df05a91-calc_friction": 1, "d87f5939a25c4306104b56144df05a91-shear_5nN": 1, "d87f5939a25c4306104b56144df05a91-unwrap_shear_15nN": 1, "d87f5939a25c4306104b56144df05a91-unwrap_shear_25nN": 1, "d87f5939a25c4306104b56144df05a91-shear_5nN_grompp": 1, "d87f5939a25c4306104b56144df05a91-calc_S2_shear": 1, "d87f5939a25c4306104b56144df05a91-compress": 1, "d87f5939a25c4306104b56144df05a91-equilibrate_grompp": 1, "d87f5939a25c4306104b56144df05a91-get_interaction_energy_15nN": 1, "d87f5939a25c4306104b56144df05a91-equilibrate": 1, "d87f5939a25c4306104b56144df05a91-shear_15nN": 1, "d87f5939a25c4306104b56144df05a91-shear_15nN_grompp": 1, "d87f5939a25c4306104b56144df05a91-log_interaction_energy_5nN": 1, "d87f5939a25c4306104b56144df05a91-log_interaction_energy_25nN": 1, "d87f5939a25c4306104b56144df05a91-log_tilt": 1, "d87f5939a25c4306104b56144df05a91-shear_15nN_rerun": 1, "d87f5939a25c4306104b56144df05a91-shear_5nN_rerun": 1, "d87f5939a25c4306104b56144df05a91-top_to_mol2": 1, "d87f5939a25c4306104b56144df05a91-shear_15nN_rerun_grompp": 1, "d87f5939a25c4306104b56144df05a91-lammps_to_gmx": 1, "d87f5939a25c4306104b56144df05a91-shear_25nN": 1, "d87f5939a25c4306104b56144df05a91-unwrap_shear_5nN": 1, "d87f5939a25c4306104b56144df05a91-log_interaction_energy_15nN": 1, "d87f5939a25c4306104b56144df05a91-calc_tilt_shear": 1, "d87f5939a25c4306104b56144df05a91-shear_25nN_grompp": 1, "d87f5939a25c4306104b56144df05a91-shear_25nN_rerun_grompp": 1, "d87f5939a25c4306104b56144df05a91-get_interaction_energy_5nN": 1, "d87f5939a25c4306104b56144df05a91-get_interaction_energy_25nN": 1, "d87f5939a25c4306104b56144df05a91-log_S2": 1, "d87f5939a25c4306104b56144df05a91-calc_interdigitation": 1}, "chain-smiles-1": "CCCCCCCCCCCCCCCCC[N+](=O)[O-]"}