{"tilt_bottom": {"25nN": 41.470305396030746, "5nN": 34.967228881926616, "15nN": 39.32969041152736}, "shear_25nN-qq": [-174.1266514436451, 28.036253051707547], "S2_top": {"25nN": 0.9156624856182222, "5nN": 0.9346935709732195, "15nN": 0.8997995032852524}, "shear_5nN-qq": [-96.89537891207034, 24.298621129429172], "shear_15nN-Etotal": [-1455.8052648377297, 51.76080891883028], "status": {"07ea414d6328254935f7aa32cc9655cb-calc_friction": 1, "07ea414d6328254935f7aa32cc9655cb-get_interaction_energy_5nN": 1, "07ea414d6328254935f7aa32cc9655cb-shear_25nN_rerun": 1, "07ea414d6328254935f7aa32cc9655cb-unwrap_shear_5nN": 1, "07ea414d6328254935f7aa32cc9655cb-shear_15nN_grompp": 1, "07ea414d6328254935f7aa32cc9655cb-shear_15nN": 1, "07ea414d6328254935f7aa32cc9655cb-calc_interdigitation": 1, "07ea414d6328254935f7aa32cc9655cb-equilibrate": 1, "07ea414d6328254935f7aa32cc9655cb-log_interaction_energy_5nN": 1, "07ea414d6328254935f7aa32cc9655cb-unwrap_shear_15nN": 1, "07ea414d6328254935f7aa32cc9655cb-shear_15nN_rerun_grompp": 1, "07ea414d6328254935f7aa32cc9655cb-log_tilt": 1, "07ea414d6328254935f7aa32cc9655cb-log_S2": 1, "07ea414d6328254935f7aa32cc9655cb-initialize": 1, "07ea414d6328254935f7aa32cc9655cb-compress": 1, "07ea414d6328254935f7aa32cc9655cb-get_interaction_energy_25nN": 1, "07ea414d6328254935f7aa32cc9655cb-shear_5nN_rerun": 1, "07ea414d6328254935f7aa32cc9655cb-unwrap_shear_25nN": 1, "07ea414d6328254935f7aa32cc9655cb-top_to_mol2": 1, "07ea414d6328254935f7aa32cc9655cb-calc_tilt_shear": 1, "07ea414d6328254935f7aa32cc9655cb-minimize": 1, "07ea414d6328254935f7aa32cc9655cb-minimize_grompp": 1, "07ea414d6328254935f7aa32cc9655cb-shear_5nN_grompp": 1, "07ea414d6328254935f7aa32cc9655cb-shear_5nN_rerun_grompp": 1, "07ea414d6328254935f7aa32cc9655cb-log_cof": 1, "07ea414d6328254935f7aa32cc9655cb-shear_25nN": 1, "07ea414d6328254935f7aa32cc9655cb-lammps_to_gmx": 1, "07ea414d6328254935f7aa32cc9655cb-shear_15nN_rerun": 1, "07ea414d6328254935f7aa32cc9655cb-get_interaction_energy_15nN": 1, "07ea414d6328254935f7aa32cc9655cb-shear_5nN": 1, "07ea414d6328254935f7aa32cc9655cb-fix_overlaps": 1, "07ea414d6328254935f7aa32cc9655cb-log_interaction_energy_15nN": 1, "07ea414d6328254935f7aa32cc9655cb-equilibrate_grompp": 1, "07ea414d6328254935f7aa32cc9655cb-shear_25nN_grompp": 1, "07ea414d6328254935f7aa32cc9655cb-calc_S2_shear": 1, "07ea414d6328254935f7aa32cc9655cb-shear_25nN_rerun_grompp": 1, "07ea414d6328254935f7aa32cc9655cb-log_interaction_energy_25nN": 1, "07ea414d6328254935f7aa32cc9655cb-compress_grompp": 1}, "shear_25nN-lj": [-1386.104345042366, 43.154205642237926], "delta_molecular_weight": 42.9885, "interdigitation": {"25nN": 0.13210984826174188, "5nN": 0.12210048309682349, "15nN": 0.12450994999994867}, "intercept": 0.7103884510011063, "avg_dipole_moment": 2.75, "COF": 0.11188397342037847, "shear_25nN-Etotal": [-1560.2309964860112, 54.10985673928193], "tilt_top": {"25nN": 39.13558081024958, "5nN": 33.369409367170675, "15nN": 36.28029184558534}, "S2_bottom": {"25nN": 0.9680042210617869, "5nN": 0.9581680924310129, "15nN": 0.9660207241999508}, "shear_15nN-qq": [-139.67387033892885, 25.13159388684873], "shear_5nN-Etotal": [-1205.9992715755395, 54.67655727598705], "avg_molecular_weight": 47.511649999999996, "delta_dipole_moment": 1.3200000000000003, "shear_15nN-lj": [-1316.131394498801, 41.66358785277384], "shear_5nN-lj": [-1109.1038926634692, 42.66746951273149]}