{"MR-mean":34.4852,"asphericity-mean":0.5500245,"balabanj-mean":3.7268875,"bertzct-mean":423.3732565,"chi0-mean":12.752777,"chi0n-mean":11.320837,"chi0v-mean":4.320837,"chi1-mean":7.130768,"chi1n-mean":5.6388685,"chi1v-mean":2.1388685,"chi2n-mean":1.3348495,"chi2v-mean":1.3348495,"chi3n-mean":0.6944345,"chi3v-mean":0.6944345,"chi4n-mean":0.3472175,"chi4v-mean":0.3472175,"e-valence-mean":47.0,"eccentricity-mean":0.9828685,"hk-alpha-mean":-1.115,"hk-kappa1-mean":1.7010375,"hk-kappa2-mean":2.2107295,"hk-kappa3-mean":1.1861215,"ipc-mean":2061.4123455,"isf-mean":0.00787,"labuteASA-mean":63.040394,"logP-mean":2.01867,"molwt-mean":123.550428,"molwt-hvy-mean":116.5785,"nheavy-mean":9.0,"npr1-mean":0.183756,"npr2-mean":0.8222415,"pbf-mean":0.133549,"pc+-mean":0.587337,"pc--mean":-0.587337,"pmi1-mean":108.005461,"pmi2-mean":495.0809105,"pmi3-mean":599.7021415,"rbonds-mean":1.5,"rg-mean":2.18037,"rpc+-mean":0.321491,"rpc--mean":0.4051115,"spherocity-mean":0.0529145,"tpsa-mean":21.57,"vsa+-mean":23.8516875,"vsa--mean":37.7949665,"vsa-fhyd-mean":0.8429795,"vsa-fneg-mean":0.6220175,"vsa-fpneg-mean":0.1145175,"vsa-fpos-mean":0.3779825,"vsa-fppos-mean":0.042503,"vsa-hyd-mean":51.5505945,"vsa-polar-mean":0.1570205,"vsa-polar+-mean":2.843693,"vsa-polar--mean":7.2523665,"MR-min":31.137,"asphericity-min":0.523205,"balabanj-min":3.680736,"bertzct-min":379.775332,"chi0-min":11.964102,"chi0n-min":10.877964,"chi0v-min":3.877964,"chi1-min":6.675426,"chi1n-min":5.438982,"chi1v-min":1.938982,"chi2n-min":1.188982,"chi2v-min":1.188982,"chi3n-min":0.594491,"chi3v-min":0.594491,"chi4n-min":0.297246,"chi4v-min":0.297246,"e-valence-min":42.0,"eccentricity-min":0.980247,"hk-alpha-min":-1.38,"hk-kappa1-min":1.350652,"hk-kappa2-min":1.948262,"hk-kappa3-min":1.059403,"ipc-min":1235.837423,"isf-min":0.006505,"labuteASA-min":57.796674,"logP-min":1.90322,"molwt-min":110.053178,"molwt-hvy-min":103.075,"nheavy-min":8.0,"npr1-min":0.169735,"npr2-min":0.809579,"pbf-min":0.12721,"pc+-min":0.462666,"pc--min":-0.712008,"pmi1-min":87.665262,"pmi2-min":358.847472,"pmi3-min":443.252224,"rbonds-min":1.0,"rg-min":2.009869,"rpc+-min":0.26526,"rpc--min":0.36279,"spherocity-min":0.045947,"tpsa-min":0.0,"vsa+-min":15.412531,"vsa--min":34.614499,"vsa-fhyd-min":0.76382,"vsa-fneg-min":0.517365,"vsa-fpneg-min":0.077861,"vsa-fpos-min":0.27333,"vsa-fppos-min":0.0,"vsa-hyd-min":51.103639,"vsa-polar-min":0.077861,"vsa-polar+-min":0.0,"vsa-polar--min":4.390415,"MR-max":37.8334,"asphericity-max":0.576844,"balabanj-max":3.773039,"bertzct-max":466.971181,"chi0-max":13.541452,"chi0n-max":11.76371,"chi0v-max":4.76371,"chi1-max":7.58611,"chi1n-max":5.838755,"chi1v-max":2.338755,"chi2n-max":1.480717,"chi2v-max":1.480717,"chi3n-max":0.794378,"chi3v-max":0.794378,"chi4n-max":0.397189,"chi4v-max":0.397189,"e-valence-max":52.0,"eccentricity-max":0.98549,"hk-alpha-max":-0.85,"hk-kappa1-max":2.051423,"hk-kappa2-max":2.473197,"hk-kappa3-max":1.31284,"ipc-max":2886.987268,"isf-max":0.009235,"labuteASA-max":68.284114,"logP-max":2.13412,"molwt-max":137.047678,"molwt-hvy-max":130.082,"nheavy-max":10.0,"npr1-max":0.197777,"npr2-max":0.834904,"pbf-max":0.139888,"pc+-max":0.712008,"pc--max":-0.462666,"pmi1-max":128.34566,"pmi2-max":631.314349,"pmi3-max":756.152059,"rbonds-max":2.0,"rg-max":2.350871,"rpc+-max":0.377722,"rpc--max":0.447433,"spherocity-max":0.059882,"tpsa-max":43.14,"vsa+-max":32.290844,"vsa--max":40.975434,"vsa-fhyd-max":0.922139,"vsa-fneg-max":0.72667,"vsa-fpneg-max":0.151174,"vsa-fpos-max":0.482635,"vsa-fppos-max":0.085006,"vsa-hyd-max":51.99755,"vsa-polar-max":0.23618,"vsa-polar+-max":5.687386,"vsa-polar--max":10.114318,"MR-diff":6.6964,"asphericity-diff":0.053639,"balabanj-diff":0.092303,"bertzct-diff":87.195849,"chi0-diff":1.57735,"chi0n-diff":0.885746,"chi0v-diff":0.885746,"chi1-diff":0.910684,"chi1n-diff":0.399773,"chi1v-diff":0.399773,"chi2n-diff":0.291735,"chi2v-diff":0.291735,"chi3n-diff":0.199887,"chi3v-diff":0.199887,"chi4n-diff":0.099943,"chi4v-diff":0.099943,"e-valence-diff":10.0,"eccentricity-diff":0.005243,"hk-alpha-diff":0.53,"hk-kappa1-diff":0.700771,"hk-kappa2-diff":0.524935,"hk-kappa3-diff":0.253437,"ipc-diff":1651.149845,"isf-diff":0.00273,"labuteASA-diff":10.48744,"logP-diff":0.2309,"molwt-diff":26.9945,"molwt-hvy-diff":27.007,"nheavy-diff":2.0,"npr1-diff":0.028042,"npr2-diff":0.025325,"pbf-diff":0.012678,"pc+-diff":0.249342,"pc--diff":0.249342,"pmi1-diff":40.680398,"pmi2-diff":272.466877,"pmi3-diff":312.899835,"rbonds-diff":1.0,"rg-diff":0.341002,"rpc+-diff":0.112462,"rpc--diff":0.084643,"spherocity-diff":0.013935,"tpsa-diff":43.14,"vsa+-diff":16.878313,"vsa--diff":6.360935,"vsa-fhyd-diff":0.158319,"vsa-fneg-diff":0.209305,"vsa-fpneg-diff":0.073313,"vsa-fpos-diff":0.209305,"vsa-fppos-diff":0.085006,"vsa-hyd-diff":0.893911,"vsa-polar-diff":0.158319,"vsa-polar+-diff":5.687386,"vsa-polar--diff":5.723903,"hbonds":0.0}