{"avg_dipole_moment": 4.125, "max_dipole_moment": 6.22, "min_dipole_moment": 2.03, "max_molecular_weight": 122.1013, "shear_5nN-qq": [-300.7621314660272, 41.468674866077116], "intercept": 2.369213012511628, "shear_15nN-qq": [-287.8127600719424, 40.68581498923329], "min_molecular_weight": 95.0942, "delta_molecular_weight": 27.007099999999994, "ch3-smiles-2": "CC1=CC=C([N+](=O)[O-])C=C1", "chain-smiles-2": "CCCCCCCCCCCCCCCCCC1=CC=C([N+](=O)[O-])C=C1", "tilt_bottom": {"25nN": 37.994146842351086, "5nN": 34.131428503638055, "15nN": 36.48582516056616}, "tilt_top": {"25nN": 36.643309744937774, "5nN": 33.14831626523415, "15nN": 35.83403534865971}, "shear_15nN-lj": [-2046.3635166163072, 55.79883460917464], "h-smiles-1": "C1=CC=C(F)C=C1", "ch3-smiles-1": "CC1=CC=C(F)C=C1", "S2_bottom": {"25nN": 0.9338510646364324, "5nN": 0.9457941542330787, "15nN": 0.9472388566653784}, "h-smiles-2": "C1=CC=C([N+](=O)[O-])C=C1", "shear_25nN-qq": [-263.1570325259792, 38.11861668679512], "COF": 0.11432912209296442, "shear_25nN-lj": [-2132.599501852118, 56.37080480286964], "S2_top": {"25nN": 0.935278258825921, "5nN": 0.9597823036997536, "15nN": 0.9345565661804385}, "shear_15nN-Etotal": [-2334.17627668825, 79.02127591048347], "shear_5nN-Etotal": [-2167.803556044764, 90.63372020144902], "shear_25nN-Etotal": [-2395.756534378097, 75.36380205817356], "avg_molecular_weight": 108.59774999999999, "shear_5nN-lj": [-1867.041424578737, 66.16047281925277], "delta_dipole_moment": 4.1899999999999995, "status": {"c1a35add8bb7c1a019710dae37954aa3-unwrap_shear_5nN": 1, "c1a35add8bb7c1a019710dae37954aa3-shear_25nN_rerun": 1, "c1a35add8bb7c1a019710dae37954aa3-log_S2": 1, "c1a35add8bb7c1a019710dae37954aa3-compress": 1, "c1a35add8bb7c1a019710dae37954aa3-log_interaction_energy_15nN": 1, "c1a35add8bb7c1a019710dae37954aa3-shear_25nN_rerun_grompp": 1, "c1a35add8bb7c1a019710dae37954aa3-get_interaction_energy_5nN": 1, "c1a35add8bb7c1a019710dae37954aa3-log_tilt": 1, "c1a35add8bb7c1a019710dae37954aa3-initialize": 1, "c1a35add8bb7c1a019710dae37954aa3-shear_25nN": 1, "c1a35add8bb7c1a019710dae37954aa3-get_interaction_energy_15nN": 1, "c1a35add8bb7c1a019710dae37954aa3-get_interaction_energy_25nN": 1, "c1a35add8bb7c1a019710dae37954aa3-equilibrate": 1, "c1a35add8bb7c1a019710dae37954aa3-shear_5nN_grompp": 1, "c1a35add8bb7c1a019710dae37954aa3-log_interaction_energy_5nN": 1, "c1a35add8bb7c1a019710dae37954aa3-top_to_mol2": 1, "c1a35add8bb7c1a019710dae37954aa3-compress_grompp": 1, "c1a35add8bb7c1a019710dae37954aa3-shear_15nN_rerun": 1, "c1a35add8bb7c1a019710dae37954aa3-log_interaction_energy_25nN": 1, "c1a35add8bb7c1a019710dae37954aa3-lammps_to_gmx": 1, "c1a35add8bb7c1a019710dae37954aa3-unwrap_shear_15nN": 1, "c1a35add8bb7c1a019710dae37954aa3-shear_5nN_rerun_grompp": 1, "c1a35add8bb7c1a019710dae37954aa3-calc_tilt_shear": 1, "c1a35add8bb7c1a019710dae37954aa3-equilibrate_grompp": 1, "c1a35add8bb7c1a019710dae37954aa3-unwrap_shear_25nN": 1, "c1a35add8bb7c1a019710dae37954aa3-shear_15nN": 1, "c1a35add8bb7c1a019710dae37954aa3-minimize": 1, "c1a35add8bb7c1a019710dae37954aa3-shear_15nN_rerun_grompp": 1, "c1a35add8bb7c1a019710dae37954aa3-shear_25nN_grompp": 1, "c1a35add8bb7c1a019710dae37954aa3-minimize_grompp": 1, "c1a35add8bb7c1a019710dae37954aa3-fix_overlaps": 1, "c1a35add8bb7c1a019710dae37954aa3-shear_15nN_grompp": 1, "c1a35add8bb7c1a019710dae37954aa3-calc_friction": 1, "c1a35add8bb7c1a019710dae37954aa3-calc_interdigitation": 1, "c1a35add8bb7c1a019710dae37954aa3-calc_S2_shear": 1, "c1a35add8bb7c1a019710dae37954aa3-shear_5nN": 1, "c1a35add8bb7c1a019710dae37954aa3-log_cof": 1, "c1a35add8bb7c1a019710dae37954aa3-shear_5nN_rerun": 1}, "chain-smiles-1": "CCCCCCCCCCCCCCCCCC1=CC=C(F)C=C1"}