{"MR-mean":15.8539,"asphericity-mean":0.2437735,"balabanj-mean":3.4570565,"bertzct-mean":146.1448165,"chi0-mean":8.3922285,"chi0n-mean":7.9082485,"chi0v-mean":1.9082485,"chi1-mean":4.24069,"chi1n-mean":3.7832485,"chi1v-mean":0.829124,"chi2n-mean":0.4562285,"chi2v-mean":0.4562285,"chi3n-mean":0.125,"chi3v-mean":0.125,"chi4n-mean":0.015625,"chi4v-mean":0.015625,"e-valence-mean":24.0,"eccentricity-mean":0.9066885,"hk-alpha-mean":-0.265,"hk-kappa1-mean":0.3778625,"hk-kappa2-mean":0.677429,"hk-kappa3-mean":0.6891155,"ipc-mean":145.052724,"isf-mean":0.019948,"labuteASA-mean":33.9172555,"logP-mean":0.7536,"molwt-mean":58.0418645,"molwt-hvy-mean":52.032,"nheavy-mean":4.0,"npr1-mean":0.419001,"npr2-mean":0.7355195,"pbf-mean":0.4857105,"pc+-mean":0.470969,"pc--mean":-0.470969,"pmi1-mean":39.03516,"pmi2-mean":67.395842,"pmi3-mean":92.6453995,"rbonds-mean":1.0,"rg-mean":1.309657,"rpc+-mean":0.276263,"rpc--mean":0.47833,"spherocity-mean":0.433692,"tpsa-mean":18.65,"vsa+-mean":14.6653705,"vsa--mean":17.6975225,"vsa-fhyd-mean":0.6939325,"vsa-fneg-mean":0.5247745,"vsa-fpneg-mean":0.1751685,"vsa-fpos-mean":0.4752255,"vsa-fppos-mean":0.130899,"vsa-hyd-mean":23.710968,"vsa-polar-mean":0.3060675,"vsa-polar+-mean":3.7002525,"vsa-polar--mean":4.9516725,"MR-min":13.3098,"asphericity-min":0.227327,"balabanj-min":3.090735,"bertzct-min":94.701658,"chi0-min":6.784457,"chi0n-min":5.816497,"chi0v-min":1.816497,"chi1-min":3.48138,"chi1n-min":2.566497,"chi1v-min":0.658248,"chi2n-min":0.287457,"chi2v-min":0.287457,"chi3n-min":0.0,"chi3v-min":0.0,"chi4n-min":0.0,"chi4v-min":0.0,"e-valence-min":24.0,"eccentricity-min":0.886335,"hk-alpha-min":-0.53,"hk-kappa1-min":0.25,"hk-kappa2-min":0.48,"hk-kappa3-min":0.222222,"ipc-min":35.647376,"isf-min":0.012921,"labuteASA-min":29.766501,"logP-min":0.0909,"molwt-min":56.0626,"molwt-hvy-min":48.044,"nheavy-min":4.0,"npr1-min":0.374957,"npr2-min":0.583727,"pbf-min":0.35309,"pc+-min":0.207684,"pc--min":-0.734254,"pmi1-min":32.89365,"pmi2-min":56.950945,"pmi3-min":87.726488,"rbonds-min":1.0,"rg-min":1.289441,"rpc+-min":0.144378,"rpc--min":0.300983,"spherocity-min":0.27589,"tpsa-min":0.0,"vsa+-min":10.966068,"vsa--min":9.903345,"vsa-fhyd-min":0.387865,"vsa-fneg-min":0.350337,"vsa-fpneg-min":0.0,"vsa-fpos-min":0.300788,"vsa-fppos-min":0.0,"vsa-hyd-min":10.964168,"vsa-polar-min":0.0,"vsa-polar+-min":0.0,"vsa-polar--min":0.0,"MR-max":18.398,"asphericity-max":0.26022,"balabanj-max":3.823378,"bertzct-max":197.587975,"chi0-max":10.0,"chi0n-max":10.0,"chi0v-max":2.0,"chi1-max":5.0,"chi1n-max":5.0,"chi1v-max":1.0,"chi2n-max":0.625,"chi2v-max":0.625,"chi3n-max":0.25,"chi3v-max":0.25,"chi4n-max":0.03125,"chi4v-max":0.03125,"e-valence-max":24.0,"eccentricity-max":0.927042,"hk-alpha-max":0.0,"hk-kappa1-max":0.505725,"hk-kappa2-max":0.874858,"hk-kappa3-max":1.156009,"ipc-max":254.458072,"isf-max":0.026975,"labuteASA-max":38.06801,"logP-max":1.4163,"molwt-max":60.021129,"molwt-hvy-max":56.02,"nheavy-max":4.0,"npr1-max":0.463045,"npr2-max":0.887312,"pbf-max":0.618331,"pc+-max":0.734254,"pc--max":-0.207684,"pmi1-max":45.17667,"pmi2-max":77.840739,"pmi3-max":97.564311,"rbonds-max":1.0,"rg-max":1.329873,"rpc+-max":0.408148,"rpc--max":0.655677,"spherocity-max":0.591494,"tpsa-max":37.3,"vsa+-max":18.364673,"vsa--max":25.4917,"vsa-fhyd-max":1.0,"vsa-fneg-max":0.699212,"vsa-fpneg-max":0.350337,"vsa-fpos-max":0.649663,"vsa-fppos-max":0.261798,"vsa-hyd-max":36.457768,"vsa-polar-max":0.612135,"vsa-polar+-max":7.400505,"vsa-polar--max":9.903345,"MR-diff":5.0882,"asphericity-diff":0.032893,"balabanj-diff":0.732643,"bertzct-diff":102.886317,"chi0-diff":3.215543,"chi0n-diff":4.183503,"chi0v-diff":0.183503,"chi1-diff":1.51862,"chi1n-diff":2.433503,"chi1v-diff":0.341752,"chi2n-diff":0.337543,"chi2v-diff":0.337543,"chi3n-diff":0.25,"chi3v-diff":0.25,"chi4n-diff":0.03125,"chi4v-diff":0.03125,"e-valence-diff":0.0,"eccentricity-diff":0.040707,"hk-alpha-diff":0.53,"hk-kappa1-diff":0.255725,"hk-kappa2-diff":0.394858,"hk-kappa3-diff":0.933787,"ipc-diff":218.810696,"isf-diff":0.014054,"labuteASA-diff":8.301509,"logP-diff":1.3254,"molwt-diff":3.958529,"molwt-hvy-diff":7.976,"nheavy-diff":0.0,"npr1-diff":0.088088,"npr2-diff":0.303585,"pbf-diff":0.265241,"pc+-diff":0.52657,"pc--diff":0.52657,"pmi1-diff":12.28302,"pmi2-diff":20.889794,"pmi3-diff":9.837823,"rbonds-diff":0.0,"rg-diff":0.040432,"rpc+-diff":0.26377,"rpc--diff":0.354694,"spherocity-diff":0.315604,"tpsa-diff":37.3,"vsa+-diff":7.398605,"vsa--diff":15.588355,"vsa-fhyd-diff":0.612135,"vsa-fneg-diff":0.348875,"vsa-fpneg-diff":0.350337,"vsa-fpos-diff":0.348875,"vsa-fppos-diff":0.261798,"vsa-hyd-diff":25.4936,"vsa-polar-diff":0.612135,"vsa-polar+-diff":7.400505,"vsa-polar--diff":9.903345,"hbonds":0.0}