{"tilt_bottom": {"25nN": 41.14812063024906, "5nN": 36.14312898872113, "15nN": 39.141374728480294}, "shear_25nN-qq": [-136.95861237649882, 34.98496428482027], "S2_top": {"25nN": 0.9229115769692021, "5nN": 0.9707178665634274, "15nN": 0.9246255337196531}, "shear_5nN-qq": [-139.21435284492406, 27.720307218861045], "shear_15nN-Etotal": [-2114.5773097905676, 68.97167206214179], "status": {"f5b51f2f223fb2d772d9a712cdecf0ed-shear_5nN": 1, "f5b51f2f223fb2d772d9a712cdecf0ed-shear_15nN_rerun": 1, "f5b51f2f223fb2d772d9a712cdecf0ed-compress_grompp": 1, "f5b51f2f223fb2d772d9a712cdecf0ed-get_interaction_energy_15nN": 1, "f5b51f2f223fb2d772d9a712cdecf0ed-shear_25nN": 1, "f5b51f2f223fb2d772d9a712cdecf0ed-compress": 1, "f5b51f2f223fb2d772d9a712cdecf0ed-initialize": 1, "f5b51f2f223fb2d772d9a712cdecf0ed-shear_5nN_rerun": 1, "f5b51f2f223fb2d772d9a712cdecf0ed-fix_overlaps": 1, "f5b51f2f223fb2d772d9a712cdecf0ed-shear_25nN_rerun_grompp": 1, "f5b51f2f223fb2d772d9a712cdecf0ed-shear_5nN_rerun_grompp": 1, "f5b51f2f223fb2d772d9a712cdecf0ed-shear_25nN_rerun": 1, "f5b51f2f223fb2d772d9a712cdecf0ed-calc_interdigitation": 1, "f5b51f2f223fb2d772d9a712cdecf0ed-get_interaction_energy_25nN": 1, "f5b51f2f223fb2d772d9a712cdecf0ed-log_tilt": 1, "f5b51f2f223fb2d772d9a712cdecf0ed-unwrap_shear_5nN": 1, "f5b51f2f223fb2d772d9a712cdecf0ed-minimize": 1, "f5b51f2f223fb2d772d9a712cdecf0ed-log_cof": 1, "f5b51f2f223fb2d772d9a712cdecf0ed-minimize_grompp": 1, "f5b51f2f223fb2d772d9a712cdecf0ed-top_to_mol2": 1, "f5b51f2f223fb2d772d9a712cdecf0ed-equilibrate_grompp": 1, "f5b51f2f223fb2d772d9a712cdecf0ed-get_interaction_energy_5nN": 1, "f5b51f2f223fb2d772d9a712cdecf0ed-log_S2": 1, "f5b51f2f223fb2d772d9a712cdecf0ed-shear_15nN_rerun_grompp": 1, "f5b51f2f223fb2d772d9a712cdecf0ed-log_interaction_energy_15nN": 1, "f5b51f2f223fb2d772d9a712cdecf0ed-equilibrate": 1, "f5b51f2f223fb2d772d9a712cdecf0ed-shear_15nN": 1, "f5b51f2f223fb2d772d9a712cdecf0ed-shear_15nN_grompp": 1, "f5b51f2f223fb2d772d9a712cdecf0ed-unwrap_shear_15nN": 1, "f5b51f2f223fb2d772d9a712cdecf0ed-shear_25nN_grompp": 1, "f5b51f2f223fb2d772d9a712cdecf0ed-calc_S2_shear": 1, "f5b51f2f223fb2d772d9a712cdecf0ed-calc_tilt_shear": 1, "f5b51f2f223fb2d772d9a712cdecf0ed-unwrap_shear_25nN": 1, "f5b51f2f223fb2d772d9a712cdecf0ed-log_interaction_energy_5nN": 1, "f5b51f2f223fb2d772d9a712cdecf0ed-calc_friction": 1, "f5b51f2f223fb2d772d9a712cdecf0ed-shear_5nN_grompp": 1, "f5b51f2f223fb2d772d9a712cdecf0ed-lammps_to_gmx": 1, "f5b51f2f223fb2d772d9a712cdecf0ed-log_interaction_energy_25nN": 1}, "shear_25nN-lj": [-2064.9425170743407, 48.20686662927407], "delta_molecular_weight": 31.098200000000006, "interdigitation": {"25nN": 0.11770592382702375, "5nN": 0.11077508704015791, "15nN": 0.13544359148646398}, "intercept": 1.5385597178540145, "avg_dipole_moment": 1.905, "COF": 0.12343698511952525, "shear_25nN-Etotal": [-2201.9011294508396, 62.671042471935856], "tilt_top": {"25nN": 36.63289034246108, "5nN": 33.656113680980845, "15nN": 35.69166490016761}, "S2_bottom": {"25nN": 0.9803923042702231, "5nN": 0.9770880506344778, "15nN": 0.9636361282420189}, "shear_15nN-qq": [-146.00778991446842, 36.54323359773018], "shear_5nN-Etotal": [-1895.3355937505994, 66.20976289036832], "avg_molecular_weight": 61.5546, "delta_dipole_moment": 3.81, "shear_15nN-lj": [-1968.5695198760989, 50.748261053542016], "shear_5nN-lj": [-1756.1212409056754, 55.04468732130652]}