{"avg_dipole_moment": 4.31, "max_dipole_moment": 4.81, "min_dipole_moment": 3.81, "max_molecular_weight": 46.0055, "shear_5nN-qq": [-1205.9591863669064, 109.94842349871864], "intercept": 3.2621153827826017, "shear_15nN-qq": [-1290.8587210767387, 102.6742086626739], "min_molecular_weight": 45.0174, "delta_molecular_weight": 0.9880999999999958, "ch3-smiles-2": "C[N+](=O)[O-]", "chain-smiles-2": "CCCCCCCCCCCCCCCCC[N+](=O)[O-]", "tilt_bottom": {"25nN": 40.20091418870265, "5nN": 36.03841763712557, "15nN": 39.431523681764105}, "tilt_top": {"25nN": 41.930712892915324, "5nN": 37.14848658930617, "15nN": 40.097999922533326}, "shear_15nN-lj": [-2156.1317400191847, 55.83305203446818], "h-smiles-1": "C(=O)O", "ch3-smiles-1": "CC(=O)O", "S2_bottom": {"25nN": 0.9650575106255268, "5nN": 0.97062830075283, "15nN": 0.9555335771219843}, "h-smiles-2": "[N+](=O)[O-]", "shear_25nN-qq": [-1233.4637853709035, 110.26060402342947], "COF": 0.1323569217574418, "shear_25nN-lj": [-2260.70030342526, 57.64041250125442], "S2_top": {"25nN": 0.9548924132488188, "5nN": 0.9468148695965601, "15nN": 0.9290145154466691}, "shear_15nN-Etotal": [-3446.9904610959234, 120.20418377911348], "shear_5nN-Etotal": [-3235.0026706370904, 131.87471671011684], "shear_25nN-Etotal": [-3494.164088796163, 127.24981860651685], "avg_molecular_weight": 45.511449999999996, "shear_5nN-lj": [-2029.0434842701836, 58.22282321315831], "delta_dipole_moment": 0.9999999999999996, "status": {"03ec9540c2f9e8050b9f37d47e1f5a73-shear_25nN_rerun": 1, "03ec9540c2f9e8050b9f37d47e1f5a73-get_interaction_energy_5nN": 1, "03ec9540c2f9e8050b9f37d47e1f5a73-shear_25nN_grompp": 1, "03ec9540c2f9e8050b9f37d47e1f5a73-log_interaction_energy_5nN": 1, "03ec9540c2f9e8050b9f37d47e1f5a73-minimize": 1, "03ec9540c2f9e8050b9f37d47e1f5a73-unwrap_shear_25nN": 1, "03ec9540c2f9e8050b9f37d47e1f5a73-count_hydrogen_bonds": 1, "03ec9540c2f9e8050b9f37d47e1f5a73-top_to_mol2": 1, "03ec9540c2f9e8050b9f37d47e1f5a73-unwrap_shear_15nN": 1, "03ec9540c2f9e8050b9f37d47e1f5a73-calc_friction": 1, "03ec9540c2f9e8050b9f37d47e1f5a73-compress": 1, "03ec9540c2f9e8050b9f37d47e1f5a73-compress_grompp": 1, "03ec9540c2f9e8050b9f37d47e1f5a73-shear_5nN": 1, "03ec9540c2f9e8050b9f37d47e1f5a73-minimize_grompp": 1, "03ec9540c2f9e8050b9f37d47e1f5a73-shear_15nN_grompp": 1, "03ec9540c2f9e8050b9f37d47e1f5a73-shear_25nN_rerun_grompp": 1, "03ec9540c2f9e8050b9f37d47e1f5a73-lammps_to_gmx": 1, "03ec9540c2f9e8050b9f37d47e1f5a73-shear_5nN_grompp": 1, "03ec9540c2f9e8050b9f37d47e1f5a73-log_tilt": 1, "03ec9540c2f9e8050b9f37d47e1f5a73-fix_overlaps": 1, "03ec9540c2f9e8050b9f37d47e1f5a73-calc_tilt_shear": 1, "03ec9540c2f9e8050b9f37d47e1f5a73-log_S2": 1, "03ec9540c2f9e8050b9f37d47e1f5a73-shear_5nN_rerun_grompp": 1, "03ec9540c2f9e8050b9f37d47e1f5a73-shear_25nN": 1, "03ec9540c2f9e8050b9f37d47e1f5a73-calc_S2_shear": 1, "03ec9540c2f9e8050b9f37d47e1f5a73-calc_interdigitation": 1, "03ec9540c2f9e8050b9f37d47e1f5a73-log_interaction_energy_15nN": 1, "03ec9540c2f9e8050b9f37d47e1f5a73-log_interaction_energy_25nN": 1, "03ec9540c2f9e8050b9f37d47e1f5a73-log_cof": 1, "03ec9540c2f9e8050b9f37d47e1f5a73-initialize": 1, "03ec9540c2f9e8050b9f37d47e1f5a73-shear_5nN_rerun": 1, "03ec9540c2f9e8050b9f37d47e1f5a73-equilibrate_grompp": 1, "03ec9540c2f9e8050b9f37d47e1f5a73-get_interaction_energy_25nN": 1, "03ec9540c2f9e8050b9f37d47e1f5a73-shear_15nN": 1, "03ec9540c2f9e8050b9f37d47e1f5a73-shear_15nN_rerun_grompp": 1, "03ec9540c2f9e8050b9f37d47e1f5a73-unwrap_shear_5nN": 1, "03ec9540c2f9e8050b9f37d47e1f5a73-shear_15nN_rerun": 1, "03ec9540c2f9e8050b9f37d47e1f5a73-get_interaction_energy_15nN": 1, "03ec9540c2f9e8050b9f37d47e1f5a73-equilibrate": 1}, "chain-smiles-1": "CCCCCCCCCCCCCCCCCC(=O)O"}