{"shear_15nN-qq": [-165.0259181111111, 31.850521357463247], "delta_molecular_weight": 31.098200000000006, "status": {"529899736267eb3ac7c9ac7a87f9f9a5-equilibrate": 1, "529899736267eb3ac7c9ac7a87f9f9a5-log_interaction_energy_5nN": 1, "529899736267eb3ac7c9ac7a87f9f9a5-shear_15nN_grompp": 1, "529899736267eb3ac7c9ac7a87f9f9a5-unwrap_shear_25nN": 1, "529899736267eb3ac7c9ac7a87f9f9a5-shear_15nN_rerun": 1, "529899736267eb3ac7c9ac7a87f9f9a5-get_interaction_energy_25nN": 1, "529899736267eb3ac7c9ac7a87f9f9a5-log_cof": 1, "529899736267eb3ac7c9ac7a87f9f9a5-initialize": 1, "529899736267eb3ac7c9ac7a87f9f9a5-calc_tilt_shear": 1, "529899736267eb3ac7c9ac7a87f9f9a5-equilibrate_grompp": 1, "529899736267eb3ac7c9ac7a87f9f9a5-minimize_grompp": 1, "529899736267eb3ac7c9ac7a87f9f9a5-shear_25nN_rerun": 1, "529899736267eb3ac7c9ac7a87f9f9a5-top_to_mol2": 1, "529899736267eb3ac7c9ac7a87f9f9a5-shear_25nN_rerun_grompp": 1, "529899736267eb3ac7c9ac7a87f9f9a5-shear_15nN": 1, "529899736267eb3ac7c9ac7a87f9f9a5-compress": 1, "529899736267eb3ac7c9ac7a87f9f9a5-shear_15nN_rerun_grompp": 1, "529899736267eb3ac7c9ac7a87f9f9a5-calc_interdigitation": 1, "529899736267eb3ac7c9ac7a87f9f9a5-shear_25nN_grompp": 1, "529899736267eb3ac7c9ac7a87f9f9a5-shear_25nN": 1, "529899736267eb3ac7c9ac7a87f9f9a5-unwrap_shear_15nN": 1, "529899736267eb3ac7c9ac7a87f9f9a5-calc_friction": 1, "529899736267eb3ac7c9ac7a87f9f9a5-fix_overlaps": 1, "529899736267eb3ac7c9ac7a87f9f9a5-unwrap_shear_5nN": 1, "529899736267eb3ac7c9ac7a87f9f9a5-shear_5nN_grompp": 1, "529899736267eb3ac7c9ac7a87f9f9a5-log_interaction_energy_15nN": 1, "529899736267eb3ac7c9ac7a87f9f9a5-get_interaction_energy_15nN": 1, "529899736267eb3ac7c9ac7a87f9f9a5-log_tilt": 1, "529899736267eb3ac7c9ac7a87f9f9a5-shear_5nN": 1, "529899736267eb3ac7c9ac7a87f9f9a5-shear_5nN_rerun_grompp": 1, "529899736267eb3ac7c9ac7a87f9f9a5-minimize": 1, "529899736267eb3ac7c9ac7a87f9f9a5-shear_5nN_rerun": 1, "529899736267eb3ac7c9ac7a87f9f9a5-calc_S2_shear": 1, "529899736267eb3ac7c9ac7a87f9f9a5-lammps_to_gmx": 1, "529899736267eb3ac7c9ac7a87f9f9a5-get_interaction_energy_5nN": 1, "529899736267eb3ac7c9ac7a87f9f9a5-log_interaction_energy_25nN": 1, "529899736267eb3ac7c9ac7a87f9f9a5-compress_grompp": 1, "529899736267eb3ac7c9ac7a87f9f9a5-log_S2": 1}, "interdigitation": {"15nN": 0.1193337769075449, "5nN": 0.13097031071930584, "25nN": 0.12981840329944325}, "avg_molecular_weight": 61.5546, "delta_dipole_moment": 3.81, "tilt_bottom": {"15nN": 39.32643658996701, "5nN": 35.24644234895597, "25nN": 40.9689846729255}, "S2_top": {"15nN": 0.8894761744454792, "5nN": 0.9257472874580813, "25nN": 0.9183199464749416}, "shear_25nN-Etotal": [-2247.59505598801, 69.00613178768887], "shear_5nN-Etotal": [-1944.804856173461, 68.6766395326031], "S2_bottom": {"15nN": 0.9557330369138444, "5nN": 0.9524123979070586, "25nN": 0.947649364313041}, "intercept": 1.3031620562931634, "shear_15nN-lj": [-1977.8698549808155, 52.97095725470357], "tilt_top": {"15nN": 35.19059255085516, "5nN": 33.68422232196151, "25nN": 38.52793755649892}, "avg_dipole_moment": 1.905, "shear_5nN-qq": [-180.69793184572342, 29.74328822693564], "shear_5nN-lj": [-1764.1069243277382, 55.12492259084343], "COF": 0.13922289303820573, "shear_25nN-lj": [-2074.253081222222, 53.42167540052722], "shear_25nN-qq": [-173.34197476578737, 35.6629032057971], "shear_15nN-Etotal": [-2142.895773091927, 64.43296540055904]}