{"avg_dipole_moment": 0.84, "max_dipole_moment": 1.68, "min_dipole_moment": 0.0, "max_molecular_weight": 31.0338, "shear_5nN-qq": [15.371872290967225, 10.272013040861289], "intercept": 0.9245611236457947, "shear_15nN-qq": [56.58032662909672, 12.377830338860452], "min_molecular_weight": 15.0344, "delta_molecular_weight": 15.9994, "ch3-smiles-2": "CC", "chain-smiles-2": "CCCCCCCCCCCCCCCCCC", "tilt_bottom": {"25nN": 39.84991091579179, "5nN": 34.34069657664245, "15nN": 38.68360020681475}, "interdigitation": {"25nN": 0.13167884848744468, "5nN": 0.11645184951548214, "15nN": 0.1431178093649756}, "tilt_top": {"25nN": 39.46207552333346, "5nN": 33.17096944289975, "15nN": 36.6505648869611}, "shear_15nN-lj": [-1511.4769021718625, 48.33249654917112], "h-smiles-1": "OC", "S2_top": {"25nN": 0.8997830857456912, "5nN": 0.9326679645888164, "15nN": 0.9290274446863988}, "S2_bottom": {"25nN": 0.9222031020036185, "5nN": 0.9522335616352904, "15nN": 0.9557604070398863}, "h-smiles-2": "C", "shear_25nN-qq": [76.82421737410073, 16.333632751033072], "COF": 0.16025487698717902, "shear_25nN-lj": [-1598.592147188649, 51.96243314295874], "ch3-smiles-1": "COC", "shear_15nN-Etotal": [-1454.8965755427657, 47.10544485951916], "shear_5nN-Etotal": [-1230.4976913261391, 52.35378270685425], "shear_25nN-Etotal": [-1521.7679298145483, 51.7285800194259], "avg_molecular_weight": 23.0341, "shear_5nN-lj": [-1245.8695636171062, 54.38474363125773], "delta_dipole_moment": 1.68, "status": {"8180cc76f0c7484170942630b8c0bd14-calc_friction": 1, "8180cc76f0c7484170942630b8c0bd14-fix_overlaps": 1, "8180cc76f0c7484170942630b8c0bd14-shear_15nN": 1, "8180cc76f0c7484170942630b8c0bd14-shear_15nN_grompp": 1, "8180cc76f0c7484170942630b8c0bd14-log_S2": 1, "8180cc76f0c7484170942630b8c0bd14-top_to_mol2": 1, "8180cc76f0c7484170942630b8c0bd14-shear_25nN": 1, "8180cc76f0c7484170942630b8c0bd14-equilibrate": 1, "8180cc76f0c7484170942630b8c0bd14-calc_interdigitation": 1, "8180cc76f0c7484170942630b8c0bd14-shear_5nN_rerun": 1, "8180cc76f0c7484170942630b8c0bd14-shear_5nN": 1, "8180cc76f0c7484170942630b8c0bd14-shear_5nN_grompp": 1, "8180cc76f0c7484170942630b8c0bd14-calc_S2_shear": 1, "8180cc76f0c7484170942630b8c0bd14-initialize": 1, "8180cc76f0c7484170942630b8c0bd14-log_interaction_energy_5nN": 1, "8180cc76f0c7484170942630b8c0bd14-get_interaction_energy_25nN": 1, "8180cc76f0c7484170942630b8c0bd14-get_interaction_energy_15nN": 1, "8180cc76f0c7484170942630b8c0bd14-minimize": 1, "8180cc76f0c7484170942630b8c0bd14-calc_tilt_shear": 1, "8180cc76f0c7484170942630b8c0bd14-compress": 1, "8180cc76f0c7484170942630b8c0bd14-unwrap_shear_25nN": 1, "8180cc76f0c7484170942630b8c0bd14-minimize_grompp": 1, "8180cc76f0c7484170942630b8c0bd14-shear_15nN_rerun": 1, "8180cc76f0c7484170942630b8c0bd14-equilibrate_grompp": 1, "8180cc76f0c7484170942630b8c0bd14-shear_25nN_rerun_grompp": 1, "8180cc76f0c7484170942630b8c0bd14-shear_5nN_rerun_grompp": 1, "8180cc76f0c7484170942630b8c0bd14-unwrap_shear_15nN": 1, "8180cc76f0c7484170942630b8c0bd14-unwrap_shear_5nN": 1, "8180cc76f0c7484170942630b8c0bd14-compress_grompp": 1, "8180cc76f0c7484170942630b8c0bd14-shear_15nN_rerun_grompp": 1, "8180cc76f0c7484170942630b8c0bd14-shear_25nN_grompp": 1, "8180cc76f0c7484170942630b8c0bd14-log_interaction_energy_25nN": 1, "8180cc76f0c7484170942630b8c0bd14-log_interaction_energy_15nN": 1, "8180cc76f0c7484170942630b8c0bd14-log_tilt": 1, "8180cc76f0c7484170942630b8c0bd14-shear_25nN_rerun": 1, "8180cc76f0c7484170942630b8c0bd14-get_interaction_energy_5nN": 1, "8180cc76f0c7484170942630b8c0bd14-lammps_to_gmx": 1, "8180cc76f0c7484170942630b8c0bd14-log_cof": 1}, "chain-smiles-1": "CCCCCCCCCCCCCCCCCOC"}