{"avg_dipole_moment": 0.005, "max_dipole_moment": 0.01, "min_dipole_moment": 0.0, "max_molecular_weight": 43.0874, "shear_5nN-qq": [-3.8641189648281373, 6.620907644810789], "intercept": 0.5442866704563203, "shear_15nN-qq": [6.3906839376498805, 8.826844433809464], "min_molecular_weight": 41.0716, "delta_molecular_weight": 2.015800000000006, "ch3-smiles-2": "CC(C)C", "chain-smiles-2": "CCCCCCCCCCCCCCCCCC(C)C", "tilt_bottom": {"25nN": 40.78553966112991, "5nN": 35.54391353759164, "15nN": 38.91521587453338}, "tilt_top": {"25nN": 38.21089384908671, "5nN": 32.74422543236617, "15nN": 37.455811638596956}, "shear_15nN-lj": [-1449.3808169224621, 49.01284249316002], "h-smiles-1": "C1CC1", "ch3-smiles-1": "CC1CC1", "S2_bottom": {"25nN": 0.969609062025482, "5nN": 0.9736463414467793, "15nN": 0.9737740531867959}, "h-smiles-2": "C(C)C", "shear_25nN-qq": [31.24945211670663, 12.485208189489045], "COF": 0.15221117873899706, "shear_25nN-lj": [-1574.2309274612312, 49.55676633961473], "S2_top": {"25nN": 0.9561533982102283, "5nN": 0.9524587423878809, "15nN": 0.9685824334527}, "shear_15nN-Etotal": [-1442.9901329848121, 48.67615425987828], "shear_5nN-Etotal": [-1233.1857741430854, 50.9060305053542], "shear_25nN-Etotal": [-1542.9814753445244, 48.57080240498922], "avg_molecular_weight": 42.079499999999996, "shear_5nN-lj": [-1229.3216551782573, 50.156114062578766], "delta_dipole_moment": 0.01, "status": {"df0d2e1afbe99b9f47d48a8c0edc3ff5-get_interaction_energy_5nN": 1, "df0d2e1afbe99b9f47d48a8c0edc3ff5-unwrap_shear_5nN": 1, "df0d2e1afbe99b9f47d48a8c0edc3ff5-log_cof": 1, "df0d2e1afbe99b9f47d48a8c0edc3ff5-unwrap_shear_25nN": 1, "df0d2e1afbe99b9f47d48a8c0edc3ff5-get_interaction_energy_15nN": 1, "df0d2e1afbe99b9f47d48a8c0edc3ff5-shear_25nN_grompp": 1, "df0d2e1afbe99b9f47d48a8c0edc3ff5-compress_grompp": 1, "df0d2e1afbe99b9f47d48a8c0edc3ff5-unwrap_shear_15nN": 1, "df0d2e1afbe99b9f47d48a8c0edc3ff5-log_interaction_energy_15nN": 1, "df0d2e1afbe99b9f47d48a8c0edc3ff5-shear_15nN_rerun": 1, "df0d2e1afbe99b9f47d48a8c0edc3ff5-compress": 1, "df0d2e1afbe99b9f47d48a8c0edc3ff5-calc_interdigitation": 1, "df0d2e1afbe99b9f47d48a8c0edc3ff5-shear_5nN_rerun_grompp": 1, "df0d2e1afbe99b9f47d48a8c0edc3ff5-fix_overlaps": 1, "df0d2e1afbe99b9f47d48a8c0edc3ff5-shear_5nN_rerun": 1, "df0d2e1afbe99b9f47d48a8c0edc3ff5-shear_5nN": 1, "df0d2e1afbe99b9f47d48a8c0edc3ff5-lammps_to_gmx": 1, "df0d2e1afbe99b9f47d48a8c0edc3ff5-calc_friction": 1, "df0d2e1afbe99b9f47d48a8c0edc3ff5-shear_25nN_rerun_grompp": 1, "df0d2e1afbe99b9f47d48a8c0edc3ff5-log_interaction_energy_25nN": 1, "df0d2e1afbe99b9f47d48a8c0edc3ff5-shear_15nN_grompp": 1, "df0d2e1afbe99b9f47d48a8c0edc3ff5-log_tilt": 1, "df0d2e1afbe99b9f47d48a8c0edc3ff5-calc_tilt_shear": 1, "df0d2e1afbe99b9f47d48a8c0edc3ff5-equilibrate_grompp": 1, "df0d2e1afbe99b9f47d48a8c0edc3ff5-minimize_grompp": 1, "df0d2e1afbe99b9f47d48a8c0edc3ff5-shear_25nN": 1, "df0d2e1afbe99b9f47d48a8c0edc3ff5-shear_25nN_rerun": 1, "df0d2e1afbe99b9f47d48a8c0edc3ff5-shear_15nN_rerun_grompp": 1, "df0d2e1afbe99b9f47d48a8c0edc3ff5-get_interaction_energy_25nN": 1, "df0d2e1afbe99b9f47d48a8c0edc3ff5-log_S2": 1, "df0d2e1afbe99b9f47d48a8c0edc3ff5-minimize": 1, "df0d2e1afbe99b9f47d48a8c0edc3ff5-shear_15nN": 1, "df0d2e1afbe99b9f47d48a8c0edc3ff5-shear_5nN_grompp": 1, "df0d2e1afbe99b9f47d48a8c0edc3ff5-log_interaction_energy_5nN": 1, "df0d2e1afbe99b9f47d48a8c0edc3ff5-top_to_mol2": 1, "df0d2e1afbe99b9f47d48a8c0edc3ff5-calc_S2_shear": 1, "df0d2e1afbe99b9f47d48a8c0edc3ff5-equilibrate": 1, "df0d2e1afbe99b9f47d48a8c0edc3ff5-initialize": 1}, "chain-smiles-1": "CCCCCCCCCCCCCCCCCC1CC1"}