{"avg_dipole_moment": 3.11, "max_dipole_moment": 6.22, "min_dipole_moment": 0.0, "max_molecular_weight": 122.1013, "shear_5nN-qq": [-36.192787120703436, 11.506877965627679], "intercept": 1.2587250100307612, "shear_15nN-qq": [-68.89390453557154, 14.262602778225906], "min_molecular_weight": 15.0344, "delta_molecular_weight": 107.06689999999999, "ch3-smiles-2": "CC1=CC=C([N+](=O)[O-])C=C1", "chain-smiles-2": "CCCCCCCCCCCCCCCCCC1=CC=C([N+](=O)[O-])C=C1", "tilt_bottom": {"25nN": 40.75104561388032, "5nN": 35.07028417905669, "15nN": 38.849865659710886}, "interdigitation": {"25nN": 0.14200257972185323, "5nN": 0.12663704467318523, "15nN": 0.1347419323879674}, "tilt_top": {"25nN": 38.12583763999701, "5nN": 31.61419902891143, "15nN": 35.67607843141955}, "shear_15nN-lj": [-1828.557972565947, 52.8163564377844], "h-smiles-1": "C", "S2_top": {"25nN": 0.931963269843651, "5nN": 0.9276353871055764, "15nN": 0.9214815447273966}, "S2_bottom": {"25nN": 0.9560929808554619, "5nN": 0.9616274046691086, "15nN": 0.9610732483474788}, "h-smiles-2": "C1=CC=C([N+](=O)[O-])C=C1", "shear_25nN-qq": [-100.93413467785771, 15.968130782183499], "COF": 0.11561198462975014, "shear_25nN-lj": [-1952.1092326314945, 51.57117523545302], "ch3-smiles-1": "CC", "shear_15nN-Etotal": [-1897.451877101519, 57.00876424656537], "shear_5nN-Etotal": [-1648.7970397601919, 58.461954599539595], "shear_25nN-Etotal": [-2053.0433673093526, 56.222503090396835], "avg_molecular_weight": 68.56784999999999, "shear_5nN-lj": [-1612.6042526394883, 55.83419172909851], "delta_dipole_moment": 6.22, "status": {"7e92b7a2a536740275208da6bd065a42-fix_overlaps": 1, "7e92b7a2a536740275208da6bd065a42-top_to_mol2": 1, "7e92b7a2a536740275208da6bd065a42-shear_25nN": 1, "7e92b7a2a536740275208da6bd065a42-initialize": 1, "7e92b7a2a536740275208da6bd065a42-shear_5nN_rerun_grompp": 1, "7e92b7a2a536740275208da6bd065a42-shear_15nN_rerun": 1, "7e92b7a2a536740275208da6bd065a42-shear_25nN_rerun_grompp": 1, "7e92b7a2a536740275208da6bd065a42-get_interaction_energy_25nN": 1, "7e92b7a2a536740275208da6bd065a42-shear_15nN": 1, "7e92b7a2a536740275208da6bd065a42-equilibrate": 1, "7e92b7a2a536740275208da6bd065a42-minimize": 1, "7e92b7a2a536740275208da6bd065a42-calc_S2_shear": 1, "7e92b7a2a536740275208da6bd065a42-shear_15nN_rerun_grompp": 1, "7e92b7a2a536740275208da6bd065a42-shear_5nN_rerun": 1, "7e92b7a2a536740275208da6bd065a42-unwrap_shear_15nN": 1, "7e92b7a2a536740275208da6bd065a42-calc_tilt_shear": 1, "7e92b7a2a536740275208da6bd065a42-calc_interdigitation": 1, "7e92b7a2a536740275208da6bd065a42-shear_25nN_rerun": 1, "7e92b7a2a536740275208da6bd065a42-log_interaction_energy_15nN": 1, "7e92b7a2a536740275208da6bd065a42-compress_grompp": 1, "7e92b7a2a536740275208da6bd065a42-get_interaction_energy_5nN": 1, "7e92b7a2a536740275208da6bd065a42-shear_5nN": 1, "7e92b7a2a536740275208da6bd065a42-compress": 1, "7e92b7a2a536740275208da6bd065a42-log_interaction_energy_5nN": 1, "7e92b7a2a536740275208da6bd065a42-unwrap_shear_5nN": 1, "7e92b7a2a536740275208da6bd065a42-log_tilt": 1, "7e92b7a2a536740275208da6bd065a42-log_cof": 1, "7e92b7a2a536740275208da6bd065a42-log_S2": 1, "7e92b7a2a536740275208da6bd065a42-shear_15nN_grompp": 1, "7e92b7a2a536740275208da6bd065a42-lammps_to_gmx": 1, "7e92b7a2a536740275208da6bd065a42-get_interaction_energy_15nN": 1, "7e92b7a2a536740275208da6bd065a42-unwrap_shear_25nN": 1, "7e92b7a2a536740275208da6bd065a42-equilibrate_grompp": 1, "7e92b7a2a536740275208da6bd065a42-calc_friction": 1, "7e92b7a2a536740275208da6bd065a42-minimize_grompp": 1, "7e92b7a2a536740275208da6bd065a42-shear_25nN_grompp": 1, "7e92b7a2a536740275208da6bd065a42-shear_5nN_grompp": 1, "7e92b7a2a536740275208da6bd065a42-log_interaction_energy_25nN": 1}, "chain-smiles-1": "CCCCCCCCCCCCCCCCCC"}