{"MR-mean":12.2984,"asphericity-mean":0.528642,"balabanj-mean":3.688056,"bertzct-mean":85.238048,"chi0-mean":5.995782,"chi0n-mean":5.1318555,"chi0v-mean":1.6318555,"chi1-mean":3.02102,"chi1n-mean":2.270052,"chi1v-mean":0.5659275,"chi2n-mean":0.19963,"chi2v-mean":0.19963,"chi3n-mean":0.0,"chi3v-mean":0.0,"chi4n-mean":0.0,"chi4v-mean":0.0,"e-valence-mean":20.0,"eccentricity-mean":0.9356615,"hk-alpha-mean":-0.52,"hk-kappa1-mean":0.389966,"hk-kappa2-mean":1.182429,"hk-kappa3-mean":1.3230045,"ipc-mean":23.9060865,"isf-mean":0.157329,"labuteASA-mean":26.7390925,"logP-mean":0.31039,"molwt-mean":50.523839,"molwt-hvy-mean":47.0245,"nheavy-mean":3.5,"npr1-mean":0.2734935,"npr2-mean":0.776201,"pbf-mean":0.3360995,"pc+-mean":0.466456,"pc--mean":-0.466456,"pmi1-mean":25.4273495,"pmi2-mean":54.696411,"pmi3-mean":76.477726,"rbonds-mean":0.5,"rg-mean":1.233061,"rpc+-mean":0.3518525,"rpc--mean":0.8278385,"spherocity-mean":0.3462375,"tpsa-mean":30.545,"vsa+-mean":17.699031,"vsa--mean":7.5826185,"vsa-fhyd-mean":0.6939325,"vsa-fneg-mean":0.293173,"vsa-fpneg-mean":0.1751685,"vsa-fpos-mean":0.706827,"vsa-fppos-mean":0.130899,"vsa-hyd-mean":16.6297245,"vsa-polar-mean":0.3060675,"vsa-polar+-mean":3.7002525,"vsa-polar--mean":4.9516725,"MR-min":11.287,"asphericity-min":0.223107,"balabanj-min":3.552734,"bertzct-min":75.774438,"chi0-min":5.207107,"chi0n-min":4.447214,"chi0v-min":1.447214,"chi1-min":2.56066,"chi1n-min":1.973607,"chi1v-min":0.473607,"chi2n-min":0.111803,"chi2v-min":0.111803,"chi3n-min":0.0,"chi3v-min":0.0,"chi4n-min":0.0,"chi4v-min":0.0,"e-valence-min":16.0,"eccentricity-min":0.87309,"hk-alpha-min":-0.53,"hk-kappa1-min":0.274207,"hk-kappa2-min":0.874858,"hk-kappa3-min":1.156009,"ipc-min":12.164797,"isf-min":0.011665,"labuteASA-min":23.711684,"logP-min":0.0909,"molwt-min":41.026549,"molwt-hvy-min":38.029,"nheavy-min":3.0,"npr1-min":0.059427,"npr2-min":0.554803,"pbf-min":0.329533,"pc+-min":0.198658,"pc--min":-0.734254,"pmi1-min":3.292487,"pmi2-min":54.121938,"pmi3-min":55.403887,"rbonds-min":0.0,"rg-min":1.178155,"rpc+-min":0.295557,"rpc--min":0.655677,"spherocity-min":0.277749,"tpsa-min":23.79,"vsa+-min":17.033389,"vsa--min":5.261892,"vsa-fhyd-min":0.387865,"vsa-fneg-min":0.236009,"vsa-fpneg-min":0.0,"vsa-fpos-min":0.649663,"vsa-fppos-min":0.0,"vsa-hyd-min":10.964168,"vsa-polar-min":0.0,"vsa-polar+-min":0.0,"vsa-polar--min":0.0,"MR-max":13.3098,"asphericity-max":0.834177,"balabanj-max":3.823378,"bertzct-max":94.701658,"chi0-max":6.784457,"chi0n-max":5.816497,"chi0v-max":1.816497,"chi1-max":3.48138,"chi1n-max":2.566497,"chi1v-max":0.658248,"chi2n-max":0.287457,"chi2v-max":0.287457,"chi3n-max":0.0,"chi3v-max":0.0,"chi4n-max":0.0,"chi4v-max":0.0,"e-valence-max":24.0,"eccentricity-max":0.998233,"hk-alpha-max":-0.51,"hk-kappa1-max":0.505725,"hk-kappa2-max":1.49,"hk-kappa3-max":1.49,"ipc-max":35.647376,"isf-max":0.302993,"labuteASA-max":29.766501,"logP-max":0.52988,"molwt-max":60.021129,"molwt-hvy-max":56.02,"nheavy-max":4.0,"npr1-max":0.48756,"npr2-max":0.997599,"pbf-max":0.342666,"pc+-max":0.734254,"pc--max":-0.198658,"pmi1-max":47.562212,"pmi2-max":55.270884,"pmi3-max":97.551565,"rbonds-max":1.0,"rg-max":1.287967,"rpc+-max":0.408148,"rpc--max":1.0,"spherocity-max":0.414726,"tpsa-max":37.3,"vsa+-max":18.364673,"vsa--max":9.903345,"vsa-fhyd-max":1.0,"vsa-fneg-max":0.350337,"vsa-fpneg-max":0.350337,"vsa-fpos-max":0.763991,"vsa-fppos-max":0.261798,"vsa-hyd-max":22.295281,"vsa-polar-max":0.612135,"vsa-polar+-max":7.400505,"vsa-polar--max":9.903345,"MR-diff":2.0228,"asphericity-diff":0.61107,"balabanj-diff":0.270644,"bertzct-diff":18.92722,"chi0-diff":1.57735,"chi0n-diff":1.369283,"chi0v-diff":0.369283,"chi1-diff":0.92072,"chi1n-diff":0.59289,"chi1v-diff":0.184641,"chi2n-diff":0.175654,"chi2v-diff":0.175654,"chi3n-diff":0.0,"chi3v-diff":0.0,"chi4n-diff":0.0,"chi4v-diff":0.0,"e-valence-diff":8.0,"eccentricity-diff":0.125143,"hk-alpha-diff":0.02,"hk-kappa1-diff":0.231518,"hk-kappa2-diff":0.615142,"hk-kappa3-diff":0.333991,"ipc-diff":23.482579,"isf-diff":0.291328,"labuteASA-diff":6.054817,"logP-diff":0.43898,"molwt-diff":18.99458,"molwt-hvy-diff":17.991,"nheavy-diff":1.0,"npr1-diff":0.428133,"npr2-diff":0.442796,"pbf-diff":0.013133,"pc+-diff":0.535596,"pc--diff":0.535596,"pmi1-diff":44.269725,"pmi2-diff":1.148946,"pmi3-diff":42.147678,"rbonds-diff":1.0,"rg-diff":0.109812,"rpc+-diff":0.112591,"rpc--diff":0.344323,"spherocity-diff":0.136977,"tpsa-diff":13.51,"vsa+-diff":1.331284,"vsa--diff":4.641453,"vsa-fhyd-diff":0.612135,"vsa-fneg-diff":0.114328,"vsa-fpneg-diff":0.350337,"vsa-fpos-diff":0.114328,"vsa-fppos-diff":0.261798,"vsa-hyd-diff":11.331113,"vsa-polar-diff":0.612135,"vsa-polar+-diff":7.400505,"vsa-polar--diff":9.903345,"hbonds":1.0}