{"interdigitation": {"25nN": 0.12406323608787183, "5nN": 0.13257824411584168, "15nN": 0.12275394133437012}, "shear_25nN-qq": [-1061.2386846482814, 87.61660508179492], "S2_top": {"25nN": 0.9670859964456463, "5nN": 0.9460286430709604, "15nN": 0.9358006705484473}, "tilt_bottom": {"25nN": 41.41003945984334, "5nN": 36.3672190568542, "15nN": 39.55422099449752}, "shear_15nN-Etotal": [-2598.8382098880898, 103.34878814738693], "S2_bottom": {"25nN": 0.9700006199252285, "5nN": 0.9703384251591908, "15nN": 0.970809832997312}, "shear_25nN-lj": [-1692.346283430056, 55.85569925595793], "delta_molecular_weight": 26.0372, "shear_15nN-qq": [-981.5175266890489, 87.86691575172497], "avg_dipole_moment": 2.52, "COF": 0.15808226881806547, "shear_25nN-Etotal": [-2753.584968078337, 97.144801071441], "tilt_top": {"25nN": 41.182793589712894, "5nN": 35.48660438177253, "15nN": 38.83864298050269}, "status": {"5932330bd814d1554b50cb0c8ca641c1-log_interaction_energy_25nN": 1, "5932330bd814d1554b50cb0c8ca641c1-top_to_mol2": 1, "5932330bd814d1554b50cb0c8ca641c1-shear_25nN_grompp": 1, "5932330bd814d1554b50cb0c8ca641c1-shear_5nN_grompp": 1, "5932330bd814d1554b50cb0c8ca641c1-shear_5nN_rerun_grompp": 1, "5932330bd814d1554b50cb0c8ca641c1-calc_tilt_shear": 1, "5932330bd814d1554b50cb0c8ca641c1-unwrap_shear_15nN": 1, "5932330bd814d1554b50cb0c8ca641c1-shear_5nN": 1, "5932330bd814d1554b50cb0c8ca641c1-shear_15nN": 1, "5932330bd814d1554b50cb0c8ca641c1-shear_25nN_rerun_grompp": 1, "5932330bd814d1554b50cb0c8ca641c1-unwrap_shear_5nN": 1, "5932330bd814d1554b50cb0c8ca641c1-unwrap_shear_25nN": 1, "5932330bd814d1554b50cb0c8ca641c1-minimize": 1, "5932330bd814d1554b50cb0c8ca641c1-lammps_to_gmx": 1, "5932330bd814d1554b50cb0c8ca641c1-log_tilt": 1, "5932330bd814d1554b50cb0c8ca641c1-shear_15nN_grompp": 1, "5932330bd814d1554b50cb0c8ca641c1-equilibrate": 1, "5932330bd814d1554b50cb0c8ca641c1-count_hydrogen_bonds": 1, "5932330bd814d1554b50cb0c8ca641c1-shear_25nN": 1, "5932330bd814d1554b50cb0c8ca641c1-initialize": 1, "5932330bd814d1554b50cb0c8ca641c1-get_interaction_energy_5nN": 1, "5932330bd814d1554b50cb0c8ca641c1-compress_grompp": 1, "5932330bd814d1554b50cb0c8ca641c1-log_interaction_energy_5nN": 1, "5932330bd814d1554b50cb0c8ca641c1-calc_friction": 1, "5932330bd814d1554b50cb0c8ca641c1-shear_15nN_rerun": 1, "5932330bd814d1554b50cb0c8ca641c1-shear_5nN_rerun": 1, "5932330bd814d1554b50cb0c8ca641c1-fix_overlaps": 1, "5932330bd814d1554b50cb0c8ca641c1-shear_15nN_rerun_grompp": 1, "5932330bd814d1554b50cb0c8ca641c1-log_cof": 1, "5932330bd814d1554b50cb0c8ca641c1-log_S2": 1, "5932330bd814d1554b50cb0c8ca641c1-compress": 1, "5932330bd814d1554b50cb0c8ca641c1-equilibrate_grompp": 1, "5932330bd814d1554b50cb0c8ca641c1-minimize_grompp": 1, "5932330bd814d1554b50cb0c8ca641c1-get_interaction_energy_15nN": 1, "5932330bd814d1554b50cb0c8ca641c1-calc_interdigitation": 1, "5932330bd814d1554b50cb0c8ca641c1-calc_S2_shear": 1, "5932330bd814d1554b50cb0c8ca641c1-shear_25nN_rerun": 1, "5932330bd814d1554b50cb0c8ca641c1-get_interaction_energy_25nN": 1, "5932330bd814d1554b50cb0c8ca641c1-log_interaction_energy_15nN": 1}, "intercept": 2.0901299173973107, "shear_5nN-qq": [-878.0471028353317, 80.23542755461307], "shear_5nN-Etotal": [-2301.82431894964, 103.38358407097309], "avg_molecular_weight": 30.0259, "delta_dipole_moment": 1.2800000000000002, "shear_15nN-lj": [-1617.3206831990406, 51.98223039519043], "shear_5nN-lj": [-1423.7772161143084, 54.96827968349439]}