{"shear_15nN-qq": [-14.965986434052754, 8.608355082318393], "tilt_bottom": {"25nN": 38.13770701441092, "5nN": 31.19585727019787, "15nN": 34.750951138222256}, "delta_molecular_weight": 52.0068, "status": {"906c37fa65d7ec749bc287ffa4151bc3-minimize_grompp": 1, "906c37fa65d7ec749bc287ffa4151bc3-log_interaction_energy_25nN": 1, "906c37fa65d7ec749bc287ffa4151bc3-calc_S2_shear": 1, "906c37fa65d7ec749bc287ffa4151bc3-calc_friction": 1, "906c37fa65d7ec749bc287ffa4151bc3-fix_overlaps": 1, "906c37fa65d7ec749bc287ffa4151bc3-shear_5nN_rerun": 1, "906c37fa65d7ec749bc287ffa4151bc3-get_interaction_energy_5nN": 1, "906c37fa65d7ec749bc287ffa4151bc3-shear_5nN": 1, "906c37fa65d7ec749bc287ffa4151bc3-shear_25nN": 1, "906c37fa65d7ec749bc287ffa4151bc3-get_interaction_energy_25nN": 1, "906c37fa65d7ec749bc287ffa4151bc3-log_tilt": 1, "906c37fa65d7ec749bc287ffa4151bc3-lammps_to_gmx": 1, "906c37fa65d7ec749bc287ffa4151bc3-top_to_mol2": 1, "906c37fa65d7ec749bc287ffa4151bc3-get_interaction_energy_15nN": 1, "906c37fa65d7ec749bc287ffa4151bc3-shear_5nN_rerun_grompp": 1, "906c37fa65d7ec749bc287ffa4151bc3-calc_tilt_shear": 1, "906c37fa65d7ec749bc287ffa4151bc3-shear_5nN_grompp": 1, "906c37fa65d7ec749bc287ffa4151bc3-shear_15nN_grompp": 1, "906c37fa65d7ec749bc287ffa4151bc3-equilibrate": 1, "906c37fa65d7ec749bc287ffa4151bc3-compress_grompp": 1, "906c37fa65d7ec749bc287ffa4151bc3-calc_interdigitation": 1, "906c37fa65d7ec749bc287ffa4151bc3-shear_15nN_rerun_grompp": 1, "906c37fa65d7ec749bc287ffa4151bc3-log_interaction_energy_5nN": 1, "906c37fa65d7ec749bc287ffa4151bc3-unwrap_shear_15nN": 1, "906c37fa65d7ec749bc287ffa4151bc3-equilibrate_grompp": 1, "906c37fa65d7ec749bc287ffa4151bc3-log_cof": 1, "906c37fa65d7ec749bc287ffa4151bc3-shear_25nN_rerun_grompp": 1, "906c37fa65d7ec749bc287ffa4151bc3-initialize": 1, "906c37fa65d7ec749bc287ffa4151bc3-shear_25nN_rerun": 1, "906c37fa65d7ec749bc287ffa4151bc3-minimize": 1, "906c37fa65d7ec749bc287ffa4151bc3-shear_25nN_grompp": 1, "906c37fa65d7ec749bc287ffa4151bc3-shear_15nN_rerun": 1, "906c37fa65d7ec749bc287ffa4151bc3-compress": 1, "906c37fa65d7ec749bc287ffa4151bc3-log_S2": 1, "906c37fa65d7ec749bc287ffa4151bc3-unwrap_shear_5nN": 1, "906c37fa65d7ec749bc287ffa4151bc3-shear_15nN": 1, "906c37fa65d7ec749bc287ffa4151bc3-unwrap_shear_25nN": 1, "906c37fa65d7ec749bc287ffa4151bc3-log_interaction_energy_15nN": 1}, "interdigitation": {"25nN": 0.13745646083353222, "5nN": 0.14900666711466887, "15nN": 0.13838052439550463}, "intercept": 0.8004137470520372, "delta_dipole_moment": 2.02, "S2_top": {"25nN": 0.9075068184056923, "5nN": 0.9253513371422335, "15nN": 0.9205925533315633}, "shear_25nN-Etotal": [-1683.498858565947, 47.62711947508577], "shear_5nN-Etotal": [-1344.0926828593126, 52.43061914734015], "S2_bottom": {"25nN": 0.9319514892744528, "5nN": 0.9159780704526272, "15nN": 0.9147855487460491}, "avg_molecular_weight": 69.0908, "shear_15nN-lj": [-1570.7086303461233, 46.273023603811595], "tilt_top": {"25nN": 37.31707646443874, "5nN": 32.028324599477116, "15nN": 36.01399154129844}, "avg_dipole_moment": 1.0199999999999998, "shear_5nN-qq": [-13.814744356514788, 6.882759394330332], "shear_5nN-lj": [-1330.277938502798, 51.86766475488655], "COF": 0.12197827390112485, "shear_25nN-lj": [-1665.122211306155, 46.69784423509783], "shear_25nN-qq": [-18.37664725979217, 8.814489372050023], "shear_15nN-Etotal": [-1585.6746167801757, 47.272288740477926]}