{"shear_15nN-qq": [-631.0881771742606, 74.06453815769967], "delta_molecular_weight": 2.9609999999999985, "tilt_bottom": {"25nN": 39.82773034790878, "5nN": 34.14265446440032, "15nN": 38.00014971354458}, "interdigitation": {"25nN": 0.15497132471464425, "5nN": 0.14888218402865122, "15nN": 0.1500665983775685}, "intercept": 1.8319121824517, "delta_dipole_moment": 0.6499999999999999, "S2_top": {"25nN": 0.897090265613211, "5nN": 0.9206890972532545, "15nN": 0.8919938038428747}, "shear_25nN-Etotal": [-2704.9591768721025, 101.27013343916512], "shear_5nN-Etotal": [-2287.65311039968, 95.9587502547646], "S2_bottom": {"25nN": 0.9292560081414494, "5nN": 0.9321634835514618, "15nN": 0.9346148167968125}, "status": {"6a9962004320ad28f4e48c0675a32523-compress_grompp": 1, "6a9962004320ad28f4e48c0675a32523-log_interaction_energy_25nN": 1, "6a9962004320ad28f4e48c0675a32523-log_interaction_energy_15nN": 1, "6a9962004320ad28f4e48c0675a32523-get_interaction_energy_25nN": 1, "6a9962004320ad28f4e48c0675a32523-calc_interdigitation": 1, "6a9962004320ad28f4e48c0675a32523-log_cof": 1, "6a9962004320ad28f4e48c0675a32523-equilibrate": 1, "6a9962004320ad28f4e48c0675a32523-shear_5nN_rerun": 1, "6a9962004320ad28f4e48c0675a32523-lammps_to_gmx": 1, "6a9962004320ad28f4e48c0675a32523-log_interaction_energy_5nN": 1, "6a9962004320ad28f4e48c0675a32523-shear_5nN_grompp": 1, "6a9962004320ad28f4e48c0675a32523-get_interaction_energy_15nN": 1, "6a9962004320ad28f4e48c0675a32523-log_tilt": 1, "6a9962004320ad28f4e48c0675a32523-log_S2": 1, "6a9962004320ad28f4e48c0675a32523-shear_25nN_rerun_grompp": 1, "6a9962004320ad28f4e48c0675a32523-shear_15nN": 1, "6a9962004320ad28f4e48c0675a32523-shear_25nN_rerun": 1, "6a9962004320ad28f4e48c0675a32523-fix_overlaps": 1, "6a9962004320ad28f4e48c0675a32523-compress": 1, "6a9962004320ad28f4e48c0675a32523-calc_tilt_shear": 1, "6a9962004320ad28f4e48c0675a32523-calc_S2_shear": 1, "6a9962004320ad28f4e48c0675a32523-shear_25nN": 1, "6a9962004320ad28f4e48c0675a32523-shear_15nN_rerun": 1, "6a9962004320ad28f4e48c0675a32523-minimize_grompp": 1, "6a9962004320ad28f4e48c0675a32523-minimize": 1, "6a9962004320ad28f4e48c0675a32523-initialize": 1, "6a9962004320ad28f4e48c0675a32523-shear_15nN_grompp": 1, "6a9962004320ad28f4e48c0675a32523-get_interaction_energy_5nN": 1, "6a9962004320ad28f4e48c0675a32523-shear_5nN_rerun_grompp": 1, "6a9962004320ad28f4e48c0675a32523-shear_15nN_rerun_grompp": 1, "6a9962004320ad28f4e48c0675a32523-calc_friction": 1, "6a9962004320ad28f4e48c0675a32523-shear_5nN": 1, "6a9962004320ad28f4e48c0675a32523-unwrap_shear_25nN": 1, "6a9962004320ad28f4e48c0675a32523-equilibrate_grompp": 1, "6a9962004320ad28f4e48c0675a32523-top_to_mol2": 1, "6a9962004320ad28f4e48c0675a32523-unwrap_shear_5nN": 1, "6a9962004320ad28f4e48c0675a32523-unwrap_shear_15nN": 1, "6a9962004320ad28f4e48c0675a32523-shear_25nN_grompp": 1}, "avg_molecular_weight": 44.525, "shear_15nN-lj": [-1939.586647383693, 53.58870752677155], "tilt_top": {"25nN": 39.31371463863814, "5nN": 33.60755998245429, "15nN": 37.309906305804574}, "avg_dipole_moment": 3.4850000000000003, "shear_5nN-qq": [-558.9720009880097, 64.27902143323534], "shear_5nN-lj": [-1728.681109411671, 53.34869862542513], "COF": 0.14021325361663406, "shear_25nN-lj": [-2041.891347571543, 55.82362408571917], "shear_25nN-qq": [-663.0678293005595, 80.88591911821959], "shear_15nN-Etotal": [-2570.674824557954, 98.17442954141438]}