{"avg_dipole_moment": 1.71, "max_dipole_moment": 3.41, "min_dipole_moment": 0.01, "max_molecular_weight": 43.0874, "shear_5nN-qq": [1.4114759360511593, 10.043292837008734], "intercept": 0.6235440231601439, "shear_15nN-qq": [21.85752889448441, 11.577907328381862], "min_molecular_weight": 26.0174, "delta_molecular_weight": 17.070000000000004, "ch3-smiles-2": "CC(C)C", "chain-smiles-2": "CCCCCCCCCCCCCCCCCC(C)C", "tilt_bottom": {"25nN": 39.83224613525426, "5nN": 34.51052231656091, "15nN": 36.95022808350771}, "interdigitation": {"25nN": 0.08950668384749824, "5nN": 0.11460973022986377, "15nN": 0.09447038236460445}, "tilt_top": {"25nN": 35.91977606270885, "5nN": 31.583887994416177, "15nN": 34.400997020719636}, "shear_15nN-lj": [-1470.052178268585, 42.02048126625333], "h-smiles-1": "C#N", "S2_top": {"25nN": 0.857078881354308, "5nN": 0.9407683847639899, "15nN": 0.9269110164380753}, "S2_bottom": {"25nN": 0.9476322343833886, "5nN": 0.9610441060878367, "15nN": 0.9420349252178862}, "h-smiles-2": "C(C)C", "shear_25nN-qq": [35.293928745003996, 13.165125309740862], "COF": 0.09456456101157451, "shear_25nN-lj": [-1543.273569123901, 41.103289286897514], "ch3-smiles-1": "CC#N", "shear_15nN-Etotal": [-1448.1946493741007, 42.673291933156484], "shear_5nN-Etotal": [-1233.1851766251, 46.5322185933052], "shear_25nN-Etotal": [-1507.9796403788966, 41.74246406871282], "avg_molecular_weight": 34.5524, "shear_5nN-lj": [-1234.596652561151, 47.1014658690993], "delta_dipole_moment": 3.4000000000000004, "status": {"e1d31d149f216b9303c94581b2c24d6d-log_interaction_energy_25nN": 1, "e1d31d149f216b9303c94581b2c24d6d-shear_5nN_grompp": 1, "e1d31d149f216b9303c94581b2c24d6d-equilibrate_grompp": 1, "e1d31d149f216b9303c94581b2c24d6d-log_tilt": 1, "e1d31d149f216b9303c94581b2c24d6d-shear_15nN_rerun": 1, "e1d31d149f216b9303c94581b2c24d6d-calc_S2_shear": 1, "e1d31d149f216b9303c94581b2c24d6d-unwrap_shear_5nN": 1, "e1d31d149f216b9303c94581b2c24d6d-shear_15nN_rerun_grompp": 1, "e1d31d149f216b9303c94581b2c24d6d-shear_25nN_grompp": 1, "e1d31d149f216b9303c94581b2c24d6d-initialize": 1, "e1d31d149f216b9303c94581b2c24d6d-calc_interdigitation": 1, "e1d31d149f216b9303c94581b2c24d6d-shear_15nN_grompp": 1, "e1d31d149f216b9303c94581b2c24d6d-shear_5nN_rerun": 1, "e1d31d149f216b9303c94581b2c24d6d-get_interaction_energy_25nN": 1, "e1d31d149f216b9303c94581b2c24d6d-fix_overlaps": 1, "e1d31d149f216b9303c94581b2c24d6d-equilibrate": 1, "e1d31d149f216b9303c94581b2c24d6d-calc_tilt_shear": 1, "e1d31d149f216b9303c94581b2c24d6d-compress": 1, "e1d31d149f216b9303c94581b2c24d6d-minimize_grompp": 1, "e1d31d149f216b9303c94581b2c24d6d-shear_25nN": 1, "e1d31d149f216b9303c94581b2c24d6d-get_interaction_energy_15nN": 1, "e1d31d149f216b9303c94581b2c24d6d-top_to_mol2": 1, "e1d31d149f216b9303c94581b2c24d6d-unwrap_shear_25nN": 1, "e1d31d149f216b9303c94581b2c24d6d-shear_5nN": 1, "e1d31d149f216b9303c94581b2c24d6d-shear_25nN_rerun": 1, "e1d31d149f216b9303c94581b2c24d6d-unwrap_shear_15nN": 1, "e1d31d149f216b9303c94581b2c24d6d-compress_grompp": 1, "e1d31d149f216b9303c94581b2c24d6d-shear_15nN": 1, "e1d31d149f216b9303c94581b2c24d6d-log_cof": 1, "e1d31d149f216b9303c94581b2c24d6d-log_interaction_energy_15nN": 1, "e1d31d149f216b9303c94581b2c24d6d-get_interaction_energy_5nN": 1, "e1d31d149f216b9303c94581b2c24d6d-shear_5nN_rerun_grompp": 1, "e1d31d149f216b9303c94581b2c24d6d-minimize": 1, "e1d31d149f216b9303c94581b2c24d6d-log_S2": 1, "e1d31d149f216b9303c94581b2c24d6d-shear_25nN_rerun_grompp": 1, "e1d31d149f216b9303c94581b2c24d6d-log_interaction_energy_5nN": 1, "e1d31d149f216b9303c94581b2c24d6d-calc_friction": 1, "e1d31d149f216b9303c94581b2c24d6d-lammps_to_gmx": 1}, "chain-smiles-1": "CCCCCCCCCCCCCCCCCC#N"}