{"avg_dipole_moment": 1.855, "max_dipole_moment": 2.03, "min_dipole_moment": 1.68, "max_molecular_weight": 95.0942, "shear_5nN-qq": [-125.64405381294964, 25.545167107069467], "intercept": 1.4407230121786578, "shear_15nN-qq": [-142.1850508888889, 28.709730079950525], "min_molecular_weight": 31.0338, "delta_molecular_weight": 64.0604, "ch3-smiles-2": "COC", "chain-smiles-2": "CCCCCCCCCCCCCCCCCOC", "tilt_bottom": {"25nN": 36.06243179355048, "5nN": 32.51251018963071, "15nN": 36.419898916893594}, "tilt_top": {"25nN": 40.1382564800453, "5nN": 35.92398887554393, "15nN": 39.16450268973647}, "shear_15nN-lj": [-1647.4008604732214, 51.83935549057584], "h-smiles-1": "C1=CC=C(F)C=C1", "ch3-smiles-1": "CC1=CC=C(F)C=C1", "S2_bottom": {"25nN": 0.8902963753672868, "5nN": 0.9262221779584068, "15nN": 0.9199178921565955}, "h-smiles-2": "OC", "shear_25nN-qq": [-156.55995074340527, 29.179518119347865], "COF": 0.13659390011493025, "shear_25nN-lj": [-1758.7212091654674, 50.35614278606946], "S2_top": {"25nN": 0.9167766146165754, "5nN": 0.9464618061923282, "15nN": 0.94171176094375}, "shear_15nN-Etotal": [-1789.5859113621104, 62.99921318321352], "shear_5nN-Etotal": [-1539.0680732861708, 67.16175310531658], "shear_25nN-Etotal": [-1915.281159908873, 60.868790439277], "avg_molecular_weight": 63.064, "shear_5nN-lj": [-1413.4240194732215, 56.19610097841992], "delta_dipole_moment": 0.34999999999999987, "status": {"97bce028fb3514c3500611f555dade75-get_interaction_energy_5nN": 1, "97bce028fb3514c3500611f555dade75-top_to_mol2": 1, "97bce028fb3514c3500611f555dade75-unwrap_shear_15nN": 1, "97bce028fb3514c3500611f555dade75-calc_S2_shear": 1, "97bce028fb3514c3500611f555dade75-unwrap_shear_25nN": 1, "97bce028fb3514c3500611f555dade75-unwrap_shear_5nN": 1, "97bce028fb3514c3500611f555dade75-shear_5nN_rerun_grompp": 1, "97bce028fb3514c3500611f555dade75-calc_friction": 1, "97bce028fb3514c3500611f555dade75-equilibrate": 1, "97bce028fb3514c3500611f555dade75-shear_15nN_grompp": 1, "97bce028fb3514c3500611f555dade75-shear_25nN_grompp": 1, "97bce028fb3514c3500611f555dade75-shear_5nN": 1, "97bce028fb3514c3500611f555dade75-equilibrate_grompp": 1, "97bce028fb3514c3500611f555dade75-log_tilt": 1, "97bce028fb3514c3500611f555dade75-fix_overlaps": 1, "97bce028fb3514c3500611f555dade75-shear_5nN_grompp": 1, "97bce028fb3514c3500611f555dade75-log_interaction_energy_5nN": 1, "97bce028fb3514c3500611f555dade75-log_interaction_energy_25nN": 1, "97bce028fb3514c3500611f555dade75-shear_5nN_rerun": 1, "97bce028fb3514c3500611f555dade75-minimize_grompp": 1, "97bce028fb3514c3500611f555dade75-compress": 1, "97bce028fb3514c3500611f555dade75-shear_25nN": 1, "97bce028fb3514c3500611f555dade75-get_interaction_energy_15nN": 1, "97bce028fb3514c3500611f555dade75-calc_tilt_shear": 1, "97bce028fb3514c3500611f555dade75-calc_interdigitation": 1, "97bce028fb3514c3500611f555dade75-shear_15nN_rerun_grompp": 1, "97bce028fb3514c3500611f555dade75-initialize": 1, "97bce028fb3514c3500611f555dade75-log_S2": 1, "97bce028fb3514c3500611f555dade75-log_interaction_energy_15nN": 1, "97bce028fb3514c3500611f555dade75-get_interaction_energy_25nN": 1, "97bce028fb3514c3500611f555dade75-shear_25nN_rerun": 1, "97bce028fb3514c3500611f555dade75-shear_25nN_rerun_grompp": 1, "97bce028fb3514c3500611f555dade75-lammps_to_gmx": 1, "97bce028fb3514c3500611f555dade75-shear_15nN_rerun": 1, "97bce028fb3514c3500611f555dade75-compress_grompp": 1, "97bce028fb3514c3500611f555dade75-log_cof": 1, "97bce028fb3514c3500611f555dade75-minimize": 1, "97bce028fb3514c3500611f555dade75-shear_15nN": 1}, "chain-smiles-1": "CCCCCCCCCCCCCCCCCC1=CC=C(F)C=C1"}