{"tilt_bottom": {"25nN": 39.134087986320864, "5nN": 32.946010114939334, "15nN": 37.68686164574775}, "interdigitation": {"25nN": 0.1494790829378213, "5nN": 0.12843366755796054, "15nN": 0.11548547284444396}, "S2_top": {"25nN": 0.9385071385136878, "5nN": 0.9505410111179328, "15nN": 0.9362561129339257}, "shear_25nN-qq": [84.87658464108712, 11.173530656698883], "shear_5nN-qq": [14.57590606554756, 10.105056031152294], "shear_15nN-Etotal": [-1529.402724084732, 49.220674983179705], "S2_bottom": {"25nN": 0.9287385050686359, "5nN": 0.9236241074440006, "15nN": 0.9380364652874061}, "shear_25nN-lj": [-1700.143144471623, 52.70603283480286], "delta_molecular_weight": 62.069300000000005, "intercept": 1.034579046746583, "avg_dipole_moment": 0.0, "COF": 0.15854796034295598, "shear_25nN-Etotal": [-1615.2665598305357, 51.440482559804316], "tilt_top": {"25nN": 38.91864638075345, "5nN": 34.094540952174256, "15nN": 37.345081537833956}, "status": {"5e1d81c0ccadf52265537c8ccf2039b6-log_S2": 1, "5e1d81c0ccadf52265537c8ccf2039b6-lammps_to_gmx": 1, "5e1d81c0ccadf52265537c8ccf2039b6-log_interaction_energy_25nN": 1, "5e1d81c0ccadf52265537c8ccf2039b6-get_interaction_energy_25nN": 1, "5e1d81c0ccadf52265537c8ccf2039b6-fix_overlaps": 1, "5e1d81c0ccadf52265537c8ccf2039b6-shear_25nN_rerun_grompp": 1, "5e1d81c0ccadf52265537c8ccf2039b6-log_tilt": 1, "5e1d81c0ccadf52265537c8ccf2039b6-compress_grompp": 1, "5e1d81c0ccadf52265537c8ccf2039b6-shear_5nN_rerun_grompp": 1, "5e1d81c0ccadf52265537c8ccf2039b6-log_interaction_energy_5nN": 1, "5e1d81c0ccadf52265537c8ccf2039b6-get_interaction_energy_5nN": 1, "5e1d81c0ccadf52265537c8ccf2039b6-minimize": 1, "5e1d81c0ccadf52265537c8ccf2039b6-unwrap_shear_15nN": 1, "5e1d81c0ccadf52265537c8ccf2039b6-unwrap_shear_25nN": 1, "5e1d81c0ccadf52265537c8ccf2039b6-initialize": 1, "5e1d81c0ccadf52265537c8ccf2039b6-equilibrate": 1, "5e1d81c0ccadf52265537c8ccf2039b6-minimize_grompp": 1, "5e1d81c0ccadf52265537c8ccf2039b6-shear_15nN_grompp": 1, "5e1d81c0ccadf52265537c8ccf2039b6-shear_5nN_rerun": 1, "5e1d81c0ccadf52265537c8ccf2039b6-calc_interdigitation": 1, "5e1d81c0ccadf52265537c8ccf2039b6-log_cof": 1, "5e1d81c0ccadf52265537c8ccf2039b6-calc_tilt_shear": 1, "5e1d81c0ccadf52265537c8ccf2039b6-calc_friction": 1, "5e1d81c0ccadf52265537c8ccf2039b6-shear_15nN": 1, "5e1d81c0ccadf52265537c8ccf2039b6-unwrap_shear_5nN": 1, "5e1d81c0ccadf52265537c8ccf2039b6-equilibrate_grompp": 1, "5e1d81c0ccadf52265537c8ccf2039b6-shear_25nN_grompp": 1, "5e1d81c0ccadf52265537c8ccf2039b6-compress": 1, "5e1d81c0ccadf52265537c8ccf2039b6-top_to_mol2": 1, "5e1d81c0ccadf52265537c8ccf2039b6-calc_S2_shear": 1, "5e1d81c0ccadf52265537c8ccf2039b6-shear_15nN_rerun": 1, "5e1d81c0ccadf52265537c8ccf2039b6-shear_5nN": 1, "5e1d81c0ccadf52265537c8ccf2039b6-shear_15nN_rerun_grompp": 1, "5e1d81c0ccadf52265537c8ccf2039b6-shear_5nN_grompp": 1, "5e1d81c0ccadf52265537c8ccf2039b6-get_interaction_energy_15nN": 1, "5e1d81c0ccadf52265537c8ccf2039b6-log_interaction_energy_15nN": 1, "5e1d81c0ccadf52265537c8ccf2039b6-shear_25nN_rerun": 1, "5e1d81c0ccadf52265537c8ccf2039b6-shear_25nN": 1}, "shear_15nN-qq": [63.015277461231015, 11.468938665716388], "shear_5nN-Etotal": [-1350.782532767386, 48.94166854972922], "avg_molecular_weight": 46.069050000000004, "delta_dipole_moment": 0.0, "shear_15nN-lj": [-1592.418001545963, 50.200239295288505], "shear_5nN-lj": [-1365.3584388329336, 50.80631804357938]}