{"tilt_bottom": {"25nN": 40.99115418163157, "5nN": 37.262735125235714, "15nN": 39.50578970476292}, "shear_25nN-qq": [-1824.2497112581932, 130.5058084238354], "S2_top": {"25nN": 0.969807561632845, "5nN": 0.9664337803612294, "15nN": 0.965316781029981}, "shear_5nN-qq": [-1675.721719405276, 122.86177680051325], "shear_15nN-Etotal": [-3200.2242186738613, 135.40578611823747], "S2_bottom": {"25nN": 0.94003925733731, "5nN": 0.9523239949681653, "15nN": 0.9548016145915904}, "shear_25nN-lj": [-1488.8489687721822, 52.43107955138349], "delta_molecular_weight": 9.010099999999998, "interdigitation": {"25nN": 0.11136783020030883, "5nN": 0.11843510318354522, "15nN": 0.11736696075497495}, "intercept": 3.469528084041228, "avg_dipole_moment": 2.645, "COF": 0.13365884512056245, "shear_25nN-Etotal": [-3313.098680030376, 135.97043134498375], "tilt_top": {"25nN": 40.947505239878716, "5nN": 36.56197504531414, "15nN": 39.54435494422267}, "status": {"c564a8d30ef3557a4974a51631eb5dc0-log_tilt": 1, "c564a8d30ef3557a4974a51631eb5dc0-shear_15nN_rerun_grompp": 1, "c564a8d30ef3557a4974a51631eb5dc0-compress_grompp": 1, "c564a8d30ef3557a4974a51631eb5dc0-get_interaction_energy_5nN": 1, "c564a8d30ef3557a4974a51631eb5dc0-compress": 1, "c564a8d30ef3557a4974a51631eb5dc0-get_interaction_energy_15nN": 1, "c564a8d30ef3557a4974a51631eb5dc0-calc_S2_shear": 1, "c564a8d30ef3557a4974a51631eb5dc0-log_interaction_energy_25nN": 1, "c564a8d30ef3557a4974a51631eb5dc0-calc_tilt_shear": 1, "c564a8d30ef3557a4974a51631eb5dc0-fix_overlaps": 1, "c564a8d30ef3557a4974a51631eb5dc0-shear_5nN_rerun_grompp": 1, "c564a8d30ef3557a4974a51631eb5dc0-log_cof": 1, "c564a8d30ef3557a4974a51631eb5dc0-shear_25nN_rerun": 1, "c564a8d30ef3557a4974a51631eb5dc0-calc_interdigitation": 1, "c564a8d30ef3557a4974a51631eb5dc0-log_interaction_energy_5nN": 1, "c564a8d30ef3557a4974a51631eb5dc0-initialize": 1, "c564a8d30ef3557a4974a51631eb5dc0-shear_25nN_rerun_grompp": 1, "c564a8d30ef3557a4974a51631eb5dc0-unwrap_shear_25nN": 1, "c564a8d30ef3557a4974a51631eb5dc0-shear_15nN_rerun": 1, "c564a8d30ef3557a4974a51631eb5dc0-shear_25nN_grompp": 1, "c564a8d30ef3557a4974a51631eb5dc0-shear_15nN_grompp": 1, "c564a8d30ef3557a4974a51631eb5dc0-shear_5nN_rerun": 1, "c564a8d30ef3557a4974a51631eb5dc0-minimize_grompp": 1, "c564a8d30ef3557a4974a51631eb5dc0-shear_5nN_grompp": 1, "c564a8d30ef3557a4974a51631eb5dc0-shear_15nN": 1, "c564a8d30ef3557a4974a51631eb5dc0-lammps_to_gmx": 1, "c564a8d30ef3557a4974a51631eb5dc0-top_to_mol2": 1, "c564a8d30ef3557a4974a51631eb5dc0-unwrap_shear_15nN": 1, "c564a8d30ef3557a4974a51631eb5dc0-equilibrate": 1, "c564a8d30ef3557a4974a51631eb5dc0-unwrap_shear_5nN": 1, "c564a8d30ef3557a4974a51631eb5dc0-calc_friction": 1, "c564a8d30ef3557a4974a51631eb5dc0-minimize": 1, "c564a8d30ef3557a4974a51631eb5dc0-equilibrate_grompp": 1, "c564a8d30ef3557a4974a51631eb5dc0-log_S2": 1, "c564a8d30ef3557a4974a51631eb5dc0-shear_25nN": 1, "c564a8d30ef3557a4974a51631eb5dc0-get_interaction_energy_25nN": 1, "c564a8d30ef3557a4974a51631eb5dc0-log_interaction_energy_15nN": 1, "c564a8d30ef3557a4974a51631eb5dc0-shear_5nN": 1, "c564a8d30ef3557a4974a51631eb5dc0-count_hydrogen_bonds": 1}, "shear_15nN-qq": [-1763.752432913669, 124.32085953496309], "shear_5nN-Etotal": [-2993.07710657474, 133.4703472156757], "avg_molecular_weight": 21.512349999999998, "delta_dipole_moment": 1.5300000000000002, "shear_15nN-lj": [-1436.4717857601918, 50.885350727373954], "shear_5nN-lj": [-1317.3553871694644, 48.52455345803478]}