{"MR-mean":22.035,"asphericity-mean":0.492572,"balabanj-mean":3.713577,"bertzct-mean":227.9933825,"chi0-mean":9.8356045,"chi0n-mean":9.143106,"chi0v-mean":2.643106,"chi1-mean":5.1912665,"chi1n-mean":4.423615,"chi1v-mean":1.173615,"chi2n-mean":0.645522,"chi2v-mean":0.645522,"chi3n-mean":0.2972455,"chi3v-mean":0.2972455,"chi4n-mean":0.148623,"chi4v-mean":0.148623,"e-valence-mean":31.0,"eccentricity-mean":0.9766565,"hk-alpha-mean":-0.445,"hk-kappa1-mean":0.765058,"hk-kappa2-mean":1.954131,"hk-kappa3-mean":1.5097015,"ipc-mean":631.636582,"isf-mean":0.039236,"labuteASA-mean":43.2221175,"logP-mean":1.19836,"molwt-mean":78.0475215,"molwt-hvy-mean":71.548,"nheavy-mean":5.5,"npr1-mean":0.214179,"npr2-mean":0.849116,"pbf-mean":0.3259325,"pc+-mean":0.425297,"pc--mean":-0.425297,"pmi1-mean":50.221392,"pmi2-mean":203.7156145,"pmi3-mean":248.9335925,"rbonds-mean":1.5,"rg-mean":1.569934,"rpc+-mean":0.2008925,"rpc--mean":0.7237165,"spherocity-mean":0.2288605,"tpsa-mean":4.615,"vsa+-mean":18.8564935,"vsa--mean":22.8561485,"vsa-fhyd-mean":0.873471,"vsa-fneg-mean":0.4509335,"vsa-fpneg-mean":0.126529,"vsa-fpos-mean":0.5490665,"vsa-fppos-mean":0.0,"vsa-hyd-mean":37.149003,"vsa-polar-mean":0.126529,"vsa-polar+-mean":0.0,"vsa-polar--mean":4.563639,"MR-min":12.933,"asphericity-min":0.462658,"balabanj-min":3.680736,"bertzct-min":76.211433,"chi0-min":7.707107,"chi0n-min":7.408248,"chi0v-min":1.408248,"chi1-min":3.707107,"chi1n-min":3.408248,"chi1v-min":0.408248,"chi2n-min":0.102062,"chi2v-min":0.102062,"chi3n-min":0.0,"chi3v-min":0.0,"chi4n-min":0.0,"chi4v-min":0.0,"e-valence-min":20.0,"eccentricity-min":0.973143,"hk-alpha-min":-0.85,"hk-kappa1-min":0.179464,"hk-kappa2-min":1.948262,"hk-kappa3-min":1.059403,"ipc-min":27.435741,"isf-min":0.00924,"labuteASA-min":28.647561,"logP-min":0.2626,"molwt-min":46.041865,"molwt-hvy-min":40.021,"nheavy-min":3.0,"npr1-min":0.198157,"npr2-min":0.809472,"pbf-min":0.148911,"pc+-min":0.387928,"pc--min":-0.462666,"pmi1-min":12.837462,"pmi2-min":49.562953,"pmi3-min":55.766382,"rbonds-min":1.0,"rg-min":1.132474,"rpc+-min":0.136525,"rpc--min":0.447433,"spherocity-min":0.062198,"tpsa-min":0.0,"vsa+-min":15.412531,"vsa--min":4.736863,"vsa-fhyd-min":0.824803,"vsa-fneg-min":0.175197,"vsa-fpneg-min":0.077861,"vsa-fpos-min":0.27333,"vsa-fppos-min":0.0,"vsa-hyd-min":22.300456,"vsa-polar-min":0.077861,"vsa-polar+-min":0.0,"vsa-polar--min":4.390415,"MR-max":31.137,"asphericity-max":0.522486,"balabanj-max":3.746418,"bertzct-max":379.775332,"chi0-max":11.964102,"chi0n-max":10.877964,"chi0v-max":3.877964,"chi1-max":6.675426,"chi1n-max":5.438982,"chi1v-max":1.938982,"chi2n-max":1.188982,"chi2v-max":1.188982,"chi3n-max":0.594491,"chi3v-max":0.594491,"chi4n-max":0.297246,"chi4v-max":0.297246,"e-valence-max":42.0,"eccentricity-max":0.98017,"hk-alpha-max":-0.04,"hk-kappa1-max":1.350652,"hk-kappa2-max":1.96,"hk-kappa3-max":1.96,"ipc-max":1235.837423,"isf-max":0.069232,"labuteASA-max":57.796674,"logP-max":2.13412,"molwt-max":110.053178,"molwt-hvy-max":103.075,"nheavy-max":8.0,"npr1-max":0.230201,"npr2-max":0.88876,"pbf-max":0.502954,"pc+-max":0.462666,"pc--max":-0.387928,"pmi1-max":87.605322,"pmi2-max":357.868276,"pmi3-max":442.100803,"rbonds-max":2.0,"rg-max":2.007394,"rpc+-max":0.26526,"rpc--max":1.0,"spherocity-max":0.395523,"tpsa-max":9.23,"vsa+-max":22.300456,"vsa--max":40.975434,"vsa-fhyd-max":0.922139,"vsa-fneg-max":0.72667,"vsa-fpneg-max":0.175197,"vsa-fpos-max":0.824803,"vsa-fppos-max":0.0,"vsa-hyd-max":51.99755,"vsa-polar-max":0.175197,"vsa-polar+-max":0.0,"vsa-polar--max":4.736863,"MR-diff":18.204,"asphericity-diff":0.059828,"balabanj-diff":0.065682,"bertzct-diff":303.563899,"chi0-diff":4.256995,"chi0n-diff":3.469716,"chi0v-diff":2.469716,"chi1-diff":2.968319,"chi1n-diff":2.030734,"chi1v-diff":1.530734,"chi2n-diff":1.08692,"chi2v-diff":1.08692,"chi3n-diff":0.594491,"chi3v-diff":0.594491,"chi4n-diff":0.297246,"chi4v-diff":0.297246,"e-valence-diff":22.0,"eccentricity-diff":0.007027,"hk-alpha-diff":0.81,"hk-kappa1-diff":1.171188,"hk-kappa2-diff":0.011738,"hk-kappa3-diff":0.900597,"ipc-diff":1208.401682,"isf-diff":0.059992,"labuteASA-diff":29.149113,"logP-diff":1.87152,"molwt-diff":64.011313,"molwt-hvy-diff":63.054,"nheavy-diff":5.0,"npr1-diff":0.032044,"npr2-diff":0.079288,"pbf-diff":0.354043,"pc+-diff":0.074738,"pc--diff":0.074738,"pmi1-diff":74.76786,"pmi2-diff":308.305323,"pmi3-diff":386.334421,"rbonds-diff":1.0,"rg-diff":0.87492,"rpc+-diff":0.128735,"rpc--diff":0.552567,"spherocity-diff":0.333325,"tpsa-diff":9.23,"vsa+-diff":6.887925,"vsa--diff":36.238571,"vsa-fhyd-diff":0.097336,"vsa-fneg-diff":0.551473,"vsa-fpneg-diff":0.097336,"vsa-fpos-diff":0.551473,"vsa-fppos-diff":0.0,"vsa-hyd-diff":29.697094,"vsa-polar-diff":0.097336,"vsa-polar+-diff":0.0,"vsa-polar--diff":0.346448,"hbonds":0.0}