{"avg_dipole_moment": 1.855, "max_dipole_moment": 2.03, "min_dipole_moment": 1.68, "max_molecular_weight": 95.0942, "shear_5nN-qq": [-125.7307371598721, 25.533681267698057], "intercept": 1.2795385652021931, "shear_15nN-qq": [-143.06184443725022, 29.74432589295191], "min_molecular_weight": 31.0338, "delta_molecular_weight": 64.0604, "ch3-smiles-2": "COC", "chain-smiles-2": "CCCCCCCCCCCCCCCCCOC", "tilt_bottom": {"25nN": 37.9847486331199, "5nN": 32.63259132414755, "15nN": 35.588909107481875}, "interdigitation": {"25nN": 0.14162035823695635, "5nN": 0.13347959292336184, "15nN": 0.1433592018448018}, "tilt_top": {"25nN": 40.30200440693095, "5nN": 35.616581359859524, "15nN": 39.05828243016732}, "shear_15nN-lj": [-1637.0052259008792, 49.102278589191066], "h-smiles-1": "C1=CC=C(F)C=C1", "S2_top": {"25nN": 0.9532443475099504, "5nN": 0.9657590633828309, "15nN": 0.9671523870722377}, "S2_bottom": {"25nN": 0.9088299720511894, "5nN": 0.9483127675154861, "15nN": 0.9438787749566822}, "h-smiles-2": "OC", "shear_25nN-qq": [-148.1482293964828, 28.57777967593084], "COF": 0.1426404533695674, "shear_25nN-lj": [-1742.9181556147084, 50.48183430204094], "ch3-smiles-1": "CC1=CC=C(F)C=C1", "shear_15nN-Etotal": [-1780.067070338129, 61.023755151694345], "shear_5nN-Etotal": [-1535.3589824148683, 64.36308912283774], "shear_25nN-Etotal": [-1891.066385011191, 60.552217607742826], "avg_molecular_weight": 63.064, "shear_5nN-lj": [-1409.628245254996, 52.89756579113064], "delta_dipole_moment": 0.34999999999999987, "status": {"49897d84c54a35aeab6242a13c0ac18d-get_interaction_energy_5nN": 1, "49897d84c54a35aeab6242a13c0ac18d-shear_5nN": 1, "49897d84c54a35aeab6242a13c0ac18d-calc_interdigitation": 1, "49897d84c54a35aeab6242a13c0ac18d-log_interaction_energy_15nN": 1, "49897d84c54a35aeab6242a13c0ac18d-compress_grompp": 1, "49897d84c54a35aeab6242a13c0ac18d-shear_25nN": 1, "49897d84c54a35aeab6242a13c0ac18d-lammps_to_gmx": 1, "49897d84c54a35aeab6242a13c0ac18d-top_to_mol2": 1, "49897d84c54a35aeab6242a13c0ac18d-calc_tilt_shear": 1, "49897d84c54a35aeab6242a13c0ac18d-shear_15nN_rerun": 1, "49897d84c54a35aeab6242a13c0ac18d-shear_25nN_grompp": 1, "49897d84c54a35aeab6242a13c0ac18d-compress": 1, "49897d84c54a35aeab6242a13c0ac18d-shear_5nN_rerun_grompp": 1, "49897d84c54a35aeab6242a13c0ac18d-equilibrate": 1, "49897d84c54a35aeab6242a13c0ac18d-log_cof": 1, "49897d84c54a35aeab6242a13c0ac18d-initialize": 1, "49897d84c54a35aeab6242a13c0ac18d-equilibrate_grompp": 1, "49897d84c54a35aeab6242a13c0ac18d-shear_5nN_rerun": 1, "49897d84c54a35aeab6242a13c0ac18d-log_interaction_energy_25nN": 1, "49897d84c54a35aeab6242a13c0ac18d-get_interaction_energy_25nN": 1, "49897d84c54a35aeab6242a13c0ac18d-unwrap_shear_15nN": 1, "49897d84c54a35aeab6242a13c0ac18d-log_tilt": 1, "49897d84c54a35aeab6242a13c0ac18d-minimize": 1, "49897d84c54a35aeab6242a13c0ac18d-minimize_grompp": 1, "49897d84c54a35aeab6242a13c0ac18d-log_interaction_energy_5nN": 1, "49897d84c54a35aeab6242a13c0ac18d-fix_overlaps": 1, "49897d84c54a35aeab6242a13c0ac18d-log_S2": 1, "49897d84c54a35aeab6242a13c0ac18d-get_interaction_energy_15nN": 1, "49897d84c54a35aeab6242a13c0ac18d-shear_5nN_grompp": 1, "49897d84c54a35aeab6242a13c0ac18d-shear_25nN_rerun_grompp": 1, "49897d84c54a35aeab6242a13c0ac18d-shear_25nN_rerun": 1, "49897d84c54a35aeab6242a13c0ac18d-shear_15nN_grompp": 1, "49897d84c54a35aeab6242a13c0ac18d-shear_15nN": 1, "49897d84c54a35aeab6242a13c0ac18d-calc_S2_shear": 1, "49897d84c54a35aeab6242a13c0ac18d-unwrap_shear_25nN": 1, "49897d84c54a35aeab6242a13c0ac18d-shear_15nN_rerun_grompp": 1, "49897d84c54a35aeab6242a13c0ac18d-calc_friction": 1, "49897d84c54a35aeab6242a13c0ac18d-unwrap_shear_5nN": 1}, "chain-smiles-1": "CCCCCCCCCCCCCCCCCC1=CC=C(F)C=C1"}