{"tilt_bottom": {"25nN": 40.47626856037826, "5nN": 35.32132326315249, "15nN": 39.0052165403363}, "shear_25nN-qq": [23.679862785771384, 16.549082452629737], "S2_top": {"25nN": 0.9277734751688855, "5nN": 0.9622245557357034, "15nN": 0.9301328344135618}, "shear_5nN-qq": [0.3484094052757795, 11.118069454854691], "shear_15nN-Etotal": [-1546.7025162981615, 44.31630401323584], "status": {"2685574a91a251d65f175a59843d08ba-calc_S2_shear": 1, "2685574a91a251d65f175a59843d08ba-shear_15nN_rerun_grompp": 1, "2685574a91a251d65f175a59843d08ba-log_cof": 1, "2685574a91a251d65f175a59843d08ba-equilibrate_grompp": 1, "2685574a91a251d65f175a59843d08ba-shear_15nN_grompp": 1, "2685574a91a251d65f175a59843d08ba-shear_5nN_rerun_grompp": 1, "2685574a91a251d65f175a59843d08ba-log_interaction_energy_25nN": 1, "2685574a91a251d65f175a59843d08ba-shear_25nN_rerun": 1, "2685574a91a251d65f175a59843d08ba-minimize_grompp": 1, "2685574a91a251d65f175a59843d08ba-unwrap_shear_5nN": 1, "2685574a91a251d65f175a59843d08ba-shear_5nN_grompp": 1, "2685574a91a251d65f175a59843d08ba-log_interaction_energy_5nN": 1, "2685574a91a251d65f175a59843d08ba-top_to_mol2": 1, "2685574a91a251d65f175a59843d08ba-compress_grompp": 1, "2685574a91a251d65f175a59843d08ba-compress": 1, "2685574a91a251d65f175a59843d08ba-equilibrate": 1, "2685574a91a251d65f175a59843d08ba-unwrap_shear_25nN": 1, "2685574a91a251d65f175a59843d08ba-minimize": 1, "2685574a91a251d65f175a59843d08ba-initialize": 1, "2685574a91a251d65f175a59843d08ba-calc_friction": 1, "2685574a91a251d65f175a59843d08ba-log_interaction_energy_15nN": 1, "2685574a91a251d65f175a59843d08ba-get_interaction_energy_15nN": 1, "2685574a91a251d65f175a59843d08ba-shear_15nN_rerun": 1, "2685574a91a251d65f175a59843d08ba-lammps_to_gmx": 1, "2685574a91a251d65f175a59843d08ba-shear_15nN": 1, "2685574a91a251d65f175a59843d08ba-log_S2": 1, "2685574a91a251d65f175a59843d08ba-fix_overlaps": 1, "2685574a91a251d65f175a59843d08ba-log_tilt": 1, "2685574a91a251d65f175a59843d08ba-calc_tilt_shear": 1, "2685574a91a251d65f175a59843d08ba-shear_25nN_rerun_grompp": 1, "2685574a91a251d65f175a59843d08ba-calc_interdigitation": 1, "2685574a91a251d65f175a59843d08ba-shear_25nN": 1, "2685574a91a251d65f175a59843d08ba-shear_5nN_rerun": 1, "2685574a91a251d65f175a59843d08ba-get_interaction_energy_5nN": 1, "2685574a91a251d65f175a59843d08ba-shear_5nN": 1, "2685574a91a251d65f175a59843d08ba-shear_25nN_grompp": 1, "2685574a91a251d65f175a59843d08ba-get_interaction_energy_25nN": 1, "2685574a91a251d65f175a59843d08ba-unwrap_shear_15nN": 1}, "shear_25nN-lj": [-1687.886494911271, 49.486144093622435], "delta_molecular_weight": 28.0101, "interdigitation": {"25nN": 0.11599784464075158, "5nN": 0.1210774538435153, "15nN": 0.1159997839221744}, "shear_15nN-qq": [11.914787127098322, 11.44718725086662], "avg_dipole_moment": 1.58, "COF": 0.14386327215395728, "shear_25nN-Etotal": [-1664.2066321254997, 49.93987485591253], "tilt_top": {"25nN": 38.55727304755301, "5nN": 35.01183512855013, "15nN": 36.6894498889086}, "S2_bottom": {"25nN": 0.9487748742807923, "5nN": 0.977512685291354, "15nN": 0.9725178420042035}, "intercept": 0.6770755963612745, "shear_5nN-Etotal": [-1318.6835891135092, 49.85775247208791], "avg_molecular_weight": 29.03945, "delta_dipole_moment": 3.16, "shear_15nN-lj": [-1558.61730342526, 43.0859423664272], "shear_5nN-lj": [-1319.031998518785, 50.12462722882182]}