{"tilt_bottom": {"25nN": 36.84529735606643, "5nN": 31.129365986097927, "15nN": 36.52479318909902}, "shear_25nN-qq": [-152.57866062829737, 23.30378273350613], "S2_top": {"25nN": 0.9267972157294103, "5nN": 0.950241634688582, "15nN": 0.9639887854453507}, "shear_5nN-qq": [-103.76318050119905, 21.20970846513455], "shear_15nN-Etotal": [-1788.9788604860112, 60.80670383402148], "S2_bottom": {"25nN": 0.90219931203817, "5nN": 0.9136237244848914, "15nN": 0.9403684253801948}, "shear_25nN-lj": [-1779.1938820983214, 55.57867172702419], "delta_molecular_weight": 53.0954, "interdigitation": {"25nN": 0.173188278409595, "5nN": 0.1626063107830146, "15nN": 0.16424521007650633}, "intercept": 1.2636124545433658, "avg_dipole_moment": 4.154999999999999, "COF": 0.13352858065754744, "shear_25nN-Etotal": [-1931.7725427266184, 62.861046151768285], "tilt_top": {"25nN": 39.32247884851505, "5nN": 35.60414210764372, "15nN": 38.342096311591945}, "status": {"8428cbeccedfc9825b5fa52f7f039a36-get_interaction_energy_15nN": 1, "8428cbeccedfc9825b5fa52f7f039a36-shear_15nN_grompp": 1, "8428cbeccedfc9825b5fa52f7f039a36-log_S2": 1, "8428cbeccedfc9825b5fa52f7f039a36-unwrap_shear_15nN": 1, "8428cbeccedfc9825b5fa52f7f039a36-shear_25nN_rerun_grompp": 1, "8428cbeccedfc9825b5fa52f7f039a36-top_to_mol2": 1, "8428cbeccedfc9825b5fa52f7f039a36-shear_5nN_grompp": 1, "8428cbeccedfc9825b5fa52f7f039a36-compress_grompp": 1, "8428cbeccedfc9825b5fa52f7f039a36-log_interaction_energy_15nN": 1, "8428cbeccedfc9825b5fa52f7f039a36-log_interaction_energy_25nN": 1, "8428cbeccedfc9825b5fa52f7f039a36-minimize": 1, "8428cbeccedfc9825b5fa52f7f039a36-shear_15nN": 1, "8428cbeccedfc9825b5fa52f7f039a36-calc_friction": 1, "8428cbeccedfc9825b5fa52f7f039a36-equilibrate_grompp": 1, "8428cbeccedfc9825b5fa52f7f039a36-get_interaction_energy_5nN": 1, "8428cbeccedfc9825b5fa52f7f039a36-fix_overlaps": 1, "8428cbeccedfc9825b5fa52f7f039a36-shear_25nN": 1, "8428cbeccedfc9825b5fa52f7f039a36-log_cof": 1, "8428cbeccedfc9825b5fa52f7f039a36-shear_5nN_rerun_grompp": 1, "8428cbeccedfc9825b5fa52f7f039a36-shear_5nN": 1, "8428cbeccedfc9825b5fa52f7f039a36-calc_S2_shear": 1, "8428cbeccedfc9825b5fa52f7f039a36-calc_interdigitation": 1, "8428cbeccedfc9825b5fa52f7f039a36-shear_15nN_rerun_grompp": 1, "8428cbeccedfc9825b5fa52f7f039a36-shear_25nN_grompp": 1, "8428cbeccedfc9825b5fa52f7f039a36-lammps_to_gmx": 1, "8428cbeccedfc9825b5fa52f7f039a36-compress": 1, "8428cbeccedfc9825b5fa52f7f039a36-unwrap_shear_25nN": 1, "8428cbeccedfc9825b5fa52f7f039a36-shear_5nN_rerun": 1, "8428cbeccedfc9825b5fa52f7f039a36-log_interaction_energy_5nN": 1, "8428cbeccedfc9825b5fa52f7f039a36-shear_15nN_rerun": 1, "8428cbeccedfc9825b5fa52f7f039a36-equilibrate": 1, "8428cbeccedfc9825b5fa52f7f039a36-get_interaction_energy_25nN": 1, "8428cbeccedfc9825b5fa52f7f039a36-minimize_grompp": 1, "8428cbeccedfc9825b5fa52f7f039a36-log_tilt": 1, "8428cbeccedfc9825b5fa52f7f039a36-shear_25nN_rerun": 1, "8428cbeccedfc9825b5fa52f7f039a36-unwrap_shear_5nN": 1, "8428cbeccedfc9825b5fa52f7f039a36-initialize": 1, "8428cbeccedfc9825b5fa52f7f039a36-calc_tilt_shear": 1}, "shear_15nN-qq": [-127.79565157394084, 21.96184071858503], "shear_5nN-Etotal": [-1567.4727080975222, 68.23643446879474], "avg_molecular_weight": 95.55359999999999, "delta_dipole_moment": 4.13, "shear_15nN-lj": [-1661.1832089120703, 52.161144668505614], "shear_5nN-lj": [-1463.709527596323, 57.69543907020855]}