{"shear_15nN-qq": [-1217.293356836131, 129.06782915554766], "delta_molecular_weight": 1.9729000000000028, "status": {"68d1aa5105e8469546eee82e8808d1d0-shear_15nN_grompp": 1, "68d1aa5105e8469546eee82e8808d1d0-fix_overlaps": 1, "68d1aa5105e8469546eee82e8808d1d0-calc_S2_shear": 1, "68d1aa5105e8469546eee82e8808d1d0-equilibrate": 1, "68d1aa5105e8469546eee82e8808d1d0-unwrap_shear_25nN": 1, "68d1aa5105e8469546eee82e8808d1d0-unwrap_shear_15nN": 1, "68d1aa5105e8469546eee82e8808d1d0-minimize_grompp": 1, "68d1aa5105e8469546eee82e8808d1d0-count_hydrogen_bonds": 1, "68d1aa5105e8469546eee82e8808d1d0-shear_25nN_rerun": 1, "68d1aa5105e8469546eee82e8808d1d0-shear_5nN_grompp": 1, "68d1aa5105e8469546eee82e8808d1d0-calc_tilt_shear": 1, "68d1aa5105e8469546eee82e8808d1d0-shear_5nN": 1, "68d1aa5105e8469546eee82e8808d1d0-log_interaction_energy_15nN": 1, "68d1aa5105e8469546eee82e8808d1d0-shear_15nN": 1, "68d1aa5105e8469546eee82e8808d1d0-shear_5nN_rerun_grompp": 1, "68d1aa5105e8469546eee82e8808d1d0-get_interaction_energy_5nN": 1, "68d1aa5105e8469546eee82e8808d1d0-top_to_mol2": 1, "68d1aa5105e8469546eee82e8808d1d0-log_tilt": 1, "68d1aa5105e8469546eee82e8808d1d0-compress": 1, "68d1aa5105e8469546eee82e8808d1d0-log_interaction_energy_5nN": 1, "68d1aa5105e8469546eee82e8808d1d0-log_S2": 1, "68d1aa5105e8469546eee82e8808d1d0-lammps_to_gmx": 1, "68d1aa5105e8469546eee82e8808d1d0-log_interaction_energy_25nN": 1, "68d1aa5105e8469546eee82e8808d1d0-initialize": 1, "68d1aa5105e8469546eee82e8808d1d0-log_cof": 1, "68d1aa5105e8469546eee82e8808d1d0-shear_25nN": 1, "68d1aa5105e8469546eee82e8808d1d0-shear_15nN_rerun_grompp": 1, "68d1aa5105e8469546eee82e8808d1d0-get_interaction_energy_25nN": 1, "68d1aa5105e8469546eee82e8808d1d0-shear_5nN_rerun": 1, "68d1aa5105e8469546eee82e8808d1d0-unwrap_shear_5nN": 1, "68d1aa5105e8469546eee82e8808d1d0-compress_grompp": 1, "68d1aa5105e8469546eee82e8808d1d0-shear_25nN_rerun_grompp": 1, "68d1aa5105e8469546eee82e8808d1d0-get_interaction_energy_15nN": 1, "68d1aa5105e8469546eee82e8808d1d0-shear_25nN_grompp": 1, "68d1aa5105e8469546eee82e8808d1d0-minimize": 1, "68d1aa5105e8469546eee82e8808d1d0-calc_friction": 1, "68d1aa5105e8469546eee82e8808d1d0-shear_15nN_rerun": 1, "68d1aa5105e8469546eee82e8808d1d0-equilibrate_grompp": 1, "68d1aa5105e8469546eee82e8808d1d0-calc_interdigitation": 1}, "interdigitation": {"15nN": 0.13437868606018397, "5nN": 0.12697013638651955, "25nN": 0.1256677343241776}, "avg_molecular_weight": 44.030950000000004, "delta_dipole_moment": 1.6499999999999995, "tilt_bottom": {"15nN": 38.831691677785706, "5nN": 35.65673053301308, "25nN": 40.635786962527135}, "S2_top": {"15nN": 0.9542521445909081, "5nN": 0.96882889773943, "25nN": 0.9581198913567555}, "shear_25nN-Etotal": [-3223.7744040247803, 135.8764999832361], "avg_dipole_moment": 3.985, "S2_bottom": {"15nN": 0.9327298674889175, "5nN": 0.9583355576637184, "25nN": 0.9373880186438646}, "intercept": 3.4646951400227435, "shear_15nN-lj": [-1905.7123140439649, 58.49503742507548], "tilt_top": {"15nN": 39.40613260092753, "5nN": 37.05415469802114, "25nN": 41.051914274738245}, "shear_5nN-Etotal": [-2951.447340660272, 132.3914488126674], "shear_5nN-qq": [-1224.8722115139888, 113.83126845604659], "shear_5nN-lj": [-1726.5751291462827, 62.08827963056139], "COF": 0.14841413579384408, "shear_25nN-lj": [-2009.7387630911269, 60.1756157878179], "shear_25nN-qq": [-1214.0356409336532, 124.13094877425371], "shear_15nN-Etotal": [-3123.0056708800957, 136.25176439811176]}