{"shear_15nN-qq": [-1082.9670675107916, 110.4877884436677], "delta_molecular_weight": 19.9881, "tilt_bottom": {"25nN": 40.18443358431371, "5nN": 35.54758807234409, "15nN": 38.56336688768973}, "interdigitation": {"25nN": 0.1310440689182839, "5nN": 0.1547786111433034, "15nN": 0.14230451792264778}, "intercept": 2.1885444843898165, "delta_dipole_moment": 0.3999999999999999, "S2_top": {"25nN": 0.9626266206849995, "5nN": 0.952203683830762, "15nN": 0.9676653755232403}, "shear_25nN-Etotal": [-2873.244268467626, 123.97162071392326], "shear_5nN-Etotal": [-2620.686645896083, 126.70222112829939], "S2_bottom": {"25nN": 0.9628935830483026, "5nN": 0.9605896996257214, "15nN": 0.9645118647788998}, "status": {"9aa4cd7b8dbc7147d1faba1e6821a200-shear_5nN_rerun_grompp": 1, "9aa4cd7b8dbc7147d1faba1e6821a200-minimize": 1, "9aa4cd7b8dbc7147d1faba1e6821a200-compress": 1, "9aa4cd7b8dbc7147d1faba1e6821a200-calc_tilt_shear": 1, "9aa4cd7b8dbc7147d1faba1e6821a200-shear_15nN_rerun": 1, "9aa4cd7b8dbc7147d1faba1e6821a200-shear_25nN_rerun": 1, "9aa4cd7b8dbc7147d1faba1e6821a200-get_interaction_energy_5nN": 1, "9aa4cd7b8dbc7147d1faba1e6821a200-get_interaction_energy_15nN": 1, "9aa4cd7b8dbc7147d1faba1e6821a200-log_S2": 1, "9aa4cd7b8dbc7147d1faba1e6821a200-minimize_grompp": 1, "9aa4cd7b8dbc7147d1faba1e6821a200-shear_15nN_grompp": 1, "9aa4cd7b8dbc7147d1faba1e6821a200-initialize": 1, "9aa4cd7b8dbc7147d1faba1e6821a200-unwrap_shear_25nN": 1, "9aa4cd7b8dbc7147d1faba1e6821a200-calc_interdigitation": 1, "9aa4cd7b8dbc7147d1faba1e6821a200-shear_5nN_rerun": 1, "9aa4cd7b8dbc7147d1faba1e6821a200-shear_25nN_rerun_grompp": 1, "9aa4cd7b8dbc7147d1faba1e6821a200-shear_25nN": 1, "9aa4cd7b8dbc7147d1faba1e6821a200-lammps_to_gmx": 1, "9aa4cd7b8dbc7147d1faba1e6821a200-log_interaction_energy_5nN": 1, "9aa4cd7b8dbc7147d1faba1e6821a200-equilibrate": 1, "9aa4cd7b8dbc7147d1faba1e6821a200-calc_S2_shear": 1, "9aa4cd7b8dbc7147d1faba1e6821a200-unwrap_shear_15nN": 1, "9aa4cd7b8dbc7147d1faba1e6821a200-shear_15nN_rerun_grompp": 1, "9aa4cd7b8dbc7147d1faba1e6821a200-shear_15nN": 1, "9aa4cd7b8dbc7147d1faba1e6821a200-log_tilt": 1, "9aa4cd7b8dbc7147d1faba1e6821a200-log_interaction_energy_15nN": 1, "9aa4cd7b8dbc7147d1faba1e6821a200-top_to_mol2": 1, "9aa4cd7b8dbc7147d1faba1e6821a200-get_interaction_energy_25nN": 1, "9aa4cd7b8dbc7147d1faba1e6821a200-shear_25nN_grompp": 1, "9aa4cd7b8dbc7147d1faba1e6821a200-shear_5nN_grompp": 1, "9aa4cd7b8dbc7147d1faba1e6821a200-compress_grompp": 1, "9aa4cd7b8dbc7147d1faba1e6821a200-unwrap_shear_5nN": 1, "9aa4cd7b8dbc7147d1faba1e6821a200-log_interaction_energy_25nN": 1, "9aa4cd7b8dbc7147d1faba1e6821a200-log_cof": 1, "9aa4cd7b8dbc7147d1faba1e6821a200-calc_friction": 1, "9aa4cd7b8dbc7147d1faba1e6821a200-shear_5nN": 1, "9aa4cd7b8dbc7147d1faba1e6821a200-equilibrate_grompp": 1, "9aa4cd7b8dbc7147d1faba1e6821a200-fix_overlaps": 1}, "avg_molecular_weight": 36.011449999999996, "shear_15nN-lj": [-1775.3234801678657, 52.095239791191766], "tilt_top": {"25nN": 40.1853679641607, "5nN": 35.553484562518456, "15nN": 38.86298839284966}, "avg_dipole_moment": 3.6100000000000003, "shear_5nN-qq": [-1013.014660143885, 99.79153019444227], "shear_5nN-lj": [-1607.6719857521982, 51.55409007986726], "COF": 0.09630357453520598, "shear_25nN-lj": [-1832.8797466962433, 47.0136168171781], "shear_25nN-qq": [-1040.3645217713827, 109.45074402454074], "shear_15nN-Etotal": [-2858.2905476786573, 135.9261044448765]}