{"tilt_bottom": {"25nN": 40.222502842508334, "5nN": 35.54602925588456, "15nN": 38.228891355863844}, "shear_25nN-qq": [-38.01051601358913, 28.68890728379926], "S2_top": {"25nN": 0.9592947535713351, "5nN": 0.9700439136179997, "15nN": 0.9588549362858173}, "shear_5nN-qq": [-69.55233496722623, 23.20688608739456], "shear_15nN-Etotal": [-1613.4714036970424, 48.95626218495768], "status": {"e2f4cd28de3d194ebbd098d76e6b593d-get_interaction_energy_15nN": 1, "e2f4cd28de3d194ebbd098d76e6b593d-count_hydrogen_bonds": 1, "e2f4cd28de3d194ebbd098d76e6b593d-unwrap_shear_15nN": 1, "e2f4cd28de3d194ebbd098d76e6b593d-shear_5nN_rerun_grompp": 1, "e2f4cd28de3d194ebbd098d76e6b593d-get_interaction_energy_25nN": 1, "e2f4cd28de3d194ebbd098d76e6b593d-initialize": 1, "e2f4cd28de3d194ebbd098d76e6b593d-shear_5nN_rerun": 1, "e2f4cd28de3d194ebbd098d76e6b593d-shear_15nN_rerun": 1, "e2f4cd28de3d194ebbd098d76e6b593d-shear_25nN_rerun_grompp": 1, "e2f4cd28de3d194ebbd098d76e6b593d-compress_grompp": 1, "e2f4cd28de3d194ebbd098d76e6b593d-compress": 1, "e2f4cd28de3d194ebbd098d76e6b593d-unwrap_shear_25nN": 1, "e2f4cd28de3d194ebbd098d76e6b593d-minimize": 1, "e2f4cd28de3d194ebbd098d76e6b593d-calc_friction": 1, "e2f4cd28de3d194ebbd098d76e6b593d-shear_5nN_grompp": 1, "e2f4cd28de3d194ebbd098d76e6b593d-calc_S2_shear": 1, "e2f4cd28de3d194ebbd098d76e6b593d-fix_overlaps": 1, "e2f4cd28de3d194ebbd098d76e6b593d-unwrap_shear_5nN": 1, "e2f4cd28de3d194ebbd098d76e6b593d-log_interaction_energy_15nN": 1, "e2f4cd28de3d194ebbd098d76e6b593d-shear_15nN_grompp": 1, "e2f4cd28de3d194ebbd098d76e6b593d-equilibrate_grompp": 1, "e2f4cd28de3d194ebbd098d76e6b593d-shear_25nN": 1, "e2f4cd28de3d194ebbd098d76e6b593d-shear_25nN_rerun": 1, "e2f4cd28de3d194ebbd098d76e6b593d-shear_15nN": 1, "e2f4cd28de3d194ebbd098d76e6b593d-equilibrate": 1, "e2f4cd28de3d194ebbd098d76e6b593d-log_S2": 1, "e2f4cd28de3d194ebbd098d76e6b593d-get_interaction_energy_5nN": 1, "e2f4cd28de3d194ebbd098d76e6b593d-log_interaction_energy_5nN": 1, "e2f4cd28de3d194ebbd098d76e6b593d-lammps_to_gmx": 1, "e2f4cd28de3d194ebbd098d76e6b593d-top_to_mol2": 1, "e2f4cd28de3d194ebbd098d76e6b593d-minimize_grompp": 1, "e2f4cd28de3d194ebbd098d76e6b593d-log_tilt": 1, "e2f4cd28de3d194ebbd098d76e6b593d-shear_5nN": 1, "e2f4cd28de3d194ebbd098d76e6b593d-shear_25nN_grompp": 1, "e2f4cd28de3d194ebbd098d76e6b593d-log_cof": 1, "e2f4cd28de3d194ebbd098d76e6b593d-calc_tilt_shear": 1, "e2f4cd28de3d194ebbd098d76e6b593d-log_interaction_energy_25nN": 1, "e2f4cd28de3d194ebbd098d76e6b593d-calc_interdigitation": 1, "e2f4cd28de3d194ebbd098d76e6b593d-shear_15nN_rerun_grompp": 1}, "shear_25nN-lj": [-1631.372102705036, 49.25063033424924], "delta_molecular_weight": 10.0378, "shear_15nN-qq": [-51.069562661071146, 28.438810934037576], "avg_dipole_moment": 0.94, "COF": 0.12197357239333542, "shear_25nN-Etotal": [-1669.382618718625, 54.36382175246459], "tilt_top": {"25nN": 39.55027817817377, "5nN": 35.07679347367838, "15nN": 37.87489083370337}, "S2_bottom": {"25nN": 0.9741416854537436, "5nN": 0.9771128110555921, "15nN": 0.9736919591875505}, "intercept": 0.8872148987605262, "shear_5nN-Etotal": [-1415.2943583381295, 52.23054253566173], "avg_molecular_weight": 22.026200000000003, "delta_dipole_moment": 1.88, "shear_15nN-lj": [-1562.4018410359713, 45.06054782998135], "shear_5nN-lj": [-1345.7420233709033, 46.87039022877716]}