{"avg_dipole_moment": 1.8599999999999999, "max_dipole_moment": 2.09, "min_dipole_moment": 1.63, "max_molecular_weight": 69.0059, "shear_5nN-qq": [-95.11921017985611, 23.11903268483113], "intercept": 0.5437478785264256, "shear_15nN-qq": [-122.67494749080734, 28.419621933480553], "min_molecular_weight": 16.0225, "delta_molecular_weight": 52.983399999999996, "ch3-smiles-2": "CC(F)(F)F", "chain-smiles-2": "CCCCCCCCCCCCCCCCCC(F)(F)F", "tilt_bottom": {"25nN": 40.504674859630704, "5nN": 36.13471540737819, "15nN": 38.71283170866082}, "tilt_top": {"25nN": 40.05295300234481, "5nN": 35.36491112159064, "15nN": 37.81563312073122}, "shear_15nN-lj": [-1279.1444061566747, 46.8549090614968], "h-smiles-1": "N", "ch3-smiles-1": "CN", "S2_bottom": {"25nN": 0.9456734780963009, "5nN": 0.968021265741843, "15nN": 0.9594993597026366}, "h-smiles-2": "C(F)(F)F", "shear_25nN-qq": [-129.61807327258197, 30.777551583063897], "COF": 0.18089554429876467, "shear_25nN-lj": [-1368.3932286794566, 46.60411378372429], "S2_top": {"25nN": 0.9690159392985036, "5nN": 0.9723156661608964, "15nN": 0.9613332142507494}, "shear_15nN-Etotal": [-1401.819353647482, 55.44604453868742], "shear_5nN-Etotal": [-1153.01945078737, 58.990476833231845], "shear_25nN-Etotal": [-1498.0113019520384, 54.72316962438323], "avg_molecular_weight": 42.5142, "shear_5nN-lj": [-1057.900240607514, 49.74235307311988], "delta_dipole_moment": 0.45999999999999996, "status": {"e4594e291914b615e07c6bef039dcccf-shear_5nN": 1, "e4594e291914b615e07c6bef039dcccf-unwrap_shear_15nN": 1, "e4594e291914b615e07c6bef039dcccf-shear_5nN_rerun_grompp": 1, "e4594e291914b615e07c6bef039dcccf-calc_friction": 1, "e4594e291914b615e07c6bef039dcccf-get_interaction_energy_15nN": 1, "e4594e291914b615e07c6bef039dcccf-shear_15nN_rerun": 1, "e4594e291914b615e07c6bef039dcccf-fix_overlaps": 1, "e4594e291914b615e07c6bef039dcccf-shear_5nN_rerun": 1, "e4594e291914b615e07c6bef039dcccf-log_cof": 1, "e4594e291914b615e07c6bef039dcccf-count_hydrogen_bonds": 1, "e4594e291914b615e07c6bef039dcccf-log_tilt": 1, "e4594e291914b615e07c6bef039dcccf-shear_15nN_grompp": 1, "e4594e291914b615e07c6bef039dcccf-top_to_mol2": 1, "e4594e291914b615e07c6bef039dcccf-shear_5nN_grompp": 1, "e4594e291914b615e07c6bef039dcccf-lammps_to_gmx": 1, "e4594e291914b615e07c6bef039dcccf-minimize_grompp": 1, "e4594e291914b615e07c6bef039dcccf-initialize": 1, "e4594e291914b615e07c6bef039dcccf-log_interaction_energy_5nN": 1, "e4594e291914b615e07c6bef039dcccf-calc_S2_shear": 1, "e4594e291914b615e07c6bef039dcccf-equilibrate": 1, "e4594e291914b615e07c6bef039dcccf-shear_25nN": 1, "e4594e291914b615e07c6bef039dcccf-minimize": 1, "e4594e291914b615e07c6bef039dcccf-shear_15nN": 1, "e4594e291914b615e07c6bef039dcccf-unwrap_shear_25nN": 1, "e4594e291914b615e07c6bef039dcccf-shear_15nN_rerun_grompp": 1, "e4594e291914b615e07c6bef039dcccf-compress": 1, "e4594e291914b615e07c6bef039dcccf-get_interaction_energy_25nN": 1, "e4594e291914b615e07c6bef039dcccf-calc_tilt_shear": 1, "e4594e291914b615e07c6bef039dcccf-log_interaction_energy_25nN": 1, "e4594e291914b615e07c6bef039dcccf-unwrap_shear_5nN": 1, "e4594e291914b615e07c6bef039dcccf-shear_25nN_grompp": 1, "e4594e291914b615e07c6bef039dcccf-log_interaction_energy_15nN": 1, "e4594e291914b615e07c6bef039dcccf-compress_grompp": 1, "e4594e291914b615e07c6bef039dcccf-calc_interdigitation": 1, "e4594e291914b615e07c6bef039dcccf-equilibrate_grompp": 1, "e4594e291914b615e07c6bef039dcccf-shear_25nN_rerun_grompp": 1, "e4594e291914b615e07c6bef039dcccf-log_S2": 1, "e4594e291914b615e07c6bef039dcccf-shear_25nN_rerun": 1, "e4594e291914b615e07c6bef039dcccf-get_interaction_energy_5nN": 1}, "chain-smiles-1": "CCCCCCCCCCCCCCCCCN"}