{"shear_15nN-qq": [-122.67494749080734, 28.419621933480553], "delta_molecular_weight": 52.983399999999996, "status": {"e4594e291914b615e07c6bef039dcccf-shear_25nN": 1, "e4594e291914b615e07c6bef039dcccf-log_tilt": 1, "e4594e291914b615e07c6bef039dcccf-shear_15nN_rerun_grompp": 1, "e4594e291914b615e07c6bef039dcccf-unwrap_shear_25nN": 1, "e4594e291914b615e07c6bef039dcccf-fix_overlaps": 1, "e4594e291914b615e07c6bef039dcccf-minimize": 1, "e4594e291914b615e07c6bef039dcccf-shear_15nN": 1, "e4594e291914b615e07c6bef039dcccf-lammps_to_gmx": 1, "e4594e291914b615e07c6bef039dcccf-shear_5nN_rerun": 1, "e4594e291914b615e07c6bef039dcccf-calc_friction": 1, "e4594e291914b615e07c6bef039dcccf-get_interaction_energy_5nN": 1, "e4594e291914b615e07c6bef039dcccf-shear_15nN_rerun": 1, "e4594e291914b615e07c6bef039dcccf-log_interaction_energy_5nN": 1, "e4594e291914b615e07c6bef039dcccf-count_hydrogen_bonds": 1, "e4594e291914b615e07c6bef039dcccf-calc_interdigitation": 1, "e4594e291914b615e07c6bef039dcccf-log_cof": 1, "e4594e291914b615e07c6bef039dcccf-compress": 1, "e4594e291914b615e07c6bef039dcccf-unwrap_shear_5nN": 1, "e4594e291914b615e07c6bef039dcccf-calc_S2_shear": 1, "e4594e291914b615e07c6bef039dcccf-log_interaction_energy_25nN": 1, "e4594e291914b615e07c6bef039dcccf-shear_5nN": 1, "e4594e291914b615e07c6bef039dcccf-unwrap_shear_15nN": 1, "e4594e291914b615e07c6bef039dcccf-top_to_mol2": 1, "e4594e291914b615e07c6bef039dcccf-shear_25nN_rerun_grompp": 1, "e4594e291914b615e07c6bef039dcccf-initialize": 1, "e4594e291914b615e07c6bef039dcccf-calc_tilt_shear": 1, "e4594e291914b615e07c6bef039dcccf-equilibrate": 1, "e4594e291914b615e07c6bef039dcccf-shear_5nN_rerun_grompp": 1, "e4594e291914b615e07c6bef039dcccf-shear_25nN_grompp": 1, "e4594e291914b615e07c6bef039dcccf-log_interaction_energy_15nN": 1, "e4594e291914b615e07c6bef039dcccf-get_interaction_energy_15nN": 1, "e4594e291914b615e07c6bef039dcccf-minimize_grompp": 1, "e4594e291914b615e07c6bef039dcccf-shear_15nN_grompp": 1, "e4594e291914b615e07c6bef039dcccf-equilibrate_grompp": 1, "e4594e291914b615e07c6bef039dcccf-shear_5nN_grompp": 1, "e4594e291914b615e07c6bef039dcccf-get_interaction_energy_25nN": 1, "e4594e291914b615e07c6bef039dcccf-log_S2": 1, "e4594e291914b615e07c6bef039dcccf-shear_25nN_rerun": 1, "e4594e291914b615e07c6bef039dcccf-compress_grompp": 1}, "interdigitation": {"15nN": 0.14785958643013647, "5nN": 0.11455392121277633, "25nN": 0.14595627980900644}, "avg_molecular_weight": 42.5142, "delta_dipole_moment": 0.45999999999999996, "tilt_bottom": {"15nN": 38.71283170866082, "5nN": 36.13471540737819, "25nN": 40.504674859630704}, "S2_top": {"15nN": 0.9613332142507494, "5nN": 0.9723156661608964, "25nN": 0.9690159392985036}, "shear_25nN-Etotal": [-1498.0113019520384, 54.72316962438323], "shear_5nN-Etotal": [-1153.01945078737, 58.990476833231845], "S2_bottom": {"15nN": 0.9594993597026366, "5nN": 0.968021265741843, "25nN": 0.9456734780963009}, "intercept": 0.5437478785264256, "shear_15nN-lj": [-1279.1444061566747, 46.8549090614968], "tilt_top": {"15nN": 37.81563312073122, "5nN": 35.36491112159064, "25nN": 40.05295300234481}, "avg_dipole_moment": 1.8599999999999999, "shear_5nN-qq": [-95.11921017985611, 23.11903268483113], "shear_5nN-lj": [-1057.900240607514, 49.74235307311988], "COF": 0.18089554429876467, "shear_25nN-lj": [-1368.3932286794566, 46.60411378372429], "shear_25nN-qq": [-129.61807327258197, 30.777551583063897], "shear_15nN-Etotal": [-1401.819353647482, 55.44604453868742]}