{"MR-mean":21.2635,"asphericity-mean":0.386457,"balabanj-mean":3.850564,"bertzct-mean":218.4682955,"chi0-mean":9.482051,"chi0n-mean":9.25,"chi0v-mean":2.25,"chi1-mean":4.962713,"chi1n-mean":4.5,"chi1v-mean":1.0,"chi2n-mean":0.5,"chi2v-mean":0.5,"chi3n-mean":0.25,"chi3v-mean":0.25,"chi4n-mean":0.125,"chi4v-mean":0.125,"e-valence-mean":25.0,"eccentricity-mean":0.956803,"hk-alpha-mean":-0.39,"hk-kappa1-mean":0.439493,"hk-kappa2-mean":0.891643,"hk-kappa3-mean":0.519132,"ipc-mean":628.571741,"isf-mean":0.0805095,"labuteASA-mean":39.2850625,"logP-mean":1.51061,"molwt-mean":61.054775,"molwt-hvy-mean":54.0495,"nheavy-mean":4.5,"npr1-mean":0.2891505,"npr2-mean":0.843375,"pbf-mean":0.3092975,"pc+-mean":0.266172,"pc--mean":-0.266172,"pmi1-mean":48.1706755,"pmi2-mean":110.357153,"pmi3-mean":153.66295,"rbonds-mean":1.0,"rg-mean":1.360917,"rpc+-mean":0.1623465,"rpc--mean":0.328633,"spherocity-mean":0.332071,"tpsa-mean":0.0,"vsa+-mean":9.59531,"vsa--mean":28.1656105,"vsa-fhyd-mean":1.0,"vsa-fneg-mean":0.7101595,"vsa-fpneg-mean":0.0,"vsa-fpos-mean":0.2898405,"vsa-fppos-mean":0.0,"vsa-hyd-mean":37.7609205,"vsa-polar-mean":0.0,"vsa-polar+-mean":0.0,"vsa-polar--mean":0.0,"MR-min":11.348,"asphericity-min":0.345653,"balabanj-min":3.680736,"bertzct-min":61.509775,"chi0-min":7.0,"chi0n-min":7.0,"chi0v-min":1.0,"chi1-min":3.25,"chi1n-min":3.25,"chi1v-min":0.25,"chi2n-min":0.0,"chi2v-min":0.0,"chi3n-min":0.0,"chi3v-min":0.0,"chi4n-min":0.0,"chi4v-min":0.0,"e-valence-min":14.0,"eccentricity-min":0.948028,"hk-alpha-min":-0.78,"hk-kappa1-min":0.040816,"hk-kappa2-min":0.0,"hk-kappa3-min":0.0,"ipc-min":21.306059,"isf-min":0.007722,"labuteASA-min":23.534016,"logP-min":1.0262,"molwt-min":30.04695,"molwt-hvy-min":24.022,"nheavy-min":2.0,"npr1-min":0.260113,"npr2-min":0.693969,"pbf-min":0.13832,"pc+-min":0.136525,"pc--min":-0.395819,"pmi1-min":6.476197,"pmi2-min":24.717892,"pmi3-min":24.897625,"rbonds-min":1.0,"rg-min":0.965757,"rpc+-min":0.158026,"rpc--min":0.157266,"spherocity-min":0.065174,"tpsa-min":0.0,"vsa+-min":8.224551,"vsa--min":13.703784,"vsa-fhyd-min":1.0,"vsa-fneg-min":0.624935,"vsa-fpneg-min":0.0,"vsa-fpos-min":0.204616,"vsa-fppos-min":0.0,"vsa-hyd-min":21.928335,"vsa-polar-min":0.0,"vsa-polar+-min":0.0,"vsa-polar--min":0.0,"MR-max":31.179,"asphericity-max":0.427261,"balabanj-max":4.020392,"bertzct-max":375.426816,"chi0-max":11.964102,"chi0n-max":11.5,"chi0v-max":3.5,"chi1-max":6.675426,"chi1n-max":5.75,"chi1v-max":1.75,"chi2n-max":1.0,"chi2v-max":1.0,"chi3n-max":0.5,"chi3v-max":0.5,"chi4n-max":0.25,"chi4v-max":0.25,"e-valence-max":36.0,"eccentricity-max":0.965578,"hk-alpha-max":0.0,"hk-kappa1-max":0.83817,"hk-kappa2-max":1.783286,"hk-kappa3-max":1.038264,"ipc-max":1235.837423,"isf-max":0.153297,"labuteASA-max":55.036109,"logP-max":1.99502,"molwt-max":92.0626,"molwt-hvy-max":84.077,"nheavy-max":7.0,"npr1-max":0.318188,"npr2-max":0.992781,"pbf-max":0.480275,"pc+-max":0.395819,"pc--max":-0.136525,"pmi1-max":89.865154,"pmi2-max":195.996414,"pmi3-max":282.428275,"rbonds-max":1.0,"rg-max":1.756077,"rpc+-max":0.166667,"rpc--max":0.5,"spherocity-max":0.598968,"tpsa-max":0.0,"vsa+-max":10.966069,"vsa--max":42.627437,"vsa-fhyd-max":1.0,"vsa-fneg-max":0.795384,"vsa-fpneg-max":0.0,"vsa-fpos-max":0.375065,"vsa-fppos-max":0.0,"vsa-hyd-max":53.593506,"vsa-polar-max":0.0,"vsa-polar+-max":0.0,"vsa-polar--max":0.0,"MR-diff":19.831,"asphericity-diff":0.081608,"balabanj-diff":0.339656,"bertzct-diff":313.917041,"chi0-diff":4.964102,"chi0n-diff":4.5,"chi0v-diff":2.5,"chi1-diff":3.425426,"chi1n-diff":2.5,"chi1v-diff":1.5,"chi2n-diff":1.0,"chi2v-diff":1.0,"chi3n-diff":0.5,"chi3v-diff":0.5,"chi4n-diff":0.25,"chi4v-diff":0.25,"e-valence-diff":22.0,"eccentricity-diff":0.01755,"hk-alpha-diff":0.78,"hk-kappa1-diff":0.797354,"hk-kappa2-diff":1.783286,"hk-kappa3-diff":1.038264,"ipc-diff":1214.531364,"isf-diff":0.145575,"labuteASA-diff":31.502093,"logP-diff":0.96882,"molwt-diff":62.01565,"molwt-hvy-diff":60.055,"nheavy-diff":5.0,"npr1-diff":0.058075,"npr2-diff":0.298812,"pbf-diff":0.341955,"pc+-diff":0.259294,"pc--diff":0.259294,"pmi1-diff":83.388957,"pmi2-diff":171.278522,"pmi3-diff":257.53065,"rbonds-diff":0.0,"rg-diff":0.79032,"rpc+-diff":0.008641,"rpc--diff":0.342734,"spherocity-diff":0.533794,"tpsa-diff":0.0,"vsa+-diff":2.741518,"vsa--diff":28.923653,"vsa-fhyd-diff":0.0,"vsa-fneg-diff":0.170449,"vsa-fpneg-diff":0.0,"vsa-fpos-diff":0.170449,"vsa-fppos-diff":0.0,"vsa-hyd-diff":31.665171,"vsa-polar-diff":0.0,"vsa-polar+-diff":0.0,"vsa-polar--diff":0.0,"hbonds":0.0}