{"shear_15nN-qq": [57.56473555955237, 12.795660532103703], "delta_molecular_weight": 62.069300000000005, "tilt_bottom": {"15nN": 39.8017874775721, "5nN": 36.21075477878245, "25nN": 41.21707915677895}, "interdigitation": {"15nN": 0.10432872645840661, "5nN": 0.11997610269858638, "25nN": 0.14183110203789592}, "avg_molecular_weight": 46.069050000000004, "delta_dipole_moment": 0.0, "S2_top": {"15nN": 0.9668746862316069, "5nN": 0.9593903379104508, "25nN": 0.9705716754326497}, "shear_25nN-Etotal": [-1575.9946481183053, 51.01411964264749], "avg_dipole_moment": 0.0, "S2_bottom": {"15nN": 0.970379857382291, "5nN": 0.9637105686372386, "25nN": 0.9711183927403605}, "status": {"5bb4103a5ff7c5a794e09802a373e6e1-minimize": 1, "5bb4103a5ff7c5a794e09802a373e6e1-unwrap_shear_25nN": 1, "5bb4103a5ff7c5a794e09802a373e6e1-lammps_to_gmx": 1, "5bb4103a5ff7c5a794e09802a373e6e1-calc_tilt_shear": 1, "5bb4103a5ff7c5a794e09802a373e6e1-equilibrate_grompp": 1, "5bb4103a5ff7c5a794e09802a373e6e1-top_to_mol2": 1, "5bb4103a5ff7c5a794e09802a373e6e1-log_interaction_energy_5nN": 1, "5bb4103a5ff7c5a794e09802a373e6e1-shear_15nN_grompp": 1, "5bb4103a5ff7c5a794e09802a373e6e1-calc_interdigitation": 1, "5bb4103a5ff7c5a794e09802a373e6e1-minimize_grompp": 1, "5bb4103a5ff7c5a794e09802a373e6e1-log_S2": 1, "5bb4103a5ff7c5a794e09802a373e6e1-get_interaction_energy_25nN": 1, "5bb4103a5ff7c5a794e09802a373e6e1-log_tilt": 1, "5bb4103a5ff7c5a794e09802a373e6e1-shear_25nN_grompp": 1, "5bb4103a5ff7c5a794e09802a373e6e1-unwrap_shear_15nN": 1, "5bb4103a5ff7c5a794e09802a373e6e1-shear_15nN_rerun_grompp": 1, "5bb4103a5ff7c5a794e09802a373e6e1-calc_friction": 1, "5bb4103a5ff7c5a794e09802a373e6e1-shear_25nN_rerun_grompp": 1, "5bb4103a5ff7c5a794e09802a373e6e1-initialize": 1, "5bb4103a5ff7c5a794e09802a373e6e1-log_interaction_energy_25nN": 1, "5bb4103a5ff7c5a794e09802a373e6e1-get_interaction_energy_5nN": 1, "5bb4103a5ff7c5a794e09802a373e6e1-unwrap_shear_5nN": 1, "5bb4103a5ff7c5a794e09802a373e6e1-shear_25nN": 1, "5bb4103a5ff7c5a794e09802a373e6e1-shear_5nN_grompp": 1, "5bb4103a5ff7c5a794e09802a373e6e1-fix_overlaps": 1, "5bb4103a5ff7c5a794e09802a373e6e1-equilibrate": 1, "5bb4103a5ff7c5a794e09802a373e6e1-compress": 1, "5bb4103a5ff7c5a794e09802a373e6e1-shear_5nN": 1, "5bb4103a5ff7c5a794e09802a373e6e1-log_cof": 1, "5bb4103a5ff7c5a794e09802a373e6e1-shear_15nN": 1, "5bb4103a5ff7c5a794e09802a373e6e1-log_interaction_energy_15nN": 1, "5bb4103a5ff7c5a794e09802a373e6e1-shear_5nN_rerun_grompp": 1, "5bb4103a5ff7c5a794e09802a373e6e1-shear_15nN_rerun": 1, "5bb4103a5ff7c5a794e09802a373e6e1-shear_25nN_rerun": 1, "5bb4103a5ff7c5a794e09802a373e6e1-get_interaction_energy_15nN": 1, "5bb4103a5ff7c5a794e09802a373e6e1-shear_5nN_rerun": 1, "5bb4103a5ff7c5a794e09802a373e6e1-calc_S2_shear": 1, "5bb4103a5ff7c5a794e09802a373e6e1-compress_grompp": 1}, "intercept": 0.9205350773317509, "shear_15nN-lj": [-1551.6800828832936, 46.52564164222457], "tilt_top": {"15nN": 38.6543514094529, "5nN": 34.428693192249504, "25nN": 39.75645258277167}, "shear_5nN-Etotal": [-1345.8322887713828, 54.341029075954516], "shear_5nN-qq": [6.607044814548361, 10.25148325416991], "shear_5nN-lj": [-1352.439333585931, 54.941859986778425], "COF": 0.15110735113145826, "shear_25nN-lj": [-1655.8181498417266, 50.55445140830621], "shear_25nN-qq": [79.82350172342126, 12.526675998986763], "shear_15nN-Etotal": [-1494.115347323741, 45.18841900301791]}