{"MR-mean":14.3274,"asphericity-mean":0.3356745,"balabanj-mean":4.355608,"bertzct-mean":101.448216,"chi0-mean":8.6035535,"chi0n-mean":8.454124,"chi0v-mean":1.454124,"chi1-mean":4.15533,"chi1n-mean":3.931186,"chi1v-mean":0.477062,"chi2n-mean":0.1875,"chi2v-mean":0.1875,"chi3n-mean":0.0,"chi3v-mean":0.0,"chi4n-mean":0.0,"chi4v-mean":0.0,"e-valence-mean":20.0,"eccentricity-mean":0.9031755,"hk-alpha-mean":-0.02,"hk-kappa1-mean":0.143221,"hk-kappa2-mean":1.1466665,"hk-kappa3-mean":-13.52,"ipc-mean":162.122654,"isf-mean":0.1225185,"labuteASA-mean":30.5619095,"logP-mean":0.6354,"molwt-mean":45.0522325,"molwt-hvy-mean":38.027,"nheavy-mean":3.0,"npr1-mean":0.380291,"npr2-mean":0.790583,"pbf-mean":0.443551,"pc+-mean":0.319364,"pc--mean":-0.319364,"pmi1-mean":32.084815,"pmi2-mean":42.96817,"pmi3-mean":63.692751,"rbonds-mean":0.5,"rg-mean":1.126173,"rpc+-mean":0.3238005,"rpc--mean":0.631823,"spherocity-mean":0.5187575,"tpsa-mean":10.115,"vsa+-mean":13.144507,"vsa--mean":15.779221,"vsa-fhyd-mean":0.815152,"vsa-fneg-mean":0.4737225,"vsa-fpneg-mean":0.1443965,"vsa-fpos-mean":0.5262775,"vsa-fppos-mean":0.0404515,"vsa-hyd-mean":25.653724,"vsa-polar-mean":0.184848,"vsa-polar+-mean":0.7156,"vsa-polar--mean":2.554404,"MR-min":8.1428,"asphericity-min":0.1424,"balabanj-min":3.16849,"bertzct-min":37.302969,"chi0-min":5.207107,"chi0n-min":4.908248,"chi0v-min":0.908248,"chi1-min":2.56066,"chi1n-min":2.112372,"chi1v-min":0.204124,"chi2n-min":0.0,"chi2v-min":0.0,"chi3n-min":0.0,"chi3v-min":0.0,"chi4n-min":0.0,"chi4v-min":0.0,"e-valence-min":14.0,"eccentricity-min":0.8259,"hk-alpha-min":-0.04,"hk-kappa1-min":0.073424,"hk-kappa2-min":0.96,"hk-kappa3-min":-27.04,"ipc-min":12.164797,"isf-min":0.010292,"labuteASA-min":19.240037,"logP-min":-0.3915,"molwt-min":32.026215,"molwt-hvy-min":28.01,"nheavy-min":2.0,"npr1-min":0.196765,"npr2-min":0.618186,"pbf-min":0.312539,"pc+-min":0.239098,"pc--min":-0.39963,"pmi1-min":4.102242,"pmi2-min":20.076582,"pmi3-min":20.848393,"rbonds-min":0.0,"rg-min":0.838229,"rpc+-min":0.123042,"rpc--min":0.263646,"spherocity-min":0.474158,"tpsa-min":0.0,"vsa+-min":12.581428,"vsa--min":5.108808,"vsa-fhyd-min":0.630304,"vsa-fneg-min":0.288793,"vsa-fpneg-min":0.0,"vsa-fpos-min":0.341348,"vsa-fppos-min":0.0,"vsa-hyd-min":11.150228,"vsa-polar-min":0.0,"vsa-polar+-min":0.0,"vsa-polar--min":0.0,"MR-max":20.512,"asphericity-max":0.528949,"balabanj-max":5.542726,"bertzct-max":165.593463,"chi0-max":12.0,"chi0n-max":12.0,"chi0v-max":2.0,"chi1-max":5.75,"chi1n-max":5.75,"chi1v-max":0.75,"chi2n-max":0.375,"chi2v-max":0.375,"chi3n-max":0.0,"chi3v-max":0.0,"chi4n-max":0.0,"chi4v-max":0.0,"e-valence-max":26.0,"eccentricity-max":0.980451,"hk-alpha-max":0.0,"hk-kappa1-max":0.213018,"hk-kappa2-max":1.333333,"hk-kappa3-max":0.0,"ipc-max":312.080511,"isf-max":0.234745,"labuteASA-max":41.883782,"logP-max":1.6623,"molwt-max":58.07825,"molwt-hvy-max":48.044,"nheavy-max":4.0,"npr1-max":0.563817,"npr2-max":0.96298,"pbf-max":0.574563,"pc+-max":0.39963,"pc--max":-0.239098,"pmi1-max":60.067388,"pmi2-max":65.859758,"pmi3-max":106.537109,"rbonds-max":1.0,"rg-max":1.414117,"rpc+-max":0.524559,"rpc--max":1.0,"spherocity-max":0.563357,"tpsa-max":20.23,"vsa+-max":13.707586,"vsa--max":26.449634,"vsa-fhyd-max":1.0,"vsa-fneg-max":0.658652,"vsa-fpneg-max":0.288793,"vsa-fpos-max":0.711207,"vsa-fppos-max":0.080903,"vsa-hyd-max":40.15722,"vsa-polar-max":0.369696,"vsa-polar+-max":1.4312,"vsa-polar--max":5.108808,"MR-diff":12.3692,"asphericity-diff":0.386549,"balabanj-diff":2.374236,"bertzct-diff":128.290494,"chi0-diff":6.792893,"chi0n-diff":7.091752,"chi0v-diff":1.091752,"chi1-diff":3.18934,"chi1n-diff":3.637628,"chi1v-diff":0.545876,"chi2n-diff":0.375,"chi2v-diff":0.375,"chi3n-diff":0.0,"chi3v-diff":0.0,"chi4n-diff":0.0,"chi4v-diff":0.0,"e-valence-diff":12.0,"eccentricity-diff":0.154551,"hk-alpha-diff":0.04,"hk-kappa1-diff":0.139594,"hk-kappa2-diff":0.373333,"hk-kappa3-diff":27.04,"ipc-diff":299.915714,"isf-diff":0.224453,"labuteASA-diff":22.643745,"logP-diff":2.0538,"molwt-diff":26.052035,"molwt-hvy-diff":20.034,"nheavy-diff":2.0,"npr1-diff":0.367052,"npr2-diff":0.344794,"pbf-diff":0.262024,"pc+-diff":0.160532,"pc--diff":0.160532,"pmi1-diff":55.965146,"pmi2-diff":45.783176,"pmi3-diff":85.688716,"rbonds-diff":1.0,"rg-diff":0.575888,"rpc+-diff":0.401517,"rpc--diff":0.736354,"spherocity-diff":0.089199,"tpsa-diff":20.23,"vsa+-diff":1.126158,"vsa--diff":21.340826,"vsa-fhyd-diff":0.369696,"vsa-fneg-diff":0.369859,"vsa-fpneg-diff":0.288793,"vsa-fpos-diff":0.369859,"vsa-fppos-diff":0.080903,"vsa-hyd-diff":29.006992,"vsa-polar-diff":0.369696,"vsa-polar+-diff":1.4312,"vsa-polar--diff":5.108808,"hbonds":0.0}