{"shear_15nN-qq": [30.45550960351719, 12.578102965101001], "delta_molecular_weight": 26.0801, "tilt_bottom": {"15nN": 36.74529416143357, "5nN": 33.08904177808344, "25nN": 38.330994941405606}, "interdigitation": {"15nN": 0.11916952818933096, "5nN": 0.09719456986816967, "25nN": 0.10591705743711421}, "intercept": 0.7248750705256599, "delta_dipole_moment": 1.8699999999999999, "S2_top": {"15nN": 0.9158927760441564, "5nN": 0.8920210610621683, "25nN": 0.892525868097894}, "shear_25nN-Etotal": [-1568.1215872677858, 48.11080830888584], "avg_dipole_moment": 0.945, "S2_bottom": {"15nN": 0.9312443380837351, "5nN": 0.9335935515313988, "25nN": 0.9185826865394557}, "status": {"028f0e7837d6d82585d5b1d2f053cddb-unwrap_shear_25nN": 1, "028f0e7837d6d82585d5b1d2f053cddb-log_interaction_energy_15nN": 1, "028f0e7837d6d82585d5b1d2f053cddb-lammps_to_gmx": 1, "028f0e7837d6d82585d5b1d2f053cddb-shear_5nN_grompp": 1, "028f0e7837d6d82585d5b1d2f053cddb-unwrap_shear_5nN": 1, "028f0e7837d6d82585d5b1d2f053cddb-calc_S2_shear": 1, "028f0e7837d6d82585d5b1d2f053cddb-shear_15nN_rerun_grompp": 1, "028f0e7837d6d82585d5b1d2f053cddb-log_cof": 1, "028f0e7837d6d82585d5b1d2f053cddb-equilibrate_grompp": 1, "028f0e7837d6d82585d5b1d2f053cddb-fix_overlaps": 1, "028f0e7837d6d82585d5b1d2f053cddb-get_interaction_energy_25nN": 1, "028f0e7837d6d82585d5b1d2f053cddb-shear_25nN_rerun_grompp": 1, "028f0e7837d6d82585d5b1d2f053cddb-shear_5nN_rerun_grompp": 1, "028f0e7837d6d82585d5b1d2f053cddb-initialize": 1, "028f0e7837d6d82585d5b1d2f053cddb-get_interaction_energy_15nN": 1, "028f0e7837d6d82585d5b1d2f053cddb-shear_5nN": 1, "028f0e7837d6d82585d5b1d2f053cddb-log_tilt": 1, "028f0e7837d6d82585d5b1d2f053cddb-shear_5nN_rerun": 1, "028f0e7837d6d82585d5b1d2f053cddb-shear_25nN_grompp": 1, "028f0e7837d6d82585d5b1d2f053cddb-equilibrate": 1, "028f0e7837d6d82585d5b1d2f053cddb-calc_friction": 1, "028f0e7837d6d82585d5b1d2f053cddb-shear_25nN": 1, "028f0e7837d6d82585d5b1d2f053cddb-compress": 1, "028f0e7837d6d82585d5b1d2f053cddb-minimize_grompp": 1, "028f0e7837d6d82585d5b1d2f053cddb-shear_15nN_rerun": 1, "028f0e7837d6d82585d5b1d2f053cddb-log_S2": 1, "028f0e7837d6d82585d5b1d2f053cddb-log_interaction_energy_5nN": 1, "028f0e7837d6d82585d5b1d2f053cddb-top_to_mol2": 1, "028f0e7837d6d82585d5b1d2f053cddb-compress_grompp": 1, "028f0e7837d6d82585d5b1d2f053cddb-calc_interdigitation": 1, "028f0e7837d6d82585d5b1d2f053cddb-get_interaction_energy_5nN": 1, "028f0e7837d6d82585d5b1d2f053cddb-shear_25nN_rerun": 1, "028f0e7837d6d82585d5b1d2f053cddb-shear_15nN_grompp": 1, "028f0e7837d6d82585d5b1d2f053cddb-minimize": 1, "028f0e7837d6d82585d5b1d2f053cddb-count_hydrogen_bonds": 1, "028f0e7837d6d82585d5b1d2f053cddb-shear_15nN": 1, "028f0e7837d6d82585d5b1d2f053cddb-log_interaction_energy_25nN": 1, "028f0e7837d6d82585d5b1d2f053cddb-unwrap_shear_15nN": 1, "028f0e7837d6d82585d5b1d2f053cddb-calc_tilt_shear": 1}, "avg_molecular_weight": 30.04735, "shear_15nN-lj": [-1499.5325347330136, 49.967476113251124], "tilt_top": {"15nN": 36.61894416083841, "5nN": 31.759184122199812, "25nN": 38.10084547133084}, "shear_5nN-Etotal": [-1279.8438427346123, 52.77756308648879], "shear_5nN-qq": [2.6692982174260593, 11.449106269599948], "shear_5nN-lj": [-1282.5131409520384, 51.35023793775885], "COF": 0.1374013552680383, "shear_25nN-lj": [-1624.1672564372502, 48.778436273111076], "shear_25nN-qq": [56.045669169464425, 14.093750887085568], "shear_15nN-Etotal": [-1469.0770251294964, 51.23865844188651]}