{"MR-mean":13.6095,"asphericity-mean":0.4790425,"balabanj-mean":4.209954,"bertzct-mean":93.6191995,"chi0-mean":7.3273505,"chi0n-mean":7.25,"chi0v-mean":1.25,"chi1-mean":3.5520295,"chi1n-mean":3.375,"chi1v-mean":0.375,"chi2n-mean":0.0625,"chi2v-mean":0.0625,"chi3n-mean":0.0,"chi3v-mean":0.0,"chi4n-mean":0.0,"chi4v-mean":0.0,"e-valence-mean":16.0,"eccentricity-mean":0.9734155,"hk-alpha-mean":-0.13,"hk-kappa1-mean":0.089645,"hk-kappa2-mean":0.87,"hk-kappa3-mean":0.87,"ipc-mean":35.688185,"isf-mean":0.114845,"labuteASA-mean":26.3716855,"logP-mean":1.10925,"molwt-mean":36.04695,"molwt-hvy-mean":30.0275,"nheavy-mean":2.5,"npr1-mean":0.2263375,"npr2-mean":0.930233,"pbf-mean":0.372367,"pc+-mean":0.191013,"pc--mean":-0.191013,"pmi1-mean":8.941645,"pmi2-mean":38.0604785,"pmi3-mean":42.1213615,"rbonds-mean":1.0,"rg-mean":1.085046,"rpc+-mean":0.1987375,"rpc--mean":0.460511,"spherocity-mean":0.411449,"tpsa-mean":0.0,"vsa+-mean":8.2245515,"vsa--mean":16.5693935,"vsa-fhyd-mean":1.0,"vsa-fneg-mean":0.663793,"vsa-fpneg-mean":0.0,"vsa-fpos-mean":0.336207,"vsa-fppos-mean":0.0,"vsa-hyd-mean":24.793945,"vsa-polar-mean":0.0,"vsa-polar+-mean":0.0,"vsa-polar--mean":0.0,"MR-min":11.348,"asphericity-min":0.427037,"balabanj-min":4.020392,"bertzct-min":61.509775,"chi0-min":7.0,"chi0n-min":7.0,"chi0v-min":1.0,"chi1-min":3.25,"chi1n-min":3.25,"chi1v-min":0.25,"chi2n-min":0.0,"chi2v-min":0.0,"chi3n-min":0.0,"chi3v-min":0.0,"chi4n-min":0.0,"chi4v-min":0.0,"e-valence-min":14.0,"eccentricity-min":0.965461,"hk-alpha-min":-0.26,"hk-kappa1-min":0.040816,"hk-kappa2-min":0.0,"hk-kappa3-min":0.0,"ipc-min":21.306059,"isf-min":0.075796,"labuteASA-min":23.534016,"logP-min":1.0262,"molwt-min":30.04695,"molwt-hvy-min":24.022,"nheavy-min":2.0,"npr1-min":0.192127,"npr2-min":0.865382,"pbf-min":0.243155,"pc+-min":0.136525,"pc--min":-0.245501,"pmi1-min":6.466052,"pmi2-min":24.695126,"pmi3-min":24.817134,"rbonds-min":1.0,"rg-min":0.96478,"rpc+-min":0.166667,"rpc--min":0.421022,"spherocity-min":0.207616,"tpsa-min":0.0,"vsa+-min":8.224551,"vsa--min":13.703784,"vsa-fhyd-min":1.0,"vsa-fneg-min":0.624935,"vsa-fpneg-min":0.0,"vsa-fpos-min":0.297349,"vsa-fppos-min":0.0,"vsa-hyd-min":21.928335,"vsa-polar-min":0.0,"vsa-polar+-min":0.0,"vsa-polar--min":0.0,"MR-max":15.871,"asphericity-max":0.531048,"balabanj-max":4.399516,"bertzct-max":125.728624,"chi0-max":7.654701,"chi0n-max":7.5,"chi0v-max":1.5,"chi1-max":3.854059,"chi1n-max":3.5,"chi1v-max":0.5,"chi2n-max":0.125,"chi2v-max":0.125,"chi3n-max":0.0,"chi3v-max":0.0,"chi4n-max":0.0,"chi4v-max":0.0,"e-valence-max":18.0,"eccentricity-max":0.98137,"hk-alpha-max":0.0,"hk-kappa1-max":0.138474,"hk-kappa2-max":1.74,"hk-kappa3-max":1.74,"ipc-max":50.070311,"isf-max":0.153894,"labuteASA-max":29.209355,"logP-max":1.1923,"molwt-max":42.04695,"molwt-hvy-max":36.033,"nheavy-max":3.0,"npr1-max":0.260548,"npr2-max":0.995084,"pbf-max":0.501579,"pc+-max":0.245501,"pc--max":-0.136525,"pmi1-max":11.417238,"pmi2-max":51.425831,"pmi3-max":59.425589,"rbonds-max":1.0,"rg-max":1.205312,"rpc+-max":0.230808,"rpc--max":0.5,"spherocity-max":0.615282,"tpsa-max":0.0,"vsa+-max":8.224552,"vsa--max":19.435003,"vsa-fhyd-max":1.0,"vsa-fneg-max":0.702651,"vsa-fpneg-max":0.0,"vsa-fpos-max":0.375065,"vsa-fppos-max":0.0,"vsa-hyd-max":27.659555,"vsa-polar-max":0.0,"vsa-polar+-max":0.0,"vsa-polar--max":0.0,"MR-diff":4.523,"asphericity-diff":0.104011,"balabanj-diff":0.379124,"bertzct-diff":64.218849,"chi0-diff":0.654701,"chi0n-diff":0.5,"chi0v-diff":0.5,"chi1-diff":0.604059,"chi1n-diff":0.25,"chi1v-diff":0.25,"chi2n-diff":0.125,"chi2v-diff":0.125,"chi3n-diff":0.0,"chi3v-diff":0.0,"chi4n-diff":0.0,"chi4v-diff":0.0,"e-valence-diff":4.0,"eccentricity-diff":0.015909,"hk-alpha-diff":0.26,"hk-kappa1-diff":0.097658,"hk-kappa2-diff":1.74,"hk-kappa3-diff":1.74,"ipc-diff":28.764252,"isf-diff":0.078098,"labuteASA-diff":5.675339,"logP-diff":0.1661,"molwt-diff":12.0,"molwt-hvy-diff":12.011,"nheavy-diff":1.0,"npr1-diff":0.068421,"npr2-diff":0.129702,"pbf-diff":0.258424,"pc+-diff":0.108976,"pc--diff":0.108976,"pmi1-diff":4.951186,"pmi2-diff":26.730705,"pmi3-diff":34.608455,"rbonds-diff":0.0,"rg-diff":0.240532,"rpc+-diff":0.064141,"rpc--diff":0.078978,"spherocity-diff":0.407666,"tpsa-diff":0.0,"vsa+-diff":0.000001,"vsa--diff":5.731219,"vsa-fhyd-diff":0.0,"vsa-fneg-diff":0.077716,"vsa-fpneg-diff":0.0,"vsa-fpos-diff":0.077716,"vsa-fppos-diff":0.0,"vsa-hyd-diff":5.73122,"vsa-polar-diff":0.0,"vsa-polar+-diff":0.0,"vsa-polar--diff":0.0,"hbonds":0.0}