{"avg_dipole_moment": 0.82, "max_dipole_moment": 1.63, "min_dipole_moment": 0.01, "max_molecular_weight": 43.0874, "shear_5nN-qq": [4.879294687450041, 12.684636678748712], "intercept": 0.8771006950178981, "shear_15nN-qq": [44.340267697042364, 18.135681258593017], "min_molecular_weight": 16.0225, "delta_molecular_weight": 27.0649, "ch3-smiles-2": "CC(C)C", "chain-smiles-2": "CCCCCCCCCCCCCCCCCC(C)C", "tilt_bottom": {"25nN": 40.38805481726007, "5nN": 35.64354863146292, "15nN": 38.438269794667775}, "tilt_top": {"25nN": 38.57700963131104, "5nN": 32.996958677514584, "15nN": 36.51410259477048}, "shear_15nN-lj": [-1433.8249879624302, 45.176431856828984], "h-smiles-1": "N", "ch3-smiles-1": "CN", "S2_bottom": {"25nN": 0.9547062559770081, "5nN": 0.9534888163152601, "15nN": 0.9451764626331}, "h-smiles-2": "C(C)C", "shear_25nN-qq": [75.80702832853717, 16.961208479671004], "COF": 0.12164478408790612, "shear_25nN-lj": [-1529.721669727418, 45.29574606229409], "S2_top": {"25nN": 0.9520407294368869, "5nN": 0.9543752720536847, "15nN": 0.956163178610887}, "shear_15nN-Etotal": [-1389.4847202653878, 46.87844740689151], "shear_5nN-Etotal": [-1212.881680026379, 48.80868965406819], "shear_25nN-Etotal": [-1453.9146413988808, 47.59661946136046], "avg_molecular_weight": 29.55495, "shear_5nN-lj": [-1217.760974713829, 48.234794537840344], "delta_dipole_moment": 1.6199999999999999, "status": {"7aaba6fb7e7c5f2172dbbd9eb74cca57-equilibrate_grompp": 1, "7aaba6fb7e7c5f2172dbbd9eb74cca57-log_cof": 1, "7aaba6fb7e7c5f2172dbbd9eb74cca57-compress_grompp": 1, "7aaba6fb7e7c5f2172dbbd9eb74cca57-minimize_grompp": 1, "7aaba6fb7e7c5f2172dbbd9eb74cca57-lammps_to_gmx": 1, "7aaba6fb7e7c5f2172dbbd9eb74cca57-shear_15nN_rerun": 1, "7aaba6fb7e7c5f2172dbbd9eb74cca57-unwrap_shear_15nN": 1, "7aaba6fb7e7c5f2172dbbd9eb74cca57-shear_15nN_rerun_grompp": 1, "7aaba6fb7e7c5f2172dbbd9eb74cca57-log_interaction_energy_5nN": 1, "7aaba6fb7e7c5f2172dbbd9eb74cca57-calc_tilt_shear": 1, "7aaba6fb7e7c5f2172dbbd9eb74cca57-get_interaction_energy_15nN": 1, "7aaba6fb7e7c5f2172dbbd9eb74cca57-shear_25nN_rerun_grompp": 1, "7aaba6fb7e7c5f2172dbbd9eb74cca57-get_interaction_energy_25nN": 1, "7aaba6fb7e7c5f2172dbbd9eb74cca57-equilibrate": 1, "7aaba6fb7e7c5f2172dbbd9eb74cca57-log_interaction_energy_15nN": 1, "7aaba6fb7e7c5f2172dbbd9eb74cca57-shear_25nN_rerun": 1, "7aaba6fb7e7c5f2172dbbd9eb74cca57-shear_5nN": 1, "7aaba6fb7e7c5f2172dbbd9eb74cca57-count_hydrogen_bonds": 1, "7aaba6fb7e7c5f2172dbbd9eb74cca57-shear_5nN_grompp": 1, "7aaba6fb7e7c5f2172dbbd9eb74cca57-fix_overlaps": 1, "7aaba6fb7e7c5f2172dbbd9eb74cca57-top_to_mol2": 1, "7aaba6fb7e7c5f2172dbbd9eb74cca57-unwrap_shear_5nN": 1, "7aaba6fb7e7c5f2172dbbd9eb74cca57-minimize": 1, "7aaba6fb7e7c5f2172dbbd9eb74cca57-calc_interdigitation": 1, "7aaba6fb7e7c5f2172dbbd9eb74cca57-log_tilt": 1, "7aaba6fb7e7c5f2172dbbd9eb74cca57-calc_S2_shear": 1, "7aaba6fb7e7c5f2172dbbd9eb74cca57-shear_15nN": 1, "7aaba6fb7e7c5f2172dbbd9eb74cca57-compress": 1, "7aaba6fb7e7c5f2172dbbd9eb74cca57-shear_5nN_rerun_grompp": 1, "7aaba6fb7e7c5f2172dbbd9eb74cca57-get_interaction_energy_5nN": 1, "7aaba6fb7e7c5f2172dbbd9eb74cca57-shear_25nN": 1, "7aaba6fb7e7c5f2172dbbd9eb74cca57-initialize": 1, "7aaba6fb7e7c5f2172dbbd9eb74cca57-shear_25nN_grompp": 1, "7aaba6fb7e7c5f2172dbbd9eb74cca57-log_interaction_energy_25nN": 1, "7aaba6fb7e7c5f2172dbbd9eb74cca57-shear_5nN_rerun": 1, "7aaba6fb7e7c5f2172dbbd9eb74cca57-unwrap_shear_25nN": 1, "7aaba6fb7e7c5f2172dbbd9eb74cca57-calc_friction": 1, "7aaba6fb7e7c5f2172dbbd9eb74cca57-log_S2": 1, "7aaba6fb7e7c5f2172dbbd9eb74cca57-shear_15nN_grompp": 1}, "chain-smiles-1": "CCCCCCCCCCCCCCCCCN"}