{"MR-mean":12.1405,"asphericity-mean":0.4507285,"balabanj-mean":3.883405,"bertzct-mean":68.860604,"chi0-mean":7.3535535,"chi0n-mean":7.204124,"chi0v-mean":1.204124,"chi1-mean":3.4785535,"chi1n-mean":3.329124,"chi1v-mean":0.329124,"chi2n-mean":0.051031,"chi2v-mean":0.051031,"chi3n-mean":0.0,"chi3v-mean":0.0,"chi4n-mean":0.0,"chi4v-mean":0.0,"e-valence-mean":17.0,"eccentricity-mean":0.97009,"hk-alpha-mean":-0.02,"hk-kappa1-mean":0.11014,"hk-kappa2-mean":0.98,"hk-kappa3-mean":0.98,"ipc-mean":24.3709,"isf-mean":0.1122565,"labuteASA-mean":26.0907885,"logP-mean":0.6444,"molwt-mean":38.0444075,"molwt-hvy-mean":32.0215,"nheavy-mean":2.5,"npr1-mean":0.2418965,"npr2-mean":0.9438055,"pbf-mean":0.4765255,"pc+-mean":0.2622265,"pc--mean":-0.2622265,"pmi1-mean":9.435375,"pmi2-mean":37.2776255,"pmi3-mean":40.252501,"rbonds-mean":1.5,"rg-mean":1.0484305,"rpc+-mean":0.151596,"rpc--mean":0.75,"spherocity-mean":0.5032385,"tpsa-mean":4.615,"vsa+-mean":15.2625035,"vsa--mean":9.2203235,"vsa-fhyd-mean":0.9124015,"vsa-fneg-mean":0.400066,"vsa-fpneg-mean":0.0875985,"vsa-fpos-mean":0.599934,"vsa-fppos-mean":0.0,"vsa-hyd-mean":22.1143955,"vsa-polar-mean":0.0875985,"vsa-polar+-mean":0.0,"vsa-polar--mean":2.3684315,"MR-min":11.348,"asphericity-min":0.424539,"balabanj-min":3.746418,"bertzct-min":61.509775,"chi0-min":7.0,"chi0n-min":7.0,"chi0v-min":1.0,"chi1-min":3.25,"chi1n-min":3.25,"chi1v-min":0.25,"chi2n-min":0.0,"chi2v-min":0.0,"chi3n-min":0.0,"chi3v-min":0.0,"chi4n-min":0.0,"chi4v-min":0.0,"e-valence-min":14.0,"eccentricity-min":0.965182,"hk-alpha-min":-0.04,"hk-kappa1-min":0.040816,"hk-kappa2-min":0.0,"hk-kappa3-min":0.0,"ipc-min":21.306059,"isf-min":0.072659,"labuteASA-min":23.534016,"logP-min":0.2626,"molwt-min":30.04695,"molwt-hvy-min":24.022,"nheavy-min":2.0,"npr1-min":0.222213,"npr2-min":0.897274,"pbf-min":0.468277,"pc+-min":0.136525,"pc--min":-0.387928,"pmi1-min":6.521654,"pmi2-min":24.690892,"pmi3-min":24.931807,"rbonds-min":1.0,"rg-min":0.96621,"rpc+-min":0.136525,"rpc--min":0.5,"spherocity-min":0.395888,"tpsa-min":0.0,"vsa+-min":8.224551,"vsa--min":4.736863,"vsa-fhyd-min":0.824803,"vsa-fneg-min":0.175197,"vsa-fpneg-min":0.0,"vsa-fpos-min":0.375065,"vsa-fppos-min":0.0,"vsa-hyd-min":21.928335,"vsa-polar-min":0.0,"vsa-polar+-min":0.0,"vsa-polar--min":0.0,"MR-max":12.933,"asphericity-max":0.476918,"balabanj-max":4.020392,"bertzct-max":76.211433,"chi0-max":7.707107,"chi0n-max":7.408248,"chi0v-max":1.408248,"chi1-max":3.707107,"chi1n-max":3.408248,"chi1v-max":0.408248,"chi2n-max":0.102062,"chi2v-max":0.102062,"chi3n-max":0.0,"chi3v-max":0.0,"chi4n-max":0.0,"chi4v-max":0.0,"e-valence-max":20.0,"eccentricity-max":0.974998,"hk-alpha-max":0.0,"hk-kappa1-max":0.179464,"hk-kappa2-max":1.96,"hk-kappa3-max":1.96,"ipc-max":27.435741,"isf-max":0.151854,"labuteASA-max":28.647561,"logP-max":1.0262,"molwt-max":46.041865,"molwt-hvy-max":40.021,"nheavy-max":3.0,"npr1-max":0.26158,"npr2-max":0.990337,"pbf-max":0.484774,"pc+-max":0.387928,"pc--max":-0.136525,"pmi1-max":12.349096,"pmi2-max":49.864359,"pmi3-max":55.573195,"rbonds-max":2.0,"rg-max":1.130651,"rpc+-max":0.166667,"rpc--max":1.0,"spherocity-max":0.610589,"tpsa-max":9.23,"vsa+-max":22.300456,"vsa--max":13.703784,"vsa-fhyd-max":1.0,"vsa-fneg-max":0.624935,"vsa-fpneg-max":0.175197,"vsa-fpos-max":0.824803,"vsa-fppos-max":0.0,"vsa-hyd-max":22.300456,"vsa-polar-max":0.175197,"vsa-polar+-max":0.0,"vsa-polar--max":4.736863,"MR-diff":1.585,"asphericity-diff":0.052379,"balabanj-diff":0.273974,"bertzct-diff":14.701658,"chi0-diff":0.707107,"chi0n-diff":0.408248,"chi0v-diff":0.408248,"chi1-diff":0.457107,"chi1n-diff":0.158248,"chi1v-diff":0.158248,"chi2n-diff":0.102062,"chi2v-diff":0.102062,"chi3n-diff":0.0,"chi3v-diff":0.0,"chi4n-diff":0.0,"chi4v-diff":0.0,"e-valence-diff":6.0,"eccentricity-diff":0.009816,"hk-alpha-diff":0.04,"hk-kappa1-diff":0.138648,"hk-kappa2-diff":1.96,"hk-kappa3-diff":1.96,"ipc-diff":6.129682,"isf-diff":0.079195,"labuteASA-diff":5.113545,"logP-diff":0.7636,"molwt-diff":15.994915,"molwt-hvy-diff":15.999,"nheavy-diff":1.0,"npr1-diff":0.039367,"npr2-diff":0.093063,"pbf-diff":0.016497,"pc+-diff":0.251403,"pc--diff":0.251403,"pmi1-diff":5.827442,"pmi2-diff":25.173467,"pmi3-diff":30.641388,"rbonds-diff":1.0,"rg-diff":0.164441,"rpc+-diff":0.030142,"rpc--diff":0.5,"spherocity-diff":0.214701,"tpsa-diff":9.23,"vsa+-diff":14.075905,"vsa--diff":8.966921,"vsa-fhyd-diff":0.175197,"vsa-fneg-diff":0.449738,"vsa-fpneg-diff":0.175197,"vsa-fpos-diff":0.449738,"vsa-fppos-diff":0.0,"vsa-hyd-diff":0.372121,"vsa-polar-diff":0.175197,"vsa-polar+-diff":0.0,"vsa-polar--diff":4.736863,"hbonds":0.0}