{"MR-mean":14.873,"asphericity-mean":0.340198,"balabanj-mean":3.5555635,"bertzct-mean":129.548875,"chi0-mean":8.5,"chi0n-mean":8.5,"chi0v-mean":1.5,"chi1-mean":4.125,"chi1n-mean":4.125,"chi1v-mean":0.625,"chi2n-mean":0.3125,"chi2v-mean":0.3125,"chi3n-mean":0.125,"chi3v-mean":0.125,"chi4n-mean":0.015625,"chi4v-mean":0.015625,"e-valence-mean":19.0,"eccentricity-mean":0.9461825,"hk-alpha-mean":0.0,"hk-kappa1-mean":0.145408,"hk-kappa2-mean":0.24,"hk-kappa3-mean":0.111111,"ipc-mean":137.8820655,"isf-mean":0.0883395,"labuteASA-mean":30.801013,"logP-mean":1.22125,"molwt-mean":43.054775,"molwt-hvy-mean":36.033,"nheavy-mean":3.0,"npr1-mean":0.318972,"npr2-mean":0.935902,"pbf-mean":0.5411925,"pc+-mean":0.1721045,"pc--mean":-0.1721045,"pmi1-mean":19.700122,"pmi2-mean":51.2562855,"pmi3-mean":56.581982,"rbonds-mean":1.0,"rg-mean":1.1479125,"rpc+-mean":0.1555225,"rpc--mean":0.4004915,"spherocity-mean":0.601442,"tpsa-mean":0.0,"vsa+-mean":9.5953095,"vsa--mean":19.597742,"vsa-fhyd-mean":1.0,"vsa-fneg-mean":0.6620735,"vsa-fpneg-mean":0.0,"vsa-fpos-mean":0.3379265,"vsa-fppos-mean":0.0,"vsa-hyd-mean":29.1930515,"vsa-polar-mean":0.0,"vsa-polar+-mean":0.0,"vsa-polar--mean":0.0,"MR-min":11.348,"asphericity-min":0.264485,"balabanj-min":3.090735,"bertzct-min":61.509775,"chi0-min":7.0,"chi0n-min":7.0,"chi0v-min":1.0,"chi1-min":3.25,"chi1n-min":3.25,"chi1v-min":0.25,"chi2n-min":0.0,"chi2v-min":0.0,"chi3n-min":0.0,"chi3v-min":0.0,"chi4n-min":0.0,"chi4v-min":0.0,"e-valence-min":14.0,"eccentricity-min":0.928698,"hk-alpha-min":0.0,"hk-kappa1-min":0.040816,"hk-kappa2-min":0.0,"hk-kappa3-min":0.0,"ipc-min":21.306059,"isf-min":0.026912,"labuteASA-min":23.534016,"logP-min":1.0262,"molwt-min":30.04695,"molwt-hvy-min":24.022,"nheavy-min":2.0,"npr1-min":0.267107,"npr2-min":0.882567,"pbf-min":0.467149,"pc+-min":0.136525,"pc--min":-0.207684,"pmi1-min":6.605171,"pmi2-min":24.462426,"pmi3-min":24.728573,"rbonds-min":1.0,"rg-min":0.963209,"rpc+-min":0.144378,"rpc--min":0.300983,"spherocity-min":0.590227,"tpsa-min":0.0,"vsa+-min":8.224551,"vsa--min":13.703784,"vsa-fhyd-min":1.0,"vsa-fneg-min":0.624935,"vsa-fpneg-min":0.0,"vsa-fpos-min":0.300788,"vsa-fppos-min":0.0,"vsa-hyd-min":21.928335,"vsa-polar-min":0.0,"vsa-polar+-min":0.0,"vsa-polar--min":0.0,"MR-max":18.398,"asphericity-max":0.415911,"balabanj-max":4.020392,"bertzct-max":197.587975,"chi0-max":10.0,"chi0n-max":10.0,"chi0v-max":2.0,"chi1-max":5.0,"chi1n-max":5.0,"chi1v-max":1.0,"chi2n-max":0.625,"chi2v-max":0.625,"chi3n-max":0.25,"chi3v-max":0.25,"chi4n-max":0.03125,"chi4v-max":0.03125,"e-valence-max":24.0,"eccentricity-max":0.963667,"hk-alpha-max":0.0,"hk-kappa1-max":0.25,"hk-kappa2-max":0.48,"hk-kappa3-max":0.222222,"ipc-max":254.458072,"isf-max":0.149767,"labuteASA-max":38.06801,"logP-max":1.4163,"molwt-max":56.0626,"molwt-hvy-max":48.044,"nheavy-max":4.0,"npr1-max":0.370837,"npr2-max":0.989237,"pbf-max":0.615236,"pc+-max":0.207684,"pc--max":-0.136525,"pmi1-max":32.795073,"pmi2-max":78.050145,"pmi3-max":88.435391,"rbonds-max":1.0,"rg-max":1.332616,"rpc+-max":0.166667,"rpc--max":0.5,"spherocity-max":0.612657,"tpsa-max":0.0,"vsa+-max":10.966068,"vsa--max":25.4917,"vsa-fhyd-max":1.0,"vsa-fneg-max":0.699212,"vsa-fpneg-max":0.0,"vsa-fpos-max":0.375065,"vsa-fppos-max":0.0,"vsa-hyd-max":36.457768,"vsa-polar-max":0.0,"vsa-polar+-max":0.0,"vsa-polar--max":0.0,"MR-diff":7.05,"asphericity-diff":0.151426,"balabanj-diff":0.929657,"bertzct-diff":136.0782,"chi0-diff":3.0,"chi0n-diff":3.0,"chi0v-diff":1.0,"chi1-diff":1.75,"chi1n-diff":1.75,"chi1v-diff":0.75,"chi2n-diff":0.625,"chi2v-diff":0.625,"chi3n-diff":0.25,"chi3v-diff":0.25,"chi4n-diff":0.03125,"chi4v-diff":0.03125,"e-valence-diff":10.0,"eccentricity-diff":0.034969,"hk-alpha-diff":0.0,"hk-kappa1-diff":0.209184,"hk-kappa2-diff":0.48,"hk-kappa3-diff":0.222222,"ipc-diff":233.152013,"isf-diff":0.122855,"labuteASA-diff":14.533994,"logP-diff":0.3901,"molwt-diff":26.01565,"molwt-hvy-diff":24.022,"nheavy-diff":2.0,"npr1-diff":0.10373,"npr2-diff":0.10667,"pbf-diff":0.148087,"pc+-diff":0.071159,"pc--diff":0.071159,"pmi1-diff":26.189902,"pmi2-diff":53.587719,"pmi3-diff":63.706818,"rbonds-diff":0.0,"rg-diff":0.369407,"rpc+-diff":0.022289,"rpc--diff":0.199017,"spherocity-diff":0.02243,"tpsa-diff":0.0,"vsa+-diff":2.741517,"vsa--diff":11.787916,"vsa-fhyd-diff":0.0,"vsa-fneg-diff":0.074277,"vsa-fpneg-diff":0.0,"vsa-fpos-diff":0.074277,"vsa-fppos-diff":0.0,"vsa-hyd-diff":14.529433,"vsa-polar-diff":0.0,"vsa-polar+-diff":0.0,"vsa-polar--diff":0.0,"hbonds":0.0}