{"shear_15nN-qq": [41.76871511670664, 11.063689770605386], "tilt_bottom": {"15nN": 39.10278062480767, "5nN": 36.18747954427902, "25nN": 41.1332458913181}, "delta_molecular_weight": 26.0372, "status": {"8c173c054a9ca952d2db98059a9a9da1-shear_5nN_rerun": 1, "8c173c054a9ca952d2db98059a9a9da1-initialize": 1, "8c173c054a9ca952d2db98059a9a9da1-log_S2": 1, "8c173c054a9ca952d2db98059a9a9da1-shear_25nN": 1, "8c173c054a9ca952d2db98059a9a9da1-shear_15nN_rerun": 1, "8c173c054a9ca952d2db98059a9a9da1-minimize": 1, "8c173c054a9ca952d2db98059a9a9da1-calc_tilt_shear": 1, "8c173c054a9ca952d2db98059a9a9da1-shear_5nN_grompp": 1, "8c173c054a9ca952d2db98059a9a9da1-calc_friction": 1, "8c173c054a9ca952d2db98059a9a9da1-compress": 1, "8c173c054a9ca952d2db98059a9a9da1-shear_5nN_rerun_grompp": 1, "8c173c054a9ca952d2db98059a9a9da1-shear_15nN_grompp": 1, "8c173c054a9ca952d2db98059a9a9da1-log_tilt": 1, "8c173c054a9ca952d2db98059a9a9da1-shear_25nN_rerun_grompp": 1, "8c173c054a9ca952d2db98059a9a9da1-top_to_mol2": 1, "8c173c054a9ca952d2db98059a9a9da1-shear_25nN_rerun": 1, "8c173c054a9ca952d2db98059a9a9da1-calc_S2_shear": 1, "8c173c054a9ca952d2db98059a9a9da1-calc_interdigitation": 1, "8c173c054a9ca952d2db98059a9a9da1-shear_15nN_rerun_grompp": 1, "8c173c054a9ca952d2db98059a9a9da1-get_interaction_energy_5nN": 1, "8c173c054a9ca952d2db98059a9a9da1-unwrap_shear_5nN": 1, "8c173c054a9ca952d2db98059a9a9da1-compress_grompp": 1, "8c173c054a9ca952d2db98059a9a9da1-log_interaction_energy_25nN": 1, "8c173c054a9ca952d2db98059a9a9da1-fix_overlaps": 1, "8c173c054a9ca952d2db98059a9a9da1-log_interaction_energy_5nN": 1, "8c173c054a9ca952d2db98059a9a9da1-unwrap_shear_25nN": 1, "8c173c054a9ca952d2db98059a9a9da1-shear_15nN": 1, "8c173c054a9ca952d2db98059a9a9da1-log_interaction_energy_15nN": 1, "8c173c054a9ca952d2db98059a9a9da1-shear_5nN": 1, "8c173c054a9ca952d2db98059a9a9da1-shear_25nN_grompp": 1, "8c173c054a9ca952d2db98059a9a9da1-equilibrate": 1, "8c173c054a9ca952d2db98059a9a9da1-equilibrate_grompp": 1, "8c173c054a9ca952d2db98059a9a9da1-minimize_grompp": 1, "8c173c054a9ca952d2db98059a9a9da1-unwrap_shear_15nN": 1, "8c173c054a9ca952d2db98059a9a9da1-log_cof": 1, "8c173c054a9ca952d2db98059a9a9da1-get_interaction_energy_15nN": 1, "8c173c054a9ca952d2db98059a9a9da1-lammps_to_gmx": 1, "8c173c054a9ca952d2db98059a9a9da1-get_interaction_energy_25nN": 1}, "interdigitation": {"15nN": 0.11544728430632727, "5nN": 0.11357256179360935, "25nN": 0.09276568731679927}, "avg_molecular_weight": 28.052999999999997, "delta_dipole_moment": 0.0, "S2_top": {"15nN": 0.9738201877439113, "5nN": 0.9624160810123495, "25nN": 0.9650975807006249}, "shear_25nN-Etotal": [-1437.6835894468425, 46.30658815190572], "shear_5nN-Etotal": [-1179.3794105739407, 44.4667758511949], "S2_bottom": {"15nN": 0.9763133934812601, "5nN": 0.9737598776611965, "25nN": 0.9792717081270551}, "intercept": 0.6388811551008624, "shear_15nN-lj": [-1406.8131563045563, 47.73430942613547], "tilt_top": {"15nN": 39.655803002342715, "5nN": 35.10986170146275, "25nN": 40.54392890235355}, "avg_dipole_moment": 0.0, "shear_5nN-qq": [11.526863737010391, 10.78397630400237], "shear_5nN-lj": [-1190.9062743109514, 43.102582869463106], "COF": 0.12299078834202147, "shear_25nN-lj": [-1510.0791961223022, 49.262181573372054], "shear_25nN-qq": [72.39560667545963, 24.03170142860399], "shear_15nN-Etotal": [-1365.0444411878498, 47.702001992128196]}