{"shear_15nN-qq": [-1212.4435121806555, 113.48016473919563], "delta_molecular_weight": 1.9729000000000028, "status": {"18bc21e2fcf14d6db9734f65c6758051-log_interaction_energy_15nN": 1, "18bc21e2fcf14d6db9734f65c6758051-count_hydrogen_bonds": 1, "18bc21e2fcf14d6db9734f65c6758051-shear_15nN": 1, "18bc21e2fcf14d6db9734f65c6758051-compress": 1, "18bc21e2fcf14d6db9734f65c6758051-minimize_grompp": 1, "18bc21e2fcf14d6db9734f65c6758051-log_S2": 1, "18bc21e2fcf14d6db9734f65c6758051-unwrap_shear_15nN": 1, "18bc21e2fcf14d6db9734f65c6758051-top_to_mol2": 1, "18bc21e2fcf14d6db9734f65c6758051-equilibrate_grompp": 1, "18bc21e2fcf14d6db9734f65c6758051-calc_S2_shear": 1, "18bc21e2fcf14d6db9734f65c6758051-log_cof": 1, "18bc21e2fcf14d6db9734f65c6758051-log_interaction_energy_5nN": 1, "18bc21e2fcf14d6db9734f65c6758051-shear_5nN": 1, "18bc21e2fcf14d6db9734f65c6758051-get_interaction_energy_15nN": 1, "18bc21e2fcf14d6db9734f65c6758051-lammps_to_gmx": 1, "18bc21e2fcf14d6db9734f65c6758051-fix_overlaps": 1, "18bc21e2fcf14d6db9734f65c6758051-unwrap_shear_25nN": 1, "18bc21e2fcf14d6db9734f65c6758051-compress_grompp": 1, "18bc21e2fcf14d6db9734f65c6758051-shear_15nN_rerun": 1, "18bc21e2fcf14d6db9734f65c6758051-equilibrate": 1, "18bc21e2fcf14d6db9734f65c6758051-calc_friction": 1, "18bc21e2fcf14d6db9734f65c6758051-calc_interdigitation": 1, "18bc21e2fcf14d6db9734f65c6758051-calc_tilt_shear": 1, "18bc21e2fcf14d6db9734f65c6758051-log_tilt": 1, "18bc21e2fcf14d6db9734f65c6758051-shear_25nN_rerun": 1, "18bc21e2fcf14d6db9734f65c6758051-log_interaction_energy_25nN": 1, "18bc21e2fcf14d6db9734f65c6758051-shear_5nN_rerun": 1, "18bc21e2fcf14d6db9734f65c6758051-unwrap_shear_5nN": 1, "18bc21e2fcf14d6db9734f65c6758051-shear_25nN_rerun_grompp": 1, "18bc21e2fcf14d6db9734f65c6758051-get_interaction_energy_25nN": 1, "18bc21e2fcf14d6db9734f65c6758051-get_interaction_energy_5nN": 1, "18bc21e2fcf14d6db9734f65c6758051-shear_5nN_rerun_grompp": 1, "18bc21e2fcf14d6db9734f65c6758051-shear_5nN_grompp": 1, "18bc21e2fcf14d6db9734f65c6758051-shear_15nN_rerun_grompp": 1, "18bc21e2fcf14d6db9734f65c6758051-initialize": 1, "18bc21e2fcf14d6db9734f65c6758051-shear_15nN_grompp": 1, "18bc21e2fcf14d6db9734f65c6758051-shear_25nN_grompp": 1, "18bc21e2fcf14d6db9734f65c6758051-minimize": 1, "18bc21e2fcf14d6db9734f65c6758051-shear_25nN": 1}, "interdigitation": {"15nN": 0.1267819084562595, "5nN": 0.1060295742372231, "25nN": 0.12426408933371798}, "intercept": 3.414930564087801, "delta_dipole_moment": 1.6499999999999995, "tilt_bottom": {"15nN": 40.2157950660244, "5nN": 36.723594006020164, "25nN": 41.332866711496614}, "S2_top": {"15nN": 0.9561637305371626, "5nN": 0.9743635486124334, "25nN": 0.9620299073253719}, "shear_25nN-Etotal": [-3181.7517716730613, 132.83298432240207], "avg_dipole_moment": 3.985, "S2_bottom": {"15nN": 0.978816290159579, "5nN": 0.9737954868652697, "25nN": 0.9718328932812796}, "avg_molecular_weight": 44.030950000000004, "shear_15nN-lj": [-1897.9765742022382, 57.70124223608556], "tilt_top": {"15nN": 38.7645011748414, "5nN": 37.143564261018554, "25nN": 41.65433910176173}, "shear_5nN-Etotal": [-2950.935713882494, 129.65213035765902], "shear_5nN-qq": [-1229.8619244820145, 114.95823130545273], "shear_5nN-lj": [-1721.0737894004797, 58.593508053679166], "COF": 0.14335195809898804, "shear_25nN-lj": [-1983.043230942446, 58.64584432009571], "shear_25nN-qq": [-1198.7085407306154, 125.12422766071514], "shear_15nN-Etotal": [-3110.4200863828937, 122.50302102130362]}