{"avg_dipole_moment": 0.94, "max_dipole_moment": 1.88, "min_dipole_moment": 0.0, "max_molecular_weight": 77.1037, "shear_5nN-qq": [-221.10644953477214, 35.192068892853605], "intercept": 1.54049953825916, "shear_15nN-qq": [-275.4617522565947, 40.558162116157064], "min_molecular_weight": 17.0073, "delta_molecular_weight": 60.0964, "ch3-smiles-2": "CC1=CC=CC=C1", "chain-smiles-2": "CCCCCCCCCCCCCCCCCC1=CC=CC=C1", "tilt_bottom": {"25nN": 40.77283722932797, "5nN": 35.031707785274484, "15nN": 39.39741568219766}, "interdigitation": {"25nN": 0.1281825944458318, "5nN": 0.11319145554953225, "15nN": 0.11266850243752458}, "tilt_top": {"25nN": 36.83138670434012, "5nN": 33.28730542534787, "15nN": 34.9956804053564}, "shear_15nN-lj": [-1674.6968382358114, 48.755630031387284], "h-smiles-1": "O", "S2_top": {"25nN": 0.8978534295994601, "5nN": 0.9548999947251295, "15nN": 0.933675300923908}, "S2_bottom": {"25nN": 0.9589324730863964, "5nN": 0.9637375148593783, "15nN": 0.9505657285174665}, "h-smiles-2": "C1=CC=CC=C1", "shear_25nN-qq": [-282.96073432853717, 41.81672805612545], "COF": 0.14922601663328436, "shear_25nN-lj": [-1751.1805579160675, 54.33717987394257], "ch3-smiles-1": "CO", "shear_15nN-Etotal": [-1950.1585904924061, 66.68316596865348], "shear_5nN-Etotal": [-1697.6820215883295, 69.4622537833275], "shear_25nN-Etotal": [-2034.1412922446043, 69.76674082949486], "avg_molecular_weight": 47.0555, "shear_5nN-lj": [-1476.5755720535572, 54.437154248808675], "delta_dipole_moment": 1.88, "status": {"cd1a4b130f4bc323dcd1a5be40c58a5a-log_cof": 1, "cd1a4b130f4bc323dcd1a5be40c58a5a-get_interaction_energy_25nN": 1, "cd1a4b130f4bc323dcd1a5be40c58a5a-shear_25nN": 1, "cd1a4b130f4bc323dcd1a5be40c58a5a-shear_15nN": 1, "cd1a4b130f4bc323dcd1a5be40c58a5a-shear_25nN_rerun": 1, "cd1a4b130f4bc323dcd1a5be40c58a5a-calc_tilt_shear": 1, "cd1a4b130f4bc323dcd1a5be40c58a5a-calc_interdigitation": 1, "cd1a4b130f4bc323dcd1a5be40c58a5a-shear_5nN_grompp": 1, "cd1a4b130f4bc323dcd1a5be40c58a5a-fix_overlaps": 1, "cd1a4b130f4bc323dcd1a5be40c58a5a-shear_5nN_rerun": 1, "cd1a4b130f4bc323dcd1a5be40c58a5a-minimize": 1, "cd1a4b130f4bc323dcd1a5be40c58a5a-shear_25nN_grompp": 1, "cd1a4b130f4bc323dcd1a5be40c58a5a-unwrap_shear_5nN": 1, "cd1a4b130f4bc323dcd1a5be40c58a5a-log_tilt": 1, "cd1a4b130f4bc323dcd1a5be40c58a5a-shear_15nN_rerun": 1, "cd1a4b130f4bc323dcd1a5be40c58a5a-calc_friction": 1, "cd1a4b130f4bc323dcd1a5be40c58a5a-unwrap_shear_15nN": 1, "cd1a4b130f4bc323dcd1a5be40c58a5a-shear_15nN_grompp": 1, "cd1a4b130f4bc323dcd1a5be40c58a5a-log_interaction_energy_5nN": 1, "cd1a4b130f4bc323dcd1a5be40c58a5a-log_S2": 1, "cd1a4b130f4bc323dcd1a5be40c58a5a-equilibrate": 1, "cd1a4b130f4bc323dcd1a5be40c58a5a-log_interaction_energy_25nN": 1, "cd1a4b130f4bc323dcd1a5be40c58a5a-shear_15nN_rerun_grompp": 1, "cd1a4b130f4bc323dcd1a5be40c58a5a-equilibrate_grompp": 1, "cd1a4b130f4bc323dcd1a5be40c58a5a-shear_5nN": 1, "cd1a4b130f4bc323dcd1a5be40c58a5a-top_to_mol2": 1, "cd1a4b130f4bc323dcd1a5be40c58a5a-unwrap_shear_25nN": 1, "cd1a4b130f4bc323dcd1a5be40c58a5a-log_interaction_energy_15nN": 1, "cd1a4b130f4bc323dcd1a5be40c58a5a-compress": 1, "cd1a4b130f4bc323dcd1a5be40c58a5a-shear_5nN_rerun_grompp": 1, "cd1a4b130f4bc323dcd1a5be40c58a5a-calc_S2_shear": 1, "cd1a4b130f4bc323dcd1a5be40c58a5a-compress_grompp": 1, "cd1a4b130f4bc323dcd1a5be40c58a5a-count_hydrogen_bonds": 1, "cd1a4b130f4bc323dcd1a5be40c58a5a-minimize_grompp": 1, "cd1a4b130f4bc323dcd1a5be40c58a5a-initialize": 1, "cd1a4b130f4bc323dcd1a5be40c58a5a-get_interaction_energy_15nN": 1, "cd1a4b130f4bc323dcd1a5be40c58a5a-lammps_to_gmx": 1, "cd1a4b130f4bc323dcd1a5be40c58a5a-get_interaction_energy_5nN": 1, "cd1a4b130f4bc323dcd1a5be40c58a5a-shear_25nN_rerun_grompp": 1}, "chain-smiles-1": "CCCCCCCCCCCCCCCCCO"}