{"avg_dipole_moment": 0.005, "max_dipole_moment": 0.01, "min_dipole_moment": 0.0, "max_molecular_weight": 43.0874, "shear_5nN-qq": [2.4946157378097515, 8.686059236841379], "intercept": 0.6418103402284794, "shear_15nN-qq": [24.953963714628294, 11.3059907826925], "min_molecular_weight": 27.0451, "delta_molecular_weight": 16.0423, "ch3-smiles-2": "CC(C)C", "chain-smiles-2": "CCCCCCCCCCCCCCCCCC(C)C", "tilt_bottom": {"25nN": 40.71635789481602, "5nN": 35.96195334373118, "15nN": 39.21150032365802}, "tilt_top": {"25nN": 38.944250391783996, "5nN": 34.05343561373231, "15nN": 38.134534064994064}, "shear_15nN-lj": [-1490.9412297314148, 44.74640510255133], "h-smiles-1": "C=C", "ch3-smiles-1": "CC=C", "S2_bottom": {"25nN": 0.9647903583654935, "5nN": 0.9703270627115422, "15nN": 0.9758681837347903}, "h-smiles-2": "C(C)C", "shear_25nN-qq": [53.177339529176656, 9.34791013348062], "COF": 0.11548347952626445, "shear_25nN-lj": [-1600.511715926459, 42.59553973221937], "S2_top": {"25nN": 0.951953553278863, "5nN": 0.9685531345190145, "15nN": 0.9579993271668088}, "shear_15nN-Etotal": [-1465.9872660167864, 44.73831349311552], "shear_5nN-Etotal": [-1252.1389928081535, 44.29565114497349], "shear_25nN-Etotal": [-1547.334376397282, 41.96325150939866], "avg_molecular_weight": 35.066250000000004, "shear_5nN-lj": [-1254.6336085459632, 44.00775962380491], "delta_dipole_moment": 0.01, "status": {"b2a3911ce280f78e11379fa294ce4e54-get_interaction_energy_5nN": 1, "b2a3911ce280f78e11379fa294ce4e54-shear_15nN_grompp": 1, "b2a3911ce280f78e11379fa294ce4e54-shear_5nN_rerun_grompp": 1, "b2a3911ce280f78e11379fa294ce4e54-shear_15nN_rerun": 1, "b2a3911ce280f78e11379fa294ce4e54-fix_overlaps": 1, "b2a3911ce280f78e11379fa294ce4e54-unwrap_shear_25nN": 1, "b2a3911ce280f78e11379fa294ce4e54-compress": 1, "b2a3911ce280f78e11379fa294ce4e54-initialize": 1, "b2a3911ce280f78e11379fa294ce4e54-calc_S2_shear": 1, "b2a3911ce280f78e11379fa294ce4e54-log_S2": 1, "b2a3911ce280f78e11379fa294ce4e54-log_tilt": 1, "b2a3911ce280f78e11379fa294ce4e54-log_interaction_energy_25nN": 1, "b2a3911ce280f78e11379fa294ce4e54-log_interaction_energy_15nN": 1, "b2a3911ce280f78e11379fa294ce4e54-unwrap_shear_15nN": 1, "b2a3911ce280f78e11379fa294ce4e54-unwrap_shear_5nN": 1, "b2a3911ce280f78e11379fa294ce4e54-shear_15nN": 1, "b2a3911ce280f78e11379fa294ce4e54-shear_25nN": 1, "b2a3911ce280f78e11379fa294ce4e54-equilibrate_grompp": 1, "b2a3911ce280f78e11379fa294ce4e54-calc_friction": 1, "b2a3911ce280f78e11379fa294ce4e54-lammps_to_gmx": 1, "b2a3911ce280f78e11379fa294ce4e54-equilibrate": 1, "b2a3911ce280f78e11379fa294ce4e54-shear_25nN_rerun": 1, "b2a3911ce280f78e11379fa294ce4e54-calc_tilt_shear": 1, "b2a3911ce280f78e11379fa294ce4e54-calc_interdigitation": 1, "b2a3911ce280f78e11379fa294ce4e54-log_cof": 1, "b2a3911ce280f78e11379fa294ce4e54-minimize": 1, "b2a3911ce280f78e11379fa294ce4e54-shear_5nN_grompp": 1, "b2a3911ce280f78e11379fa294ce4e54-shear_5nN": 1, "b2a3911ce280f78e11379fa294ce4e54-shear_5nN_rerun": 1, "b2a3911ce280f78e11379fa294ce4e54-shear_15nN_rerun_grompp": 1, "b2a3911ce280f78e11379fa294ce4e54-get_interaction_energy_25nN": 1, "b2a3911ce280f78e11379fa294ce4e54-shear_25nN_rerun_grompp": 1, "b2a3911ce280f78e11379fa294ce4e54-compress_grompp": 1, "b2a3911ce280f78e11379fa294ce4e54-get_interaction_energy_15nN": 1, "b2a3911ce280f78e11379fa294ce4e54-top_to_mol2": 1, "b2a3911ce280f78e11379fa294ce4e54-minimize_grompp": 1, "b2a3911ce280f78e11379fa294ce4e54-shear_25nN_grompp": 1, "b2a3911ce280f78e11379fa294ce4e54-log_interaction_energy_5nN": 1}, "chain-smiles-1": "CCCCCCCCCCCCCCCCCC=C"}