{"MR-mean":22.0277,"asphericity-mean":0.3788205,"balabanj-mean":3.735927,"bertzct-mean":232.600627,"chi0-mean":9.020726,"chi0n-mean":7.820837,"chi0v-mean":2.820837,"chi1-mean":4.809401,"chi1n-mean":3.7638685,"chi1v-mean":1.2638685,"chi2n-mean":0.723046,"chi2v-mean":0.723046,"chi3n-mean":0.2972455,"chi3v-mean":0.2972455,"chi4n-mean":0.148623,"chi4v-mean":0.148623,"e-valence-mean":33.0,"eccentricity-mean":0.9347505,"hk-alpha-mean":-0.725,"hk-kappa1-mean":1.0111285,"hk-kappa2-mean":1.3824645,"hk-kappa3-mean":0.8408125,"ipc-mean":626.4617945,"isf-mean":0.011548,"labuteASA-mean":42.701906,"logP-mean":1.01351,"molwt-mean":85.534778,"molwt-hvy-mean":80.5455,"nheavy-mean":6.0,"npr1-mean":0.3275265,"npr2-mean":0.694861,"pbf-mean":0.2055595,"pc+-mean":0.4961705,"pc--mean":-0.4961705,"pmi1-mean":64.676341,"pmi2-mean":205.758004,"pmi3-mean":267.098886,"rbonds-mean":1.0,"rg-mean":1.6224805,"rpc+-mean":0.315759,"rpc--mean":0.4737165,"spherocity-mean":0.2061055,"tpsa-mean":21.57,"vsa+-mean":15.7119725,"vsa--mean":25.544876,"vsa-fhyd-mean":0.7674995,"vsa-fneg-mean":0.556905,"vsa-fpneg-mean":0.2325005,"vsa-fpos-mean":0.443095,"vsa-fppos-mean":0.0,"vsa-hyd-mean":34.004482,"vsa-polar-mean":0.2325005,"vsa-polar+-mean":0.0,"vsa-polar--mean":7.2523665,"MR-min":12.9184,"asphericity-min":0.234021,"balabanj-min":3.680736,"bertzct-min":85.425922,"chi0-min":6.07735,"chi0n-min":4.76371,"chi0v-min":1.76371,"chi1-min":2.943376,"chi1n-min":2.088755,"chi1v-min":0.588755,"chi2n-min":0.25711,"chi2v-min":0.25711,"chi3n-min":0.0,"chi3v-min":0.0,"chi4n-min":0.0,"chi4v-min":0.0,"e-valence-min":24.0,"eccentricity-min":0.889209,"hk-alpha-min":-0.85,"hk-kappa1-min":0.671605,"hk-kappa2-min":0.816667,"hk-kappa3-min":0.622222,"ipc-min":17.086166,"isf-min":0.009262,"labuteASA-min":27.607138,"logP-min":-0.1071,"molwt-min":61.016378,"molwt-hvy-min":58.016,"nheavy-min":4.0,"npr1-min":0.197552,"npr2-min":0.579956,"pbf-min":0.138669,"pc+-min":0.462666,"pc--min":-0.529675,"pmi1-min":41.923981,"pmi2-min":53.145353,"pmi3-min":91.636897,"rbonds-min":1.0,"rg-min":1.236679,"rpc+-min":0.26526,"rpc--min":0.447433,"spherocity-min":0.059488,"tpsa-min":0.0,"vsa+-min":15.412531,"vsa--min":10.114318,"vsa-fhyd-min":0.61286,"vsa-fneg-min":0.38714,"vsa-fpneg-min":0.077861,"vsa-fpos-min":0.27333,"vsa-fppos-min":0.0,"vsa-hyd-min":16.011414,"vsa-polar-min":0.077861,"vsa-polar+-min":0.0,"vsa-polar--min":4.390415,"MR-max":31.137,"asphericity-max":0.52362,"balabanj-max":3.791118,"bertzct-max":379.775332,"chi0-max":11.964102,"chi0n-max":10.877964,"chi0v-max":3.877964,"chi1-max":6.675426,"chi1n-max":5.438982,"chi1v-max":1.938982,"chi2n-max":1.188982,"chi2v-max":1.188982,"chi3n-max":0.594491,"chi3v-max":0.594491,"chi4n-max":0.297246,"chi4v-max":0.297246,"e-valence-max":42.0,"eccentricity-max":0.980292,"hk-alpha-max":-0.6,"hk-kappa1-max":1.350652,"hk-kappa2-max":1.948262,"hk-kappa3-max":1.059403,"ipc-max":1235.837423,"isf-max":0.013834,"labuteASA-max":57.796674,"logP-max":2.13412,"molwt-max":110.053178,"molwt-hvy-max":103.075,"nheavy-max":8.0,"npr1-max":0.457501,"npr2-max":0.809766,"pbf-max":0.27245,"pc+-max":0.529675,"pc--max":-0.462666,"pmi1-max":87.428701,"pmi2-max":358.370655,"pmi3-max":442.560875,"rbonds-max":1.0,"rg-max":2.008282,"rpc+-max":0.366258,"rpc--max":0.5,"spherocity-max":0.352723,"tpsa-max":43.14,"vsa+-max":16.011414,"vsa--max":40.975434,"vsa-fhyd-max":0.922139,"vsa-fneg-max":0.72667,"vsa-fpneg-max":0.38714,"vsa-fpos-max":0.61286,"vsa-fppos-max":0.0,"vsa-hyd-max":51.99755,"vsa-polar-max":0.38714,"vsa-polar+-max":0.0,"vsa-polar--max":10.114318,"MR-diff":18.2186,"asphericity-diff":0.289599,"balabanj-diff":0.110382,"bertzct-diff":294.34941,"chi0-diff":5.886752,"chi0n-diff":6.114254,"chi0v-diff":2.114254,"chi1-diff":3.73205,"chi1n-diff":3.350227,"chi1v-diff":1.350227,"chi2n-diff":0.931872,"chi2v-diff":0.931872,"chi3n-diff":0.594491,"chi3v-diff":0.594491,"chi4n-diff":0.297246,"chi4v-diff":0.297246,"e-valence-diff":18.0,"eccentricity-diff":0.091083,"hk-alpha-diff":0.25,"hk-kappa1-diff":0.679047,"hk-kappa2-diff":1.131595,"hk-kappa3-diff":0.437181,"ipc-diff":1218.751257,"isf-diff":0.004572,"labuteASA-diff":30.189536,"logP-diff":2.24122,"molwt-diff":49.0368,"molwt-hvy-diff":45.059,"nheavy-diff":4.0,"npr1-diff":0.259949,"npr2-diff":0.22981,"pbf-diff":0.133781,"pc+-diff":0.067009,"pc--diff":0.067009,"pmi1-diff":45.50472,"pmi2-diff":305.225302,"pmi3-diff":350.923978,"rbonds-diff":0.0,"rg-diff":0.771603,"rpc+-diff":0.100998,"rpc--diff":0.052567,"spherocity-diff":0.293235,"tpsa-diff":43.14,"vsa+-diff":0.598883,"vsa--diff":30.861116,"vsa-fhyd-diff":0.309279,"vsa-fneg-diff":0.33953,"vsa-fpneg-diff":0.309279,"vsa-fpos-diff":0.33953,"vsa-fppos-diff":0.0,"vsa-hyd-diff":35.986136,"vsa-polar-diff":0.309279,"vsa-polar+-diff":0.0,"vsa-polar--diff":5.723903,"hbonds":0.0}