{"shear_15nN-qq": [-127.97952610071941, 22.764943320372222], "tilt_bottom": {"15nN": 32.94586887044268, "5nN": 30.15518896694266, "25nN": 35.79575680241369}, "delta_molecular_weight": 53.0954, "status": {"27a75ba11eff3add8a1c520bb1c827d5-log_S2": 1, "27a75ba11eff3add8a1c520bb1c827d5-shear_25nN": 1, "27a75ba11eff3add8a1c520bb1c827d5-compress": 1, "27a75ba11eff3add8a1c520bb1c827d5-shear_15nN_rerun": 1, "27a75ba11eff3add8a1c520bb1c827d5-initialize": 1, "27a75ba11eff3add8a1c520bb1c827d5-shear_5nN_rerun": 1, "27a75ba11eff3add8a1c520bb1c827d5-get_interaction_energy_25nN": 1, "27a75ba11eff3add8a1c520bb1c827d5-calc_S2_shear": 1, "27a75ba11eff3add8a1c520bb1c827d5-shear_25nN_rerun": 1, "27a75ba11eff3add8a1c520bb1c827d5-log_cof": 1, "27a75ba11eff3add8a1c520bb1c827d5-shear_5nN_rerun_grompp": 1, "27a75ba11eff3add8a1c520bb1c827d5-unwrap_shear_5nN": 1, "27a75ba11eff3add8a1c520bb1c827d5-log_interaction_energy_5nN": 1, "27a75ba11eff3add8a1c520bb1c827d5-log_interaction_energy_15nN": 1, "27a75ba11eff3add8a1c520bb1c827d5-calc_interdigitation": 1, "27a75ba11eff3add8a1c520bb1c827d5-shear_15nN": 1, "27a75ba11eff3add8a1c520bb1c827d5-compress_grompp": 1, "27a75ba11eff3add8a1c520bb1c827d5-equilibrate_grompp": 1, "27a75ba11eff3add8a1c520bb1c827d5-get_interaction_energy_5nN": 1, "27a75ba11eff3add8a1c520bb1c827d5-shear_25nN_grompp": 1, "27a75ba11eff3add8a1c520bb1c827d5-shear_15nN_grompp": 1, "27a75ba11eff3add8a1c520bb1c827d5-lammps_to_gmx": 1, "27a75ba11eff3add8a1c520bb1c827d5-shear_5nN_grompp": 1, "27a75ba11eff3add8a1c520bb1c827d5-equilibrate": 1, "27a75ba11eff3add8a1c520bb1c827d5-fix_overlaps": 1, "27a75ba11eff3add8a1c520bb1c827d5-shear_25nN_rerun_grompp": 1, "27a75ba11eff3add8a1c520bb1c827d5-shear_15nN_rerun_grompp": 1, "27a75ba11eff3add8a1c520bb1c827d5-log_tilt": 1, "27a75ba11eff3add8a1c520bb1c827d5-minimize_grompp": 1, "27a75ba11eff3add8a1c520bb1c827d5-log_interaction_energy_25nN": 1, "27a75ba11eff3add8a1c520bb1c827d5-calc_friction": 1, "27a75ba11eff3add8a1c520bb1c827d5-calc_tilt_shear": 1, "27a75ba11eff3add8a1c520bb1c827d5-unwrap_shear_15nN": 1, "27a75ba11eff3add8a1c520bb1c827d5-get_interaction_energy_15nN": 1, "27a75ba11eff3add8a1c520bb1c827d5-minimize": 1, "27a75ba11eff3add8a1c520bb1c827d5-unwrap_shear_25nN": 1, "27a75ba11eff3add8a1c520bb1c827d5-top_to_mol2": 1, "27a75ba11eff3add8a1c520bb1c827d5-shear_5nN": 1}, "interdigitation": {"15nN": 0.1722972006121832, "5nN": 0.16515243175804545, "25nN": 0.19007780300373694}, "avg_molecular_weight": 95.55359999999999, "delta_dipole_moment": 4.13, "S2_top": {"15nN": 0.9643216914932748, "5nN": 0.9714869332283954, "25nN": 0.9397418238310229}, "shear_25nN-Etotal": [-1958.6525503533173, 62.780329669527866], "avg_dipole_moment": 4.154999999999999, "S2_bottom": {"15nN": 0.8977257497419431, "5nN": 0.8769924275551442, "25nN": 0.889480468826749}, "intercept": 1.3004944605646633, "shear_15nN-lj": [-1672.90525283773, 56.23751360466873], "tilt_top": {"15nN": 38.27204074947154, "5nN": 34.74119969257015, "25nN": 38.99938517198864}, "shear_5nN-Etotal": [-1521.966535578737, 68.05822823408062], "shear_5nN-qq": [-81.6462961718625, 20.857458761213994], "shear_5nN-lj": [-1440.3202394068744, 58.12827304079493], "COF": 0.1410262794307133, "shear_25nN-lj": [-1809.747587873701, 52.72466793218983], "shear_25nN-qq": [-148.9049624796163, 24.32014214104771], "shear_15nN-Etotal": [-1800.884778938449, 66.08236755079909]}