{"avg_dipole_moment": 4.154999999999999, "max_dipole_moment": 6.22, "min_dipole_moment": 2.09, "max_molecular_weight": 122.1013, "shear_5nN-qq": [-81.6462961718625, 20.857458761213994], "intercept": 1.3004944605646633, "shear_15nN-qq": [-127.97952610071941, 22.764943320372222], "min_molecular_weight": 69.0059, "delta_molecular_weight": 53.0954, "ch3-smiles-2": "CC(F)(F)F", "chain-smiles-2": "CCCCCCCCCCCCCCCCCC(F)(F)F", "tilt_bottom": {"25nN": 35.79575680241369, "5nN": 30.15518896694266, "15nN": 32.94586887044268}, "interdigitation": {"25nN": 0.18974422152238307, "5nN": 0.16543982928640824, "15nN": 0.17228341502985778}, "tilt_top": {"25nN": 38.99938517198864, "5nN": 34.74119969257015, "15nN": 38.27204074947154}, "shear_15nN-lj": [-1672.90525283773, 56.23751360466873], "h-smiles-1": "C1=CC=C([N+](=O)[O-])C=C1", "S2_top": {"25nN": 0.9397418238310229, "5nN": 0.9714869332283954, "15nN": 0.9643216914932748}, "S2_bottom": {"25nN": 0.889480468826749, "5nN": 0.8769924275551442, "15nN": 0.8977257497419431}, "h-smiles-2": "C(F)(F)F", "shear_25nN-qq": [-148.9049624796163, 24.32014214104771], "COF": 0.1410262794307133, "shear_25nN-lj": [-1809.747587873701, 52.72466793218983], "ch3-smiles-1": "CC1=CC=C([N+](=O)[O-])C=C1", "shear_15nN-Etotal": [-1800.884778938449, 66.08236755079909], "shear_5nN-Etotal": [-1521.966535578737, 68.05822823408062], "shear_25nN-Etotal": [-1958.6525503533173, 62.780329669527866], "avg_molecular_weight": 95.55359999999999, "shear_5nN-lj": [-1440.3202394068744, 58.12827304079493], "delta_dipole_moment": 4.13, "status": {"27a75ba11eff3add8a1c520bb1c827d5-get_interaction_energy_25nN": 1, "27a75ba11eff3add8a1c520bb1c827d5-shear_25nN_grompp": 1, "27a75ba11eff3add8a1c520bb1c827d5-shear_5nN_rerun": 1, "27a75ba11eff3add8a1c520bb1c827d5-shear_5nN_rerun_grompp": 1, "27a75ba11eff3add8a1c520bb1c827d5-initialize": 1, "27a75ba11eff3add8a1c520bb1c827d5-shear_25nN_rerun": 1, "27a75ba11eff3add8a1c520bb1c827d5-log_S2": 1, "27a75ba11eff3add8a1c520bb1c827d5-shear_25nN_rerun_grompp": 1, "27a75ba11eff3add8a1c520bb1c827d5-minimize_grompp": 1, "27a75ba11eff3add8a1c520bb1c827d5-calc_friction": 1, "27a75ba11eff3add8a1c520bb1c827d5-shear_5nN": 1, "27a75ba11eff3add8a1c520bb1c827d5-shear_25nN": 1, "27a75ba11eff3add8a1c520bb1c827d5-log_interaction_energy_25nN": 1, "27a75ba11eff3add8a1c520bb1c827d5-log_cof": 1, "27a75ba11eff3add8a1c520bb1c827d5-shear_15nN_grompp": 1, "27a75ba11eff3add8a1c520bb1c827d5-shear_15nN_rerun": 1, "27a75ba11eff3add8a1c520bb1c827d5-log_interaction_energy_5nN": 1, "27a75ba11eff3add8a1c520bb1c827d5-lammps_to_gmx": 1, "27a75ba11eff3add8a1c520bb1c827d5-fix_overlaps": 1, "27a75ba11eff3add8a1c520bb1c827d5-shear_15nN_rerun_grompp": 1, "27a75ba11eff3add8a1c520bb1c827d5-log_interaction_energy_15nN": 1, "27a75ba11eff3add8a1c520bb1c827d5-compress": 1, "27a75ba11eff3add8a1c520bb1c827d5-top_to_mol2": 1, "27a75ba11eff3add8a1c520bb1c827d5-shear_5nN_grompp": 1, "27a75ba11eff3add8a1c520bb1c827d5-calc_tilt_shear": 1, "27a75ba11eff3add8a1c520bb1c827d5-unwrap_shear_5nN": 1, "27a75ba11eff3add8a1c520bb1c827d5-shear_15nN": 1, "27a75ba11eff3add8a1c520bb1c827d5-unwrap_shear_25nN": 1, "27a75ba11eff3add8a1c520bb1c827d5-calc_interdigitation": 1, "27a75ba11eff3add8a1c520bb1c827d5-equilibrate_grompp": 1, "27a75ba11eff3add8a1c520bb1c827d5-equilibrate": 1, "27a75ba11eff3add8a1c520bb1c827d5-minimize": 1, "27a75ba11eff3add8a1c520bb1c827d5-get_interaction_energy_15nN": 1, "27a75ba11eff3add8a1c520bb1c827d5-calc_S2_shear": 1, "27a75ba11eff3add8a1c520bb1c827d5-unwrap_shear_15nN": 1, "27a75ba11eff3add8a1c520bb1c827d5-compress_grompp": 1, "27a75ba11eff3add8a1c520bb1c827d5-log_tilt": 1, "27a75ba11eff3add8a1c520bb1c827d5-get_interaction_energy_5nN": 1}, "chain-smiles-1": "CCCCCCCCCCCCCCCCCC1=CC=C([N+](=O)[O-])C=C1"}