{"MR-mean":7.7119,"asphericity-mean":0.330446,"balabanj-mean":2.9355475,"bertzct-mean":31.016012,"chi0-mean":4.3922285,"chi0n-mean":3.9082485,"chi0v-mean":0.9082485,"chi1-mean":2.135028,"chi1n-mean":1.6582485,"chi1v-mean":0.204124,"chi2n-mean":0.0416665,"chi2v-mean":0.0416665,"chi3n-mean":0.0,"chi3v-mean":0.0,"chi4n-mean":0.0,"chi4v-mean":0.0,"e-valence-mean":13.0,"eccentricity-mean":0.603823,"hk-alpha-mean":-0.265,"hk-kappa1-mean":0.221637,"hk-kappa2-mean":0.735,"hk-kappa3-mean":0.735,"ipc-mean":6.630562,"isf-mean":0.2177105,"labuteASA-mean":17.4753755,"logP-mean":0.16845,"molwt-mean":31.0183895,"molwt-hvy-mean":28.01,"nheavy-mean":2.0,"npr1-mean":0.553026,"npr2-mean":0.9424,"pbf-mean":0.3240445,"pc+-mean":0.4086745,"pc--mean":-0.4086745,"pmi1-mean":4.9909355,"pmi2-mean":24.783385,"pmi3-mean":27.522609,"rbonds-mean":0.0,"rg-mean":0.8116965,"rpc+-mean":0.325036,"rpc--mean":0.826759,"spherocity-mean":0.53623,"tpsa-mean":18.65,"vsa+-mean":7.3666325,"vsa--mean":8.617102,"vsa-fhyd-mean":0.5357835,"vsa-fneg-mean":0.5445755,"vsa-fpneg-mean":0.2585245,"vsa-fpos-mean":0.4554245,"vsa-fppos-mean":0.205692,"vsa-hyd-mean":7.092326,"vsa-polar-mean":0.4642165,"vsa-polar+-mean":3.939736,"vsa-polar--mean":4.9516725,"MR-min":6.731,"asphericity-min":0.000192,"balabanj-min":2.847379,"bertzct-min":19.119415,"chi0-min":4.284457,"chi0n-min":3.316497,"chi0v-min":0.5,"chi1-min":2.0,"chi1n-min":1.316497,"chi1v-min":0.0,"chi2n-min":0.0,"chi2v-min":0.0,"chi3n-min":0.0,"chi3v-min":0.0,"chi4n-min":0.0,"chi4v-min":0.0,"e-valence-min":8.0,"eccentricity-min":0.21609,"hk-alpha-min":-0.53,"hk-kappa1-min":0.0,"hk-kappa2-min":0.0,"hk-kappa3-min":0.0,"ipc-min":3.60964,"isf-min":0.133477,"labuteASA-min":14.359133,"logP-min":-0.2992,"molwt-min":16.0313,"molwt-hvy-min":12.011,"nheavy-min":1.0,"npr1-min":0.129678,"npr2-min":0.894646,"pbf-min":0.180738,"pc+-min":0.077558,"pc--min":-0.739791,"pmi1-min":3.279266,"pmi2-min":3.325548,"pmi3-min":3.358618,"rbonds-min":0.0,"rg-min":0.557246,"rpc+-min":0.25,"rpc--min":0.653518,"spherocity-min":0.095071,"tpsa-min":0.0,"vsa+-min":5.483034,"vsa--min":7.330859,"vsa-fhyd-min":0.071567,"vsa-fneg-min":0.517049,"vsa-fpneg-min":0.0,"vsa-fpos-min":0.427898,"vsa-fppos-min":0.0,"vsa-hyd-min":1.370759,"vsa-polar-min":0.0,"vsa-polar+-min":0.0,"vsa-polar--min":0.0,"MR-max":8.6928,"asphericity-max":0.6607,"balabanj-max":3.023716,"bertzct-max":42.912609,"chi0-max":4.5,"chi0n-max":4.5,"chi0v-max":1.316497,"chi1-max":2.270056,"chi1n-max":2.0,"chi1v-max":0.408248,"chi2n-max":0.083333,"chi2v-max":0.083333,"chi3n-max":0.0,"chi3v-max":0.0,"chi4n-max":0.0,"chi4v-max":0.0,"e-valence-max":18.0,"eccentricity-max":0.991556,"hk-alpha-max":0.0,"hk-kappa1-max":0.443274,"hk-kappa2-max":1.47,"hk-kappa3-max":1.47,"ipc-max":9.651484,"isf-max":0.301944,"labuteASA-max":20.591618,"logP-max":0.6361,"molwt-max":46.005479,"molwt-hvy-max":44.009,"nheavy-max":3.0,"npr1-max":0.976374,"npr2-max":0.990154,"pbf-max":0.467351,"pc+-max":0.739791,"pc--max":-0.077558,"pmi1-max":6.702605,"pmi2-max":46.241222,"pmi3-max":51.6866,"rbonds-max":0.0,"rg-max":1.066147,"rpc+-max":0.400072,"rpc--max":1.0,"spherocity-max":0.977389,"tpsa-max":37.3,"vsa+-max":9.250231,"vsa--max":9.903345,"vsa-fhyd-max":1.0,"vsa-fneg-max":0.572102,"vsa-fpneg-max":0.517049,"vsa-fpos-max":0.482951,"vsa-fppos-max":0.411384,"vsa-hyd-max":12.813893,"vsa-polar-max":0.928433,"vsa-polar+-max":7.879472,"vsa-polar--max":9.903345,"MR-diff":1.9618,"asphericity-diff":0.660508,"balabanj-diff":0.176337,"bertzct-diff":23.793194,"chi0-diff":0.215543,"chi0n-diff":1.183503,"chi0v-diff":0.816497,"chi1-diff":0.270056,"chi1n-diff":0.683503,"chi1v-diff":0.408248,"chi2n-diff":0.083333,"chi2v-diff":0.083333,"chi3n-diff":0.0,"chi3v-diff":0.0,"chi4n-diff":0.0,"chi4v-diff":0.0,"e-valence-diff":10.0,"eccentricity-diff":0.775466,"hk-alpha-diff":0.53,"hk-kappa1-diff":0.443274,"hk-kappa2-diff":1.47,"hk-kappa3-diff":1.47,"ipc-diff":6.041844,"isf-diff":0.168467,"labuteASA-diff":6.232485,"logP-diff":0.9353,"molwt-diff":29.974179,"molwt-hvy-diff":31.998,"nheavy-diff":2.0,"npr1-diff":0.846696,"npr2-diff":0.095508,"pbf-diff":0.286613,"pc+-diff":0.662233,"pc--diff":0.662233,"pmi1-diff":3.423339,"pmi2-diff":42.915674,"pmi3-diff":48.327982,"rbonds-diff":0.0,"rg-diff":0.508901,"rpc+-diff":0.150072,"rpc--diff":0.346482,"spherocity-diff":0.882318,"tpsa-diff":37.3,"vsa+-diff":3.767197,"vsa--diff":2.572486,"vsa-fhyd-diff":0.928433,"vsa-fneg-diff":0.055053,"vsa-fpneg-diff":0.517049,"vsa-fpos-diff":0.055053,"vsa-fppos-diff":0.411384,"vsa-hyd-diff":11.443134,"vsa-polar-diff":0.928433,"vsa-polar+-diff":7.879472,"vsa-polar--diff":9.903345,"hbonds":0.0}