{"MR-mean":20.6242,"asphericity-mean":0.4981135,"balabanj-mean":3.6109665,"bertzct-mean":216.6830255,"chi0-mean":9.020726,"chi0n-mean":8.412589,"chi0v-mean":2.412589,"chi1-mean":4.809401,"chi1n-mean":4.028508,"chi1v-mean":1.0812945,"chi2n-mean":0.594491,"chi2v-mean":0.594491,"chi3n-mean":0.2972455,"chi3v-mean":0.2972455,"chi4n-mean":0.148623,"chi4v-mean":0.148623,"e-valence-mean":28.0,"eccentricity-mean":0.9769905,"hk-alpha-mean":-0.445,"hk-kappa1-mean":0.700752,"hk-kappa2-mean":1.454131,"hk-kappa3-mean":-12.9902985,"ipc-mean":626.4617945,"isf-mean":0.0949855,"labuteASA-mean":39.5083905,"logP-mean":0.85451,"molwt-mean":70.5476885,"molwt-hvy-mean":64.5465,"nheavy-mean":5.0,"npr1-mean":0.2127295,"npr2-mean":0.88117,"pbf-mean":0.2442925,"pc+-mean":0.4077185,"pc--mean":-0.4077185,"pmi1-mean":46.361241,"pmi2-mean":190.070956,"pmi3-mean":232.7171095,"rbonds-mean":1.0,"rg-mean":1.454563,"rpc+-mean":0.3000155,"rpc--mean":0.696075,"spherocity-mean":0.254319,"tpsa-mean":13.01,"vsa+-mean":11.1742455,"vsa--mean":26.835489,"vsa-fhyd-mean":0.8153925,"vsa-fneg-mean":0.686681,"vsa-fpneg-mean":0.1846075,"vsa-fpos-mean":0.313319,"vsa-fppos-mean":0.0,"vsa-hyd-mean":32.9546685,"vsa-polar-mean":0.1846075,"vsa-polar+-mean":0.0,"vsa-polar--mean":5.055066,"MR-min":10.1114,"asphericity-min":0.472925,"balabanj-min":3.541197,"bertzct-min":53.590719,"chi0-min":6.07735,"chi0n-min":5.947214,"chi0v-min":0.947214,"chi1-min":2.943376,"chi1n-min":2.618034,"chi1v-min":0.223607,"chi2n-min":0.0,"chi2v-min":0.0,"chi3n-min":0.0,"chi3v-min":0.0,"chi4n-min":0.0,"chi4v-min":0.0,"e-valence-min":14.0,"eccentricity-min":0.973723,"hk-alpha-min":-0.85,"hk-kappa1-min":0.050852,"hk-kappa2-min":0.96,"hk-kappa3-min":-27.04,"ipc-min":17.086166,"isf-min":0.009258,"labuteASA-min":21.220107,"logP-min":-0.4251,"molwt-min":31.042199,"molwt-hvy-min":26.018,"nheavy-min":2.0,"npr1-min":0.197725,"npr2-min":0.80963,"pbf-min":0.134222,"pc+-min":0.352771,"pc--min":-0.462666,"pmi1-min":5.271952,"pmi2-min":22.054873,"pmi3-min":23.149627,"rbonds-min":1.0,"rg-min":0.901452,"rpc+-min":0.26526,"rpc--min":0.447433,"spherocity-min":0.060079,"tpsa-min":0.0,"vsa+-min":6.93596,"vsa--min":12.695544,"vsa-fhyd-min":0.708646,"vsa-fneg-min":0.646692,"vsa-fpneg-min":0.077861,"vsa-fpos-min":0.27333,"vsa-fppos-min":0.0,"vsa-hyd-min":13.911787,"vsa-polar-min":0.077861,"vsa-polar+-min":0.0,"vsa-polar--min":4.390415,"MR-max":31.137,"asphericity-max":0.523302,"balabanj-max":3.680736,"bertzct-max":379.775332,"chi0-max":11.964102,"chi0n-max":10.877964,"chi0v-max":3.877964,"chi1-max":6.675426,"chi1n-max":5.438982,"chi1v-max":1.938982,"chi2n-max":1.188982,"chi2v-max":1.188982,"chi3n-max":0.594491,"chi3v-max":0.594491,"chi4n-max":0.297246,"chi4v-max":0.297246,"e-valence-max":42.0,"eccentricity-max":0.980258,"hk-alpha-max":-0.04,"hk-kappa1-max":1.350652,"hk-kappa2-max":1.948262,"hk-kappa3-max":1.059403,"ipc-max":1235.837423,"isf-max":0.180713,"labuteASA-max":57.796674,"logP-max":2.13412,"molwt-max":110.053178,"molwt-hvy-max":103.075,"nheavy-max":8.0,"npr1-max":0.227734,"npr2-max":0.95271,"pbf-max":0.354363,"pc+-max":0.462666,"pc--max":-0.352771,"pmi1-max":87.45053,"pmi2-max":358.087039,"pmi3-max":442.284592,"rbonds-max":1.0,"rg-max":2.007674,"rpc+-max":0.334771,"rpc--max":0.944717,"spherocity-max":0.448559,"tpsa-max":26.02,"vsa+-max":15.412531,"vsa--max":40.975434,"vsa-fhyd-max":0.922139,"vsa-fneg-max":0.72667,"vsa-fpneg-max":0.291354,"vsa-fpos-max":0.353308,"vsa-fppos-max":0.0,"vsa-hyd-max":51.99755,"vsa-polar-max":0.291354,"vsa-polar+-max":0.0,"vsa-polar--max":5.719717,"MR-diff":21.0256,"asphericity-diff":0.050377,"balabanj-diff":0.139539,"bertzct-diff":326.184613,"chi0-diff":5.886752,"chi0n-diff":4.93075,"chi0v-diff":2.93075,"chi1-diff":3.73205,"chi1n-diff":2.820948,"chi1v-diff":1.715375,"chi2n-diff":1.188982,"chi2v-diff":1.188982,"chi3n-diff":0.594491,"chi3v-diff":0.594491,"chi4n-diff":0.297246,"chi4v-diff":0.297246,"e-valence-diff":28.0,"eccentricity-diff":0.006535,"hk-alpha-diff":0.81,"hk-kappa1-diff":1.2998,"hk-kappa2-diff":0.988262,"hk-kappa3-diff":28.099403,"ipc-diff":1218.751257,"isf-diff":0.171455,"labuteASA-diff":36.576567,"logP-diff":2.55922,"molwt-diff":79.010979,"molwt-hvy-diff":77.057,"nheavy-diff":6.0,"npr1-diff":0.030009,"npr2-diff":0.14308,"pbf-diff":0.220141,"pc+-diff":0.109895,"pc--diff":0.109895,"pmi1-diff":82.178578,"pmi2-diff":336.032166,"pmi3-diff":419.134965,"rbonds-diff":0.0,"rg-diff":1.106222,"rpc+-diff":0.069511,"rpc--diff":0.497284,"spherocity-diff":0.38848,"tpsa-diff":26.02,"vsa+-diff":8.476571,"vsa--diff":28.27989,"vsa-fhyd-diff":0.213493,"vsa-fneg-diff":0.079978,"vsa-fpneg-diff":0.213493,"vsa-fpos-diff":0.079978,"vsa-fppos-diff":0.0,"vsa-hyd-diff":38.085763,"vsa-polar-diff":0.213493,"vsa-polar+-diff":0.0,"vsa-polar--diff":1.329302,"hbonds":0.0}