{"MR-mean":10.7263,"asphericity-mean":0.3789995,"balabanj-mean":3.495934,"bertzct-mean":66.0023135,"chi0-mean":5.995782,"chi0n-mean":5.3623725,"chi0v-mean":1.3623725,"chi1-mean":3.02102,"chi1n-mean":2.3394345,"chi1v-mean":0.431186,"chi2n-mean":0.1437285,"chi2v-mean":0.1437285,"chi3n-mean":0.0,"chi3v-mean":0.0,"chi4n-mean":0.0,"chi4v-mean":0.0,"e-valence-mean":19.0,"eccentricity-mean":0.9296755,"hk-alpha-mean":-0.285,"hk-kappa1-mean":0.2895745,"hk-kappa2-mean":0.917429,"hk-kappa3-mean":-12.9419955,"ipc-mean":23.9060865,"isf-mean":0.127487,"labuteASA-mean":24.503269,"logP-mean":-0.1503,"molwt-mean":46.023672,"molwt-hvy-mean":42.015,"nheavy-mean":3.0,"npr1-mean":0.3356175,"npr2-mean":0.765133,"pbf-mean":0.3597295,"pc+-mean":0.566942,"pc--mean":-0.566942,"pmi1-mean":25.181221,"pmi2-mean":37.484025,"pmi3-mean":58.759747,"rbonds-mean":1.0,"rg-mean":1.058338,"rpc+-mean":0.4663535,"rpc--mean":0.8278385,"spherocity-mean":0.4113385,"tpsa-mean":28.765,"vsa+-mean":15.4730505,"vsa--mean":7.5060765,"vsa-fhyd-mean":0.5090845,"vsa-fneg-mean":0.319565,"vsa-fpneg-mean":0.319565,"vsa-fpos-mean":0.680435,"vsa-fppos-mean":0.1713505,"vsa-hyd-mean":11.057198,"vsa-polar-mean":0.4909155,"vsa-polar+-mean":4.4158525,"vsa-polar--mean":7.5060765,"MR-min":8.1428,"asphericity-min":0.221986,"balabanj-min":3.16849,"bertzct-min":37.302969,"chi0-min":5.207107,"chi0n-min":4.908248,"chi0v-min":0.908248,"chi1-min":2.56066,"chi1n-min":2.112372,"chi1v-min":0.204124,"chi2n-min":0.0,"chi2v-min":0.0,"chi3n-min":0.0,"chi3v-min":0.0,"chi4n-min":0.0,"chi4v-min":0.0,"e-valence-min":14.0,"eccentricity-min":0.878108,"hk-alpha-min":-0.53,"hk-kappa1-min":0.073424,"hk-kappa2-min":0.874858,"hk-kappa3-min":-27.04,"ipc-min":12.164797,"isf-min":0.012274,"labuteASA-min":19.240037,"logP-min":-0.3915,"molwt-min":32.026215,"molwt-hvy-min":28.01,"nheavy-min":2.0,"npr1-min":0.192773,"npr2-min":0.569587,"pbf-min":0.347668,"pc+-min":0.39963,"pc--min":-0.734254,"pmi1-min":3.958293,"pmi2-min":19.726057,"pmi3-min":20.533458,"rbonds-min":1.0,"rg-min":0.830661,"rpc+-min":0.408148,"rpc--min":0.655677,"spherocity-min":0.289953,"tpsa-min":20.23,"vsa+-min":12.581428,"vsa--min":5.108808,"vsa-fhyd-min":0.387865,"vsa-fneg-min":0.288793,"vsa-fpneg-min":0.288793,"vsa-fpos-min":0.649663,"vsa-fppos-min":0.080903,"vsa-hyd-min":10.964168,"vsa-polar-min":0.369696,"vsa-polar+-min":1.4312,"vsa-polar--min":5.108808,"MR-max":13.3098,"asphericity-max":0.536013,"balabanj-max":3.823378,"bertzct-max":94.701658,"chi0-max":6.784457,"chi0n-max":5.816497,"chi0v-max":1.816497,"chi1-max":3.48138,"chi1n-max":2.566497,"chi1v-max":0.658248,"chi2n-max":0.287457,"chi2v-max":0.287457,"chi3n-max":0.0,"chi3v-max":0.0,"chi4n-max":0.0,"chi4v-max":0.0,"e-valence-max":24.0,"eccentricity-max":0.981243,"hk-alpha-max":-0.04,"hk-kappa1-max":0.505725,"hk-kappa2-max":0.96,"hk-kappa3-max":1.156009,"ipc-max":35.647376,"isf-max":0.2427,"labuteASA-max":29.766501,"logP-max":0.0909,"molwt-max":60.021129,"molwt-hvy-max":56.02,"nheavy-max":4.0,"npr1-max":0.478462,"npr2-max":0.960679,"pbf-max":0.371791,"pc+-max":0.734254,"pc--max":-0.39963,"pmi1-max":46.404149,"pmi2-max":55.241993,"pmi3-max":96.986036,"rbonds-max":1.0,"rg-max":1.286015,"rpc+-max":0.524559,"rpc--max":1.0,"spherocity-max":0.532724,"tpsa-max":37.3,"vsa+-max":18.364673,"vsa--max":9.903345,"vsa-fhyd-max":0.630304,"vsa-fneg-max":0.350337,"vsa-fpneg-max":0.350337,"vsa-fpos-max":0.711207,"vsa-fppos-max":0.261798,"vsa-hyd-max":11.150228,"vsa-polar-max":0.612135,"vsa-polar+-max":7.400505,"vsa-polar--max":9.903345,"MR-diff":5.167,"asphericity-diff":0.314027,"balabanj-diff":0.654888,"bertzct-diff":57.398689,"chi0-diff":1.57735,"chi0n-diff":0.908249,"chi0v-diff":0.908249,"chi1-diff":0.92072,"chi1n-diff":0.454125,"chi1v-diff":0.454124,"chi2n-diff":0.287457,"chi2v-diff":0.287457,"chi3n-diff":0.0,"chi3v-diff":0.0,"chi4n-diff":0.0,"chi4v-diff":0.0,"e-valence-diff":10.0,"eccentricity-diff":0.103135,"hk-alpha-diff":0.49,"hk-kappa1-diff":0.432301,"hk-kappa2-diff":0.085142,"hk-kappa3-diff":28.196009,"ipc-diff":23.482579,"isf-diff":0.230426,"labuteASA-diff":10.526464,"logP-diff":0.4824,"molwt-diff":27.994914,"molwt-hvy-diff":28.01,"nheavy-diff":2.0,"npr1-diff":0.285689,"npr2-diff":0.391092,"pbf-diff":0.024123,"pc+-diff":0.334624,"pc--diff":0.334624,"pmi1-diff":42.445856,"pmi2-diff":35.515936,"pmi3-diff":76.452578,"rbonds-diff":0.0,"rg-diff":0.455354,"rpc+-diff":0.116411,"rpc--diff":0.344323,"spherocity-diff":0.242771,"tpsa-diff":17.07,"vsa+-diff":5.783245,"vsa--diff":4.794537,"vsa-fhyd-diff":0.242439,"vsa-fneg-diff":0.061544,"vsa-fpneg-diff":0.061544,"vsa-fpos-diff":0.061544,"vsa-fppos-diff":0.180895,"vsa-hyd-diff":0.18606,"vsa-polar-diff":0.242439,"vsa-polar+-diff":5.969305,"vsa-polar--diff":4.794537,"hbonds":3.0}