{"avg_dipole_moment": 3.3449999999999998, "max_dipole_moment": 4.81, "min_dipole_moment": 1.88, "max_molecular_weight": 45.0174, "shear_5nN-qq": [-2608.0941704572347, 189.78770036558305], "intercept": 7.314250501301906, "shear_15nN-qq": [-2687.7505305267787, 188.65995217951954], "min_molecular_weight": 17.0073, "delta_molecular_weight": 28.0101, "ch3-smiles-2": "CO", "chain-smiles-2": "CCCCCCCCCCCCCCCCCO", "tilt_bottom": {"25nN": 42.82802867728271, "5nN": 39.0642944594675, "15nN": 41.50944964014925}, "tilt_top": {"25nN": 42.750437872076326, "5nN": 39.11052923967584, "15nN": 41.201190819505136}, "shear_15nN-lj": [-1594.1696259096723, 66.58087177507667], "h-smiles-1": "C(=O)O", "ch3-smiles-1": "CC(=O)O", "S2_bottom": {"25nN": 0.9811479751545501, "5nN": 0.980110088280477, "15nN": 0.9852094039174037}, "h-smiles-2": "O", "shear_25nN-qq": [-2612.5376232206236, 178.0121360250022], "COF": 0.13426237877410366, "shear_25nN-lj": [-1661.4171738745003, 70.3511553527948], "S2_top": {"25nN": 0.9774598513312525, "5nN": 0.9811516824424419, "15nN": 0.9769818944479008}, "shear_15nN-Etotal": [-4281.920156436451, 178.85195191801955], "shear_5nN-Etotal": [-4122.5479446466825, 187.50468265412496], "shear_25nN-Etotal": [-4273.954797095124, 165.71991216977565], "avg_molecular_weight": 31.01235, "shear_5nN-lj": [-1514.4537741894485, 68.16604128784316], "delta_dipole_moment": 2.9299999999999997, "status": {"e9ec4586e7a81cfe972988011e701487-log_interaction_energy_5nN": 1, "e9ec4586e7a81cfe972988011e701487-equilibrate_grompp": 1, "e9ec4586e7a81cfe972988011e701487-initialize": 1, "e9ec4586e7a81cfe972988011e701487-unwrap_shear_25nN": 1, "e9ec4586e7a81cfe972988011e701487-get_interaction_energy_25nN": 1, "e9ec4586e7a81cfe972988011e701487-equilibrate": 1, "e9ec4586e7a81cfe972988011e701487-calc_tilt_shear": 1, "e9ec4586e7a81cfe972988011e701487-count_hydrogen_bonds": 1, "e9ec4586e7a81cfe972988011e701487-shear_15nN": 1, "e9ec4586e7a81cfe972988011e701487-shear_15nN_rerun_grompp": 1, "e9ec4586e7a81cfe972988011e701487-log_interaction_energy_15nN": 1, "e9ec4586e7a81cfe972988011e701487-shear_5nN_grompp": 1, "e9ec4586e7a81cfe972988011e701487-shear_5nN": 1, "e9ec4586e7a81cfe972988011e701487-unwrap_shear_5nN": 1, "e9ec4586e7a81cfe972988011e701487-fix_overlaps": 1, "e9ec4586e7a81cfe972988011e701487-minimize_grompp": 1, "e9ec4586e7a81cfe972988011e701487-get_interaction_energy_15nN": 1, "e9ec4586e7a81cfe972988011e701487-compress": 1, "e9ec4586e7a81cfe972988011e701487-shear_15nN_rerun": 1, "e9ec4586e7a81cfe972988011e701487-calc_friction": 1, "e9ec4586e7a81cfe972988011e701487-lammps_to_gmx": 1, "e9ec4586e7a81cfe972988011e701487-shear_25nN_rerun_grompp": 1, "e9ec4586e7a81cfe972988011e701487-shear_15nN_grompp": 1, "e9ec4586e7a81cfe972988011e701487-minimize": 1, "e9ec4586e7a81cfe972988011e701487-calc_S2_shear": 1, "e9ec4586e7a81cfe972988011e701487-log_interaction_energy_25nN": 1, "e9ec4586e7a81cfe972988011e701487-unwrap_shear_15nN": 1, "e9ec4586e7a81cfe972988011e701487-compress_grompp": 1, "e9ec4586e7a81cfe972988011e701487-shear_5nN_rerun_grompp": 1, "e9ec4586e7a81cfe972988011e701487-get_interaction_energy_5nN": 1, "e9ec4586e7a81cfe972988011e701487-calc_interdigitation": 1, "e9ec4586e7a81cfe972988011e701487-top_to_mol2": 1, "e9ec4586e7a81cfe972988011e701487-shear_25nN_rerun": 1, "e9ec4586e7a81cfe972988011e701487-shear_5nN_rerun": 1, "e9ec4586e7a81cfe972988011e701487-log_cof": 1, "e9ec4586e7a81cfe972988011e701487-shear_25nN_grompp": 1, "e9ec4586e7a81cfe972988011e701487-shear_25nN": 1, "e9ec4586e7a81cfe972988011e701487-log_S2": 1, "e9ec4586e7a81cfe972988011e701487-log_tilt": 1}, "chain-smiles-1": "CCCCCCCCCCCCCCCCCC(=O)O"}