{"tilt_bottom": {"25nN": 40.28459857839377, "5nN": 35.633415994119815, "15nN": 38.432586966140676}, "shear_25nN-qq": [58.12145730455636, 15.852030425325376], "S2_top": {"25nN": 0.9672967324368876, "5nN": 0.9588459750086658, "15nN": 0.9573359171875269}, "shear_5nN-qq": [15.305783972821745, 11.217204980880343], "shear_15nN-Etotal": [-1374.630808203837, 51.48608735358125], "S2_bottom": {"25nN": 0.9363338829100651, "5nN": 0.9203222778663097, "15nN": 0.9367612289760211}, "shear_25nN-lj": [-1551.223566942446, 51.038400395523865], "delta_molecular_weight": 8.097800000000007, "interdigitation": {"25nN": 0.14185666733594166, "5nN": 0.1449107374972012, "15nN": 0.1481254493947435}, "intercept": 0.5275668163308449, "avg_dipole_moment": 1.045, "COF": 0.167577463164582, "shear_25nN-Etotal": [-1493.1021096378897, 53.246776381391946], "tilt_top": {"25nN": 39.802445487365205, "5nN": 33.52131692806075, "15nN": 37.30520031568137}, "status": {"09e5e85f8da82b82417e3aaef64be82e-minimize_grompp": 1, "09e5e85f8da82b82417e3aaef64be82e-get_interaction_energy_5nN": 1, "09e5e85f8da82b82417e3aaef64be82e-log_S2": 1, "09e5e85f8da82b82417e3aaef64be82e-unwrap_shear_15nN": 1, "09e5e85f8da82b82417e3aaef64be82e-minimize": 1, "09e5e85f8da82b82417e3aaef64be82e-unwrap_shear_25nN": 1, "09e5e85f8da82b82417e3aaef64be82e-compress": 1, "09e5e85f8da82b82417e3aaef64be82e-shear_15nN_grompp": 1, "09e5e85f8da82b82417e3aaef64be82e-shear_5nN_rerun": 1, "09e5e85f8da82b82417e3aaef64be82e-shear_25nN_grompp": 1, "09e5e85f8da82b82417e3aaef64be82e-initialize": 1, "09e5e85f8da82b82417e3aaef64be82e-get_interaction_energy_15nN": 1, "09e5e85f8da82b82417e3aaef64be82e-calc_friction": 1, "09e5e85f8da82b82417e3aaef64be82e-compress_grompp": 1, "09e5e85f8da82b82417e3aaef64be82e-shear_15nN_rerun_grompp": 1, "09e5e85f8da82b82417e3aaef64be82e-unwrap_shear_5nN": 1, "09e5e85f8da82b82417e3aaef64be82e-log_tilt": 1, "09e5e85f8da82b82417e3aaef64be82e-shear_25nN": 1, "09e5e85f8da82b82417e3aaef64be82e-shear_5nN": 1, "09e5e85f8da82b82417e3aaef64be82e-calc_interdigitation": 1, "09e5e85f8da82b82417e3aaef64be82e-shear_5nN_grompp": 1, "09e5e85f8da82b82417e3aaef64be82e-calc_S2_shear": 1, "09e5e85f8da82b82417e3aaef64be82e-shear_15nN": 1, "09e5e85f8da82b82417e3aaef64be82e-log_interaction_energy_5nN": 1, "09e5e85f8da82b82417e3aaef64be82e-get_interaction_energy_25nN": 1, "09e5e85f8da82b82417e3aaef64be82e-fix_overlaps": 1, "09e5e85f8da82b82417e3aaef64be82e-shear_25nN_rerun_grompp": 1, "09e5e85f8da82b82417e3aaef64be82e-shear_15nN_rerun": 1, "09e5e85f8da82b82417e3aaef64be82e-equilibrate_grompp": 1, "09e5e85f8da82b82417e3aaef64be82e-log_interaction_energy_15nN": 1, "09e5e85f8da82b82417e3aaef64be82e-top_to_mol2": 1, "09e5e85f8da82b82417e3aaef64be82e-calc_tilt_shear": 1, "09e5e85f8da82b82417e3aaef64be82e-equilibrate": 1, "09e5e85f8da82b82417e3aaef64be82e-shear_25nN_rerun": 1, "09e5e85f8da82b82417e3aaef64be82e-shear_5nN_rerun_grompp": 1, "09e5e85f8da82b82417e3aaef64be82e-lammps_to_gmx": 1, "09e5e85f8da82b82417e3aaef64be82e-log_interaction_energy_25nN": 1, "09e5e85f8da82b82417e3aaef64be82e-log_cof": 1}, "shear_15nN-qq": [52.100551224620304, 12.444668868782978], "shear_5nN-Etotal": [-1209.259626398881, 46.58510062441504], "avg_molecular_weight": 73.0548, "delta_dipole_moment": 2.09, "shear_15nN-lj": [-1426.7313594284574, 50.270421131701625], "shear_5nN-lj": [-1224.5654103717027, 46.68311643818687]}