{"avg_dipole_moment": 1.755, "max_dipole_moment": 1.88, "min_dipole_moment": 1.63, "max_molecular_weight": 17.0073, "shear_5nN-qq": [-1947.675531543565, 150.26222426756595], "intercept": 4.307083920724179, "shear_15nN-qq": [-2058.016356446043, 149.37109864911773], "min_molecular_weight": 16.0225, "delta_molecular_weight": 0.9847999999999999, "ch3-smiles-2": "CO", "chain-smiles-2": "CCCCCCCCCCCCCCCCCO", "tilt_bottom": {"25nN": 40.83404505206183, "5nN": 36.78903580996324, "15nN": 38.71251136390982}, "interdigitation": {"25nN": 0.1664416039791127, "5nN": 0.1309840093142425, "15nN": 0.1255193412851107}, "tilt_top": {"25nN": 41.7765604460162, "5nN": 38.160056751056764, "15nN": 41.07333447454073}, "shear_15nN-lj": [-1279.4525591438849, 61.039481699371], "h-smiles-1": "N", "S2_top": {"25nN": 0.9675093618019771, "5nN": 0.974232624742543, "15nN": 0.9772998884535101}, "S2_bottom": {"25nN": 0.9557743025887133, "5nN": 0.962945838779889, "15nN": 0.9583704781149622}, "h-smiles-2": "O", "shear_25nN-qq": [-1966.8455617346121, 153.63211378928085], "COF": 0.1626540732859517, "shear_25nN-lj": [-1353.7162559088729, 63.42926931921453], "ch3-smiles-1": "CN", "shear_15nN-Etotal": [-3337.468915589928, 151.55074107220975], "shear_5nN-Etotal": [-3118.505237948841, 154.04770401917628], "shear_25nN-Etotal": [-3320.561817643485, 150.78829317086183], "avg_molecular_weight": 16.5149, "shear_5nN-lj": [-1170.8297064052756, 57.01038336514566], "delta_dipole_moment": 0.25, "status": {"e0464e158daf2ca2c9c89a656c05972c-shear_25nN_rerun_grompp": 1, "e0464e158daf2ca2c9c89a656c05972c-calc_interdigitation": 1, "e0464e158daf2ca2c9c89a656c05972c-shear_15nN_grompp": 1, "e0464e158daf2ca2c9c89a656c05972c-unwrap_shear_15nN": 1, "e0464e158daf2ca2c9c89a656c05972c-unwrap_shear_25nN": 1, "e0464e158daf2ca2c9c89a656c05972c-calc_tilt_shear": 1, "e0464e158daf2ca2c9c89a656c05972c-equilibrate": 1, "e0464e158daf2ca2c9c89a656c05972c-get_interaction_energy_5nN": 1, "e0464e158daf2ca2c9c89a656c05972c-minimize": 1, "e0464e158daf2ca2c9c89a656c05972c-top_to_mol2": 1, "e0464e158daf2ca2c9c89a656c05972c-shear_5nN_rerun": 1, "e0464e158daf2ca2c9c89a656c05972c-count_hydrogen_bonds": 1, "e0464e158daf2ca2c9c89a656c05972c-log_interaction_energy_5nN": 1, "e0464e158daf2ca2c9c89a656c05972c-initialize": 1, "e0464e158daf2ca2c9c89a656c05972c-calc_friction": 1, "e0464e158daf2ca2c9c89a656c05972c-shear_25nN_rerun": 1, "e0464e158daf2ca2c9c89a656c05972c-log_S2": 1, "e0464e158daf2ca2c9c89a656c05972c-log_cof": 1, "e0464e158daf2ca2c9c89a656c05972c-log_tilt": 1, "e0464e158daf2ca2c9c89a656c05972c-shear_25nN": 1, "e0464e158daf2ca2c9c89a656c05972c-get_interaction_energy_25nN": 1, "e0464e158daf2ca2c9c89a656c05972c-log_interaction_energy_15nN": 1, "e0464e158daf2ca2c9c89a656c05972c-lammps_to_gmx": 1, "e0464e158daf2ca2c9c89a656c05972c-log_interaction_energy_25nN": 1, "e0464e158daf2ca2c9c89a656c05972c-shear_15nN_rerun_grompp": 1, "e0464e158daf2ca2c9c89a656c05972c-shear_15nN_rerun": 1, "e0464e158daf2ca2c9c89a656c05972c-minimize_grompp": 1, "e0464e158daf2ca2c9c89a656c05972c-compress_grompp": 1, "e0464e158daf2ca2c9c89a656c05972c-compress": 1, "e0464e158daf2ca2c9c89a656c05972c-unwrap_shear_5nN": 1, "e0464e158daf2ca2c9c89a656c05972c-shear_5nN": 1, "e0464e158daf2ca2c9c89a656c05972c-shear_25nN_grompp": 1, "e0464e158daf2ca2c9c89a656c05972c-get_interaction_energy_15nN": 1, "e0464e158daf2ca2c9c89a656c05972c-shear_5nN_rerun_grompp": 1, "e0464e158daf2ca2c9c89a656c05972c-equilibrate_grompp": 1, "e0464e158daf2ca2c9c89a656c05972c-fix_overlaps": 1, "e0464e158daf2ca2c9c89a656c05972c-shear_15nN": 1, "e0464e158daf2ca2c9c89a656c05972c-calc_S2_shear": 1, "e0464e158daf2ca2c9c89a656c05972c-shear_5nN_grompp": 1}, "chain-smiles-1": "CCCCCCCCCCCCCCCCCN"}