{"MR-mean":12.2489,"asphericity-mean":0.373043,"balabanj-mean":3.7837405,"bertzct-mean":80.6776685,"chi0-mean":6.8922285,"chi0n-mean":6.408248,"chi0v-mean":1.408248,"chi1-mean":3.3576805,"chi1n-mean":2.908248,"chi1v-mean":0.454124,"chi2n-mean":0.164562,"chi2v-mean":0.164562,"chi3n-mean":0.0,"chi3v-mean":0.0,"chi4n-mean":0.0,"chi4v-mean":0.0,"e-valence-mean":19.0,"eccentricity-mean":0.9358135,"hk-alpha-mean":-0.185,"hk-kappa1-mean":0.2107405,"hk-kappa2-mean":1.002266,"hk-kappa3-mean":-10.078021,"ipc-mean":37.8723025,"isf-mean":0.123331,"labuteASA-mean":26.6502585,"logP-mean":0.1019,"molwt-mean":45.03404,"molwt-hvy-mean":40.021,"nheavy-mean":3.0,"npr1-mean":0.326095,"npr2-mean":0.7885015,"pbf-mean":0.3883775,"pc+-mean":0.355949,"pc--mean":-0.355949,"pmi1-mean":24.797468,"pmi2-mean":40.798514,"pmi3-mean":60.5806545,"rbonds-mean":1.5,"rg-mean":1.086232,"rpc+-mean":0.464458,"rpc--mean":0.980907,"spherocity-mean":0.4471065,"tpsa-mean":18.65,"vsa+-mean":13.294612,"vsa--mean":11.8035645,"vsa-fhyd-mean":0.741404,"vsa-fneg-mean":0.4289325,"vsa-fpneg-mean":0.2181445,"vsa-fpos-mean":0.5710675,"vsa-fppos-mean":0.0404515,"vsa-hyd-mean":19.430904,"vsa-polar-mean":0.258596,"vsa-polar+-mean":0.7156,"vsa-polar--mean":4.9516725,"MR-min":8.1428,"asphericity-min":0.222476,"balabanj-min":3.16849,"bertzct-min":37.302969,"chi0-min":5.207107,"chi0n-min":4.908248,"chi0v-min":0.908248,"chi1-min":2.56066,"chi1n-min":2.112372,"chi1v-min":0.204124,"chi2n-min":0.0,"chi2v-min":0.0,"chi3n-min":0.0,"chi3v-min":0.0,"chi4n-min":0.0,"chi4v-min":0.0,"e-valence-min":14.0,"eccentricity-min":0.89177,"hk-alpha-min":-0.33,"hk-kappa1-min":0.073424,"hk-kappa2-min":0.96,"hk-kappa3-min":-27.04,"ipc-min":12.164797,"isf-min":0.013501,"labuteASA-min":19.240037,"logP-min":-0.3915,"molwt-min":32.026215,"molwt-hvy-min":28.01,"nheavy-min":2.0,"npr1-min":0.199701,"npr2-min":0.613805,"pbf-min":0.375374,"pc+-min":0.312268,"pc--min":-0.39963,"pmi1-min":4.131038,"pmi2-min":19.924789,"pmi3-min":20.686087,"rbonds-min":1.0,"rg-min":0.835569,"rpc+-min":0.404357,"rpc--min":0.961814,"spherocity-min":0.323834,"tpsa-min":17.07,"vsa+-min":12.581428,"vsa--min":5.108808,"vsa-fhyd-min":0.630304,"vsa-fneg-min":0.288793,"vsa-fpneg-min":0.147496,"vsa-fpos-min":0.430928,"vsa-fppos-min":0.0,"vsa-hyd-min":11.150228,"vsa-polar-min":0.147496,"vsa-polar+-min":0.0,"vsa-polar--min":4.794537,"MR-max":16.355,"asphericity-max":0.52361,"balabanj-max":4.398991,"bertzct-max":124.052368,"chi0-max":8.57735,"chi0n-max":7.908248,"chi0v-max":1.908248,"chi1-max":4.154701,"chi1n-max":3.704124,"chi1v-max":0.704124,"chi2n-max":0.329124,"chi2v-max":0.329124,"chi3n-max":0.0,"chi3v-max":0.0,"chi4n-max":0.0,"chi4v-max":0.0,"e-valence-max":24.0,"eccentricity-max":0.979857,"hk-alpha-max":-0.04,"hk-kappa1-max":0.348057,"hk-kappa2-max":1.044532,"hk-kappa3-max":6.883958,"ipc-max":63.579808,"isf-max":0.233161,"labuteASA-max":34.06048,"logP-max":0.5953,"molwt-max":58.041865,"molwt-hvy-max":52.032,"nheavy-max":4.0,"npr1-max":0.452489,"npr2-max":0.963198,"pbf-max":0.401381,"pc+-max":0.39963,"pc--max":-0.312268,"pmi1-max":45.463898,"pmi2-max":61.672239,"pmi3-max":100.475222,"rbonds-max":2.0,"rg-max":1.336895,"rpc+-max":0.524559,"rpc--max":1.0,"spherocity-max":0.570379,"tpsa-max":20.23,"vsa+-max":14.007796,"vsa--max":18.498321,"vsa-fhyd-max":0.852504,"vsa-fneg-max":0.569072,"vsa-fpneg-max":0.288793,"vsa-fpos-max":0.711207,"vsa-fppos-max":0.080903,"vsa-hyd-max":27.71158,"vsa-polar-max":0.369696,"vsa-polar+-max":1.4312,"vsa-polar--max":5.108808,"MR-diff":8.2122,"asphericity-diff":0.301134,"balabanj-diff":1.230501,"bertzct-diff":86.749399,"chi0-diff":3.370243,"chi0n-diff":3.0,"chi0v-diff":1.0,"chi1-diff":1.594041,"chi1n-diff":1.591752,"chi1v-diff":0.5,"chi2n-diff":0.329124,"chi2v-diff":0.329124,"chi3n-diff":0.0,"chi3v-diff":0.0,"chi4n-diff":0.0,"chi4v-diff":0.0,"e-valence-diff":10.0,"eccentricity-diff":0.088087,"hk-alpha-diff":0.29,"hk-kappa1-diff":0.274633,"hk-kappa2-diff":0.084532,"hk-kappa3-diff":33.923958,"ipc-diff":51.415011,"isf-diff":0.21966,"labuteASA-diff":14.820443,"logP-diff":0.9868,"molwt-diff":26.01565,"molwt-hvy-diff":24.022,"nheavy-diff":2.0,"npr1-diff":0.252788,"npr2-diff":0.349393,"pbf-diff":0.026007,"pc+-diff":0.087362,"pc--diff":0.087362,"pmi1-diff":41.33286,"pmi2-diff":41.74745,"pmi3-diff":79.789135,"rbonds-diff":1.0,"rg-diff":0.501326,"rpc+-diff":0.120202,"rpc--diff":0.038186,"spherocity-diff":0.246545,"tpsa-diff":3.16,"vsa+-diff":1.426368,"vsa--diff":13.389513,"vsa-fhyd-diff":0.2222,"vsa-fneg-diff":0.280279,"vsa-fpneg-diff":0.141297,"vsa-fpos-diff":0.280279,"vsa-fppos-diff":0.080903,"vsa-hyd-diff":16.561352,"vsa-polar-diff":0.2222,"vsa-polar+-diff":1.4312,"vsa-polar--diff":0.314271,"hbonds":1.0}