{"tilt_bottom": {"25nN": 41.25405430680763, "5nN": 35.83667557935291, "15nN": 39.46762134799371}, "shear_25nN-qq": [-1088.2101089216626, 92.06087459911518], "S2_top": {"25nN": 0.9630191393256795, "5nN": 0.9637886968952262, "15nN": 0.9640297405776996}, "shear_5nN-qq": [-903.7792190055957, 80.94753779502831], "shear_15nN-Etotal": [-2652.6074673860912, 103.17953829014243], "status": {"56c66c6b66ec571e59a088db6d0e5018-get_interaction_energy_5nN": 1, "56c66c6b66ec571e59a088db6d0e5018-log_interaction_energy_25nN": 1, "56c66c6b66ec571e59a088db6d0e5018-shear_25nN_grompp": 1, "56c66c6b66ec571e59a088db6d0e5018-shear_15nN_rerun_grompp": 1, "56c66c6b66ec571e59a088db6d0e5018-get_interaction_energy_15nN": 1, "56c66c6b66ec571e59a088db6d0e5018-shear_15nN_rerun": 1, "56c66c6b66ec571e59a088db6d0e5018-log_interaction_energy_5nN": 1, "56c66c6b66ec571e59a088db6d0e5018-shear_5nN_grompp": 1, "56c66c6b66ec571e59a088db6d0e5018-log_S2": 1, "56c66c6b66ec571e59a088db6d0e5018-minimize": 1, "56c66c6b66ec571e59a088db6d0e5018-shear_15nN_grompp": 1, "56c66c6b66ec571e59a088db6d0e5018-top_to_mol2": 1, "56c66c6b66ec571e59a088db6d0e5018-shear_15nN": 1, "56c66c6b66ec571e59a088db6d0e5018-equilibrate": 1, "56c66c6b66ec571e59a088db6d0e5018-log_tilt": 1, "56c66c6b66ec571e59a088db6d0e5018-shear_25nN": 1, "56c66c6b66ec571e59a088db6d0e5018-unwrap_shear_15nN": 1, "56c66c6b66ec571e59a088db6d0e5018-shear_5nN": 1, "56c66c6b66ec571e59a088db6d0e5018-compress_grompp": 1, "56c66c6b66ec571e59a088db6d0e5018-equilibrate_grompp": 1, "56c66c6b66ec571e59a088db6d0e5018-shear_25nN_rerun_grompp": 1, "56c66c6b66ec571e59a088db6d0e5018-log_interaction_energy_15nN": 1, "56c66c6b66ec571e59a088db6d0e5018-shear_5nN_rerun_grompp": 1, "56c66c6b66ec571e59a088db6d0e5018-get_interaction_energy_25nN": 1, "56c66c6b66ec571e59a088db6d0e5018-log_cof": 1, "56c66c6b66ec571e59a088db6d0e5018-calc_friction": 1, "56c66c6b66ec571e59a088db6d0e5018-calc_interdigitation": 1, "56c66c6b66ec571e59a088db6d0e5018-minimize_grompp": 1, "56c66c6b66ec571e59a088db6d0e5018-unwrap_shear_5nN": 1, "56c66c6b66ec571e59a088db6d0e5018-lammps_to_gmx": 1, "56c66c6b66ec571e59a088db6d0e5018-fix_overlaps": 1, "56c66c6b66ec571e59a088db6d0e5018-initialize": 1, "56c66c6b66ec571e59a088db6d0e5018-calc_tilt_shear": 1, "56c66c6b66ec571e59a088db6d0e5018-compress": 1, "56c66c6b66ec571e59a088db6d0e5018-shear_25nN_rerun": 1, "56c66c6b66ec571e59a088db6d0e5018-calc_S2_shear": 1, "56c66c6b66ec571e59a088db6d0e5018-unwrap_shear_25nN": 1, "56c66c6b66ec571e59a088db6d0e5018-shear_5nN_rerun": 1, "56c66c6b66ec571e59a088db6d0e5018-count_hydrogen_bonds": 1}, "shear_25nN-lj": [-1692.9136479008794, 53.57689815867913], "delta_molecular_weight": 26.0372, "shear_15nN-qq": [-1048.4664401702637, 90.40222529788407], "avg_dipole_moment": 2.52, "COF": 0.1571141733429077, "shear_25nN-Etotal": [-2781.123756822542, 106.2495588321129], "tilt_top": {"25nN": 40.67590011711326, "5nN": 35.22786273903617, "15nN": 38.462447062961736}, "S2_bottom": {"25nN": 0.972374652745739, "5nN": 0.9690754831572806, "15nN": 0.9758047529894538}, "intercept": 2.0274395367834828, "shear_5nN-Etotal": [-2347.211027073541, 103.46603519070317], "avg_molecular_weight": 30.0259, "delta_dipole_moment": 1.2800000000000002, "shear_15nN-lj": [-1604.1410272158273, 51.60106154611197], "shear_5nN-lj": [-1443.4318080679457, 49.82685398030916]}