{"shear_15nN-qq": [-595.6384327362109, 52.50112258144613], "delta_molecular_weight": 79.07169999999999, "status": {"f449339dd5e7f950461603580f9af58c-shear_5nN_grompp": 1, "f449339dd5e7f950461603580f9af58c-minimize_grompp": 1, "f449339dd5e7f950461603580f9af58c-fix_overlaps": 1, "f449339dd5e7f950461603580f9af58c-shear_15nN_rerun_grompp": 1, "f449339dd5e7f950461603580f9af58c-shear_15nN_rerun": 1, "f449339dd5e7f950461603580f9af58c-unwrap_shear_15nN": 1, "f449339dd5e7f950461603580f9af58c-log_cof": 1, "f449339dd5e7f950461603580f9af58c-shear_15nN_grompp": 1, "f449339dd5e7f950461603580f9af58c-equilibrate": 1, "f449339dd5e7f950461603580f9af58c-shear_25nN_rerun_grompp": 1, "f449339dd5e7f950461603580f9af58c-top_to_mol2": 1, "f449339dd5e7f950461603580f9af58c-lammps_to_gmx": 1, "f449339dd5e7f950461603580f9af58c-get_interaction_energy_5nN": 1, "f449339dd5e7f950461603580f9af58c-shear_5nN_rerun": 1, "f449339dd5e7f950461603580f9af58c-calc_interdigitation": 1, "f449339dd5e7f950461603580f9af58c-get_interaction_energy_25nN": 1, "f449339dd5e7f950461603580f9af58c-calc_friction": 1, "f449339dd5e7f950461603580f9af58c-compress_grompp": 1, "f449339dd5e7f950461603580f9af58c-shear_5nN": 1, "f449339dd5e7f950461603580f9af58c-count_hydrogen_bonds": 1, "f449339dd5e7f950461603580f9af58c-unwrap_shear_5nN": 1, "f449339dd5e7f950461603580f9af58c-get_interaction_energy_15nN": 1, "f449339dd5e7f950461603580f9af58c-log_S2": 1, "f449339dd5e7f950461603580f9af58c-unwrap_shear_25nN": 1, "f449339dd5e7f950461603580f9af58c-log_interaction_energy_15nN": 1, "f449339dd5e7f950461603580f9af58c-log_interaction_energy_25nN": 1, "f449339dd5e7f950461603580f9af58c-shear_25nN_grompp": 1, "f449339dd5e7f950461603580f9af58c-calc_S2_shear": 1, "f449339dd5e7f950461603580f9af58c-calc_tilt_shear": 1, "f449339dd5e7f950461603580f9af58c-shear_25nN": 1, "f449339dd5e7f950461603580f9af58c-shear_5nN_rerun_grompp": 1, "f449339dd5e7f950461603580f9af58c-minimize": 1, "f449339dd5e7f950461603580f9af58c-shear_25nN_rerun": 1, "f449339dd5e7f950461603580f9af58c-shear_15nN": 1, "f449339dd5e7f950461603580f9af58c-log_tilt": 1, "f449339dd5e7f950461603580f9af58c-log_interaction_energy_5nN": 1, "f449339dd5e7f950461603580f9af58c-initialize": 1, "f449339dd5e7f950461603580f9af58c-compress": 1, "f449339dd5e7f950461603580f9af58c-equilibrate_grompp": 1}, "interdigitation": {"25nN": 0.17678723019779582, "5nN": 0.19030722591418503, "15nN": 0.17855330308786743}, "avg_molecular_weight": 55.558350000000004, "delta_dipole_moment": 0.3999999999999999, "tilt_bottom": {"25nN": 40.30985271012125, "5nN": 35.67068216030444, "15nN": 38.830737481689155}, "S2_top": {"25nN": 0.9418425690462799, "5nN": 0.9363149543981416, "15nN": 0.9427475902302349}, "shear_25nN-Etotal": [-2230.3759204956036, 81.95561708484459], "avg_dipole_moment": 1.8299999999999998, "S2_bottom": {"25nN": 0.9494524040228685, "5nN": 0.9635387840952062, "15nN": 0.9629460713041971}, "intercept": 2.0415154291433057, "shear_15nN-lj": [-1534.926301924061, 52.006191057288376], "tilt_top": {"25nN": 39.02655944357531, "5nN": 33.70901034930205, "15nN": 36.884815174652964}, "shear_5nN-Etotal": [-1910.9901973333333, 84.24699742321343], "shear_5nN-qq": [-548.6365206890488, 49.786822156675285], "shear_5nN-lj": [-1362.3536766442846, 53.95585221099378], "COF": 0.1393124598975853, "shear_25nN-lj": [-1613.2171797817743, 51.59775527446734], "shear_25nN-qq": [-617.1587407138289, 54.93304099246257], "shear_15nN-Etotal": [-2130.564734660272, 82.23498796063414]}