{"shear_15nN-qq": [-529.9589749352517, 50.18966772480077], "delta_molecular_weight": 79.07169999999999, "status": {"aa166695d0613424eb004c98ed65f5c1-equilibrate": 1, "aa166695d0613424eb004c98ed65f5c1-count_hydrogen_bonds": 1, "aa166695d0613424eb004c98ed65f5c1-get_interaction_energy_15nN": 1, "aa166695d0613424eb004c98ed65f5c1-fix_overlaps": 1, "aa166695d0613424eb004c98ed65f5c1-shear_15nN_rerun_grompp": 1, "aa166695d0613424eb004c98ed65f5c1-shear_5nN_rerun": 1, "aa166695d0613424eb004c98ed65f5c1-shear_5nN": 1, "aa166695d0613424eb004c98ed65f5c1-log_tilt": 1, "aa166695d0613424eb004c98ed65f5c1-unwrap_shear_25nN": 1, "aa166695d0613424eb004c98ed65f5c1-shear_15nN": 1, "aa166695d0613424eb004c98ed65f5c1-get_interaction_energy_25nN": 1, "aa166695d0613424eb004c98ed65f5c1-shear_25nN_grompp": 1, "aa166695d0613424eb004c98ed65f5c1-calc_interdigitation": 1, "aa166695d0613424eb004c98ed65f5c1-shear_25nN_rerun_grompp": 1, "aa166695d0613424eb004c98ed65f5c1-calc_friction": 1, "aa166695d0613424eb004c98ed65f5c1-calc_tilt_shear": 1, "aa166695d0613424eb004c98ed65f5c1-shear_5nN_rerun_grompp": 1, "aa166695d0613424eb004c98ed65f5c1-log_interaction_energy_15nN": 1, "aa166695d0613424eb004c98ed65f5c1-compress": 1, "aa166695d0613424eb004c98ed65f5c1-get_interaction_energy_5nN": 1, "aa166695d0613424eb004c98ed65f5c1-initialize": 1, "aa166695d0613424eb004c98ed65f5c1-log_interaction_energy_25nN": 1, "aa166695d0613424eb004c98ed65f5c1-calc_S2_shear": 1, "aa166695d0613424eb004c98ed65f5c1-shear_25nN_rerun": 1, "aa166695d0613424eb004c98ed65f5c1-unwrap_shear_15nN": 1, "aa166695d0613424eb004c98ed65f5c1-unwrap_shear_5nN": 1, "aa166695d0613424eb004c98ed65f5c1-shear_15nN_rerun": 1, "aa166695d0613424eb004c98ed65f5c1-top_to_mol2": 1, "aa166695d0613424eb004c98ed65f5c1-minimize_grompp": 1, "aa166695d0613424eb004c98ed65f5c1-shear_5nN_grompp": 1, "aa166695d0613424eb004c98ed65f5c1-equilibrate_grompp": 1, "aa166695d0613424eb004c98ed65f5c1-log_S2": 1, "aa166695d0613424eb004c98ed65f5c1-compress_grompp": 1, "aa166695d0613424eb004c98ed65f5c1-shear_15nN_grompp": 1, "aa166695d0613424eb004c98ed65f5c1-minimize": 1, "aa166695d0613424eb004c98ed65f5c1-log_cof": 1, "aa166695d0613424eb004c98ed65f5c1-log_interaction_energy_5nN": 1, "aa166695d0613424eb004c98ed65f5c1-shear_25nN": 1, "aa166695d0613424eb004c98ed65f5c1-lammps_to_gmx": 1}, "interdigitation": {"25nN": 0.15143207913633866, "5nN": 0.20232145823517594, "15nN": 0.18656274947397278}, "intercept": 1.7957064639773317, "delta_dipole_moment": 0.3999999999999999, "tilt_bottom": {"25nN": 41.33117848391845, "5nN": 37.179348158190265, "15nN": 40.03726038537985}, "S2_top": {"25nN": 0.916715208311529, "5nN": 0.913531847628608, "15nN": 0.9259839281384085}, "shear_25nN-Etotal": [-2176.7446077154273, 71.20870486592497], "shear_5nN-Etotal": [-1906.5132221334932, 75.19147007875519], "S2_bottom": {"25nN": 0.966734398969527, "5nN": 0.9732844405915854, "15nN": 0.9676356133848952}, "avg_molecular_weight": 55.558350000000004, "shear_15nN-lj": [-1530.5386886866506, 47.37503348423838], "tilt_top": {"25nN": 37.12539252893062, "5nN": 32.158082748948836, "15nN": 34.78395450005422}, "avg_dipole_moment": 1.8299999999999998, "shear_5nN-qq": [-535.7541261886491, 46.438556974258745], "shear_5nN-lj": [-1370.7590959448441, 48.015833424777526], "COF": 0.12854880978785316, "shear_25nN-lj": [-1610.8585320271784, 47.97439315599397], "shear_25nN-qq": [-565.8860756882494, 49.81150353628736], "shear_15nN-Etotal": [-2060.4976636219026, 76.76346114925678]}