{"MR-mean":15.3117,"asphericity-mean":0.3224825,"balabanj-mean":4.5419615,"bertzct-mean":109.592091,"chi0-mean":9.038675,"chi0n-mean":8.973607,"chi0v-mean":1.473607,"chi1-mean":4.346688,"chi1n-mean":4.184017,"chi1v-mean":0.4868035,"chi2n-mean":0.1875,"chi2v-mean":0.1875,"chi3n-mean":0.0,"chi3v-mean":0.0,"chi4n-mean":0.0,"chi4v-mean":0.0,"e-valence-mean":20.0,"eccentricity-mean":0.90174,"hk-alpha-mean":-0.02,"hk-kappa1-mean":0.131935,"hk-kappa2-mean":1.1466665,"hk-kappa3-mean":-13.52,"ipc-mean":164.5833385,"isf-mean":0.099992,"labuteASA-mean":31.5519445,"logP-mean":0.6186,"molwt-mean":44.5602245,"molwt-hvy-mean":37.031,"nheavy-mean":3.0,"npr1-mean":0.388494,"npr2-mean":0.770319,"pbf-mean":0.4530845,"pc+-mean":0.2959345,"pc--mean":-0.2959345,"pmi1-mean":33.323037,"pmi2-mean":43.7677265,"pmi3-mean":66.3632835,"rbonds-mean":0.5,"rg-mean":1.1613495,"rpc+-mean":0.2289065,"rpc--mean":0.6041815,"spherocity-mean":0.422324,"tpsa-mean":13.01,"vsa+-mean":10.321773,"vsa--mean":19.572589,"vsa-fhyd-mean":0.854323,"vsa-fneg-mean":0.652672,"vsa-fpneg-mean":0.145677,"vsa-fpos-mean":0.347328,"vsa-fppos-mean":0.0,"vsa-hyd-mean":27.0345035,"vsa-polar-mean":0.145677,"vsa-polar+-mean":0.0,"vsa-polar--mean":2.8598585,"MR-min":10.1114,"asphericity-min":0.150587,"balabanj-min":3.541197,"bertzct-min":53.590719,"chi0-min":6.07735,"chi0n-min":5.947214,"chi0v-min":0.947214,"chi1-min":2.943376,"chi1n-min":2.618034,"chi1v-min":0.223607,"chi2n-min":0.0,"chi2v-min":0.0,"chi3n-min":0.0,"chi3v-min":0.0,"chi4n-min":0.0,"chi4v-min":0.0,"e-valence-min":14.0,"eccentricity-min":0.826732,"hk-alpha-min":-0.04,"hk-kappa1-min":0.050852,"hk-kappa2-min":0.96,"hk-kappa3-min":-27.04,"ipc-min":17.086166,"isf-min":0.009733,"labuteASA-min":21.220107,"logP-min":-0.4251,"molwt-min":31.042199,"molwt-hvy-min":26.018,"nheavy-min":2.0,"npr1-min":0.214393,"npr2-min":0.600561,"pbf-min":0.314704,"pc+-min":0.239098,"pc--min":-0.352771,"pmi1-min":4.94125,"pmi2-min":21.666592,"pmi3-min":23.047669,"rbonds-min":0.0,"rg-min":0.894092,"rpc+-min":0.123042,"rpc--min":0.263646,"spherocity-min":0.400079,"tpsa-min":0.0,"vsa+-min":6.93596,"vsa--min":12.695544,"vsa-fhyd-min":0.708646,"vsa-fneg-min":0.646692,"vsa-fpneg-min":0.0,"vsa-fpos-min":0.341348,"vsa-fppos-min":0.0,"vsa-hyd-min":13.911787,"vsa-polar-min":0.0,"vsa-polar+-min":0.0,"vsa-polar--min":0.0,"MR-max":20.512,"asphericity-max":0.494378,"balabanj-max":5.542726,"bertzct-max":165.593463,"chi0-max":12.0,"chi0n-max":12.0,"chi0v-max":2.0,"chi1-max":5.75,"chi1n-max":5.75,"chi1v-max":0.75,"chi2n-max":0.375,"chi2v-max":0.375,"chi3n-max":0.0,"chi3v-max":0.0,"chi4n-max":0.0,"chi4v-max":0.0,"e-valence-max":26.0,"eccentricity-max":0.976748,"hk-alpha-max":0.0,"hk-kappa1-max":0.213018,"hk-kappa2-max":1.333333,"hk-kappa3-max":0.0,"ipc-max":312.080511,"isf-max":0.190251,"labuteASA-max":41.883782,"logP-max":1.6623,"molwt-max":58.07825,"molwt-hvy-max":48.044,"nheavy-max":4.0,"npr1-max":0.562595,"npr2-max":0.940077,"pbf-max":0.591465,"pc+-max":0.352771,"pc--max":-0.239098,"pmi1-max":61.704824,"pmi2-max":65.868861,"pmi3-max":109.678898,"rbonds-max":1.0,"rg-max":1.428607,"rpc+-max":0.334771,"rpc--max":0.944717,"spherocity-max":0.444569,"tpsa-max":26.02,"vsa+-max":13.707586,"vsa--max":26.449634,"vsa-fhyd-max":1.0,"vsa-fneg-max":0.658652,"vsa-fpneg-max":0.291354,"vsa-fpos-max":0.353308,"vsa-fppos-max":0.0,"vsa-hyd-max":40.15722,"vsa-polar-max":0.291354,"vsa-polar+-max":0.0,"vsa-polar--max":5.719717,"MR-diff":10.4006,"asphericity-diff":0.343791,"balabanj-diff":2.001529,"bertzct-diff":112.002744,"chi0-diff":5.92265,"chi0n-diff":6.052786,"chi0v-diff":1.052786,"chi1-diff":2.806624,"chi1n-diff":3.131966,"chi1v-diff":0.526393,"chi2n-diff":0.375,"chi2v-diff":0.375,"chi3n-diff":0.0,"chi3v-diff":0.0,"chi4n-diff":0.0,"chi4v-diff":0.0,"e-valence-diff":12.0,"eccentricity-diff":0.150016,"hk-alpha-diff":0.04,"hk-kappa1-diff":0.162166,"hk-kappa2-diff":0.373333,"hk-kappa3-diff":27.04,"ipc-diff":294.994345,"isf-diff":0.180518,"labuteASA-diff":20.663675,"logP-diff":2.0874,"molwt-diff":27.036051,"molwt-hvy-diff":22.026,"nheavy-diff":2.0,"npr1-diff":0.348202,"npr2-diff":0.339516,"pbf-diff":0.276761,"pc+-diff":0.113673,"pc--diff":0.113673,"pmi1-diff":56.763574,"pmi2-diff":44.202269,"pmi3-diff":86.631229,"rbonds-diff":1.0,"rg-diff":0.534515,"rpc+-diff":0.211729,"rpc--diff":0.681071,"spherocity-diff":0.04449,"tpsa-diff":26.02,"vsa+-diff":6.771626,"vsa--diff":13.75409,"vsa-fhyd-diff":0.291354,"vsa-fneg-diff":0.01196,"vsa-fpneg-diff":0.291354,"vsa-fpos-diff":0.01196,"vsa-fppos-diff":0.0,"vsa-hyd-diff":26.245433,"vsa-polar-diff":0.291354,"vsa-polar+-diff":0.0,"vsa-polar--diff":5.719717,"hbonds":0.0}