{"avg_dipole_moment": 0.82, "max_dipole_moment": 1.63, "min_dipole_moment": 0.01, "max_molecular_weight": 43.0874, "shear_5nN-qq": [2.955882055955236, 12.641195309742283], "intercept": 0.7209299521457351, "shear_15nN-qq": [45.4136021518785, 14.943329623008637], "min_molecular_weight": 16.0225, "delta_molecular_weight": 27.0649, "ch3-smiles-2": "CC(C)C", "chain-smiles-2": "CCCCCCCCCCCCCCCCCC(C)C", "tilt_bottom": {"25nN": 39.92242170396585, "5nN": 34.39725888277781, "15nN": 36.5024212524143}, "interdigitation": {"25nN": 0.1282752176391459, "5nN": 0.13717370008724095, "15nN": 0.16555305068998874}, "tilt_top": {"25nN": 36.68558115028203, "5nN": 30.971815775739547, "15nN": 34.98981434203402}, "shear_15nN-lj": [-1434.290267486011, 49.52219325231963], "h-smiles-1": "N", "S2_top": {"25nN": 0.9150205470047625, "5nN": 0.9010165228835147, "15nN": 0.9260810737873815}, "S2_bottom": {"25nN": 0.9271193249882501, "5nN": 0.9402836682220813, "15nN": 0.9254480593324127}, "h-smiles-2": "C(C)C", "shear_25nN-qq": [75.96630485371702, 18.735823285002116], "COF": 0.14944211571905874, "shear_25nN-lj": [-1527.3457101382894, 48.94440707612985], "ch3-smiles-1": "CN", "shear_15nN-Etotal": [-1388.8766653341327, 49.56217093453846], "shear_5nN-Etotal": [-1206.0836944892087, 49.51807908972334], "shear_25nN-Etotal": [-1451.3794052845722, 49.31697387582298], "avg_molecular_weight": 29.55495, "shear_5nN-lj": [-1209.0395765451638, 48.175768383402776], "delta_dipole_moment": 1.6199999999999999, "status": {"54f2c0f8987fb437cbc531f09f76d4c1-fix_overlaps": 1, "54f2c0f8987fb437cbc531f09f76d4c1-shear_25nN_grompp": 1, "54f2c0f8987fb437cbc531f09f76d4c1-shear_5nN": 1, "54f2c0f8987fb437cbc531f09f76d4c1-shear_15nN_grompp": 1, "54f2c0f8987fb437cbc531f09f76d4c1-log_interaction_energy_15nN": 1, "54f2c0f8987fb437cbc531f09f76d4c1-shear_5nN_rerun": 1, "54f2c0f8987fb437cbc531f09f76d4c1-shear_5nN_grompp": 1, "54f2c0f8987fb437cbc531f09f76d4c1-shear_25nN_rerun": 1, "54f2c0f8987fb437cbc531f09f76d4c1-log_interaction_energy_25nN": 1, "54f2c0f8987fb437cbc531f09f76d4c1-log_interaction_energy_5nN": 1, "54f2c0f8987fb437cbc531f09f76d4c1-equilibrate_grompp": 1, "54f2c0f8987fb437cbc531f09f76d4c1-compress": 1, "54f2c0f8987fb437cbc531f09f76d4c1-count_hydrogen_bonds": 1, "54f2c0f8987fb437cbc531f09f76d4c1-log_cof": 1, "54f2c0f8987fb437cbc531f09f76d4c1-unwrap_shear_15nN": 1, "54f2c0f8987fb437cbc531f09f76d4c1-compress_grompp": 1, "54f2c0f8987fb437cbc531f09f76d4c1-get_interaction_energy_15nN": 1, "54f2c0f8987fb437cbc531f09f76d4c1-get_interaction_energy_5nN": 1, "54f2c0f8987fb437cbc531f09f76d4c1-calc_S2_shear": 1, "54f2c0f8987fb437cbc531f09f76d4c1-shear_15nN": 1, "54f2c0f8987fb437cbc531f09f76d4c1-top_to_mol2": 1, "54f2c0f8987fb437cbc531f09f76d4c1-calc_tilt_shear": 1, "54f2c0f8987fb437cbc531f09f76d4c1-unwrap_shear_25nN": 1, "54f2c0f8987fb437cbc531f09f76d4c1-log_S2": 1, "54f2c0f8987fb437cbc531f09f76d4c1-log_tilt": 1, "54f2c0f8987fb437cbc531f09f76d4c1-minimize_grompp": 1, "54f2c0f8987fb437cbc531f09f76d4c1-shear_15nN_rerun_grompp": 1, "54f2c0f8987fb437cbc531f09f76d4c1-shear_5nN_rerun_grompp": 1, "54f2c0f8987fb437cbc531f09f76d4c1-shear_25nN": 1, "54f2c0f8987fb437cbc531f09f76d4c1-calc_interdigitation": 1, "54f2c0f8987fb437cbc531f09f76d4c1-minimize": 1, "54f2c0f8987fb437cbc531f09f76d4c1-get_interaction_energy_25nN": 1, "54f2c0f8987fb437cbc531f09f76d4c1-shear_25nN_rerun_grompp": 1, "54f2c0f8987fb437cbc531f09f76d4c1-shear_15nN_rerun": 1, "54f2c0f8987fb437cbc531f09f76d4c1-equilibrate": 1, "54f2c0f8987fb437cbc531f09f76d4c1-calc_friction": 1, "54f2c0f8987fb437cbc531f09f76d4c1-unwrap_shear_5nN": 1, "54f2c0f8987fb437cbc531f09f76d4c1-lammps_to_gmx": 1, "54f2c0f8987fb437cbc531f09f76d4c1-initialize": 1}, "chain-smiles-1": "CCCCCCCCCCCCCCCCCN"}