{"avg_dipole_moment": 3.1149999999999998, "max_dipole_moment": 6.22, "min_dipole_moment": 0.01, "max_molecular_weight": 122.1013, "shear_5nN-qq": [-4.462400693045563, 9.381261749626448], "intercept": 0.9340246965656673, "shear_15nN-qq": [-11.925039307753796, 10.897923860999592], "min_molecular_weight": 43.0874, "delta_molecular_weight": 79.01389999999999, "ch3-smiles-2": "CC1=CC=C([N+](=O)[O-])C=C1", "chain-smiles-2": "CCCCCCCCCCCCCCCCCC1=CC=C([N+](=O)[O-])C=C1", "tilt_bottom": {"25nN": 36.92501653631993, "5nN": 33.386541302098195, "15nN": 36.53540979723358}, "interdigitation": {"25nN": 0.15485042994094858, "5nN": 0.13970289645587464, "15nN": 0.1249405972972008}, "tilt_top": {"25nN": 34.43921229332735, "5nN": 27.691968571636053, "15nN": 32.545264930964464}, "shear_15nN-lj": [-1865.5292846986408, 47.39279846302417], "h-smiles-1": "C(C)C", "S2_top": {"25nN": 0.9176808149461299, "5nN": 0.9259926577800034, "15nN": 0.9008596247688819}, "S2_bottom": {"25nN": 0.9389809193289461, "5nN": 0.9646006405343631, "15nN": 0.9348287017944346}, "h-smiles-2": "C1=CC=C([N+](=O)[O-])C=C1", "shear_25nN-qq": [-33.768014808952834, 12.051286384274144], "COF": 0.13927723975449294, "shear_25nN-lj": [-1999.3239127378095, 51.94005116286021], "ch3-smiles-1": "CC(C)C", "shear_15nN-Etotal": [-1877.4543240063947, 48.47465486846433], "shear_5nN-Etotal": [-1653.903857980016, 56.15709705275086], "shear_25nN-Etotal": [-2033.091927546763, 54.60743072262089], "avg_molecular_weight": 82.59434999999999, "shear_5nN-lj": [-1649.4414572869703, 55.70357693879303], "delta_dipole_moment": 6.21, "status": {"150e601e7fa6162e94907f70d8669791-get_interaction_energy_5nN": 1, "150e601e7fa6162e94907f70d8669791-minimize_grompp": 1, "150e601e7fa6162e94907f70d8669791-shear_25nN_grompp": 1, "150e601e7fa6162e94907f70d8669791-shear_5nN_grompp": 1, "150e601e7fa6162e94907f70d8669791-get_interaction_energy_15nN": 1, "150e601e7fa6162e94907f70d8669791-calc_tilt_shear": 1, "150e601e7fa6162e94907f70d8669791-initialize": 1, "150e601e7fa6162e94907f70d8669791-shear_15nN": 1, "150e601e7fa6162e94907f70d8669791-shear_25nN_rerun": 1, "150e601e7fa6162e94907f70d8669791-shear_5nN": 1, "150e601e7fa6162e94907f70d8669791-lammps_to_gmx": 1, "150e601e7fa6162e94907f70d8669791-shear_5nN_rerun_grompp": 1, "150e601e7fa6162e94907f70d8669791-shear_15nN_rerun": 1, "150e601e7fa6162e94907f70d8669791-equilibrate_grompp": 1, "150e601e7fa6162e94907f70d8669791-compress": 1, "150e601e7fa6162e94907f70d8669791-minimize": 1, "150e601e7fa6162e94907f70d8669791-log_cof": 1, "150e601e7fa6162e94907f70d8669791-fix_overlaps": 1, "150e601e7fa6162e94907f70d8669791-unwrap_shear_25nN": 1, "150e601e7fa6162e94907f70d8669791-log_interaction_energy_15nN": 1, "150e601e7fa6162e94907f70d8669791-top_to_mol2": 1, "150e601e7fa6162e94907f70d8669791-log_interaction_energy_5nN": 1, "150e601e7fa6162e94907f70d8669791-unwrap_shear_5nN": 1, "150e601e7fa6162e94907f70d8669791-calc_friction": 1, "150e601e7fa6162e94907f70d8669791-equilibrate": 1, "150e601e7fa6162e94907f70d8669791-calc_interdigitation": 1, "150e601e7fa6162e94907f70d8669791-shear_5nN_rerun": 1, "150e601e7fa6162e94907f70d8669791-log_tilt": 1, "150e601e7fa6162e94907f70d8669791-compress_grompp": 1, "150e601e7fa6162e94907f70d8669791-log_S2": 1, "150e601e7fa6162e94907f70d8669791-log_interaction_energy_25nN": 1, "150e601e7fa6162e94907f70d8669791-get_interaction_energy_25nN": 1, "150e601e7fa6162e94907f70d8669791-unwrap_shear_15nN": 1, "150e601e7fa6162e94907f70d8669791-calc_S2_shear": 1, "150e601e7fa6162e94907f70d8669791-shear_25nN_rerun_grompp": 1, "150e601e7fa6162e94907f70d8669791-shear_15nN_grompp": 1, "150e601e7fa6162e94907f70d8669791-shear_15nN_rerun_grompp": 1, "150e601e7fa6162e94907f70d8669791-shear_25nN": 1}, "chain-smiles-1": "CCCCCCCCCCCCCCCCCC(C)C"}