{"interdigitation": {"25nN": 0.1409159716408102, "5nN": 0.10022636246902154, "15nN": 0.14108457745360262}, "shear_25nN-qq": [12.14931209352518, 14.054605306299791], "S2_top": {"25nN": 0.9400176333151603, "5nN": 0.9462785565885893, "15nN": 0.9342080085770336}, "tilt_bottom": {"25nN": 36.14949289350839, "5nN": 32.56954193579935, "15nN": 33.576926166737664}, "shear_15nN-Etotal": [-1768.6206262126295, 50.48821389224338], "S2_bottom": {"25nN": 0.9322246590143635, "5nN": 0.9592287553033596, "15nN": 0.9236929707217443}, "shear_25nN-lj": [-1892.6308959720222, 48.3703649418996], "delta_molecular_weight": 2.9180999999999955, "shear_15nN-qq": [15.21153793844924, 12.436675994390484], "avg_dipole_moment": 1.91, "COF": 0.12480988009240362, "shear_25nN-Etotal": [-1880.4815838784968, 50.68975895911171], "tilt_top": {"25nN": 40.007226402841404, "5nN": 35.0644102476945, "15nN": 37.894257913331785}, "status": {"c2edcfb31d71c9a3f635506d9308dd14-initialize": 1, "c2edcfb31d71c9a3f635506d9308dd14-shear_25nN_grompp": 1, "c2edcfb31d71c9a3f635506d9308dd14-shear_5nN_rerun": 1, "c2edcfb31d71c9a3f635506d9308dd14-shear_15nN": 1, "c2edcfb31d71c9a3f635506d9308dd14-equilibrate_grompp": 1, "c2edcfb31d71c9a3f635506d9308dd14-equilibrate": 1, "c2edcfb31d71c9a3f635506d9308dd14-compress": 1, "c2edcfb31d71c9a3f635506d9308dd14-log_tilt": 1, "c2edcfb31d71c9a3f635506d9308dd14-top_to_mol2": 1, "c2edcfb31d71c9a3f635506d9308dd14-log_interaction_energy_15nN": 1, "c2edcfb31d71c9a3f635506d9308dd14-calc_friction": 1, "c2edcfb31d71c9a3f635506d9308dd14-shear_25nN": 1, "c2edcfb31d71c9a3f635506d9308dd14-log_cof": 1, "c2edcfb31d71c9a3f635506d9308dd14-shear_5nN_grompp": 1, "c2edcfb31d71c9a3f635506d9308dd14-log_S2": 1, "c2edcfb31d71c9a3f635506d9308dd14-lammps_to_gmx": 1, "c2edcfb31d71c9a3f635506d9308dd14-log_interaction_energy_25nN": 1, "c2edcfb31d71c9a3f635506d9308dd14-calc_tilt_shear": 1, "c2edcfb31d71c9a3f635506d9308dd14-shear_25nN_rerun": 1, "c2edcfb31d71c9a3f635506d9308dd14-minimize": 1, "c2edcfb31d71c9a3f635506d9308dd14-get_interaction_energy_15nN": 1, "c2edcfb31d71c9a3f635506d9308dd14-shear_25nN_rerun_grompp": 1, "c2edcfb31d71c9a3f635506d9308dd14-unwrap_shear_25nN": 1, "c2edcfb31d71c9a3f635506d9308dd14-calc_interdigitation": 1, "c2edcfb31d71c9a3f635506d9308dd14-shear_15nN_rerun": 1, "c2edcfb31d71c9a3f635506d9308dd14-compress_grompp": 1, "c2edcfb31d71c9a3f635506d9308dd14-shear_15nN_rerun_grompp": 1, "c2edcfb31d71c9a3f635506d9308dd14-fix_overlaps": 1, "c2edcfb31d71c9a3f635506d9308dd14-calc_S2_shear": 1, "c2edcfb31d71c9a3f635506d9308dd14-shear_5nN": 1, "c2edcfb31d71c9a3f635506d9308dd14-shear_5nN_rerun_grompp": 1, "c2edcfb31d71c9a3f635506d9308dd14-get_interaction_energy_5nN": 1, "c2edcfb31d71c9a3f635506d9308dd14-shear_15nN_grompp": 1, "c2edcfb31d71c9a3f635506d9308dd14-log_interaction_energy_5nN": 1, "c2edcfb31d71c9a3f635506d9308dd14-unwrap_shear_15nN": 1, "c2edcfb31d71c9a3f635506d9308dd14-unwrap_shear_5nN": 1, "c2edcfb31d71c9a3f635506d9308dd14-minimize_grompp": 1, "c2edcfb31d71c9a3f635506d9308dd14-get_interaction_energy_25nN": 1}, "intercept": 0.8263533115338058, "shear_5nN-qq": [4.420879002398081, 9.760076869947648], "shear_5nN-Etotal": [-1508.9773787641886, 54.58659041799552], "avg_molecular_weight": 44.54645, "delta_dipole_moment": 3.8000000000000003, "shear_15nN-lj": [-1783.8321641510788, 49.486461382091896], "shear_5nN-lj": [-1513.3982577665868, 53.894028068808566]}