{"MR-mean":17.5464,"asphericity-mean":0.48985,"balabanj-mean":3.225473,"bertzct-mean":136.557917,"chi0-mean":6.8742795,"chi0n-mean":5.8472305,"chi0v-mean":2.3472305,"chi1-mean":3.867079,"chi1n-mean":2.7527395,"chi1v-mean":1.048615,"chi2n-mean":0.5111575,"chi2v-mean":0.5111575,"chi3n-mean":0.2347455,"chi3v-mean":0.2347455,"chi4n-mean":0.117373,"chi4v-mean":0.117373,"e-valence-mean":27.0,"eccentricity-mean":0.970282,"hk-alpha-mean":-0.69,"hk-kappa1-mean":0.877646,"hk-kappa2-mean":1.6024835,"hk-kappa3-mean":1.2347885,"ipc-mean":212.9829245,"isf-mean":0.0604415,"labuteASA-mean":34.6067045,"logP-mean":0.76325,"molwt-mean":71.0215035,"molwt-hvy-mean":67.5365,"nheavy-mean":5.0,"npr1-mean":0.228173,"npr2-mean":0.7764055,"pbf-mean":0.0594315,"pc+-mean":0.5901165,"pc--mean":-0.5901165,"pmi1-mean":47.5994,"pmi2-mean":120.879496,"pmi3-mean":168.2463125,"rbonds-mean":0.0,"rg-mean":1.3885845,"rpc+-mean":0.339336,"rpc--mean":0.5617645,"spherocity-mean":0.0190775,"tpsa-mean":18.65,"vsa+-mean":10.9606225,"vsa--mean":22.2529265,"vsa-fhyd-mean":0.489347,"vsa-fneg-mean":0.6245065,"vsa-fpneg-mean":0.304961,"vsa-fpos-mean":0.3754935,"vsa-fppos-mean":0.205692,"vsa-hyd-mean":22.126933,"vsa-polar-mean":0.510653,"vsa-polar+-mean":3.939736,"vsa-polar--mean":7.14688,"MR-min":8.6928,"asphericity-min":0.362218,"balabanj-min":2.847379,"bertzct-min":42.912609,"chi0-min":4.284457,"chi0n-min":3.316497,"chi0v-min":1.316497,"chi1-min":2.270056,"chi1n-min":1.316497,"chi1v-min":0.408248,"chi2n-min":0.083333,"chi2v-min":0.083333,"chi3n-min":0.0,"chi3v-min":0.0,"chi4n-min":0.0,"chi4v-min":0.0,"e-valence-min":18.0,"eccentricity-min":0.95184,"hk-alpha-min":-0.85,"hk-kappa1-min":0.443274,"hk-kappa2-min":1.47,"hk-kappa3-min":0.999577,"ipc-min":9.651484,"isf-min":0.007916,"labuteASA-min":20.591618,"logP-min":-0.2992,"molwt-min":46.005479,"molwt-hvy-min":44.009,"nheavy-min":3.0,"npr1-min":0.149752,"npr2-min":0.693406,"pbf-min":0.000008,"pc+-min":0.440442,"pc--min":-0.739791,"pmi1-min":7.607552,"pmi2-min":43.658744,"pmi3-min":50.80113,"rbonds-min":0.0,"rg-min":1.053008,"rpc+-min":0.2786,"rpc--min":0.470011,"spherocity-min":0.0,"tpsa-min":0.0,"vsa+-min":9.250231,"vsa--min":9.903345,"vsa-fhyd-min":0.071567,"vsa-fneg-min":0.517049,"vsa-fpneg-min":0.092873,"vsa-fpos-min":0.268036,"vsa-fppos-min":0.0,"vsa-hyd-min":1.370759,"vsa-polar-min":0.092873,"vsa-polar+-min":0.0,"vsa-polar--min":4.390415,"MR-max":26.4,"asphericity-max":0.617482,"balabanj-max":3.603567,"bertzct-max":230.203225,"chi0-max":9.464102,"chi0n-max":8.377964,"chi0v-max":3.377964,"chi1-max":5.464102,"chi1n-max":4.188982,"chi1v-max":1.688982,"chi2n-max":0.938982,"chi2v-max":0.938982,"chi3n-max":0.469491,"chi3v-max":0.469491,"chi4n-max":0.234746,"chi4v-max":0.234746,"e-valence-max":36.0,"eccentricity-max":0.988724,"hk-alpha-max":-0.53,"hk-kappa1-max":1.312018,"hk-kappa2-max":1.734967,"hk-kappa3-max":1.47,"ipc-max":416.314365,"isf-max":0.112967,"labuteASA-max":48.621791,"logP-max":1.8257,"molwt-max":96.037528,"molwt-hvy-max":91.064,"nheavy-max":7.0,"npr1-max":0.306594,"npr2-max":0.859405,"pbf-max":0.118855,"pc+-max":0.739791,"pc--max":-0.440442,"pmi1-max":87.591248,"pmi2-max":198.100248,"pmi3-max":285.691495,"rbonds-max":0.0,"rg-max":1.724161,"rpc+-max":0.400072,"rpc--max":0.653518,"spherocity-max":0.038155,"tpsa-max":37.3,"vsa+-max":12.671014,"vsa--max":34.602508,"vsa-fhyd-max":0.907127,"vsa-fneg-max":0.731964,"vsa-fpneg-max":0.517049,"vsa-fpos-max":0.482951,"vsa-fppos-max":0.411384,"vsa-hyd-max":42.883107,"vsa-polar-max":0.928433,"vsa-polar+-max":7.879472,"vsa-polar--max":9.903345,"MR-diff":17.7072,"asphericity-diff":0.255264,"balabanj-diff":0.756188,"bertzct-diff":187.290616,"chi0-diff":5.179645,"chi0n-diff":5.061467,"chi0v-diff":2.061467,"chi1-diff":3.194046,"chi1n-diff":2.872485,"chi1v-diff":1.280734,"chi2n-diff":0.855649,"chi2v-diff":0.855649,"chi3n-diff":0.469491,"chi3v-diff":0.469491,"chi4n-diff":0.234746,"chi4v-diff":0.234746,"e-valence-diff":18.0,"eccentricity-diff":0.036884,"hk-alpha-diff":0.32,"hk-kappa1-diff":0.868744,"hk-kappa2-diff":0.264967,"hk-kappa3-diff":0.470423,"ipc-diff":406.662881,"isf-diff":0.105051,"labuteASA-diff":28.030173,"logP-diff":2.1249,"molwt-diff":50.032049,"molwt-hvy-diff":47.055,"nheavy-diff":4.0,"npr1-diff":0.156842,"npr2-diff":0.165999,"pbf-diff":0.118847,"pc+-diff":0.299349,"pc--diff":0.299349,"pmi1-diff":79.983696,"pmi2-diff":154.441504,"pmi3-diff":234.890365,"rbonds-diff":0.0,"rg-diff":0.671153,"rpc+-diff":0.121472,"rpc--diff":0.183507,"spherocity-diff":0.038155,"tpsa-diff":37.3,"vsa+-diff":3.420783,"vsa--diff":24.699163,"vsa-fhyd-diff":0.83556,"vsa-fneg-diff":0.214915,"vsa-fpneg-diff":0.424176,"vsa-fpos-diff":0.214915,"vsa-fppos-diff":0.411384,"vsa-hyd-diff":41.512348,"vsa-polar-diff":0.83556,"vsa-polar+-diff":7.879472,"vsa-polar--diff":5.51293,"hbonds":0.0}