{"shear_15nN-qq": [-530.541420048761, 69.03663018223115], "tilt_bottom": {"15nN": 39.5061434684834, "5nN": 35.674899597869704, "25nN": 41.453408544497854}, "delta_molecular_weight": 50.0768, "status": {"34b564b84baf004e3e9d61cc7964596b-initialize": 1, "34b564b84baf004e3e9d61cc7964596b-shear_15nN_grompp": 1, "34b564b84baf004e3e9d61cc7964596b-calc_friction": 1, "34b564b84baf004e3e9d61cc7964596b-equilibrate_grompp": 1, "34b564b84baf004e3e9d61cc7964596b-log_cof": 1, "34b564b84baf004e3e9d61cc7964596b-minimize_grompp": 1, "34b564b84baf004e3e9d61cc7964596b-fix_overlaps": 1, "34b564b84baf004e3e9d61cc7964596b-top_to_mol2": 1, "34b564b84baf004e3e9d61cc7964596b-unwrap_shear_5nN": 1, "34b564b84baf004e3e9d61cc7964596b-shear_5nN": 1, "34b564b84baf004e3e9d61cc7964596b-shear_15nN": 1, "34b564b84baf004e3e9d61cc7964596b-shear_15nN_rerun": 1, "34b564b84baf004e3e9d61cc7964596b-shear_25nN": 1, "34b564b84baf004e3e9d61cc7964596b-shear_25nN_rerun_grompp": 1, "34b564b84baf004e3e9d61cc7964596b-get_interaction_energy_25nN": 1, "34b564b84baf004e3e9d61cc7964596b-unwrap_shear_25nN": 1, "34b564b84baf004e3e9d61cc7964596b-shear_15nN_rerun_grompp": 1, "34b564b84baf004e3e9d61cc7964596b-log_interaction_energy_25nN": 1, "34b564b84baf004e3e9d61cc7964596b-calc_interdigitation": 1, "34b564b84baf004e3e9d61cc7964596b-shear_5nN_rerun": 1, "34b564b84baf004e3e9d61cc7964596b-log_tilt": 1, "34b564b84baf004e3e9d61cc7964596b-log_S2": 1, "34b564b84baf004e3e9d61cc7964596b-log_interaction_energy_5nN": 1, "34b564b84baf004e3e9d61cc7964596b-get_interaction_energy_15nN": 1, "34b564b84baf004e3e9d61cc7964596b-get_interaction_energy_5nN": 1, "34b564b84baf004e3e9d61cc7964596b-calc_S2_shear": 1, "34b564b84baf004e3e9d61cc7964596b-compress": 1, "34b564b84baf004e3e9d61cc7964596b-calc_tilt_shear": 1, "34b564b84baf004e3e9d61cc7964596b-equilibrate": 1, "34b564b84baf004e3e9d61cc7964596b-shear_25nN_rerun": 1, "34b564b84baf004e3e9d61cc7964596b-minimize": 1, "34b564b84baf004e3e9d61cc7964596b-shear_25nN_grompp": 1, "34b564b84baf004e3e9d61cc7964596b-compress_grompp": 1, "34b564b84baf004e3e9d61cc7964596b-count_hydrogen_bonds": 1, "34b564b84baf004e3e9d61cc7964596b-log_interaction_energy_15nN": 1, "34b564b84baf004e3e9d61cc7964596b-shear_5nN_rerun_grompp": 1, "34b564b84baf004e3e9d61cc7964596b-shear_5nN_grompp": 1, "34b564b84baf004e3e9d61cc7964596b-unwrap_shear_15nN": 1, "34b564b84baf004e3e9d61cc7964596b-lammps_to_gmx": 1}, "interdigitation": {"15nN": 0.20028492005662976, "5nN": 0.1322043831413329, "25nN": 0.13233100097487716}, "avg_molecular_weight": 70.0558, "delta_dipole_moment": 2.78, "S2_top": {"15nN": 0.9450525238349021, "5nN": 0.9437705452459874, "25nN": 0.9366105189156333}, "shear_25nN-Etotal": [-2584.314921931255, 94.09871491863831], "shear_5nN-Etotal": [-2235.2157944844125, 94.14018724162898], "S2_bottom": {"15nN": 0.9736666474758647, "5nN": 0.9671986956082906, "25nN": 0.9740552913914212}, "intercept": 1.8523265935293793, "shear_15nN-lj": [-1939.5773920815348, 51.925646407334824], "tilt_top": {"15nN": 37.34849585244377, "5nN": 35.0014614848711, "25nN": 40.48987819826538}, "avg_dipole_moment": 3.42, "shear_5nN-qq": [-488.0764414172662, 65.39439597881035], "shear_5nN-lj": [-1747.1393530671462, 57.092983221285024], "COF": 0.12073600534376211, "shear_25nN-lj": [-2009.6593088768982, 53.39052109443438], "shear_25nN-qq": [-574.6556130543565, 73.57467122709738], "shear_15nN-Etotal": [-2470.1188121302957, 91.04951298489361]}