{"MR-mean":24.7812,"asphericity-mean":0.2864225,"balabanj-mean":3.8967155,"bertzct-mean":267.240478,"chi0-mean":10.270726,"chi0n-mean":8.4488015,"chi0v-mean":3.4488015,"chi1-mean":5.418055,"chi1n-mean":4.077851,"chi1v-mean":1.577851,"chi2n-mean":0.989238,"chi2v-mean":0.989238,"chi3n-mean":0.397189,"chi3v-mean":0.397189,"chi4n-mean":0.1985945,"chi4v-mean":0.1985945,"e-valence-mean":42.0,"eccentricity-mean":0.633337,"hk-alpha-mean":-0.795,"hk-kappa1-mean":1.771893,"hk-kappa2-mean":1.6766065,"hk-kappa3-mean":138.338268,"ipc-mean":1454.1466635,"isf-mean":0.008095,"labuteASA-mean":50.0499125,"logP-mean":1.73591,"molwt-mean":110.5331815,"molwt-hvy-mean":105.549,"nheavy-mean":7.5,"npr1-mean":0.565822,"npr2-mean":0.898655,"pbf-mean":0.356145,"pc+-mean":0.6132765,"pc--mean":-0.6132765,"pmi1-mean":114.219079,"pmi2-mean":363.198562,"pmi3-mean":428.218035,"rbonds-mean":1.0,"rg-mean":1.8423815,"rpc+-mean":0.5638725,"rpc--mean":0.3480615,"spherocity-mean":0.3671465,"tpsa-mean":21.57,"vsa+-mean":24.7156555,"vsa--mean":23.892872,"vsa-fhyd-mean":0.7800305,"vsa-fneg-mean":0.475946,"vsa-fpneg-mean":0.075587,"vsa-fpos-mean":0.524054,"vsa-fppos-mean":0.1443825,"vsa-hyd-mean":37.619526,"vsa-polar-mean":0.2199695,"vsa-polar+-mean":5.9318425,"vsa-polar--mean":5.057159,"MR-min":11.729,"asphericity-min":0.000675,"balabanj-min":3.773039,"bertzct-min":67.509775,"chi0-min":7.0,"chi0n-min":5.133893,"chi0v-min":2.133893,"chi1-min":3.25,"chi1n-min":2.316947,"chi1v-min":0.816947,"chi2n-min":0.497759,"chi2v-min":0.497759,"chi3n-min":0.0,"chi3v-min":0.0,"chi4n-min":0.0,"chi4v-min":0.0,"e-valence-min":32.0,"eccentricity-min":0.281596,"hk-alpha-min":-1.38,"hk-kappa1-min":1.492363,"hk-kappa2-min":0.880016,"hk-kappa3-min":1.31284,"ipc-min":21.306059,"isf-min":0.006417,"labuteASA-min":31.815711,"logP-min":1.5686,"molwt-min":84.018685,"molwt-hvy-min":81.016,"nheavy-min":5.0,"npr1-min":0.172111,"npr2-min":0.832189,"pbf-min":0.121205,"pc+-min":0.514545,"pc--min":-0.712008,"pmi1-min":98.748858,"pmi2-min":99.323952,"pmi3-min":102.913455,"rbonds-min":0.0,"rg-min":1.338182,"rpc+-min":0.377722,"rpc--min":0.333333,"spherocity-min":0.042441,"tpsa-min":0.0,"vsa+-min":17.140467,"vsa--min":13.171245,"vsa-fhyd-min":0.76382,"vsa-fneg-min":0.434527,"vsa-fpneg-min":0.0,"vsa-fpos-min":0.482635,"vsa-fppos-min":0.085006,"vsa-hyd-min":24.135413,"vsa-polar-min":0.203759,"vsa-polar+-min":5.687386,"vsa-polar--min":0.0,"MR-max":37.8334,"asphericity-max":0.57217,"balabanj-max":4.020392,"bertzct-max":466.971181,"chi0-max":13.541452,"chi0n-max":11.76371,"chi0v-max":4.76371,"chi1-max":7.58611,"chi1n-max":5.838755,"chi1v-max":2.338755,"chi2n-max":1.480717,"chi2v-max":1.480717,"chi3n-max":0.794378,"chi3v-max":0.794378,"chi4n-max":0.397189,"chi4v-max":0.397189,"e-valence-max":52.0,"eccentricity-max":0.985078,"hk-alpha-max":-0.21,"hk-kappa1-max":2.051423,"hk-kappa2-max":2.473197,"hk-kappa3-max":275.363696,"ipc-max":2886.987268,"isf-max":0.009773,"labuteASA-max":68.284114,"logP-max":1.90322,"molwt-max":137.047678,"molwt-hvy-max":130.082,"nheavy-max":10.0,"npr1-max":0.959533,"npr2-max":0.965121,"pbf-max":0.591085,"pc+-max":0.712008,"pc--max":-0.514545,"pmi1-max":129.6893,"pmi2-max":627.073172,"pmi3-max":753.522615,"rbonds-max":2.0,"rg-max":2.346581,"rpc+-max":0.750023,"rpc--max":0.36279,"spherocity-max":0.691852,"tpsa-max":43.14,"vsa+-max":32.290844,"vsa--max":34.614499,"vsa-fhyd-max":0.796241,"vsa-fneg-max":0.517365,"vsa-fpneg-max":0.151174,"vsa-fpos-max":0.565473,"vsa-fppos-max":0.203759,"vsa-hyd-max":51.103639,"vsa-polar-max":0.23618,"vsa-polar+-max":6.176299,"vsa-polar--max":10.114318,"MR-diff":26.1044,"asphericity-diff":0.571495,"balabanj-diff":0.247353,"bertzct-diff":399.461406,"chi0-diff":6.541452,"chi0n-diff":6.629817,"chi0v-diff":2.629817,"chi1-diff":4.33611,"chi1n-diff":3.521808,"chi1v-diff":1.521808,"chi2n-diff":0.982958,"chi2v-diff":0.982958,"chi3n-diff":0.794378,"chi3v-diff":0.794378,"chi4n-diff":0.397189,"chi4v-diff":0.397189,"e-valence-diff":20.0,"eccentricity-diff":0.703482,"hk-alpha-diff":1.17,"hk-kappa1-diff":0.55906,"hk-kappa2-diff":1.593181,"hk-kappa3-diff":274.050856,"ipc-diff":2865.681209,"isf-diff":0.003356,"labuteASA-diff":36.468403,"logP-diff":0.33462,"molwt-diff":53.028993,"molwt-hvy-diff":49.066,"nheavy-diff":5.0,"npr1-diff":0.787422,"npr2-diff":0.132932,"pbf-diff":0.46988,"pc+-diff":0.197463,"pc--diff":0.197463,"pmi1-diff":30.940442,"pmi2-diff":527.74922,"pmi3-diff":650.60916,"rbonds-diff":2.0,"rg-diff":1.008399,"rpc+-diff":0.372301,"rpc--diff":0.029457,"spherocity-diff":0.649411,"tpsa-diff":43.14,"vsa+-diff":15.150377,"vsa--diff":21.443254,"vsa-fhyd-diff":0.032421,"vsa-fneg-diff":0.082838,"vsa-fpneg-diff":0.151174,"vsa-fpos-diff":0.082838,"vsa-fppos-diff":0.118753,"vsa-hyd-diff":26.968226,"vsa-polar-diff":0.032421,"vsa-polar+-diff":0.488913,"vsa-polar--diff":10.114318,"hbonds":0.0}