{"shear_15nN-qq": [-136.6188473133493, 22.703885589695993], "delta_molecular_weight": 53.0954, "tilt_bottom": {"25nN": 37.226477086374175, "5nN": 32.58597233411996, "15nN": 35.58339394123046}, "interdigitation": {"25nN": 0.16746089270987374, "5nN": 0.15715326423806994, "15nN": 0.17383187040582282}, "avg_molecular_weight": 95.55359999999999, "delta_dipole_moment": 4.13, "S2_top": {"25nN": 0.956332755380138, "5nN": 0.9738924771990465, "15nN": 0.9566351477079442}, "shear_25nN-Etotal": [-1951.5644978872901, 64.06915119893526], "shear_5nN-Etotal": [-1571.1272692845723, 69.424083367251], "S2_bottom": {"25nN": 0.9528938116846545, "5nN": 0.9623329055279035, "15nN": 0.9504660841657135}, "status": {"9e462e5e492e25a407a12c4a5d228ec3-shear_5nN_grompp": 1, "9e462e5e492e25a407a12c4a5d228ec3-calc_tilt_shear": 1, "9e462e5e492e25a407a12c4a5d228ec3-log_interaction_energy_15nN": 1, "9e462e5e492e25a407a12c4a5d228ec3-get_interaction_energy_15nN": 1, "9e462e5e492e25a407a12c4a5d228ec3-get_interaction_energy_5nN": 1, "9e462e5e492e25a407a12c4a5d228ec3-shear_15nN_grompp": 1, "9e462e5e492e25a407a12c4a5d228ec3-log_tilt": 1, "9e462e5e492e25a407a12c4a5d228ec3-log_cof": 1, "9e462e5e492e25a407a12c4a5d228ec3-shear_15nN": 1, "9e462e5e492e25a407a12c4a5d228ec3-equilibrate": 1, "9e462e5e492e25a407a12c4a5d228ec3-compress": 1, "9e462e5e492e25a407a12c4a5d228ec3-compress_grompp": 1, "9e462e5e492e25a407a12c4a5d228ec3-top_to_mol2": 1, "9e462e5e492e25a407a12c4a5d228ec3-lammps_to_gmx": 1, "9e462e5e492e25a407a12c4a5d228ec3-fix_overlaps": 1, "9e462e5e492e25a407a12c4a5d228ec3-shear_25nN_grompp": 1, "9e462e5e492e25a407a12c4a5d228ec3-get_interaction_energy_25nN": 1, "9e462e5e492e25a407a12c4a5d228ec3-initialize": 1, "9e462e5e492e25a407a12c4a5d228ec3-calc_interdigitation": 1, "9e462e5e492e25a407a12c4a5d228ec3-shear_25nN_rerun_grompp": 1, "9e462e5e492e25a407a12c4a5d228ec3-log_interaction_energy_25nN": 1, "9e462e5e492e25a407a12c4a5d228ec3-log_interaction_energy_5nN": 1, "9e462e5e492e25a407a12c4a5d228ec3-unwrap_shear_15nN": 1, "9e462e5e492e25a407a12c4a5d228ec3-shear_15nN_rerun": 1, "9e462e5e492e25a407a12c4a5d228ec3-calc_friction": 1, "9e462e5e492e25a407a12c4a5d228ec3-unwrap_shear_25nN": 1, "9e462e5e492e25a407a12c4a5d228ec3-calc_S2_shear": 1, "9e462e5e492e25a407a12c4a5d228ec3-shear_5nN": 1, "9e462e5e492e25a407a12c4a5d228ec3-unwrap_shear_5nN": 1, "9e462e5e492e25a407a12c4a5d228ec3-shear_5nN_rerun_grompp": 1, "9e462e5e492e25a407a12c4a5d228ec3-equilibrate_grompp": 1, "9e462e5e492e25a407a12c4a5d228ec3-minimize_grompp": 1, "9e462e5e492e25a407a12c4a5d228ec3-shear_25nN_rerun": 1, "9e462e5e492e25a407a12c4a5d228ec3-log_S2": 1, "9e462e5e492e25a407a12c4a5d228ec3-minimize": 1, "9e462e5e492e25a407a12c4a5d228ec3-shear_15nN_rerun_grompp": 1, "9e462e5e492e25a407a12c4a5d228ec3-shear_25nN": 1, "9e462e5e492e25a407a12c4a5d228ec3-shear_5nN_rerun": 1}, "intercept": 1.393171581611543, "shear_15nN-lj": [-1688.5481343341326, 55.72713056512699], "tilt_top": {"25nN": 39.87138405208465, "5nN": 35.26657064862425, "15nN": 37.85999925267694}, "avg_dipole_moment": 4.154999999999999, "shear_5nN-qq": [-91.3460134268585, 20.200753654797342], "shear_5nN-lj": [-1479.7812558577139, 58.7797639699092], "COF": 0.13538221104335127, "shear_25nN-lj": [-1793.334273704237, 53.366986370505785], "shear_25nN-qq": [-158.23022418305356, 24.784869155368046], "shear_15nN-Etotal": [-1825.1669816474819, 67.41201712556997]}