{"MR-mean":24.5907,"asphericity-mean":0.499226,"balabanj-mean":3.8967155,"bertzct-mean":264.240478,"chi0-mean":10.270726,"chi0n-mean":9.381855,"chi0v-mean":2.881855,"chi1-mean":5.418055,"chi1n-mean":4.5443775,"chi1v-mean":1.2943775,"chi2n-mean":0.7403585,"chi2v-mean":0.7403585,"chi3n-mean":0.397189,"chi3v-mean":0.397189,"chi4n-mean":0.1985945,"chi4v-mean":0.1985945,"e-valence-mean":33.0,"eccentricity-mean":0.975139,"hk-alpha-mean":-0.69,"hk-kappa1-mean":1.0461195,"hk-kappa2-mean":1.2365985,"hk-kappa3-mean":0.65642,"ipc-mean":1454.1466635,"isf-mean":0.0794835,"labuteASA-mean":45.909065,"logP-mean":1.46471,"molwt-mean":83.547314,"molwt-hvy-mean":77.052,"nheavy-mean":6.0,"npr1-mean":0.216608,"npr2-mean":0.9131745,"pbf-mean":0.310857,"pc+-mean":0.4242665,"pc--mean":-0.4242665,"pmi1-mean":67.7954095,"pmi2-mean":326.884142,"pmi3-mean":389.888251,"rbonds-mean":1.5,"rg-mean":1.656869,"rpc+-mean":0.2721945,"rpc--mean":0.431395,"spherocity-mean":0.3264795,"tpsa-mean":21.57,"vsa+-mean":20.2576975,"vsa--mean":24.1591415,"vsa-fhyd-mean":0.88191,"vsa-fneg-mean":0.57115,"vsa-fpneg-mean":0.075587,"vsa-fpos-mean":0.42885,"vsa-fppos-mean":0.042503,"vsa-hyd-mean":36.515987,"vsa-polar-mean":0.11809,"vsa-polar+-mean":2.843693,"vsa-polar--mean":5.057159,"MR-min":11.348,"asphericity-min":0.424046,"balabanj-min":3.773039,"bertzct-min":61.509775,"chi0-min":7.0,"chi0n-min":7.0,"chi0v-min":1.0,"chi1-min":3.25,"chi1n-min":3.25,"chi1v-min":0.25,"chi2n-min":0.0,"chi2v-min":0.0,"chi3n-min":0.0,"chi3v-min":0.0,"chi4n-min":0.0,"chi4v-min":0.0,"e-valence-min":14.0,"eccentricity-min":0.965003,"hk-alpha-min":-1.38,"hk-kappa1-min":0.040816,"hk-kappa2-min":0.0,"hk-kappa3-min":0.0,"ipc-min":21.306059,"isf-min":0.006456,"labuteASA-min":23.534016,"logP-min":1.0262,"molwt-min":30.04695,"molwt-hvy-min":24.022,"nheavy-min":2.0,"npr1-min":0.170978,"npr2-min":0.833319,"pbf-min":0.12291,"pc+-min":0.136525,"pc--min":-0.712008,"pmi1-min":6.511221,"pmi2-min":24.656366,"pmi3-min":24.829432,"rbonds-min":1.0,"rg-min":0.964941,"rpc+-min":0.166667,"rpc--min":0.36279,"spherocity-min":0.042214,"tpsa-min":0.0,"vsa+-min":8.224551,"vsa--min":13.703784,"vsa-fhyd-min":0.76382,"vsa-fneg-min":0.517365,"vsa-fpneg-min":0.0,"vsa-fpos-min":0.375065,"vsa-fppos-min":0.0,"vsa-hyd-min":21.928335,"vsa-polar-min":0.0,"vsa-polar+-min":0.0,"vsa-polar--min":0.0,"MR-max":37.8334,"asphericity-max":0.574406,"balabanj-max":4.020392,"bertzct-max":466.971181,"chi0-max":13.541452,"chi0n-max":11.76371,"chi0v-max":4.76371,"chi1-max":7.58611,"chi1n-max":5.838755,"chi1v-max":2.338755,"chi2n-max":1.480717,"chi2v-max":1.480717,"chi3n-max":0.794378,"chi3v-max":0.794378,"chi4n-max":0.397189,"chi4v-max":0.397189,"e-valence-max":52.0,"eccentricity-max":0.985275,"hk-alpha-max":0.0,"hk-kappa1-max":2.051423,"hk-kappa2-max":2.473197,"hk-kappa3-max":1.31284,"ipc-max":2886.987268,"isf-max":0.152511,"labuteASA-max":68.284114,"logP-max":1.90322,"molwt-max":137.047678,"molwt-hvy-max":130.082,"nheavy-max":10.0,"npr1-max":0.262238,"npr2-max":0.99303,"pbf-max":0.498804,"pc+-max":0.712008,"pc--max":-0.136525,"pmi1-max":129.079598,"pmi2-max":629.111918,"pmi3-max":754.94707,"rbonds-max":2.0,"rg-max":2.348797,"rpc+-max":0.377722,"rpc--max":0.5,"spherocity-max":0.610745,"tpsa-max":43.14,"vsa+-max":32.290844,"vsa--max":34.614499,"vsa-fhyd-max":1.0,"vsa-fneg-max":0.624935,"vsa-fpneg-max":0.151174,"vsa-fpos-max":0.482635,"vsa-fppos-max":0.085006,"vsa-hyd-max":51.103639,"vsa-polar-max":0.23618,"vsa-polar+-max":5.687386,"vsa-polar--max":10.114318,"MR-diff":26.4854,"asphericity-diff":0.15036,"balabanj-diff":0.247353,"bertzct-diff":405.461406,"chi0-diff":6.541452,"chi0n-diff":4.76371,"chi0v-diff":3.76371,"chi1-diff":4.33611,"chi1n-diff":2.588755,"chi1v-diff":2.088755,"chi2n-diff":1.480717,"chi2v-diff":1.480717,"chi3n-diff":0.794378,"chi3v-diff":0.794378,"chi4n-diff":0.397189,"chi4v-diff":0.397189,"e-valence-diff":38.0,"eccentricity-diff":0.020272,"hk-alpha-diff":1.38,"hk-kappa1-diff":2.010607,"hk-kappa2-diff":2.473197,"hk-kappa3-diff":1.31284,"ipc-diff":2865.681209,"isf-diff":0.146055,"labuteASA-diff":44.750098,"logP-diff":0.87702,"molwt-diff":107.000728,"molwt-hvy-diff":106.06,"nheavy-diff":8.0,"npr1-diff":0.09126,"npr2-diff":0.159711,"pbf-diff":0.375894,"pc+-diff":0.575483,"pc--diff":0.575483,"pmi1-diff":122.568377,"pmi2-diff":604.455552,"pmi3-diff":730.117638,"rbonds-diff":1.0,"rg-diff":1.383856,"rpc+-diff":0.211055,"rpc--diff":0.13721,"spherocity-diff":0.568531,"tpsa-diff":43.14,"vsa+-diff":24.066293,"vsa--diff":20.910715,"vsa-fhyd-diff":0.23618,"vsa-fneg-diff":0.10757,"vsa-fpneg-diff":0.151174,"vsa-fpos-diff":0.10757,"vsa-fppos-diff":0.085006,"vsa-hyd-diff":29.175304,"vsa-polar-diff":0.23618,"vsa-polar+-diff":5.687386,"vsa-polar--diff":10.114318,"hbonds":0.0}