{"tilt_bottom": {"25nN": 40.29122092690517, "5nN": 35.4020493367948, "15nN": 38.96165310744074}, "shear_25nN-qq": [-100.96647002078338, 15.538074343291562], "S2_top": {"25nN": 0.9083768087110742, "5nN": 0.905826711501463, "15nN": 0.8995488885972251}, "shear_5nN-qq": [-37.3022690871303, 12.179239985018414], "shear_15nN-Etotal": [-1930.2973231518788, 58.25512619788447], "S2_bottom": {"25nN": 0.9367931304359116, "5nN": 0.925523092718734, "15nN": 0.9510687439911822}, "shear_25nN-lj": [-1971.7494402006396, 61.00561029691861], "delta_molecular_weight": 107.06689999999999, "intercept": 1.1876903083492576, "avg_dipole_moment": 3.11, "COF": 0.15307770646048596, "shear_25nN-Etotal": [-2072.7159102214227, 63.63916874498003], "tilt_top": {"25nN": 37.41751399397401, "5nN": 30.913963574348106, "15nN": 35.51901610892197}, "status": {"964fe2722b0383769a70c864bbe434bb-calc_S2_shear": 1, "964fe2722b0383769a70c864bbe434bb-compress_grompp": 1, "964fe2722b0383769a70c864bbe434bb-compress": 1, "964fe2722b0383769a70c864bbe434bb-shear_25nN_rerun": 1, "964fe2722b0383769a70c864bbe434bb-shear_5nN_rerun_grompp": 1, "964fe2722b0383769a70c864bbe434bb-minimize": 1, "964fe2722b0383769a70c864bbe434bb-equilibrate": 1, "964fe2722b0383769a70c864bbe434bb-calc_interdigitation": 1, "964fe2722b0383769a70c864bbe434bb-shear_25nN": 1, "964fe2722b0383769a70c864bbe434bb-shear_15nN_grompp": 1, "964fe2722b0383769a70c864bbe434bb-shear_15nN_rerun_grompp": 1, "964fe2722b0383769a70c864bbe434bb-shear_15nN_rerun": 1, "964fe2722b0383769a70c864bbe434bb-unwrap_shear_5nN": 1, "964fe2722b0383769a70c864bbe434bb-fix_overlaps": 1, "964fe2722b0383769a70c864bbe434bb-equilibrate_grompp": 1, "964fe2722b0383769a70c864bbe434bb-shear_25nN_grompp": 1, "964fe2722b0383769a70c864bbe434bb-log_S2": 1, "964fe2722b0383769a70c864bbe434bb-log_interaction_energy_25nN": 1, "964fe2722b0383769a70c864bbe434bb-get_interaction_energy_15nN": 1, "964fe2722b0383769a70c864bbe434bb-unwrap_shear_15nN": 1, "964fe2722b0383769a70c864bbe434bb-top_to_mol2": 1, "964fe2722b0383769a70c864bbe434bb-lammps_to_gmx": 1, "964fe2722b0383769a70c864bbe434bb-calc_friction": 1, "964fe2722b0383769a70c864bbe434bb-shear_15nN": 1, "964fe2722b0383769a70c864bbe434bb-unwrap_shear_25nN": 1, "964fe2722b0383769a70c864bbe434bb-log_interaction_energy_5nN": 1, "964fe2722b0383769a70c864bbe434bb-get_interaction_energy_5nN": 1, "964fe2722b0383769a70c864bbe434bb-shear_5nN_rerun": 1, "964fe2722b0383769a70c864bbe434bb-initialize": 1, "964fe2722b0383769a70c864bbe434bb-log_interaction_energy_15nN": 1, "964fe2722b0383769a70c864bbe434bb-shear_5nN": 1, "964fe2722b0383769a70c864bbe434bb-calc_tilt_shear": 1, "964fe2722b0383769a70c864bbe434bb-get_interaction_energy_25nN": 1, "964fe2722b0383769a70c864bbe434bb-log_cof": 1, "964fe2722b0383769a70c864bbe434bb-minimize_grompp": 1, "964fe2722b0383769a70c864bbe434bb-log_tilt": 1, "964fe2722b0383769a70c864bbe434bb-shear_25nN_rerun_grompp": 1, "964fe2722b0383769a70c864bbe434bb-shear_5nN_grompp": 1}, "shear_15nN-qq": [-76.49083465547561, 13.704898397073446], "shear_5nN-Etotal": [-1647.3125977482014, 66.08141651421421], "avg_molecular_weight": 68.56784999999999, "delta_dipole_moment": 6.22, "shear_15nN-lj": [-1853.8064884964028, 54.803884767159715], "shear_5nN-lj": [-1610.0103286610713, 61.69903491997157]}