{"shear_15nN-qq": [-957.858727507594, 77.40534726802827], "delta_molecular_weight": 105.094, "status": {"30664ca34fa63f02d7a7bf87f6f29cb9-shear_15nN_grompp": 1, "30664ca34fa63f02d7a7bf87f6f29cb9-shear_15nN_rerun": 1, "30664ca34fa63f02d7a7bf87f6f29cb9-initialize": 1, "30664ca34fa63f02d7a7bf87f6f29cb9-calc_tilt_shear": 1, "30664ca34fa63f02d7a7bf87f6f29cb9-unwrap_shear_25nN": 1, "30664ca34fa63f02d7a7bf87f6f29cb9-minimize": 1, "30664ca34fa63f02d7a7bf87f6f29cb9-shear_25nN_rerun_grompp": 1, "30664ca34fa63f02d7a7bf87f6f29cb9-calc_interdigitation": 1, "30664ca34fa63f02d7a7bf87f6f29cb9-shear_5nN": 1, "30664ca34fa63f02d7a7bf87f6f29cb9-shear_5nN_rerun": 1, "30664ca34fa63f02d7a7bf87f6f29cb9-shear_25nN_rerun": 1, "30664ca34fa63f02d7a7bf87f6f29cb9-top_to_mol2": 1, "30664ca34fa63f02d7a7bf87f6f29cb9-log_interaction_energy_25nN": 1, "30664ca34fa63f02d7a7bf87f6f29cb9-get_interaction_energy_25nN": 1, "30664ca34fa63f02d7a7bf87f6f29cb9-equilibrate_grompp": 1, "30664ca34fa63f02d7a7bf87f6f29cb9-shear_15nN_rerun_grompp": 1, "30664ca34fa63f02d7a7bf87f6f29cb9-compress": 1, "30664ca34fa63f02d7a7bf87f6f29cb9-calc_S2_shear": 1, "30664ca34fa63f02d7a7bf87f6f29cb9-calc_friction": 1, "30664ca34fa63f02d7a7bf87f6f29cb9-fix_overlaps": 1, "30664ca34fa63f02d7a7bf87f6f29cb9-shear_5nN_grompp": 1, "30664ca34fa63f02d7a7bf87f6f29cb9-count_hydrogen_bonds": 1, "30664ca34fa63f02d7a7bf87f6f29cb9-equilibrate": 1, "30664ca34fa63f02d7a7bf87f6f29cb9-log_tilt": 1, "30664ca34fa63f02d7a7bf87f6f29cb9-shear_5nN_rerun_grompp": 1, "30664ca34fa63f02d7a7bf87f6f29cb9-shear_25nN": 1, "30664ca34fa63f02d7a7bf87f6f29cb9-shear_25nN_grompp": 1, "30664ca34fa63f02d7a7bf87f6f29cb9-compress_grompp": 1, "30664ca34fa63f02d7a7bf87f6f29cb9-lammps_to_gmx": 1, "30664ca34fa63f02d7a7bf87f6f29cb9-minimize_grompp": 1, "30664ca34fa63f02d7a7bf87f6f29cb9-get_interaction_energy_15nN": 1, "30664ca34fa63f02d7a7bf87f6f29cb9-get_interaction_energy_5nN": 1, "30664ca34fa63f02d7a7bf87f6f29cb9-unwrap_shear_15nN": 1, "30664ca34fa63f02d7a7bf87f6f29cb9-log_interaction_energy_5nN": 1, "30664ca34fa63f02d7a7bf87f6f29cb9-log_cof": 1, "30664ca34fa63f02d7a7bf87f6f29cb9-unwrap_shear_5nN": 1, "30664ca34fa63f02d7a7bf87f6f29cb9-shear_15nN": 1, "30664ca34fa63f02d7a7bf87f6f29cb9-log_S2": 1, "30664ca34fa63f02d7a7bf87f6f29cb9-log_interaction_energy_15nN": 1}, "interdigitation": {"25nN": 0.1775871151166291, "5nN": 0.17393908860156124, "15nN": 0.1511963064349586}, "intercept": 2.454309387062726, "delta_dipole_moment": 4.34, "tilt_bottom": {"25nN": 40.92223166974705, "5nN": 35.7734238982656, "15nN": 38.59141482043687}, "S2_top": {"25nN": 0.933126648126848, "5nN": 0.9136733583902998, "15nN": 0.8956388376139912}, "shear_25nN-Etotal": [-3080.7921471446843, 116.13212227249015], "shear_5nN-Etotal": [-2761.588850132694, 117.46055852488409], "S2_bottom": {"25nN": 0.9652497432462157, "5nN": 0.9665998529881094, "15nN": 0.9578429528758206}, "avg_molecular_weight": 69.5543, "shear_15nN-lj": [-1939.7626277953639, 57.46150595697955], "tilt_top": {"25nN": 38.919883807742785, "5nN": 33.83666348526355, "15nN": 34.4466084241749}, "avg_dipole_moment": 4.05, "shear_5nN-qq": [-964.5434439696244, 78.84296537157208], "shear_5nN-lj": [-1797.0454061630694, 64.36116502462941], "COF": 0.15445203021770706, "shear_25nN-lj": [-2025.2544321974422, 61.1905699402813], "shear_25nN-qq": [-1055.5377149472422, 83.85460405718558], "shear_15nN-Etotal": [-2897.6213553029575, 104.90286776570146]}