{"MR-mean":7.769,"asphericity-mean":0.875905,"balabanj-mean":2.331515,"bertzct-mean":18.264663,"chi0-mean":2.707107,"chi0n-mean":1.605462,"chi0v-mean":1.105462,"chi1-mean":1.414214,"chi1n-mean":0.5443775,"chi1v-mean":0.2943775,"chi2n-mean":0.037268,"chi2v-mean":0.037268,"chi3n-mean":0.0,"chi3v-mean":0.0,"chi4n-mean":0.0,"chi4v-mean":0.0,"e-valence-mean":13.5,"eccentricity-mean":0.997926,"hk-alpha-mean":-0.555,"hk-kappa1-mean":1.2805705,"hk-kappa2-mean":0.945,"hk-kappa3-mean":-1.535392,"ipc-mean":2.754888,"isf-mean":2025.216028,"labuteASA-mean":15.677057,"logP-mean":-0.13691,"molwt-mean":36.501901,"molwt-hvy-mean":36.0115,"nheavy-mean":2.5,"npr1-mean":0.0455045,"npr2-mean":0.9544955,"pbf-mean":0.0,"pc+-mean":0.294589,"pc--mean":-0.294589,"pmi1-mean":2.0705705,"pmi2-mean":26.3922265,"pmi3-mean":28.462797,"rbonds-mean":0.0,"rg-mean":0.822254,"rpc+-mean":0.8857155,"rpc--mean":0.75,"spherocity-mean":0.0,"tpsa-mean":39.01,"vsa+-mean":6.629569,"vsa--mean":7.688105,"vsa-fhyd-mean":0.6276245,"vsa-fneg-mean":0.5268325,"vsa-fpneg-mean":0.199604,"vsa-fpos-mean":0.4731675,"vsa-fppos-mean":0.1727715,"vsa-hyd-mean":9.016633,"vsa-polar-mean":0.3723755,"vsa-polar+-mean":2.670095,"vsa-polar--mean":2.630946,"MR-min":6.67,"asphericity-min":0.751875,"balabanj-min":2.187496,"bertzct-min":10.264663,"chi0-min":2.707107,"chi0n-min":1.26371,"chi0v-min":0.947214,"chi1-min":1.414214,"chi1n-min":0.365148,"chi1v-min":0.223607,"chi2n-min":0.0,"chi2v-min":0.0,"chi3n-min":0.0,"chi3v-min":0.0,"chi4n-min":0.0,"chi4v-min":0.0,"e-valence-min":10.0,"eccentricity-min":0.995852,"hk-alpha-min":-0.6,"hk-kappa1-min":0.161141,"hk-kappa2-min":0.49,"hk-kappa3-min":-4.470784,"ipc-min":2.754888,"isf-min":0.219521,"labuteASA-min":14.536801,"logP-min":-0.4136,"molwt-min":27.010899,"molwt-hvy-min":26.018,"nheavy-min":2.0,"npr1-min":0.000022,"npr2-min":0.909013,"pbf-min":0.0,"pc+-min":0.201967,"pc--min":-0.387211,"pmi1-min":0.000247,"pmi2-min":11.41444,"pmi3-min":11.414687,"rbonds-min":0.0,"rg-min":0.649892,"rpc+-min":0.771431,"rpc--min":0.5,"spherocity-min":0.0,"tpsa-min":23.79,"vsa+-min":5.34019,"vsa--min":5.261892,"vsa-fhyd-min":0.600792,"vsa-fneg-min":0.399208,"vsa-fpneg-min":0.0,"vsa-fpos-min":0.345543,"vsa-fppos-min":0.0,"vsa-hyd-min":7.918948,"vsa-polar-min":0.345543,"vsa-polar+-min":0.0,"vsa-polar--min":0.0,"MR-max":8.868,"asphericity-max":0.999935,"balabanj-max":2.475534,"bertzct-max":26.264663,"chi0-max":2.707107,"chi0n-max":1.947214,"chi0v-max":1.26371,"chi1-max":1.414214,"chi1n-max":0.723607,"chi1v-max":0.365148,"chi2n-max":0.074536,"chi2v-max":0.074536,"chi3n-max":0.0,"chi3v-max":0.0,"chi4n-max":0.0,"chi4v-max":0.0,"e-valence-max":17.0,"eccentricity-max":1.0,"hk-alpha-max":-0.51,"hk-kappa1-max":2.4,"hk-kappa2-max":1.4,"hk-kappa3-max":1.4,"ipc-max":2.754888,"isf-max":4050.212535,"labuteASA-max":16.817313,"logP-max":0.13978,"molwt-max":45.992903,"molwt-hvy-max":46.005,"nheavy-max":3.0,"npr1-max":0.090987,"npr2-max":0.999978,"pbf-max":0.0,"pc+-max":0.387211,"pc--max":-0.201967,"pmi1-max":4.140894,"pmi2-max":41.370013,"pmi3-max":45.510907,"rbonds-max":0.0,"rg-max":0.994616,"rpc+-max":1.0,"rpc--max":1.0,"spherocity-max":0.0,"tpsa-max":54.23,"vsa+-max":7.918948,"vsa--max":10.114318,"vsa-fhyd-max":0.654457,"vsa-fneg-max":0.654457,"vsa-fpneg-max":0.399208,"vsa-fpos-max":0.600792,"vsa-fppos-max":0.345543,"vsa-hyd-max":10.114318,"vsa-polar-max":0.399208,"vsa-polar+-max":5.34019,"vsa-polar--max":5.261892,"MR-diff":2.198,"asphericity-diff":0.24806,"balabanj-diff":0.288038,"bertzct-diff":16.0,"chi0-diff":0.0,"chi0n-diff":0.683504,"chi0v-diff":0.316496,"chi1-diff":0.0,"chi1n-diff":0.358459,"chi1v-diff":0.141541,"chi2n-diff":0.074536,"chi2v-diff":0.074536,"chi3n-diff":0.0,"chi3v-diff":0.0,"chi4n-diff":0.0,"chi4v-diff":0.0,"e-valence-diff":7.0,"eccentricity-diff":0.004148,"hk-alpha-diff":0.09,"hk-kappa1-diff":2.238859,"hk-kappa2-diff":0.91,"hk-kappa3-diff":5.870784,"ipc-diff":0.0,"isf-diff":4049.993014,"labuteASA-diff":2.280512,"logP-diff":0.55338,"molwt-diff":18.982004,"molwt-hvy-diff":19.987,"nheavy-diff":1.0,"npr1-diff":0.090965,"npr2-diff":0.090965,"pbf-diff":0.0,"pc+-diff":0.185244,"pc--diff":0.185244,"pmi1-diff":4.140647,"pmi2-diff":29.955573,"pmi3-diff":34.09622,"rbonds-diff":0.0,"rg-diff":0.344724,"rpc+-diff":0.228569,"rpc--diff":0.5,"spherocity-diff":0.0,"tpsa-diff":30.44,"vsa+-diff":2.578758,"vsa--diff":4.852426,"vsa-fhyd-diff":0.053665,"vsa-fneg-diff":0.255249,"vsa-fpneg-diff":0.399208,"vsa-fpos-diff":0.255249,"vsa-fppos-diff":0.345543,"vsa-hyd-diff":2.19537,"vsa-polar-diff":0.053665,"vsa-polar+-diff":5.34019,"vsa-polar--diff":5.261892,"hbonds":0.0}