{"MR-mean":12.1027,"asphericity-mean":0.5330605,"balabanj-mean":3.671926,"bertzct-mean":80.60018,"chi0-mean":5.6422285,"chi0n-mean":4.605462,"chi0v-mean":1.605462,"chi1-mean":2.752018,"chi1n-mean":2.031181,"chi1v-mean":0.531181,"chi2n-mean":0.1844565,"chi2v-mean":0.1844565,"chi3n-mean":0.0,"chi3v-mean":0.0,"chi4n-mean":0.0,"chi4v-mean":0.0,"e-valence-mean":20.0,"eccentricity-mean":0.9438975,"hk-alpha-mean":-0.555,"hk-kappa1-mean":0.472906,"hk-kappa2-mean":1.1533335,"hk-kappa3-mean":1.056111,"ipc-mean":14.6254815,"isf-mean":0.158815,"labuteASA-mean":25.659411,"logP-mean":0.21139,"molwt-mean":51.0214635,"molwt-hvy-mean":48.0225,"nheavy-mean":3.5,"npr1-mean":0.258494,"npr2-mean":0.789272,"pbf-mean":0.3161035,"pc+-mean":0.3641665,"pc--mean":-0.3641665,"pmi1-mean":22.3363825,"pmi2-mean":53.515283,"pmi3-mean":72.565912,"rbonds-mean":0.5,"rg-mean":1.199369,"rpc+-mean":0.3309075,"rpc--mean":0.75,"spherocity-mean":0.3876705,"tpsa-mean":33.465,"vsa+-mean":16.5224015,"vsa--mean":7.688105,"vsa-fhyd-mean":0.80643,"vsa-fneg-mean":0.3115745,"vsa-fpneg-mean":0.19357,"vsa-fpos-mean":0.6884255,"vsa-fppos-mean":0.0,"vsa-hyd-mean":19.1533475,"vsa-polar-mean":0.19357,"vsa-polar+-mean":0.0,"vsa-polar--mean":5.057159,"MR-min":11.287,"asphericity-min":0.234139,"balabanj-min":3.552734,"bertzct-min":75.774438,"chi0-min":5.207107,"chi0n-min":4.447214,"chi0v-min":1.447214,"chi1-min":2.56066,"chi1n-min":1.973607,"chi1v-min":0.473607,"chi2n-min":0.111803,"chi2v-min":0.111803,"chi3n-min":0.0,"chi3v-min":0.0,"chi4n-min":0.0,"chi4v-min":0.0,"e-valence-min":16.0,"eccentricity-min":0.889613,"hk-alpha-min":-0.6,"hk-kappa1-min":0.274207,"hk-kappa2-min":0.816667,"hk-kappa3-min":0.622222,"ipc-min":12.164797,"isf-min":0.01404,"labuteASA-min":23.711684,"logP-min":-0.1071,"molwt-min":41.026549,"molwt-hvy-min":38.029,"nheavy-min":3.0,"npr1-min":0.060273,"npr2-min":0.581056,"pbf-min":0.30031,"pc+-min":0.198658,"pc--min":-0.529675,"pmi1-min":3.285644,"pmi2-min":52.654843,"pmi3-min":54.512652,"rbonds-min":0.0,"rg-min":1.16885,"rpc+-min":0.295557,"rpc--min":0.5,"spherocity-min":0.357133,"tpsa-min":23.79,"vsa+-min":16.011414,"vsa--min":5.261892,"vsa-fhyd-min":0.61286,"vsa-fneg-min":0.236009,"vsa-fpneg-min":0.0,"vsa-fpos-min":0.61286,"vsa-fppos-min":0.0,"vsa-hyd-min":16.011414,"vsa-polar-min":0.0,"vsa-polar+-min":0.0,"vsa-polar--min":0.0,"MR-max":12.9184,"asphericity-max":0.831982,"balabanj-max":3.791118,"bertzct-max":85.425922,"chi0-max":6.07735,"chi0n-max":4.76371,"chi0v-max":1.76371,"chi1-max":2.943376,"chi1n-max":2.088755,"chi1v-max":0.588755,"chi2n-max":0.25711,"chi2v-max":0.25711,"chi3n-max":0.0,"chi3v-max":0.0,"chi4n-max":0.0,"chi4v-max":0.0,"e-valence-max":24.0,"eccentricity-max":0.998182,"hk-alpha-max":-0.51,"hk-kappa1-max":0.671605,"hk-kappa2-max":1.49,"hk-kappa3-max":1.49,"ipc-max":17.086166,"isf-max":0.30359,"labuteASA-max":27.607138,"logP-max":0.52988,"molwt-max":61.016378,"molwt-hvy-max":58.016,"nheavy-max":4.0,"npr1-max":0.456715,"npr2-max":0.997488,"pbf-max":0.331897,"pc+-max":0.529675,"pc--max":-0.198658,"pmi1-max":41.387121,"pmi2-max":54.375723,"pmi3-max":90.619172,"rbonds-max":1.0,"rg-max":1.229888,"rpc+-max":0.366258,"rpc--max":1.0,"spherocity-max":0.418208,"tpsa-max":43.14,"vsa+-max":17.033389,"vsa--max":10.114318,"vsa-fhyd-max":1.0,"vsa-fneg-max":0.38714,"vsa-fpneg-max":0.38714,"vsa-fpos-max":0.763991,"vsa-fppos-max":0.0,"vsa-hyd-max":22.295281,"vsa-polar-max":0.38714,"vsa-polar+-max":0.0,"vsa-polar--max":10.114318,"MR-diff":1.6314,"asphericity-diff":0.597843,"balabanj-diff":0.238384,"bertzct-diff":9.651484,"chi0-diff":0.870243,"chi0n-diff":0.316496,"chi0v-diff":0.316496,"chi1-diff":0.382716,"chi1n-diff":0.115148,"chi1v-diff":0.115148,"chi2n-diff":0.145307,"chi2v-diff":0.145307,"chi3n-diff":0.0,"chi3v-diff":0.0,"chi4n-diff":0.0,"chi4v-diff":0.0,"e-valence-diff":8.0,"eccentricity-diff":0.108569,"hk-alpha-diff":0.09,"hk-kappa1-diff":0.397398,"hk-kappa2-diff":0.673333,"hk-kappa3-diff":0.867778,"ipc-diff":4.921369,"isf-diff":0.28955,"labuteASA-diff":3.895454,"logP-diff":0.63698,"molwt-diff":19.989829,"molwt-hvy-diff":19.987,"nheavy-diff":1.0,"npr1-diff":0.396442,"npr2-diff":0.416432,"pbf-diff":0.031587,"pc+-diff":0.331017,"pc--diff":0.331017,"pmi1-diff":38.101477,"pmi2-diff":1.72088,"pmi3-diff":36.10652,"rbonds-diff":1.0,"rg-diff":0.061038,"rpc+-diff":0.070701,"rpc--diff":0.5,"spherocity-diff":0.061075,"tpsa-diff":19.35,"vsa+-diff":1.021975,"vsa--diff":4.852426,"vsa-fhyd-diff":0.38714,"vsa-fneg-diff":0.151131,"vsa-fpneg-diff":0.38714,"vsa-fpos-diff":0.151131,"vsa-fppos-diff":0.0,"vsa-hyd-diff":6.283867,"vsa-polar-diff":0.38714,"vsa-polar+-diff":0.0,"vsa-polar--diff":10.114318,"hbonds":0.0}