{"shear_15nN-qq": [-1018.8736809976019, 102.41431219608458], "tilt_bottom": {"25nN": 41.09161112556679, "5nN": 36.254392630195284, "15nN": 39.047067094259404}, "delta_molecular_weight": 19.9881, "status": {"4de24d6b46f6c4859e6a7c33944d9746-log_tilt": 1, "4de24d6b46f6c4859e6a7c33944d9746-shear_15nN_rerun": 1, "4de24d6b46f6c4859e6a7c33944d9746-equilibrate": 1, "4de24d6b46f6c4859e6a7c33944d9746-lammps_to_gmx": 1, "4de24d6b46f6c4859e6a7c33944d9746-get_interaction_energy_15nN": 1, "4de24d6b46f6c4859e6a7c33944d9746-shear_15nN_rerun_grompp": 1, "4de24d6b46f6c4859e6a7c33944d9746-shear_5nN": 1, "4de24d6b46f6c4859e6a7c33944d9746-shear_15nN_grompp": 1, "4de24d6b46f6c4859e6a7c33944d9746-shear_5nN_rerun_grompp": 1, "4de24d6b46f6c4859e6a7c33944d9746-log_interaction_energy_15nN": 1, "4de24d6b46f6c4859e6a7c33944d9746-calc_interdigitation": 1, "4de24d6b46f6c4859e6a7c33944d9746-shear_25nN": 1, "4de24d6b46f6c4859e6a7c33944d9746-unwrap_shear_15nN": 1, "4de24d6b46f6c4859e6a7c33944d9746-log_interaction_energy_25nN": 1, "4de24d6b46f6c4859e6a7c33944d9746-calc_friction": 1, "4de24d6b46f6c4859e6a7c33944d9746-equilibrate_grompp": 1, "4de24d6b46f6c4859e6a7c33944d9746-log_cof": 1, "4de24d6b46f6c4859e6a7c33944d9746-unwrap_shear_5nN": 1, "4de24d6b46f6c4859e6a7c33944d9746-shear_25nN_rerun_grompp": 1, "4de24d6b46f6c4859e6a7c33944d9746-log_S2": 1, "4de24d6b46f6c4859e6a7c33944d9746-calc_tilt_shear": 1, "4de24d6b46f6c4859e6a7c33944d9746-fix_overlaps": 1, "4de24d6b46f6c4859e6a7c33944d9746-shear_5nN_rerun": 1, "4de24d6b46f6c4859e6a7c33944d9746-shear_25nN_grompp": 1, "4de24d6b46f6c4859e6a7c33944d9746-calc_S2_shear": 1, "4de24d6b46f6c4859e6a7c33944d9746-compress_grompp": 1, "4de24d6b46f6c4859e6a7c33944d9746-shear_5nN_grompp": 1, "4de24d6b46f6c4859e6a7c33944d9746-log_interaction_energy_5nN": 1, "4de24d6b46f6c4859e6a7c33944d9746-shear_25nN_rerun": 1, "4de24d6b46f6c4859e6a7c33944d9746-unwrap_shear_25nN": 1, "4de24d6b46f6c4859e6a7c33944d9746-top_to_mol2": 1, "4de24d6b46f6c4859e6a7c33944d9746-shear_15nN": 1, "4de24d6b46f6c4859e6a7c33944d9746-minimize": 1, "4de24d6b46f6c4859e6a7c33944d9746-initialize": 1, "4de24d6b46f6c4859e6a7c33944d9746-get_interaction_energy_25nN": 1, "4de24d6b46f6c4859e6a7c33944d9746-get_interaction_energy_5nN": 1, "4de24d6b46f6c4859e6a7c33944d9746-compress": 1, "4de24d6b46f6c4859e6a7c33944d9746-minimize_grompp": 1}, "interdigitation": {"25nN": 0.13366607629570537, "5nN": 0.12375397858800763, "15nN": 0.13177451014501093}, "intercept": 2.0271069045904913, "delta_dipole_moment": 0.3999999999999999, "S2_top": {"25nN": 0.9464243003858532, "5nN": 0.9688789123070677, "15nN": 0.9602619417730033}, "shear_25nN-Etotal": [-2792.4497674956037, 120.2013136532369], "shear_5nN-Etotal": [-2579.2317607154278, 125.34253277931764], "S2_bottom": {"25nN": 0.9647925004351805, "5nN": 0.9685964560278373, "15nN": 0.9707930598761997}, "avg_molecular_weight": 36.011449999999996, "shear_15nN-lj": [-1767.4066795347721, 48.68471970067925], "tilt_top": {"25nN": 40.338340478024605, "5nN": 35.84563533603844, "15nN": 38.07322665818925}, "avg_dipole_moment": 3.6100000000000003, "shear_5nN-qq": [-972.1404671606714, 98.02488361082246], "shear_5nN-lj": [-1607.091293554756, 52.04967350213544], "COF": 0.0937282257926857, "shear_25nN-lj": [-1835.0425602981616, 48.561146359858256], "shear_25nN-qq": [-957.4072071974422, 102.62547590045003], "shear_15nN-Etotal": [-2786.2803605323743, 122.69873036979739]}