{"tilt_bottom": {"25nN": 39.46931298382582, "5nN": 34.965475185314915, "15nN": 38.259094722368665}, "shear_25nN-qq": [-1182.8768471670664, 110.46962018279991], "S2_top": {"25nN": 0.9606762181797474, "5nN": 0.9718385689795187, "15nN": 0.9714391402775788}, "shear_5nN-qq": [-1008.3861712957633, 101.55205593302198], "shear_15nN-Etotal": [-2895.739021135891, 123.31202960101967], "status": {"e311c8587c19a1c402542cffb7f705b4-minimize": 1, "e311c8587c19a1c402542cffb7f705b4-initialize": 1, "e311c8587c19a1c402542cffb7f705b4-get_interaction_energy_15nN": 1, "e311c8587c19a1c402542cffb7f705b4-fix_overlaps": 1, "e311c8587c19a1c402542cffb7f705b4-log_cof": 1, "e311c8587c19a1c402542cffb7f705b4-shear_15nN_grompp": 1, "e311c8587c19a1c402542cffb7f705b4-log_interaction_energy_15nN": 1, "e311c8587c19a1c402542cffb7f705b4-minimize_grompp": 1, "e311c8587c19a1c402542cffb7f705b4-unwrap_shear_25nN": 1, "e311c8587c19a1c402542cffb7f705b4-log_interaction_energy_5nN": 1, "e311c8587c19a1c402542cffb7f705b4-unwrap_shear_15nN": 1, "e311c8587c19a1c402542cffb7f705b4-shear_5nN_grompp": 1, "e311c8587c19a1c402542cffb7f705b4-shear_15nN": 1, "e311c8587c19a1c402542cffb7f705b4-get_interaction_energy_25nN": 1, "e311c8587c19a1c402542cffb7f705b4-log_tilt": 1, "e311c8587c19a1c402542cffb7f705b4-shear_25nN_rerun": 1, "e311c8587c19a1c402542cffb7f705b4-equilibrate_grompp": 1, "e311c8587c19a1c402542cffb7f705b4-lammps_to_gmx": 1, "e311c8587c19a1c402542cffb7f705b4-shear_15nN_rerun": 1, "e311c8587c19a1c402542cffb7f705b4-get_interaction_energy_5nN": 1, "e311c8587c19a1c402542cffb7f705b4-calc_interdigitation": 1, "e311c8587c19a1c402542cffb7f705b4-log_interaction_energy_25nN": 1, "e311c8587c19a1c402542cffb7f705b4-shear_25nN_grompp": 1, "e311c8587c19a1c402542cffb7f705b4-shear_5nN": 1, "e311c8587c19a1c402542cffb7f705b4-compress": 1, "e311c8587c19a1c402542cffb7f705b4-top_to_mol2": 1, "e311c8587c19a1c402542cffb7f705b4-shear_5nN_rerun": 1, "e311c8587c19a1c402542cffb7f705b4-compress_grompp": 1, "e311c8587c19a1c402542cffb7f705b4-calc_S2_shear": 1, "e311c8587c19a1c402542cffb7f705b4-calc_friction": 1, "e311c8587c19a1c402542cffb7f705b4-calc_tilt_shear": 1, "e311c8587c19a1c402542cffb7f705b4-log_S2": 1, "e311c8587c19a1c402542cffb7f705b4-shear_25nN": 1, "e311c8587c19a1c402542cffb7f705b4-shear_5nN_rerun_grompp": 1, "e311c8587c19a1c402542cffb7f705b4-unwrap_shear_5nN": 1, "e311c8587c19a1c402542cffb7f705b4-shear_15nN_rerun_grompp": 1, "e311c8587c19a1c402542cffb7f705b4-shear_25nN_rerun_grompp": 1, "e311c8587c19a1c402542cffb7f705b4-equilibrate": 1}, "shear_25nN-lj": [-1857.6332484692246, 51.65748767746105], "delta_molecular_weight": 19.9881, "interdigitation": {"25nN": 0.16087718379430055, "5nN": 0.11887663339400038, "15nN": 0.1176553483838219}, "shear_15nN-qq": [-1118.2196819176659, 105.59714669580812], "avg_dipole_moment": 3.6100000000000003, "COF": 0.14338001812404214, "shear_25nN-Etotal": [-3040.510095636291, 127.18234893163745], "tilt_top": {"25nN": 40.54843530382976, "5nN": 35.68947041324773, "15nN": 39.02457557690146}, "S2_bottom": {"25nN": 0.9453100670568265, "5nN": 0.961464347493557, "15nN": 0.9688588656210431}, "intercept": 1.5497244909543735, "shear_5nN-Etotal": [-2634.6614193757, 124.27518170738193], "avg_molecular_weight": 36.011449999999996, "delta_dipole_moment": 0.3999999999999999, "shear_15nN-lj": [-1777.5193392182255, 47.55784886560121], "shear_5nN-lj": [-1626.2752480799359, 46.54938840663106]}