{"MR-mean":14.3274,"asphericity-mean":0.34218,"balabanj-mean":4.355608,"bertzct-mean":101.448216,"chi0-mean":8.6035535,"chi0n-mean":8.454124,"chi0v-mean":1.454124,"chi1-mean":4.15533,"chi1n-mean":3.931186,"chi1v-mean":0.477062,"chi2n-mean":0.1875,"chi2v-mean":0.1875,"chi3n-mean":0.0,"chi3v-mean":0.0,"chi4n-mean":0.0,"chi4v-mean":0.0,"e-valence-mean":20.0,"eccentricity-mean":0.903417,"hk-alpha-mean":-0.02,"hk-kappa1-mean":0.143221,"hk-kappa2-mean":1.1466665,"hk-kappa3-mean":-13.52,"ipc-mean":162.122654,"isf-mean":0.128169,"labuteASA-mean":30.5619095,"logP-mean":0.6354,"molwt-mean":45.0522325,"molwt-hvy-mean":38.027,"nheavy-mean":3.0,"npr1-mean":0.377969,"npr2-mean":0.787582,"pbf-mean":0.446266,"pc+-mean":0.319364,"pc--mean":-0.319364,"pmi1-mean":32.337804,"pmi2-mean":42.7324305,"pmi3-mean":64.035648,"rbonds-mean":0.5,"rg-mean":1.1244625,"rpc+-mean":0.3238005,"rpc--mean":0.631823,"spherocity-mean":0.501182,"tpsa-mean":10.115,"vsa+-mean":13.144507,"vsa--mean":15.779221,"vsa-fhyd-mean":0.815152,"vsa-fneg-mean":0.4737225,"vsa-fpneg-mean":0.1443965,"vsa-fpos-mean":0.5262775,"vsa-fppos-mean":0.0404515,"vsa-hyd-mean":25.653724,"vsa-polar-mean":0.184848,"vsa-polar+-mean":0.7156,"vsa-polar--mean":2.554404,"MR-min":8.1428,"asphericity-min":0.144981,"balabanj-min":3.16849,"bertzct-min":37.302969,"chi0-min":5.207107,"chi0n-min":4.908248,"chi0v-min":0.908248,"chi1-min":2.56066,"chi1n-min":2.112372,"chi1v-min":0.204124,"chi2n-min":0.0,"chi2v-min":0.0,"chi3n-min":0.0,"chi3v-min":0.0,"chi4n-min":0.0,"chi4v-min":0.0,"e-valence-min":14.0,"eccentricity-min":0.825288,"hk-alpha-min":-0.04,"hk-kappa1-min":0.073424,"hk-kappa2-min":0.96,"hk-kappa3-min":-27.04,"ipc-min":12.164797,"isf-min":0.010053,"labuteASA-min":19.240037,"logP-min":-0.3915,"molwt-min":32.026215,"molwt-hvy-min":28.01,"nheavy-min":2.0,"npr1-min":0.191226,"npr2-min":0.61079,"pbf-min":0.334622,"pc+-min":0.239098,"pc--min":-0.39963,"pmi1-min":3.915679,"pmi2-min":19.747221,"pmi3-min":20.476716,"rbonds-min":0.0,"rg-min":0.829926,"rpc+-min":0.123042,"rpc--min":0.263646,"spherocity-min":0.462385,"tpsa-min":0.0,"vsa+-min":12.581428,"vsa--min":5.108808,"vsa-fhyd-min":0.630304,"vsa-fneg-min":0.288793,"vsa-fpneg-min":0.0,"vsa-fpos-min":0.341348,"vsa-fppos-min":0.0,"vsa-hyd-min":11.150228,"vsa-polar-min":0.0,"vsa-polar+-min":0.0,"vsa-polar--min":0.0,"MR-max":20.512,"asphericity-max":0.539379,"balabanj-max":5.542726,"bertzct-max":165.593463,"chi0-max":12.0,"chi0n-max":12.0,"chi0v-max":2.0,"chi1-max":5.75,"chi1n-max":5.75,"chi1v-max":0.75,"chi2n-max":0.375,"chi2v-max":0.375,"chi3n-max":0.0,"chi3v-max":0.0,"chi4n-max":0.0,"chi4v-max":0.0,"e-valence-max":26.0,"eccentricity-max":0.981546,"hk-alpha-max":0.0,"hk-kappa1-max":0.213018,"hk-kappa2-max":1.333333,"hk-kappa3-max":0.0,"ipc-max":312.080511,"isf-max":0.246285,"labuteASA-max":41.883782,"logP-max":1.6623,"molwt-max":58.07825,"molwt-hvy-max":48.044,"nheavy-max":4.0,"npr1-max":0.564712,"npr2-max":0.964374,"pbf-max":0.55791,"pc+-max":0.39963,"pc--max":-0.239098,"pmi1-max":60.759929,"pmi2-max":65.71764,"pmi3-max":107.59458,"rbonds-max":1.0,"rg-max":1.418999,"rpc+-max":0.524559,"rpc--max":1.0,"spherocity-max":0.539979,"tpsa-max":20.23,"vsa+-max":13.707586,"vsa--max":26.449634,"vsa-fhyd-max":1.0,"vsa-fneg-max":0.658652,"vsa-fpneg-max":0.288793,"vsa-fpos-max":0.711207,"vsa-fppos-max":0.080903,"vsa-hyd-max":40.15722,"vsa-polar-max":0.369696,"vsa-polar+-max":1.4312,"vsa-polar--max":5.108808,"MR-diff":12.3692,"asphericity-diff":0.394398,"balabanj-diff":2.374236,"bertzct-diff":128.290494,"chi0-diff":6.792893,"chi0n-diff":7.091752,"chi0v-diff":1.091752,"chi1-diff":3.18934,"chi1n-diff":3.637628,"chi1v-diff":0.545876,"chi2n-diff":0.375,"chi2v-diff":0.375,"chi3n-diff":0.0,"chi3v-diff":0.0,"chi4n-diff":0.0,"chi4v-diff":0.0,"e-valence-diff":12.0,"eccentricity-diff":0.156258,"hk-alpha-diff":0.04,"hk-kappa1-diff":0.139594,"hk-kappa2-diff":0.373333,"hk-kappa3-diff":27.04,"ipc-diff":299.915714,"isf-diff":0.236232,"labuteASA-diff":22.643745,"logP-diff":2.0538,"molwt-diff":26.052035,"molwt-hvy-diff":20.034,"nheavy-diff":2.0,"npr1-diff":0.373486,"npr2-diff":0.353584,"pbf-diff":0.223288,"pc+-diff":0.160532,"pc--diff":0.160532,"pmi1-diff":56.84425,"pmi2-diff":45.970419,"pmi3-diff":87.117864,"rbonds-diff":1.0,"rg-diff":0.589073,"rpc+-diff":0.401517,"rpc--diff":0.736354,"spherocity-diff":0.077594,"tpsa-diff":20.23,"vsa+-diff":1.126158,"vsa--diff":21.340826,"vsa-fhyd-diff":0.369696,"vsa-fneg-diff":0.369859,"vsa-fpneg-diff":0.288793,"vsa-fpos-diff":0.369859,"vsa-fppos-diff":0.080903,"vsa-hyd-diff":29.006992,"vsa-polar-diff":0.369696,"vsa-polar+-diff":1.4312,"vsa-polar--diff":5.108808,"hbonds":0.0}