{"avg_dipole_moment": 0.945, "max_dipole_moment": 1.88, "min_dipole_moment": 0.01, "max_molecular_weight": 43.0874, "shear_5nN-qq": [8.04425920703437, 10.796427527585982], "intercept": 0.5803624902189788, "shear_15nN-qq": [37.1627851478817, 12.648433146138085], "min_molecular_weight": 17.0073, "delta_molecular_weight": 26.0801, "ch3-smiles-2": "CC(C)C", "chain-smiles-2": "CCCCCCCCCCCCCCCCCC(C)C", "tilt_bottom": {"25nN": 39.44761394887971, "5nN": 33.75141964546604, "15nN": 37.66886175723021}, "tilt_top": {"25nN": 36.33300600151888, "5nN": 30.868747686757708, "15nN": 33.757869646858104}, "shear_15nN-lj": [-1517.665866621103, 50.66153304289047], "h-smiles-1": "O", "ch3-smiles-1": "CO", "S2_bottom": {"25nN": 0.925550153105662, "5nN": 0.9597233012115953, "15nN": 0.9410223644100283}, "h-smiles-2": "C(C)C", "shear_25nN-qq": [59.79759965147882, 15.084636400493547], "COF": 0.1698309331898875, "shear_25nN-lj": [-1633.1974444956036, 50.69695452819658], "S2_top": {"25nN": 0.8716092189530436, "5nN": 0.9105432639256392, "15nN": 0.8818326771218227}, "shear_15nN-Etotal": [-1480.5030814732215, 50.698218892580705], "shear_5nN-Etotal": [-1261.4909160855316, 50.936253034594905], "shear_25nN-Etotal": [-1573.3998448441246, 51.09196072347422], "avg_molecular_weight": 30.04735, "shear_5nN-lj": [-1269.5351752925658, 50.44302451448388], "delta_dipole_moment": 1.8699999999999999, "status": {"705170d8c77d047667d1367040830bb7-minimize_grompp": 1, "705170d8c77d047667d1367040830bb7-log_tilt": 1, "705170d8c77d047667d1367040830bb7-shear_15nN_grompp": 1, "705170d8c77d047667d1367040830bb7-shear_25nN_rerun_grompp": 1, "705170d8c77d047667d1367040830bb7-shear_15nN_rerun": 1, "705170d8c77d047667d1367040830bb7-log_cof": 1, "705170d8c77d047667d1367040830bb7-equilibrate": 1, "705170d8c77d047667d1367040830bb7-calc_interdigitation": 1, "705170d8c77d047667d1367040830bb7-calc_S2_shear": 1, "705170d8c77d047667d1367040830bb7-log_interaction_energy_15nN": 1, "705170d8c77d047667d1367040830bb7-shear_25nN": 1, "705170d8c77d047667d1367040830bb7-initialize": 1, "705170d8c77d047667d1367040830bb7-count_hydrogen_bonds": 1, "705170d8c77d047667d1367040830bb7-fix_overlaps": 1, "705170d8c77d047667d1367040830bb7-calc_tilt_shear": 1, "705170d8c77d047667d1367040830bb7-get_interaction_energy_15nN": 1, "705170d8c77d047667d1367040830bb7-unwrap_shear_15nN": 1, "705170d8c77d047667d1367040830bb7-shear_5nN_rerun": 1, "705170d8c77d047667d1367040830bb7-log_interaction_energy_25nN": 1, "705170d8c77d047667d1367040830bb7-unwrap_shear_5nN": 1, "705170d8c77d047667d1367040830bb7-log_S2": 1, "705170d8c77d047667d1367040830bb7-unwrap_shear_25nN": 1, "705170d8c77d047667d1367040830bb7-equilibrate_grompp": 1, "705170d8c77d047667d1367040830bb7-shear_25nN_grompp": 1, "705170d8c77d047667d1367040830bb7-shear_5nN_rerun_grompp": 1, "705170d8c77d047667d1367040830bb7-compress": 1, "705170d8c77d047667d1367040830bb7-get_interaction_energy_5nN": 1, "705170d8c77d047667d1367040830bb7-minimize": 1, "705170d8c77d047667d1367040830bb7-calc_friction": 1, "705170d8c77d047667d1367040830bb7-shear_25nN_rerun": 1, "705170d8c77d047667d1367040830bb7-top_to_mol2": 1, "705170d8c77d047667d1367040830bb7-shear_15nN": 1, "705170d8c77d047667d1367040830bb7-get_interaction_energy_25nN": 1, "705170d8c77d047667d1367040830bb7-log_interaction_energy_5nN": 1, "705170d8c77d047667d1367040830bb7-shear_5nN_grompp": 1, "705170d8c77d047667d1367040830bb7-compress_grompp": 1, "705170d8c77d047667d1367040830bb7-lammps_to_gmx": 1, "705170d8c77d047667d1367040830bb7-shear_15nN_rerun_grompp": 1, "705170d8c77d047667d1367040830bb7-shear_5nN": 1}, "chain-smiles-1": "CCCCCCCCCCCCCCCCCO"}