{"tilt_bottom": {"25nN": 37.98414548676831, "5nN": 33.387609210007255, "15nN": 35.86357884588801}, "shear_25nN-qq": [-48.10153737490008, 25.4505223786283], "S2_top": {"25nN": 0.959665639215393, "5nN": 0.9525406004273698, "15nN": 0.9589377958103223}, "shear_5nN-qq": [-37.79947025339728, 21.749497482307504], "shear_15nN-Etotal": [-1753.0446721031174, 55.09281377166766], "S2_bottom": {"25nN": 0.927197309372714, "5nN": 0.9410356677876001, "15nN": 0.9331250080164906}, "shear_25nN-lj": [-1805.2470721694644, 52.516100382468196], "delta_molecular_weight": 17.990499999999997, "intercept": 1.3177560446848122, "avg_dipole_moment": 1.015, "COF": 0.12856062526973458, "shear_25nN-Etotal": [-1853.3486095443643, 60.18828923894765], "tilt_top": {"25nN": 38.33930153829897, "5nN": 33.30512420122432, "15nN": 37.505561523055746}, "status": {"7bf01b7d9f27640d2f5b7c35c2f2b5cd-log_S2": 1, "7bf01b7d9f27640d2f5b7c35c2f2b5cd-log_interaction_energy_25nN": 1, "7bf01b7d9f27640d2f5b7c35c2f2b5cd-shear_5nN_rerun_grompp": 1, "7bf01b7d9f27640d2f5b7c35c2f2b5cd-minimize_grompp": 1, "7bf01b7d9f27640d2f5b7c35c2f2b5cd-shear_5nN": 1, "7bf01b7d9f27640d2f5b7c35c2f2b5cd-top_to_mol2": 1, "7bf01b7d9f27640d2f5b7c35c2f2b5cd-shear_5nN_grompp": 1, "7bf01b7d9f27640d2f5b7c35c2f2b5cd-shear_25nN_rerun_grompp": 1, "7bf01b7d9f27640d2f5b7c35c2f2b5cd-get_interaction_energy_25nN": 1, "7bf01b7d9f27640d2f5b7c35c2f2b5cd-compress": 1, "7bf01b7d9f27640d2f5b7c35c2f2b5cd-shear_25nN": 1, "7bf01b7d9f27640d2f5b7c35c2f2b5cd-shear_5nN_rerun": 1, "7bf01b7d9f27640d2f5b7c35c2f2b5cd-lammps_to_gmx": 1, "7bf01b7d9f27640d2f5b7c35c2f2b5cd-shear_25nN_rerun": 1, "7bf01b7d9f27640d2f5b7c35c2f2b5cd-shear_15nN_rerun": 1, "7bf01b7d9f27640d2f5b7c35c2f2b5cd-fix_overlaps": 1, "7bf01b7d9f27640d2f5b7c35c2f2b5cd-log_interaction_energy_15nN": 1, "7bf01b7d9f27640d2f5b7c35c2f2b5cd-get_interaction_energy_5nN": 1, "7bf01b7d9f27640d2f5b7c35c2f2b5cd-shear_15nN_grompp": 1, "7bf01b7d9f27640d2f5b7c35c2f2b5cd-shear_15nN": 1, "7bf01b7d9f27640d2f5b7c35c2f2b5cd-calc_interdigitation": 1, "7bf01b7d9f27640d2f5b7c35c2f2b5cd-log_cof": 1, "7bf01b7d9f27640d2f5b7c35c2f2b5cd-unwrap_shear_15nN": 1, "7bf01b7d9f27640d2f5b7c35c2f2b5cd-equilibrate": 1, "7bf01b7d9f27640d2f5b7c35c2f2b5cd-unwrap_shear_25nN": 1, "7bf01b7d9f27640d2f5b7c35c2f2b5cd-minimize": 1, "7bf01b7d9f27640d2f5b7c35c2f2b5cd-unwrap_shear_5nN": 1, "7bf01b7d9f27640d2f5b7c35c2f2b5cd-calc_friction": 1, "7bf01b7d9f27640d2f5b7c35c2f2b5cd-calc_tilt_shear": 1, "7bf01b7d9f27640d2f5b7c35c2f2b5cd-compress_grompp": 1, "7bf01b7d9f27640d2f5b7c35c2f2b5cd-log_tilt": 1, "7bf01b7d9f27640d2f5b7c35c2f2b5cd-initialize": 1, "7bf01b7d9f27640d2f5b7c35c2f2b5cd-equilibrate_grompp": 1, "7bf01b7d9f27640d2f5b7c35c2f2b5cd-calc_S2_shear": 1, "7bf01b7d9f27640d2f5b7c35c2f2b5cd-shear_15nN_rerun_grompp": 1, "7bf01b7d9f27640d2f5b7c35c2f2b5cd-get_interaction_energy_15nN": 1, "7bf01b7d9f27640d2f5b7c35c2f2b5cd-log_interaction_energy_5nN": 1, "7bf01b7d9f27640d2f5b7c35c2f2b5cd-shear_25nN_grompp": 1}, "shear_15nN-qq": [-38.99789379456435, 21.552768680920135], "shear_5nN-Etotal": [-1539.1787307106315, 64.19478525161234], "avg_molecular_weight": 86.09895, "delta_dipole_moment": 2.03, "shear_15nN-lj": [-1714.046778308553, 50.488054958324916], "shear_5nN-lj": [-1501.379260457234, 58.623789223759445]}