{"avg_dipole_moment": 2.405, "max_dipole_moment": 4.81, "min_dipole_moment": 0.0, "max_molecular_weight": 77.1037, "shear_5nN-qq": [-267.8009496019185, 45.0566355215379], "intercept": 1.497755083311362, "shear_15nN-qq": [-212.8545692070344, 50.07310306037935], "min_molecular_weight": 45.0174, "delta_molecular_weight": 32.0863, "ch3-smiles-2": "CC1=CC=CC=C1", "chain-smiles-2": "CCCCCCCCCCCCCCCCCC1=CC=CC=C1", "tilt_bottom": {"25nN": 40.47086538184436, "5nN": 36.372285096409, "15nN": 38.28588166253439}, "tilt_top": {"25nN": 38.78851190578671, "5nN": 33.61607170828318, "15nN": 37.62673333657459}, "shear_15nN-lj": [-1981.9270056762593, 51.132721511236895], "h-smiles-1": "C(=O)O", "ch3-smiles-1": "CC(=O)O", "S2_bottom": {"25nN": 0.954241901862058, "5nN": 0.9719338785412771, "15nN": 0.9437605175291441}, "h-smiles-2": "C1=CC=CC=C1", "shear_25nN-qq": [-191.84263650599522, 47.18472224702343], "COF": 0.11056265660608924, "shear_25nN-lj": [-2087.01329893765, 50.759747231342224], "S2_top": {"25nN": 0.9683009785891351, "5nN": 0.9634497823667009, "15nN": 0.9732934445715016}, "shear_15nN-Etotal": [-2194.7815748832936, 69.8789766516508], "shear_5nN-Etotal": [-2065.3027370519585, 75.97958558989056], "shear_25nN-Etotal": [-2278.855935443645, 70.662919022445], "avg_molecular_weight": 61.060550000000006, "shear_5nN-lj": [-1797.50178745004, 55.31573648992492], "delta_dipole_moment": 4.81, "status": {"19d471e5a5034eb1498b372cf63aaa66-shear_5nN_rerun_grompp": 1, "19d471e5a5034eb1498b372cf63aaa66-calc_tilt_shear": 1, "19d471e5a5034eb1498b372cf63aaa66-shear_25nN": 1, "19d471e5a5034eb1498b372cf63aaa66-calc_interdigitation": 1, "19d471e5a5034eb1498b372cf63aaa66-shear_25nN_rerun": 1, "19d471e5a5034eb1498b372cf63aaa66-log_interaction_energy_5nN": 1, "19d471e5a5034eb1498b372cf63aaa66-compress_grompp": 1, "19d471e5a5034eb1498b372cf63aaa66-calc_S2_shear": 1, "19d471e5a5034eb1498b372cf63aaa66-shear_15nN_grompp": 1, "19d471e5a5034eb1498b372cf63aaa66-fix_overlaps": 1, "19d471e5a5034eb1498b372cf63aaa66-initialize": 1, "19d471e5a5034eb1498b372cf63aaa66-shear_15nN": 1, "19d471e5a5034eb1498b372cf63aaa66-log_cof": 1, "19d471e5a5034eb1498b372cf63aaa66-unwrap_shear_25nN": 1, "19d471e5a5034eb1498b372cf63aaa66-get_interaction_energy_25nN": 1, "19d471e5a5034eb1498b372cf63aaa66-get_interaction_energy_5nN": 1, "19d471e5a5034eb1498b372cf63aaa66-log_tilt": 1, "19d471e5a5034eb1498b372cf63aaa66-log_interaction_energy_25nN": 1, "19d471e5a5034eb1498b372cf63aaa66-equilibrate": 1, "19d471e5a5034eb1498b372cf63aaa66-minimize_grompp": 1, "19d471e5a5034eb1498b372cf63aaa66-top_to_mol2": 1, "19d471e5a5034eb1498b372cf63aaa66-shear_15nN_rerun": 1, "19d471e5a5034eb1498b372cf63aaa66-log_S2": 1, "19d471e5a5034eb1498b372cf63aaa66-unwrap_shear_15nN": 1, "19d471e5a5034eb1498b372cf63aaa66-shear_15nN_rerun_grompp": 1, "19d471e5a5034eb1498b372cf63aaa66-shear_5nN_grompp": 1, "19d471e5a5034eb1498b372cf63aaa66-shear_25nN_grompp": 1, "19d471e5a5034eb1498b372cf63aaa66-shear_5nN_rerun": 1, "19d471e5a5034eb1498b372cf63aaa66-shear_25nN_rerun_grompp": 1, "19d471e5a5034eb1498b372cf63aaa66-get_interaction_energy_15nN": 1, "19d471e5a5034eb1498b372cf63aaa66-log_interaction_energy_15nN": 1, "19d471e5a5034eb1498b372cf63aaa66-equilibrate_grompp": 1, "19d471e5a5034eb1498b372cf63aaa66-lammps_to_gmx": 1, "19d471e5a5034eb1498b372cf63aaa66-shear_5nN": 1, "19d471e5a5034eb1498b372cf63aaa66-minimize": 1, "19d471e5a5034eb1498b372cf63aaa66-compress": 1, "19d471e5a5034eb1498b372cf63aaa66-calc_friction": 1, "19d471e5a5034eb1498b372cf63aaa66-count_hydrogen_bonds": 1, "19d471e5a5034eb1498b372cf63aaa66-unwrap_shear_5nN": 1}, "chain-smiles-1": "CCCCCCCCCCCCCCCCCC(=O)O"}