{"shear_15nN-qq": [-191.97143017905677, 35.282523154463654], "tilt_bottom": {"25nN": 37.89971920784581, "5nN": 32.106441635042216, "15nN": 36.2227542790122}, "delta_molecular_weight": 29.013099999999994, "status": {"96f8763569bdf69f1f3774c20b9662ff-equilibrate_grompp": 1, "96f8763569bdf69f1f3774c20b9662ff-log_interaction_energy_25nN": 1, "96f8763569bdf69f1f3774c20b9662ff-unwrap_shear_25nN": 1, "96f8763569bdf69f1f3774c20b9662ff-calc_friction": 1, "96f8763569bdf69f1f3774c20b9662ff-log_interaction_energy_5nN": 1, "96f8763569bdf69f1f3774c20b9662ff-shear_25nN_rerun": 1, "96f8763569bdf69f1f3774c20b9662ff-compress_grompp": 1, "96f8763569bdf69f1f3774c20b9662ff-shear_25nN_rerun_grompp": 1, "96f8763569bdf69f1f3774c20b9662ff-shear_15nN_rerun_grompp": 1, "96f8763569bdf69f1f3774c20b9662ff-shear_25nN": 1, "96f8763569bdf69f1f3774c20b9662ff-log_tilt": 1, "96f8763569bdf69f1f3774c20b9662ff-top_to_mol2": 1, "96f8763569bdf69f1f3774c20b9662ff-calc_S2_shear": 1, "96f8763569bdf69f1f3774c20b9662ff-log_interaction_energy_15nN": 1, "96f8763569bdf69f1f3774c20b9662ff-shear_5nN_rerun": 1, "96f8763569bdf69f1f3774c20b9662ff-log_S2": 1, "96f8763569bdf69f1f3774c20b9662ff-calc_interdigitation": 1, "96f8763569bdf69f1f3774c20b9662ff-shear_15nN": 1, "96f8763569bdf69f1f3774c20b9662ff-shear_5nN_rerun_grompp": 1, "96f8763569bdf69f1f3774c20b9662ff-shear_5nN": 1, "96f8763569bdf69f1f3774c20b9662ff-unwrap_shear_5nN": 1, "96f8763569bdf69f1f3774c20b9662ff-initialize": 1, "96f8763569bdf69f1f3774c20b9662ff-shear_15nN_rerun": 1, "96f8763569bdf69f1f3774c20b9662ff-get_interaction_energy_15nN": 1, "96f8763569bdf69f1f3774c20b9662ff-compress": 1, "96f8763569bdf69f1f3774c20b9662ff-minimize": 1, "96f8763569bdf69f1f3774c20b9662ff-minimize_grompp": 1, "96f8763569bdf69f1f3774c20b9662ff-get_interaction_energy_5nN": 1, "96f8763569bdf69f1f3774c20b9662ff-unwrap_shear_15nN": 1, "96f8763569bdf69f1f3774c20b9662ff-calc_tilt_shear": 1, "96f8763569bdf69f1f3774c20b9662ff-equilibrate": 1, "96f8763569bdf69f1f3774c20b9662ff-shear_15nN_grompp": 1, "96f8763569bdf69f1f3774c20b9662ff-shear_5nN_grompp": 1, "96f8763569bdf69f1f3774c20b9662ff-fix_overlaps": 1, "96f8763569bdf69f1f3774c20b9662ff-log_cof": 1, "96f8763569bdf69f1f3774c20b9662ff-shear_25nN_grompp": 1, "96f8763569bdf69f1f3774c20b9662ff-get_interaction_energy_25nN": 1, "96f8763569bdf69f1f3774c20b9662ff-lammps_to_gmx": 1}, "interdigitation": {"25nN": 0.16896309997544973, "5nN": 0.1414115885592285, "15nN": 0.1532861889940292}, "avg_molecular_weight": 80.58765, "delta_dipole_moment": 0.8600000000000003, "S2_top": {"25nN": 0.9672706846787132, "5nN": 0.9742114039888237, "15nN": 0.9694987451772448}, "shear_25nN-Etotal": [-2098.9632872446045, 72.46485233097667], "shear_5nN-Etotal": [-1736.1459409576341, 67.46866468341791], "S2_bottom": {"25nN": 0.9439446562021713, "5nN": 0.9429769360476613, "15nN": 0.9523013586304242}, "intercept": 1.6323105903370156, "shear_15nN-lj": [-1788.3349797865708, 51.14734018936834], "tilt_top": {"25nN": 41.046992493169924, "5nN": 36.15842276278978, "15nN": 38.674710152439104}, "avg_dipole_moment": 2.46, "shear_5nN-qq": [-166.6790319648281, 32.834184398305574], "shear_5nN-lj": [-1569.4669089928057, 53.555751670048416], "COF": 0.11012576584967461, "shear_25nN-lj": [-1885.5287697665865, 52.6540903041695], "shear_25nN-qq": [-213.43451747801757, 39.91068383639992], "shear_15nN-Etotal": [-1980.3064099656274, 67.58540640469415]}