{"MR-mean":25.5716,"asphericity-mean":0.402802,"balabanj-mean":3.7982085,"bertzct-mean":280.8364195,"chi0-mean":10.1629545,"chi0n-mean":8.7901035,"chi0v-mean":3.2901035,"chi1-mean":5.533745,"chi1n-mean":4.202626,"chi1v-mean":1.4985015,"chi2n-mean":0.884087,"chi2v-mean":0.884087,"chi3n-mean":0.397189,"chi3v-mean":0.397189,"chi4n-mean":0.1985945,"chi4v-mean":0.1985945,"e-valence-mean":38.0,"eccentricity-mean":0.9350765,"hk-alpha-mean":-0.955,"hk-kappa1-mean":1.278574,"hk-kappa2-mean":1.6740275,"hk-kappa3-mean":1.2344245,"ipc-mean":1461.317322,"isf-mean":0.0096255,"labuteASA-mean":49.0253075,"logP-mean":0.99706,"molwt-mean":98.5344035,"molwt-hvy-mean":93.051,"nheavy-mean":7.0,"npr1-mean":0.3175515,"npr2-mean":0.707949,"pbf-mean":0.236502,"pc+-mean":0.723131,"pc--mean":-0.723131,"pmi1-mean":86.770918,"pmi2-mean":345.7614705,"pmi3-mean":428.5898185,"rbonds-mean":1.5,"rg-mean":1.8231745,"rpc+-mean":0.392935,"rpc--mean":0.5092335,"spherocity-mean":0.156693,"tpsa-mean":40.22,"vsa+-mean":25.3277585,"vsa--mean":22.258922,"vsa-fhyd-mean":0.5758425,"vsa-fneg-mean":0.433851,"vsa-fpneg-mean":0.2507555,"vsa-fpos-mean":0.566149,"vsa-fppos-mean":0.173402,"vsa-hyd-mean":31.0339035,"vsa-polar-mean":0.4241575,"vsa-polar+-mean":6.5439455,"vsa-polar--mean":10.0088315,"MR-min":13.3098,"asphericity-min":0.226199,"balabanj-min":3.773039,"bertzct-min":94.701658,"chi0-min":6.784457,"chi0n-min":5.816497,"chi0v-min":1.816497,"chi1-min":3.48138,"chi1n-min":2.566497,"chi1v-min":0.658248,"chi2n-min":0.287457,"chi2v-min":0.287457,"chi3n-min":0.0,"chi3v-min":0.0,"chi4n-min":0.0,"chi4v-min":0.0,"e-valence-min":24.0,"eccentricity-min":0.884444,"hk-alpha-min":-1.38,"hk-kappa1-min":0.505725,"hk-kappa2-min":0.874858,"hk-kappa3-min":1.156009,"ipc-min":35.647376,"isf-min":0.006534,"labuteASA-min":29.766501,"logP-min":0.0909,"molwt-min":60.021129,"molwt-hvy-min":56.02,"nheavy-min":4.0,"npr1-min":0.168458,"npr2-min":0.579972,"pbf-min":0.113586,"pc+-min":0.712008,"pc--min":-0.734254,"pmi1-min":45.607289,"pmi2-min":56.683199,"pmi3-min":97.734343,"rbonds-min":1.0,"rg-min":1.290515,"rpc+-min":0.377722,"rpc--min":0.36279,"spherocity-min":0.043443,"tpsa-min":37.3,"vsa+-min":18.364673,"vsa--min":9.903345,"vsa-fhyd-min":0.387865,"vsa-fneg-min":0.350337,"vsa-fpneg-min":0.151174,"vsa-fpos-min":0.482635,"vsa-fppos-min":0.085006,"vsa-hyd-min":10.964168,"vsa-polar-min":0.23618,"vsa-polar+-min":5.687386,"vsa-polar--min":9.903345,"MR-max":37.8334,"asphericity-max":0.579405,"balabanj-max":3.823378,"bertzct-max":466.971181,"chi0-max":13.541452,"chi0n-max":11.76371,"chi0v-max":4.76371,"chi1-max":7.58611,"chi1n-max":5.838755,"chi1v-max":2.338755,"chi2n-max":1.480717,"chi2v-max":1.480717,"chi3n-max":0.794378,"chi3v-max":0.794378,"chi4n-max":0.397189,"chi4v-max":0.397189,"e-valence-max":52.0,"eccentricity-max":0.985709,"hk-alpha-max":-0.53,"hk-kappa1-max":2.051423,"hk-kappa2-max":2.473197,"hk-kappa3-max":1.31284,"ipc-max":2886.987268,"isf-max":0.012717,"labuteASA-max":68.284114,"logP-max":1.90322,"molwt-max":137.047678,"molwt-hvy-max":130.082,"nheavy-max":10.0,"npr1-max":0.466645,"npr2-max":0.835926,"pbf-max":0.359418,"pc+-max":0.734254,"pc--max":-0.712008,"pmi1-max":127.934547,"pmi2-max":634.839742,"pmi3-max":759.445294,"rbonds-max":2.0,"rg-max":2.355834,"rpc+-max":0.408148,"rpc--max":0.655677,"spherocity-max":0.269943,"tpsa-max":43.14,"vsa+-max":32.290844,"vsa--max":34.614499,"vsa-fhyd-max":0.76382,"vsa-fneg-max":0.517365,"vsa-fpneg-max":0.350337,"vsa-fpos-max":0.649663,"vsa-fppos-max":0.261798,"vsa-hyd-max":51.103639,"vsa-polar-max":0.612135,"vsa-polar+-max":7.400505,"vsa-polar--max":10.114318,"MR-diff":24.5236,"asphericity-diff":0.353206,"balabanj-diff":0.050339,"bertzct-diff":372.269523,"chi0-diff":6.756995,"chi0n-diff":5.947213,"chi0v-diff":2.947213,"chi1-diff":4.10473,"chi1n-diff":3.272258,"chi1v-diff":1.680507,"chi2n-diff":1.19326,"chi2v-diff":1.19326,"chi3n-diff":0.794378,"chi3v-diff":0.794378,"chi4n-diff":0.397189,"chi4v-diff":0.397189,"e-valence-diff":28.0,"eccentricity-diff":0.101265,"hk-alpha-diff":0.85,"hk-kappa1-diff":1.545698,"hk-kappa2-diff":1.598339,"hk-kappa3-diff":0.156831,"ipc-diff":2851.339892,"isf-diff":0.006183,"labuteASA-diff":38.517613,"logP-diff":1.81232,"molwt-diff":77.026549,"molwt-hvy-diff":74.062,"nheavy-diff":6.0,"npr1-diff":0.298187,"npr2-diff":0.255954,"pbf-diff":0.245832,"pc+-diff":0.022246,"pc--diff":0.022246,"pmi1-diff":82.327258,"pmi2-diff":578.156543,"pmi3-diff":661.710951,"rbonds-diff":1.0,"rg-diff":1.065319,"rpc+-diff":0.030426,"rpc--diff":0.292887,"spherocity-diff":0.2265,"tpsa-diff":5.84,"vsa+-diff":13.926171,"vsa--diff":24.711154,"vsa-fhyd-diff":0.375955,"vsa-fneg-diff":0.167028,"vsa-fpneg-diff":0.199163,"vsa-fpos-diff":0.167028,"vsa-fppos-diff":0.176792,"vsa-hyd-diff":40.139471,"vsa-polar-diff":0.375955,"vsa-polar+-diff":1.713119,"vsa-polar--diff":0.210973,"hbonds":2.0}