{"tilt_bottom": {"25nN": 40.94333006804127, "5nN": 36.54813005439985, "15nN": 39.39103590726153}, "shear_25nN-qq": [-902.7727914300559, 79.37236310187531], "S2_top": {"25nN": 0.8982697958021237, "5nN": 0.9016773001372558, "15nN": 0.9006458390818946}, "shear_5nN-qq": [-846.2779405939249, 81.78866451548528], "shear_15nN-Etotal": [-3176.1269500103917, 112.05442062619511], "status": {"445fc02c547ae5eec9537c9875f3f3e5-minimize_grompp": 1, "445fc02c547ae5eec9537c9875f3f3e5-unwrap_shear_15nN": 1, "445fc02c547ae5eec9537c9875f3f3e5-lammps_to_gmx": 1, "445fc02c547ae5eec9537c9875f3f3e5-calc_interdigitation": 1, "445fc02c547ae5eec9537c9875f3f3e5-calc_S2_shear": 1, "445fc02c547ae5eec9537c9875f3f3e5-equilibrate_grompp": 1, "445fc02c547ae5eec9537c9875f3f3e5-shear_5nN_rerun_grompp": 1, "445fc02c547ae5eec9537c9875f3f3e5-minimize": 1, "445fc02c547ae5eec9537c9875f3f3e5-shear_15nN_grompp": 1, "445fc02c547ae5eec9537c9875f3f3e5-shear_25nN_rerun": 1, "445fc02c547ae5eec9537c9875f3f3e5-shear_15nN_rerun": 1, "445fc02c547ae5eec9537c9875f3f3e5-fix_overlaps": 1, "445fc02c547ae5eec9537c9875f3f3e5-shear_5nN": 1, "445fc02c547ae5eec9537c9875f3f3e5-shear_5nN_grompp": 1, "445fc02c547ae5eec9537c9875f3f3e5-initialize": 1, "445fc02c547ae5eec9537c9875f3f3e5-get_interaction_energy_15nN": 1, "445fc02c547ae5eec9537c9875f3f3e5-log_tilt": 1, "445fc02c547ae5eec9537c9875f3f3e5-shear_25nN_rerun_grompp": 1, "445fc02c547ae5eec9537c9875f3f3e5-calc_friction": 1, "445fc02c547ae5eec9537c9875f3f3e5-log_cof": 1, "445fc02c547ae5eec9537c9875f3f3e5-shear_15nN_rerun_grompp": 1, "445fc02c547ae5eec9537c9875f3f3e5-calc_tilt_shear": 1, "445fc02c547ae5eec9537c9875f3f3e5-unwrap_shear_25nN": 1, "445fc02c547ae5eec9537c9875f3f3e5-equilibrate": 1, "445fc02c547ae5eec9537c9875f3f3e5-count_hydrogen_bonds": 1, "445fc02c547ae5eec9537c9875f3f3e5-top_to_mol2": 1, "445fc02c547ae5eec9537c9875f3f3e5-log_interaction_energy_15nN": 1, "445fc02c547ae5eec9537c9875f3f3e5-shear_5nN_rerun": 1, "445fc02c547ae5eec9537c9875f3f3e5-log_interaction_energy_5nN": 1, "445fc02c547ae5eec9537c9875f3f3e5-compress_grompp": 1, "445fc02c547ae5eec9537c9875f3f3e5-shear_15nN": 1, "445fc02c547ae5eec9537c9875f3f3e5-unwrap_shear_5nN": 1, "445fc02c547ae5eec9537c9875f3f3e5-shear_25nN_grompp": 1, "445fc02c547ae5eec9537c9875f3f3e5-log_interaction_energy_25nN": 1, "445fc02c547ae5eec9537c9875f3f3e5-compress": 1, "445fc02c547ae5eec9537c9875f3f3e5-get_interaction_energy_5nN": 1, "445fc02c547ae5eec9537c9875f3f3e5-log_S2": 1, "445fc02c547ae5eec9537c9875f3f3e5-get_interaction_energy_25nN": 1, "445fc02c547ae5eec9537c9875f3f3e5-shear_25nN": 1}, "shear_25nN-lj": [-2403.933415192646, 59.98640567281557], "delta_molecular_weight": 77.0839, "shear_15nN-qq": [-872.8666586258993, 84.89101203242471], "avg_dipole_moment": 5.515, "COF": 0.12823995407935268, "shear_25nN-Etotal": [-3306.7062066227018, 101.90273722346372], "tilt_top": {"25nN": 39.974381280696726, "5nN": 34.55709048586356, "15nN": 37.59030897945344}, "S2_bottom": {"25nN": 0.9583377394455158, "5nN": 0.9564606414304868, "15nN": 0.9577993466800565}, "intercept": 3.0646566826749555, "shear_5nN-Etotal": [-2984.78853884972, 114.24525441347554], "avg_molecular_weight": 83.55935, "delta_dipole_moment": 1.4100000000000001, "shear_15nN-lj": [-2303.260291384492, 61.07074964872799], "shear_5nN-lj": [-2138.5105982557957, 64.74153147637438]}