{"interdigitation": {"25nN": 0.09687715275602374, "5nN": 0.1267394502380101, "15nN": 0.10628627689711052}, "shear_25nN-qq": [-3.4930520887290166, 14.84136411337059], "S2_top": {"25nN": 0.9635136074142816, "5nN": 0.9576261431323441, "15nN": 0.9601014159048931}, "tilt_bottom": {"25nN": 40.733087988214706, "5nN": 35.31046995596263, "15nN": 38.4897039529615}, "shear_15nN-Etotal": [-1787.0411367601916, 47.92809320175967], "status": {"40241560383f644f2f4166f470ffd37b-lammps_to_gmx": 1, "40241560383f644f2f4166f470ffd37b-shear_25nN_rerun_grompp": 1, "40241560383f644f2f4166f470ffd37b-get_interaction_energy_5nN": 1, "40241560383f644f2f4166f470ffd37b-shear_25nN": 1, "40241560383f644f2f4166f470ffd37b-shear_25nN_rerun": 1, "40241560383f644f2f4166f470ffd37b-log_tilt": 1, "40241560383f644f2f4166f470ffd37b-shear_15nN_rerun": 1, "40241560383f644f2f4166f470ffd37b-get_interaction_energy_15nN": 1, "40241560383f644f2f4166f470ffd37b-top_to_mol2": 1, "40241560383f644f2f4166f470ffd37b-unwrap_shear_25nN": 1, "40241560383f644f2f4166f470ffd37b-shear_5nN_rerun_grompp": 1, "40241560383f644f2f4166f470ffd37b-minimize": 1, "40241560383f644f2f4166f470ffd37b-log_cof": 1, "40241560383f644f2f4166f470ffd37b-shear_25nN_grompp": 1, "40241560383f644f2f4166f470ffd37b-log_S2": 1, "40241560383f644f2f4166f470ffd37b-unwrap_shear_15nN": 1, "40241560383f644f2f4166f470ffd37b-equilibrate": 1, "40241560383f644f2f4166f470ffd37b-shear_5nN_grompp": 1, "40241560383f644f2f4166f470ffd37b-calc_tilt_shear": 1, "40241560383f644f2f4166f470ffd37b-shear_15nN_grompp": 1, "40241560383f644f2f4166f470ffd37b-log_interaction_energy_15nN": 1, "40241560383f644f2f4166f470ffd37b-compress_grompp": 1, "40241560383f644f2f4166f470ffd37b-calc_interdigitation": 1, "40241560383f644f2f4166f470ffd37b-log_interaction_energy_25nN": 1, "40241560383f644f2f4166f470ffd37b-calc_friction": 1, "40241560383f644f2f4166f470ffd37b-log_interaction_energy_5nN": 1, "40241560383f644f2f4166f470ffd37b-fix_overlaps": 1, "40241560383f644f2f4166f470ffd37b-shear_5nN_rerun": 1, "40241560383f644f2f4166f470ffd37b-shear_5nN": 1, "40241560383f644f2f4166f470ffd37b-calc_S2_shear": 1, "40241560383f644f2f4166f470ffd37b-get_interaction_energy_25nN": 1, "40241560383f644f2f4166f470ffd37b-unwrap_shear_5nN": 1, "40241560383f644f2f4166f470ffd37b-shear_15nN": 1, "40241560383f644f2f4166f470ffd37b-shear_15nN_rerun_grompp": 1, "40241560383f644f2f4166f470ffd37b-compress": 1, "40241560383f644f2f4166f470ffd37b-initialize": 1, "40241560383f644f2f4166f470ffd37b-minimize_grompp": 1, "40241560383f644f2f4166f470ffd37b-equilibrate_grompp": 1}, "shear_25nN-lj": [-1891.0415278185453, 45.846876844766605], "delta_molecular_weight": 4.933900000000001, "shear_15nN-qq": [-8.615034163069545, 13.35484453480077], "avg_dipole_moment": 1.905, "COF": 0.11826580852034092, "shear_25nN-Etotal": [-1894.534579907274, 48.97060947973223], "tilt_top": {"25nN": 41.07034522748747, "5nN": 35.97886178282253, "15nN": 39.2895274516241}, "S2_bottom": {"25nN": 0.9737925981080644, "5nN": 0.9749290170780057, "15nN": 0.9684064707957178}, "intercept": 0.6857076867012111, "shear_5nN-qq": [-3.8044458233413265, 10.656351477658784], "shear_5nN-Etotal": [-1545.5634702366108, 53.277020279900626], "avg_molecular_weight": 43.53855, "delta_dipole_moment": 3.81, "shear_15nN-lj": [-1778.4261025971223, 47.23599037807541], "shear_5nN-lj": [-1541.7590244132693, 52.15034013866722]}