{"MR-mean":25.8245,"asphericity-mean":0.33708,"balabanj-mean":4.611731,"bertzct-mean":272.6843975,"chi0-mean":11.982051,"chi0n-mean":11.438982,"chi0v-mean":2.938982,"chi1-mean":6.212713,"chi1n-mean":5.594491,"chi1v-mean":1.344491,"chi2n-mean":0.781991,"chi2v-mean":0.781991,"chi3n-mean":0.2972455,"chi3v-mean":0.2972455,"chi4n-mean":0.148623,"chi4v-mean":0.148623,"e-valence-mean":34.0,"eccentricity-mean":0.8993325,"hk-alpha-mean":-0.425,"hk-kappa1-mean":0.781835,"hk-kappa2-mean":1.6407975,"hk-kappa3-mean":0.5297015,"ipc-mean":773.958967,"isf-mean":0.009301,"labuteASA-mean":49.840228,"logP-mean":1.89821,"molwt-mean":84.065714,"molwt-hvy-mean":75.5595,"nheavy-mean":6.0,"npr1-mean":0.3859555,"npr2-mean":0.699237,"pbf-mean":0.3652545,"pc+-mean":0.350882,"pc--mean":-0.350882,"pmi1-mean":75.192718,"pmi2-mean":211.4788395,"pmi3-mean":276.141887,"rbonds-mean":0.5,"rg-mean":1.7190485,"rpc+-mean":0.194151,"rpc--mean":0.3555395,"spherocity-mean":0.2512595,"tpsa-mean":0.0,"vsa+-mean":14.5600585,"vsa--mean":33.712534,"vsa-fhyd-mean":0.9610695,"vsa-fneg-mean":0.692661,"vsa-fpneg-mean":0.0389305,"vsa-fpos-mean":0.307339,"vsa-fppos-mean":0.0,"vsa-hyd-mean":46.077385,"vsa-polar-mean":0.0389305,"vsa-polar+-mean":0.0,"vsa-polar--mean":2.1952075,"MR-min":20.512,"asphericity-min":0.149666,"balabanj-min":3.680736,"bertzct-min":165.593463,"chi0-min":11.964102,"chi0n-min":10.877964,"chi0v-min":2.0,"chi1-min":5.75,"chi1n-min":5.438982,"chi1v-min":0.75,"chi2n-min":0.375,"chi2v-min":0.375,"chi3n-min":0.0,"chi3v-min":0.0,"chi4n-min":0.0,"chi4v-min":0.0,"e-valence-min":26.0,"eccentricity-min":0.81828,"hk-alpha-min":-0.85,"hk-kappa1-min":0.213018,"hk-kappa2-min":1.333333,"hk-kappa3-min":0.0,"ipc-min":312.080511,"isf-min":0.00929,"labuteASA-min":41.883782,"logP-min":1.6623,"molwt-min":58.07825,"molwt-hvy-min":48.044,"nheavy-min":4.0,"npr1-min":0.197091,"npr2-min":0.588573,"pbf-min":0.139719,"pc+-min":0.239098,"pc--min":-0.462666,"pmi1-min":63.207427,"pmi2-min":64.71973,"pmi3-min":109.960429,"rbonds-min":0.0,"rg-min":1.430517,"rpc+-min":0.123042,"rpc--min":0.263646,"spherocity-min":0.057281,"tpsa-min":0.0,"vsa+-min":13.707586,"vsa--min":26.449634,"vsa-fhyd-min":0.922139,"vsa-fneg-min":0.658652,"vsa-fpneg-min":0.0,"vsa-fpos-min":0.27333,"vsa-fppos-min":0.0,"vsa-hyd-min":40.15722,"vsa-polar-min":0.0,"vsa-polar+-min":0.0,"vsa-polar--min":0.0,"MR-max":31.137,"asphericity-max":0.524494,"balabanj-max":5.542726,"bertzct-max":379.775332,"chi0-max":12.0,"chi0n-max":12.0,"chi0v-max":3.877964,"chi1-max":6.675426,"chi1n-max":5.75,"chi1v-max":1.938982,"chi2n-max":1.188982,"chi2v-max":1.188982,"chi3n-max":0.594491,"chi3v-max":0.594491,"chi4n-max":0.297246,"chi4v-max":0.297246,"e-valence-max":42.0,"eccentricity-max":0.980385,"hk-alpha-max":0.0,"hk-kappa1-max":1.350652,"hk-kappa2-max":1.948262,"hk-kappa3-max":1.059403,"ipc-max":1235.837423,"isf-max":0.009312,"labuteASA-max":57.796674,"logP-max":2.13412,"molwt-max":110.053178,"molwt-hvy-max":103.075,"nheavy-max":8.0,"npr1-max":0.57482,"npr2-max":0.809901,"pbf-max":0.59079,"pc+-max":0.462666,"pc--max":-0.239098,"pmi1-max":87.178009,"pmi2-max":358.237949,"pmi3-max":442.323345,"rbonds-max":1.0,"rg-max":2.00758,"rpc+-max":0.26526,"rpc--max":0.447433,"spherocity-max":0.445238,"tpsa-max":0.0,"vsa+-max":15.412531,"vsa--max":40.975434,"vsa-fhyd-max":1.0,"vsa-fneg-max":0.72667,"vsa-fpneg-max":0.077861,"vsa-fpos-max":0.341348,"vsa-fppos-max":0.0,"vsa-hyd-max":51.99755,"vsa-polar-max":0.077861,"vsa-polar+-max":0.0,"vsa-polar--max":4.390415,"MR-diff":10.625,"asphericity-diff":0.374828,"balabanj-diff":1.86199,"bertzct-diff":214.181869,"chi0-diff":0.035898,"chi0n-diff":1.122036,"chi0v-diff":1.877964,"chi1-diff":0.925426,"chi1n-diff":0.311018,"chi1v-diff":1.188982,"chi2n-diff":0.813982,"chi2v-diff":0.813982,"chi3n-diff":0.594491,"chi3v-diff":0.594491,"chi4n-diff":0.297246,"chi4v-diff":0.297246,"e-valence-diff":16.0,"eccentricity-diff":0.162105,"hk-alpha-diff":0.85,"hk-kappa1-diff":1.137634,"hk-kappa2-diff":0.614929,"hk-kappa3-diff":1.059403,"ipc-diff":923.756912,"isf-diff":0.000022,"labuteASA-diff":15.912892,"logP-diff":0.47182,"molwt-diff":51.974928,"molwt-hvy-diff":55.031,"nheavy-diff":4.0,"npr1-diff":0.377729,"npr2-diff":0.221328,"pbf-diff":0.451071,"pc+-diff":0.223568,"pc--diff":0.223568,"pmi1-diff":23.970582,"pmi2-diff":293.518219,"pmi3-diff":332.362916,"rbonds-diff":1.0,"rg-diff":0.577063,"rpc+-diff":0.142218,"rpc--diff":0.183787,"spherocity-diff":0.387957,"tpsa-diff":0.0,"vsa+-diff":1.704945,"vsa--diff":14.5258,"vsa-fhyd-diff":0.077861,"vsa-fneg-diff":0.068018,"vsa-fpneg-diff":0.077861,"vsa-fpos-diff":0.068018,"vsa-fppos-diff":0.0,"vsa-hyd-diff":11.84033,"vsa-polar-diff":0.077861,"vsa-polar+-diff":0.0,"vsa-polar--diff":4.390415,"hbonds":0.0}