{"tilt_bottom": {"25nN": 37.574380618887666, "5nN": 31.4166249255199, "15nN": 35.01773012773089}, "shear_25nN-qq": [-20.065341511590724, 9.552848949122122], "S2_top": {"25nN": 0.9575744853200371, "5nN": 0.9611967680061291, "15nN": 0.948510426733994}, "shear_5nN-qq": [-12.151814581934454, 7.37504817959351], "shear_15nN-Etotal": [-1574.2492877833733, 49.02274319138781], "S2_bottom": {"25nN": 0.9443706394685383, "5nN": 0.9556710370966204, "15nN": 0.9405363201824448}, "shear_25nN-lj": [-1663.76069847482, 49.303712016189166], "delta_molecular_weight": 52.0068, "interdigitation": {"25nN": 0.13558379315590263, "5nN": 0.10894156371096489, "15nN": 0.14049866455039137}, "shear_15nN-qq": [-14.88114909272582, 8.0596030356431], "avg_dipole_moment": 1.0199999999999998, "COF": 0.1370655425909921, "shear_25nN-Etotal": [-1683.826039986411, 49.66371707808714], "tilt_top": {"25nN": 38.53006883842623, "5nN": 32.7197179181751, "15nN": 35.28056072340134}, "status": {"9f65a25a70985bc83c54658355b42e14-unwrap_shear_5nN": 1, "9f65a25a70985bc83c54658355b42e14-shear_25nN": 1, "9f65a25a70985bc83c54658355b42e14-shear_15nN": 1, "9f65a25a70985bc83c54658355b42e14-shear_25nN_rerun_grompp": 1, "9f65a25a70985bc83c54658355b42e14-log_cof": 1, "9f65a25a70985bc83c54658355b42e14-get_interaction_energy_25nN": 1, "9f65a25a70985bc83c54658355b42e14-log_tilt": 1, "9f65a25a70985bc83c54658355b42e14-calc_tilt_shear": 1, "9f65a25a70985bc83c54658355b42e14-shear_15nN_rerun": 1, "9f65a25a70985bc83c54658355b42e14-unwrap_shear_25nN": 1, "9f65a25a70985bc83c54658355b42e14-shear_15nN_rerun_grompp": 1, "9f65a25a70985bc83c54658355b42e14-fix_overlaps": 1, "9f65a25a70985bc83c54658355b42e14-shear_25nN_rerun": 1, "9f65a25a70985bc83c54658355b42e14-minimize": 1, "9f65a25a70985bc83c54658355b42e14-unwrap_shear_15nN": 1, "9f65a25a70985bc83c54658355b42e14-shear_15nN_grompp": 1, "9f65a25a70985bc83c54658355b42e14-lammps_to_gmx": 1, "9f65a25a70985bc83c54658355b42e14-log_interaction_energy_5nN": 1, "9f65a25a70985bc83c54658355b42e14-log_S2": 1, "9f65a25a70985bc83c54658355b42e14-shear_5nN": 1, "9f65a25a70985bc83c54658355b42e14-compress": 1, "9f65a25a70985bc83c54658355b42e14-minimize_grompp": 1, "9f65a25a70985bc83c54658355b42e14-compress_grompp": 1, "9f65a25a70985bc83c54658355b42e14-get_interaction_energy_15nN": 1, "9f65a25a70985bc83c54658355b42e14-equilibrate": 1, "9f65a25a70985bc83c54658355b42e14-get_interaction_energy_5nN": 1, "9f65a25a70985bc83c54658355b42e14-calc_friction": 1, "9f65a25a70985bc83c54658355b42e14-shear_25nN_grompp": 1, "9f65a25a70985bc83c54658355b42e14-calc_S2_shear": 1, "9f65a25a70985bc83c54658355b42e14-shear_5nN_grompp": 1, "9f65a25a70985bc83c54658355b42e14-initialize": 1, "9f65a25a70985bc83c54658355b42e14-log_interaction_energy_15nN": 1, "9f65a25a70985bc83c54658355b42e14-calc_interdigitation": 1, "9f65a25a70985bc83c54658355b42e14-top_to_mol2": 1, "9f65a25a70985bc83c54658355b42e14-shear_5nN_rerun_grompp": 1, "9f65a25a70985bc83c54658355b42e14-log_interaction_energy_25nN": 1, "9f65a25a70985bc83c54658355b42e14-equilibrate_grompp": 1, "9f65a25a70985bc83c54658355b42e14-shear_5nN_rerun": 1}, "intercept": 0.7112777566688755, "shear_5nN-Etotal": [-1356.8776836946442, 48.47642467858891], "avg_molecular_weight": 69.0908, "delta_dipole_moment": 2.02, "shear_15nN-lj": [-1559.3681386906474, 48.33852939799176], "shear_5nN-lj": [-1344.72586911271, 48.18953424630153]}