{"shear_15nN-qq": [-14.88114909272582, 8.0596030356431], "delta_molecular_weight": 52.0068, "status": {"9f65a25a70985bc83c54658355b42e14-compress": 1, "9f65a25a70985bc83c54658355b42e14-get_interaction_energy_5nN": 1, "9f65a25a70985bc83c54658355b42e14-shear_5nN_rerun": 1, "9f65a25a70985bc83c54658355b42e14-log_interaction_energy_15nN": 1, "9f65a25a70985bc83c54658355b42e14-log_tilt": 1, "9f65a25a70985bc83c54658355b42e14-initialize": 1, "9f65a25a70985bc83c54658355b42e14-top_to_mol2": 1, "9f65a25a70985bc83c54658355b42e14-shear_5nN_rerun_grompp": 1, "9f65a25a70985bc83c54658355b42e14-shear_15nN_grompp": 1, "9f65a25a70985bc83c54658355b42e14-log_interaction_energy_5nN": 1, "9f65a25a70985bc83c54658355b42e14-shear_25nN_rerun": 1, "9f65a25a70985bc83c54658355b42e14-unwrap_shear_15nN": 1, "9f65a25a70985bc83c54658355b42e14-calc_interdigitation": 1, "9f65a25a70985bc83c54658355b42e14-shear_15nN": 1, "9f65a25a70985bc83c54658355b42e14-minimize_grompp": 1, "9f65a25a70985bc83c54658355b42e14-calc_friction": 1, "9f65a25a70985bc83c54658355b42e14-shear_25nN": 1, "9f65a25a70985bc83c54658355b42e14-shear_25nN_rerun_grompp": 1, "9f65a25a70985bc83c54658355b42e14-fix_overlaps": 1, "9f65a25a70985bc83c54658355b42e14-lammps_to_gmx": 1, "9f65a25a70985bc83c54658355b42e14-equilibrate": 1, "9f65a25a70985bc83c54658355b42e14-unwrap_shear_25nN": 1, "9f65a25a70985bc83c54658355b42e14-shear_15nN_rerun": 1, "9f65a25a70985bc83c54658355b42e14-unwrap_shear_5nN": 1, "9f65a25a70985bc83c54658355b42e14-calc_S2_shear": 1, "9f65a25a70985bc83c54658355b42e14-get_interaction_energy_15nN": 1, "9f65a25a70985bc83c54658355b42e14-equilibrate_grompp": 1, "9f65a25a70985bc83c54658355b42e14-log_interaction_energy_25nN": 1, "9f65a25a70985bc83c54658355b42e14-shear_5nN": 1, "9f65a25a70985bc83c54658355b42e14-shear_15nN_rerun_grompp": 1, "9f65a25a70985bc83c54658355b42e14-minimize": 1, "9f65a25a70985bc83c54658355b42e14-calc_tilt_shear": 1, "9f65a25a70985bc83c54658355b42e14-shear_25nN_grompp": 1, "9f65a25a70985bc83c54658355b42e14-shear_5nN_grompp": 1, "9f65a25a70985bc83c54658355b42e14-log_cof": 1, "9f65a25a70985bc83c54658355b42e14-compress_grompp": 1, "9f65a25a70985bc83c54658355b42e14-get_interaction_energy_25nN": 1, "9f65a25a70985bc83c54658355b42e14-log_S2": 1}, "interdigitation": {"15nN": 0.14047850997319952, "5nN": 0.10943654678920674, "25nN": 0.13548066313138418}, "avg_molecular_weight": 69.0908, "delta_dipole_moment": 2.02, "tilt_bottom": {"15nN": 35.01773012773089, "5nN": 31.4166249255199, "25nN": 37.574380618887666}, "S2_top": {"15nN": 0.948510426733994, "5nN": 0.9611967680061291, "25nN": 0.9575744853200371}, "shear_25nN-Etotal": [-1683.826039986411, 49.66371707808714], "avg_dipole_moment": 1.0199999999999998, "S2_bottom": {"15nN": 0.9405363201824448, "5nN": 0.9556710370966204, "25nN": 0.9443706394685383}, "intercept": 0.7112777566688755, "shear_15nN-lj": [-1559.3681386906474, 48.33852939799176], "tilt_top": {"15nN": 35.28056072340134, "5nN": 32.7197179181751, "25nN": 38.53006883842623}, "shear_5nN-Etotal": [-1356.8776836946442, 48.47642467858891], "shear_5nN-qq": [-12.151814581934454, 7.37504817959351], "shear_5nN-lj": [-1344.72586911271, 48.18953424630153], "COF": 0.1370655425909921, "shear_25nN-lj": [-1663.76069847482, 49.303712016189166], "shear_25nN-qq": [-20.065341511590724, 9.552848949122122], "shear_15nN-Etotal": [-1574.2492877833733, 49.02274319138781]}