{"MR-mean":12.5194,"asphericity-mean":0.1119345,"balabanj-mean":3.921885,"bertzct-mean":81.1057165,"chi0-mean":6.8922285,"chi0n-mean":5.475195,"chi0v-mean":1.975195,"chi1-mean":3.36569,"chi1n-mean":2.441722,"chi1v-mean":0.7375975,"chi2n-mean":0.392608,"chi2v-mean":0.392608,"chi3n-mean":0.0,"chi3v-mean":0.0,"chi4n-mean":0.0,"chi4v-mean":0.0,"e-valence-mean":28.0,"eccentricity-mean":0.603649,"hk-alpha-mean":-0.37,"hk-kappa1-mean":0.999044,"hk-kappa2-mean":0.877437,"hk-kappa3-mean":138.2598525,"ipc-mean":28.4767175,"isf-mean":0.011207,"labuteASA-mean":30.791106,"logP-mean":0.82975,"molwt-mean":72.019907,"molwt-hvy-mean":68.518,"nheavy-mean":4.5,"npr1-mean":0.709816,"npr2-mean":0.7702095,"pbf-mean":0.473471,"pc+-mean":0.6243995,"pc--mean":-0.6243995,"pmi1-mean":71.71446,"pmi2-mean":77.6237305,"pmi3-mean":99.948834,"rbonds-mean":0.5,"rg-mean":1.3106395,"rpc+-mean":0.5790855,"rpc--mean":0.494505,"spherocity-mean":0.5117655,"tpsa-mean":18.65,"vsa+-mean":17.75257,"vsa--mean":11.537295,"vsa-fhyd-mean":0.592053,"vsa-fneg-mean":0.392432,"vsa-fpneg-mean":0.1751685,"vsa-fpos-mean":0.607568,"vsa-fppos-mean":0.2327785,"vsa-hyd-mean":17.5497905,"vsa-polar-mean":0.407947,"vsa-polar+-mean":6.788402,"vsa-polar--mean":4.9516725,"MR-min":11.729,"asphericity-min":0.001088,"balabanj-min":3.823378,"bertzct-min":67.509775,"chi0-min":6.784457,"chi0n-min":5.133893,"chi0v-min":1.816497,"chi1-min":3.25,"chi1n-min":2.316947,"chi1v-min":0.658248,"chi2n-min":0.287457,"chi2v-min":0.287457,"chi3n-min":0.0,"chi3v-min":0.0,"chi4n-min":0.0,"chi4v-min":0.0,"e-valence-min":24.0,"eccentricity-min":0.327124,"hk-alpha-min":-0.53,"hk-kappa1-min":0.505725,"hk-kappa2-min":0.874858,"hk-kappa3-min":1.156009,"ipc-min":21.306059,"isf-min":0.009909,"labuteASA-min":29.766501,"logP-min":0.0909,"molwt-min":60.021129,"molwt-hvy-min":56.02,"nheavy-min":4.0,"npr1-min":0.474651,"npr2-min":0.573852,"pbf-min":0.367856,"pc+-min":0.514545,"pc--min":-0.734254,"pmi1-min":45.888401,"pmi2-min":55.478911,"pmi3-min":96.678154,"rbonds-min":0.0,"rg-min":1.284114,"rpc+-min":0.408148,"rpc--min":0.333333,"spherocity-min":0.292048,"tpsa-min":0.0,"vsa+-min":17.140467,"vsa--min":9.903345,"vsa-fhyd-min":0.387865,"vsa-fneg-min":0.350337,"vsa-fpneg-min":0.0,"vsa-fpos-min":0.565473,"vsa-fppos-min":0.203759,"vsa-hyd-min":10.964168,"vsa-polar-min":0.203759,"vsa-polar+-min":6.176299,"vsa-polar--min":0.0,"MR-max":13.3098,"asphericity-max":0.222781,"balabanj-max":4.020392,"bertzct-max":94.701658,"chi0-max":7.0,"chi0n-max":5.816497,"chi0v-max":2.133893,"chi1-max":3.48138,"chi1n-max":2.566497,"chi1v-max":0.816947,"chi2n-max":0.497759,"chi2v-max":0.497759,"chi3n-max":0.0,"chi3v-max":0.0,"chi4n-max":0.0,"chi4v-max":0.0,"e-valence-max":32.0,"eccentricity-max":0.880174,"hk-alpha-max":-0.21,"hk-kappa1-max":1.492363,"hk-kappa2-max":0.880016,"hk-kappa3-max":275.363696,"ipc-max":35.647376,"isf-max":0.012505,"labuteASA-max":31.815711,"logP-max":1.5686,"molwt-max":84.018685,"molwt-hvy-max":81.016,"nheavy-max":5.0,"npr1-max":0.944981,"npr2-max":0.966567,"pbf-max":0.579086,"pc+-max":0.734254,"pc--max":-0.514545,"pmi1-max":97.540519,"pmi2-max":99.76855,"pmi3-max":103.219514,"rbonds-max":1.0,"rg-max":1.337165,"rpc+-max":0.750023,"rpc--max":0.655677,"spherocity-max":0.731483,"tpsa-max":37.3,"vsa+-max":18.364673,"vsa--max":13.171245,"vsa-fhyd-max":0.796241,"vsa-fneg-max":0.434527,"vsa-fpneg-max":0.350337,"vsa-fpos-max":0.649663,"vsa-fppos-max":0.261798,"vsa-hyd-max":24.135413,"vsa-polar-max":0.612135,"vsa-polar+-max":7.400505,"vsa-polar--max":9.903345,"MR-diff":1.5808,"asphericity-diff":0.221693,"balabanj-diff":0.197014,"bertzct-diff":27.191883,"chi0-diff":0.215543,"chi0n-diff":0.682604,"chi0v-diff":0.317396,"chi1-diff":0.23138,"chi1n-diff":0.24955,"chi1v-diff":0.158699,"chi2n-diff":0.210302,"chi2v-diff":0.210302,"chi3n-diff":0.0,"chi3v-diff":0.0,"chi4n-diff":0.0,"chi4v-diff":0.0,"e-valence-diff":8.0,"eccentricity-diff":0.55305,"hk-alpha-diff":0.32,"hk-kappa1-diff":0.986638,"hk-kappa2-diff":0.005158,"hk-kappa3-diff":274.207687,"ipc-diff":14.341317,"isf-diff":0.002596,"labuteASA-diff":2.04921,"logP-diff":1.4777,"molwt-diff":23.997556,"molwt-hvy-diff":24.996,"nheavy-diff":1.0,"npr1-diff":0.47033,"npr2-diff":0.392715,"pbf-diff":0.21123,"pc+-diff":0.219709,"pc--diff":0.219709,"pmi1-diff":51.652118,"pmi2-diff":44.289639,"pmi3-diff":6.54136,"rbonds-diff":1.0,"rg-diff":0.053051,"rpc+-diff":0.341875,"rpc--diff":0.322344,"spherocity-diff":0.439435,"tpsa-diff":37.3,"vsa+-diff":1.224206,"vsa--diff":3.2679,"vsa-fhyd-diff":0.408376,"vsa-fneg-diff":0.08419,"vsa-fpneg-diff":0.350337,"vsa-fpos-diff":0.08419,"vsa-fppos-diff":0.058039,"vsa-hyd-diff":13.171245,"vsa-polar-diff":0.408376,"vsa-polar+-diff":1.224206,"vsa-polar--diff":9.903345,"hbonds":0.0}