{"shear_15nN-qq": [-111.80383584812151, 22.788963705675666], "delta_molecular_weight": 23.988499999999995, "status": {"3c037a36a62bf45e5e709b8294a76d00-shear_25nN_grompp": 1, "3c037a36a62bf45e5e709b8294a76d00-count_hydrogen_bonds": 1, "3c037a36a62bf45e5e709b8294a76d00-shear_15nN_grompp": 1, "3c037a36a62bf45e5e709b8294a76d00-calc_S2_shear": 1, "3c037a36a62bf45e5e709b8294a76d00-log_S2": 1, "3c037a36a62bf45e5e709b8294a76d00-log_interaction_energy_15nN": 1, "3c037a36a62bf45e5e709b8294a76d00-get_interaction_energy_15nN": 1, "3c037a36a62bf45e5e709b8294a76d00-log_interaction_energy_25nN": 1, "3c037a36a62bf45e5e709b8294a76d00-minimize": 1, "3c037a36a62bf45e5e709b8294a76d00-lammps_to_gmx": 1, "3c037a36a62bf45e5e709b8294a76d00-log_interaction_energy_5nN": 1, "3c037a36a62bf45e5e709b8294a76d00-shear_15nN": 1, "3c037a36a62bf45e5e709b8294a76d00-log_tilt": 1, "3c037a36a62bf45e5e709b8294a76d00-compress": 1, "3c037a36a62bf45e5e709b8294a76d00-unwrap_shear_25nN": 1, "3c037a36a62bf45e5e709b8294a76d00-compress_grompp": 1, "3c037a36a62bf45e5e709b8294a76d00-shear_5nN_grompp": 1, "3c037a36a62bf45e5e709b8294a76d00-unwrap_shear_15nN": 1, "3c037a36a62bf45e5e709b8294a76d00-shear_25nN_rerun_grompp": 1, "3c037a36a62bf45e5e709b8294a76d00-shear_5nN_rerun": 1, "3c037a36a62bf45e5e709b8294a76d00-calc_tilt_shear": 1, "3c037a36a62bf45e5e709b8294a76d00-shear_5nN": 1, "3c037a36a62bf45e5e709b8294a76d00-equilibrate_grompp": 1, "3c037a36a62bf45e5e709b8294a76d00-shear_5nN_rerun_grompp": 1, "3c037a36a62bf45e5e709b8294a76d00-equilibrate": 1, "3c037a36a62bf45e5e709b8294a76d00-shear_25nN_rerun": 1, "3c037a36a62bf45e5e709b8294a76d00-initialize": 1, "3c037a36a62bf45e5e709b8294a76d00-calc_interdigitation": 1, "3c037a36a62bf45e5e709b8294a76d00-shear_15nN_rerun": 1, "3c037a36a62bf45e5e709b8294a76d00-top_to_mol2": 1, "3c037a36a62bf45e5e709b8294a76d00-shear_15nN_rerun_grompp": 1, "3c037a36a62bf45e5e709b8294a76d00-get_interaction_energy_5nN": 1, "3c037a36a62bf45e5e709b8294a76d00-calc_friction": 1, "3c037a36a62bf45e5e709b8294a76d00-unwrap_shear_5nN": 1, "3c037a36a62bf45e5e709b8294a76d00-shear_25nN": 1, "3c037a36a62bf45e5e709b8294a76d00-log_cof": 1, "3c037a36a62bf45e5e709b8294a76d00-fix_overlaps": 1, "3c037a36a62bf45e5e709b8294a76d00-get_interaction_energy_25nN": 1, "3c037a36a62bf45e5e709b8294a76d00-minimize_grompp": 1}, "interdigitation": {"25nN": 0.1314713441231863, "5nN": 0.09785568543087474, "15nN": 0.11953640503068454}, "avg_molecular_weight": 57.01165, "delta_dipole_moment": 2.7199999999999998, "tilt_bottom": {"25nN": 41.05692289225576, "5nN": 34.603929742173186, "15nN": 38.291268567805844}, "S2_top": {"25nN": 0.9634318811625585, "5nN": 0.9735213420803074, "15nN": 0.9680197984103099}, "shear_25nN-Etotal": [-1852.0070917969622, 58.178457372325], "shear_5nN-Etotal": [-1430.0732238105516, 56.54137188778223], "S2_bottom": {"25nN": 0.9655530352690455, "5nN": 0.9612390154794468, "15nN": 0.9645126055703024}, "intercept": 0.24480859954241962, "shear_15nN-lj": [-1599.4645650591528, 49.323060835252235], "tilt_top": {"25nN": 40.59825762845021, "5nN": 35.42301096797315, "15nN": 38.275310124900834}, "avg_dipole_moment": 3.4499999999999997, "shear_5nN-qq": [-50.87972138689049, 17.478041858692446], "shear_5nN-lj": [-1379.1935024236611, 51.56258858809289], "COF": 0.15273898329400398, "shear_25nN-lj": [-1723.0440040487608, 50.44615903709916], "shear_25nN-qq": [-128.96308774820145, 25.625661927672848], "shear_15nN-Etotal": [-1711.268400907274, 59.155218784884866]}