{"avg_dipole_moment": 1.045, "max_dipole_moment": 2.09, "min_dipole_moment": 0.0, "max_molecular_weight": 77.1037, "shear_5nN-qq": [18.343531536370904, 10.74787870199396], "intercept": 0.5050396189038922, "shear_15nN-qq": [38.177559039968024, 13.471242219332135], "min_molecular_weight": 69.0059, "delta_molecular_weight": 8.097800000000007, "ch3-smiles-2": "CC1=CC=CC=C1", "chain-smiles-2": "CCCCCCCCCCCCCCCCCC1=CC=CC=C1", "tilt_bottom": {"25nN": 39.44677312818537, "5nN": 35.222188477690985, "15nN": 37.49675052042002}, "tilt_top": {"25nN": 39.11299897140793, "5nN": 33.65484379468422, "15nN": 36.69520320621144}, "shear_15nN-lj": [-1425.366040858513, 47.696415743571926], "h-smiles-1": "C(F)(F)F", "ch3-smiles-1": "CC(F)(F)F", "S2_bottom": {"25nN": 0.9512353326682133, "5nN": 0.9752345530284211, "15nN": 0.9637275426218497}, "h-smiles-2": "C1=CC=CC=C1", "shear_25nN-qq": [49.01117229176659, 15.298600201813862], "COF": 0.16330312189077406, "shear_25nN-lj": [-1541.0259287529975, 50.76292879508055], "S2_top": {"25nN": 0.960289699364266, "5nN": 0.9691344568780272, "15nN": 0.9570252302911166}, "shear_15nN-Etotal": [-1387.1884818185451, 49.030975414949886], "shear_5nN-Etotal": [-1172.7868919552357, 47.566402497450106], "shear_25nN-Etotal": [-1492.014756461231, 51.441674362651305], "avg_molecular_weight": 73.0548, "shear_5nN-lj": [-1191.1304234916067, 48.14296209918909], "delta_dipole_moment": 2.09, "status": {"1a499d7669704e96191596f8016669c7-get_interaction_energy_5nN": 1, "1a499d7669704e96191596f8016669c7-equilibrate": 1, "1a499d7669704e96191596f8016669c7-calc_tilt_shear": 1, "1a499d7669704e96191596f8016669c7-log_S2": 1, "1a499d7669704e96191596f8016669c7-shear_5nN_grompp": 1, "1a499d7669704e96191596f8016669c7-unwrap_shear_25nN": 1, "1a499d7669704e96191596f8016669c7-shear_5nN_rerun": 1, "1a499d7669704e96191596f8016669c7-calc_interdigitation": 1, "1a499d7669704e96191596f8016669c7-lammps_to_gmx": 1, "1a499d7669704e96191596f8016669c7-unwrap_shear_5nN": 1, "1a499d7669704e96191596f8016669c7-shear_25nN": 1, "1a499d7669704e96191596f8016669c7-get_interaction_energy_15nN": 1, "1a499d7669704e96191596f8016669c7-shear_25nN_rerun_grompp": 1, "1a499d7669704e96191596f8016669c7-shear_5nN_rerun_grompp": 1, "1a499d7669704e96191596f8016669c7-shear_15nN": 1, "1a499d7669704e96191596f8016669c7-equilibrate_grompp": 1, "1a499d7669704e96191596f8016669c7-log_cof": 1, "1a499d7669704e96191596f8016669c7-shear_25nN_grompp": 1, "1a499d7669704e96191596f8016669c7-top_to_mol2": 1, "1a499d7669704e96191596f8016669c7-shear_15nN_grompp": 1, "1a499d7669704e96191596f8016669c7-fix_overlaps": 1, "1a499d7669704e96191596f8016669c7-shear_25nN_rerun": 1, "1a499d7669704e96191596f8016669c7-shear_15nN_rerun_grompp": 1, "1a499d7669704e96191596f8016669c7-shear_5nN": 1, "1a499d7669704e96191596f8016669c7-shear_15nN_rerun": 1, "1a499d7669704e96191596f8016669c7-calc_friction": 1, "1a499d7669704e96191596f8016669c7-minimize": 1, "1a499d7669704e96191596f8016669c7-calc_S2_shear": 1, "1a499d7669704e96191596f8016669c7-log_interaction_energy_15nN": 1, "1a499d7669704e96191596f8016669c7-log_interaction_energy_5nN": 1, "1a499d7669704e96191596f8016669c7-compress": 1, "1a499d7669704e96191596f8016669c7-log_tilt": 1, "1a499d7669704e96191596f8016669c7-get_interaction_energy_25nN": 1, "1a499d7669704e96191596f8016669c7-log_interaction_energy_25nN": 1, "1a499d7669704e96191596f8016669c7-initialize": 1, "1a499d7669704e96191596f8016669c7-minimize_grompp": 1, "1a499d7669704e96191596f8016669c7-unwrap_shear_15nN": 1, "1a499d7669704e96191596f8016669c7-compress_grompp": 1}, "chain-smiles-1": "CCCCCCCCCCCCCCCCCC(F)(F)F"}