{"shear_15nN-qq": [-74.81674560111911, 15.575095265795069], "tilt_bottom": {"15nN": 35.6617753131146, "5nN": 32.90281250325194, "25nN": 36.80165882637445}, "delta_molecular_weight": 26.088300000000004, "status": {"72eb713a69486af9f25639d41e35613c-log_cof": 1, "72eb713a69486af9f25639d41e35613c-shear_25nN_rerun": 1, "72eb713a69486af9f25639d41e35613c-lammps_to_gmx": 1, "72eb713a69486af9f25639d41e35613c-equilibrate": 1, "72eb713a69486af9f25639d41e35613c-calc_tilt_shear": 1, "72eb713a69486af9f25639d41e35613c-calc_interdigitation": 1, "72eb713a69486af9f25639d41e35613c-shear_25nN_rerun_grompp": 1, "72eb713a69486af9f25639d41e35613c-minimize": 1, "72eb713a69486af9f25639d41e35613c-log_interaction_energy_25nN": 1, "72eb713a69486af9f25639d41e35613c-calc_S2_shear": 1, "72eb713a69486af9f25639d41e35613c-shear_15nN": 1, "72eb713a69486af9f25639d41e35613c-get_interaction_energy_5nN": 1, "72eb713a69486af9f25639d41e35613c-log_interaction_energy_15nN": 1, "72eb713a69486af9f25639d41e35613c-log_S2": 1, "72eb713a69486af9f25639d41e35613c-top_to_mol2": 1, "72eb713a69486af9f25639d41e35613c-shear_15nN_rerun": 1, "72eb713a69486af9f25639d41e35613c-shear_5nN_grompp": 1, "72eb713a69486af9f25639d41e35613c-shear_5nN_rerun": 1, "72eb713a69486af9f25639d41e35613c-shear_5nN_rerun_grompp": 1, "72eb713a69486af9f25639d41e35613c-calc_friction": 1, "72eb713a69486af9f25639d41e35613c-shear_15nN_rerun_grompp": 1, "72eb713a69486af9f25639d41e35613c-shear_5nN": 1, "72eb713a69486af9f25639d41e35613c-compress_grompp": 1, "72eb713a69486af9f25639d41e35613c-equilibrate_grompp": 1, "72eb713a69486af9f25639d41e35613c-unwrap_shear_15nN": 1, "72eb713a69486af9f25639d41e35613c-initialize": 1, "72eb713a69486af9f25639d41e35613c-log_interaction_energy_5nN": 1, "72eb713a69486af9f25639d41e35613c-get_interaction_energy_25nN": 1, "72eb713a69486af9f25639d41e35613c-fix_overlaps": 1, "72eb713a69486af9f25639d41e35613c-shear_15nN_grompp": 1, "72eb713a69486af9f25639d41e35613c-unwrap_shear_5nN": 1, "72eb713a69486af9f25639d41e35613c-shear_25nN_grompp": 1, "72eb713a69486af9f25639d41e35613c-minimize_grompp": 1, "72eb713a69486af9f25639d41e35613c-compress": 1, "72eb713a69486af9f25639d41e35613c-unwrap_shear_25nN": 1, "72eb713a69486af9f25639d41e35613c-log_tilt": 1, "72eb713a69486af9f25639d41e35613c-get_interaction_energy_15nN": 1, "72eb713a69486af9f25639d41e35613c-shear_25nN": 1}, "interdigitation": {"15nN": 0.19523509261966268, "5nN": 0.20648174280806575, "25nN": 0.1841172292427199}, "intercept": 1.1050515191918175, "delta_dipole_moment": 0.06000000000000005, "S2_top": {"15nN": 0.9353169445062076, "5nN": 0.9476722507435024, "25nN": 0.9016731409142356}, "shear_25nN-Etotal": [-1595.8273212478018, 52.053401615389234], "shear_5nN-Etotal": [-1276.6407603756993, 60.97656551338569], "S2_bottom": {"15nN": 0.9094643430431237, "5nN": 0.8863330157885948, "25nN": 0.8484880147166077}, "avg_molecular_weight": 82.05005, "shear_15nN-lj": [-1414.298615895284, 47.618051782173474], "tilt_top": {"15nN": 37.272034907780025, "5nN": 33.742464851984415, "25nN": 38.81134058063982}, "avg_dipole_moment": 2.0599999999999996, "shear_5nN-qq": [-54.711309206235015, 14.994264534950183], "shear_5nN-lj": [-1221.9294511694643, 53.392121689026354], "COF": 0.13936716812987426, "shear_25nN-lj": [-1522.0310557194246, 48.32096727150072], "shear_25nN-qq": [-73.79626552837729, 17.189926474998263], "shear_15nN-Etotal": [-1489.115361496403, 53.67376056784546]}