{"MR-mean":24.7675,"asphericity-mean":0.3917155,"balabanj-mean":3.3857355,"bertzct-mean":288.6816535,"chi0-mean":10.982051,"chi0n-mean":10.438982,"chi0v-mean":2.938982,"chi1-mean":5.837713,"chi1n-mean":5.219491,"chi1v-mean":1.469491,"chi2n-mean":0.906991,"chi2v-mean":0.906991,"chi3n-mean":0.4222455,"chi3v-mean":0.4222455,"chi4n-mean":0.164248,"chi4v-mean":0.164248,"e-valence-mean":33.0,"eccentricity-mean":0.9539895,"hk-alpha-mean":-0.425,"hk-kappa1-mean":0.800326,"hk-kappa2-mean":1.214131,"hk-kappa3-mean":0.6408125,"ipc-mean":745.1477475,"isf-mean":0.018037,"labuteASA-mean":47.932342,"logP-mean":1.77521,"molwt-mean":83.057889,"molwt-hvy-mean":75.5595,"nheavy-mean":6.0,"npr1-mean":0.285778,"npr2-mean":0.844116,"pbf-mean":0.3773785,"pc+-mean":0.335175,"pc--mean":-0.335175,"pmi1-mean":60.3730155,"pmi2-mean":217.5559925,"pmi3-mean":265.2342015,"rbonds-mean":1.0,"rg-mean":1.667999,"rpc+-mean":0.204819,"rpc--mean":0.374208,"spherocity-mean":0.3297645,"tpsa-mean":0.0,"vsa+-mean":13.1892995,"vsa--mean":33.233567,"vsa-fhyd-mean":0.9610695,"vsa-fneg-mean":0.712941,"vsa-fpneg-mean":0.0389305,"vsa-fpos-mean":0.287059,"vsa-fppos-mean":0.0,"vsa-hyd-mean":44.227659,"vsa-polar-mean":0.0389305,"vsa-polar+-mean":0.0,"vsa-polar--mean":2.1952075,"MR-min":18.398,"asphericity-min":0.262168,"balabanj-min":3.090735,"bertzct-min":197.587975,"chi0-min":10.0,"chi0n-min":10.0,"chi0v-min":2.0,"chi1-min":5.0,"chi1n-min":5.0,"chi1v-min":1.0,"chi2n-min":0.625,"chi2v-min":0.625,"chi3n-min":0.25,"chi3v-min":0.25,"chi4n-min":0.03125,"chi4v-min":0.03125,"e-valence-min":24.0,"eccentricity-min":0.927949,"hk-alpha-min":-0.85,"hk-kappa1-min":0.25,"hk-kappa2-min":0.48,"hk-kappa3-min":0.222222,"ipc-min":254.458072,"isf-min":0.009184,"labuteASA-min":38.06801,"logP-min":1.4163,"molwt-min":56.0626,"molwt-hvy-min":48.044,"nheavy-min":4.0,"npr1-min":0.19885,"npr2-min":0.808429,"pbf-min":0.140609,"pc+-min":0.207684,"pc--min":-0.462666,"pmi1-min":32.718965,"pmi2-min":77.235783,"pmi3-min":87.787591,"rbonds-min":1.0,"rg-min":1.327463,"rpc+-min":0.144378,"rpc--min":0.300983,"spherocity-min":0.05926,"tpsa-min":0.0,"vsa+-min":10.966068,"vsa--min":25.4917,"vsa-fhyd-min":0.922139,"vsa-fneg-min":0.699212,"vsa-fpneg-min":0.0,"vsa-fpos-min":0.27333,"vsa-fppos-min":0.0,"vsa-hyd-min":36.457768,"vsa-polar-min":0.0,"vsa-polar+-min":0.0,"vsa-polar--min":0.0,"MR-max":31.137,"asphericity-max":0.521263,"balabanj-max":3.680736,"bertzct-max":379.775332,"chi0-max":11.964102,"chi0n-max":10.877964,"chi0v-max":3.877964,"chi1-max":6.675426,"chi1n-max":5.438982,"chi1v-max":1.938982,"chi2n-max":1.188982,"chi2v-max":1.188982,"chi3n-max":0.594491,"chi3v-max":0.594491,"chi4n-max":0.297246,"chi4v-max":0.297246,"e-valence-max":42.0,"eccentricity-max":0.98003,"hk-alpha-max":0.0,"hk-kappa1-max":1.350652,"hk-kappa2-max":1.948262,"hk-kappa3-max":1.059403,"ipc-max":1235.837423,"isf-max":0.02689,"labuteASA-max":57.796674,"logP-max":2.13412,"molwt-max":110.053178,"molwt-hvy-max":103.075,"nheavy-max":8.0,"npr1-max":0.372706,"npr2-max":0.879803,"pbf-max":0.614148,"pc+-max":0.462666,"pc--max":-0.207684,"pmi1-max":88.027066,"pmi2-max":357.876202,"pmi3-max":442.680812,"rbonds-max":1.0,"rg-max":2.008535,"rpc+-max":0.26526,"rpc--max":0.447433,"spherocity-max":0.600269,"tpsa-max":0.0,"vsa+-max":15.412531,"vsa--max":40.975434,"vsa-fhyd-max":1.0,"vsa-fneg-max":0.72667,"vsa-fpneg-max":0.077861,"vsa-fpos-max":0.300788,"vsa-fppos-max":0.0,"vsa-hyd-max":51.99755,"vsa-polar-max":0.077861,"vsa-polar+-max":0.0,"vsa-polar--max":4.390415,"MR-diff":12.739,"asphericity-diff":0.259095,"balabanj-diff":0.590001,"bertzct-diff":182.187357,"chi0-diff":1.964102,"chi0n-diff":0.877964,"chi0v-diff":1.877964,"chi1-diff":1.675426,"chi1n-diff":0.438982,"chi1v-diff":0.938982,"chi2n-diff":0.563982,"chi2v-diff":0.563982,"chi3n-diff":0.344491,"chi3v-diff":0.344491,"chi4n-diff":0.265996,"chi4v-diff":0.265996,"e-valence-diff":18.0,"eccentricity-diff":0.052081,"hk-alpha-diff":0.85,"hk-kappa1-diff":1.100652,"hk-kappa2-diff":1.468262,"hk-kappa3-diff":0.837181,"ipc-diff":981.379351,"isf-diff":0.017706,"labuteASA-diff":19.728664,"logP-diff":0.71782,"molwt-diff":53.990578,"molwt-hvy-diff":55.031,"nheavy-diff":4.0,"npr1-diff":0.173856,"npr2-diff":0.071374,"pbf-diff":0.473539,"pc+-diff":0.254982,"pc--diff":0.254982,"pmi1-diff":55.308101,"pmi2-diff":280.640419,"pmi3-diff":354.893221,"rbonds-diff":0.0,"rg-diff":0.681072,"rpc+-diff":0.120882,"rpc--diff":0.14645,"spherocity-diff":0.541009,"tpsa-diff":0.0,"vsa+-diff":4.446463,"vsa--diff":15.483734,"vsa-fhyd-diff":0.077861,"vsa-fneg-diff":0.027458,"vsa-fpneg-diff":0.077861,"vsa-fpos-diff":0.027458,"vsa-fppos-diff":0.0,"vsa-hyd-diff":15.539782,"vsa-polar-diff":0.077861,"vsa-polar+-diff":0.0,"vsa-polar--diff":4.390415,"hbonds":0.0}