{"MR-mean":10.2154,"asphericity-mean":0.5891025,"balabanj-mean":3.3192485,"bertzct-mean":62.546709,"chi0-mean":5.1809035,"chi0n-mean":4.3623725,"chi0v-mean":1.3623725,"chi1-mean":2.606716,"chi1n-mean":1.8853105,"chi1v-mean":0.431186,"chi2n-mean":0.0926975,"chi2v-mean":0.0926975,"chi3n-mean":0.0,"chi3v-mean":0.0,"chi4n-mean":0.0,"chi4v-mean":0.0,"e-valence-mean":18.0,"eccentricity-mean":0.98629,"hk-alpha-mean":-0.43,"hk-kappa1-mean":0.3374475,"hk-kappa2-mean":1.57,"hk-kappa3-mean":1.57,"ipc-mean":13.368825,"isf-mean":0.1056925,"labuteASA-mean":22.7386075,"logP-mean":-0.047,"molwt-mean":45.015847,"molwt-hvy-mean":42.015,"nheavy-mean":3.0,"npr1-mean":0.1635905,"npr2-mean":0.875339,"pbf-mean":0.227199,"pc+-mean":0.526126,"pc--mean":-0.526126,"pmi1-mean":8.4786985,"pmi2-mean":45.231734,"pmi3-mean":51.669742,"rbonds-mean":0.5,"rg-mean":1.0818435,"rpc+-mean":0.386308,"rpc--mean":0.812765,"spherocity-mean":0.2129325,"tpsa-mean":27.185,"vsa+-mean":10.497739,"vsa--mean":10.774887,"vsa-fhyd-mean":0.4332995,"vsa-fneg-mean":0.5074685,"vsa-fpneg-mean":0.3610085,"vsa-fpos-mean":0.4925315,"vsa-fppos-mean":0.205692,"vsa-hyd-mean":9.983949,"vsa-polar-mean":0.5667005,"vsa-polar+-mean":3.939736,"vsa-polar--mean":7.348941,"MR-min":8.6928,"asphericity-min":0.544855,"balabanj-min":2.847379,"bertzct-min":42.912609,"chi0-min":4.284457,"chi0n-min":3.316497,"chi0v-min":1.316497,"chi1-min":2.270056,"chi1n-min":1.316497,"chi1v-min":0.408248,"chi2n-min":0.083333,"chi2v-min":0.083333,"chi3n-min":0.0,"chi3v-min":0.0,"chi4n-min":0.0,"chi4v-min":0.0,"e-valence-min":18.0,"eccentricity-min":0.982742,"hk-alpha-min":-0.53,"hk-kappa1-min":0.231621,"hk-kappa2-min":1.47,"hk-kappa3-min":1.47,"ipc-min":9.651484,"isf-min":0.089746,"labuteASA-min":20.591618,"logP-min":-0.2992,"molwt-min":44.026215,"molwt-hvy-min":40.021,"nheavy-min":3.0,"npr1-min":0.142202,"npr2-min":0.872722,"pbf-min":0.144203,"pc+-min":0.312461,"pc--min":-0.739791,"pmi1-min":7.174689,"pmi2-min":44.03235,"pmi3-min":50.45403,"rbonds-min":0.0,"rg-min":1.05091,"rpc+-min":0.372544,"rpc--min":0.653518,"spherocity-min":0.060965,"tpsa-min":17.07,"vsa+-min":9.250231,"vsa--min":9.903345,"vsa-fhyd-min":0.071567,"vsa-fneg-min":0.497888,"vsa-fpneg-min":0.204968,"vsa-fpos-min":0.482951,"vsa-fppos-min":0.0,"vsa-hyd-min":1.370759,"vsa-polar-min":0.204968,"vsa-polar+-min":0.0,"vsa-polar--min":4.794537,"MR-max":11.738,"asphericity-max":0.63335,"balabanj-max":3.791118,"bertzct-max":82.180809,"chi0-max":6.07735,"chi0n-max":5.408248,"chi0v-max":1.408248,"chi1-max":2.943376,"chi1n-max":2.454124,"chi1v-max":0.454124,"chi2n-max":0.102062,"chi2v-max":0.102062,"chi3n-max":0.0,"chi3v-max":0.0,"chi4n-max":0.0,"chi4v-max":0.0,"e-valence-max":18.0,"eccentricity-max":0.989838,"hk-alpha-max":-0.33,"hk-kappa1-max":0.443274,"hk-kappa2-max":1.67,"hk-kappa3-max":1.67,"ipc-max":17.086166,"isf-max":0.121639,"labuteASA-max":24.885597,"logP-max":0.2052,"molwt-max":46.005479,"molwt-hvy-max":44.009,"nheavy-max":3.0,"npr1-max":0.184979,"npr2-max":0.877956,"pbf-max":0.310195,"pc+-max":0.739791,"pc--max":-0.312461,"pmi1-max":9.782708,"pmi2-max":46.431118,"pmi3-max":52.885454,"rbonds-max":1.0,"rg-max":1.112777,"rpc+-max":0.400072,"rpc--max":0.972012,"spherocity-max":0.3649,"tpsa-max":37.3,"vsa+-max":11.745247,"vsa--max":11.646429,"vsa-fhyd-max":0.795032,"vsa-fneg-max":0.517049,"vsa-fpneg-max":0.517049,"vsa-fpos-max":0.502112,"vsa-fppos-max":0.411384,"vsa-hyd-max":18.597139,"vsa-polar-max":0.928433,"vsa-polar+-max":7.879472,"vsa-polar--max":9.903345,"MR-diff":3.0452,"asphericity-diff":0.088495,"balabanj-diff":0.943739,"bertzct-diff":39.2682,"chi0-diff":1.792893,"chi0n-diff":2.091751,"chi0v-diff":0.091751,"chi1-diff":0.67332,"chi1n-diff":1.137627,"chi1v-diff":0.045876,"chi2n-diff":0.018729,"chi2v-diff":0.018729,"chi3n-diff":0.0,"chi3v-diff":0.0,"chi4n-diff":0.0,"chi4v-diff":0.0,"e-valence-diff":0.0,"eccentricity-diff":0.007096,"hk-alpha-diff":0.2,"hk-kappa1-diff":0.211653,"hk-kappa2-diff":0.2,"hk-kappa3-diff":0.2,"ipc-diff":7.434682,"isf-diff":0.031893,"labuteASA-diff":4.293979,"logP-diff":0.5044,"molwt-diff":1.979264,"molwt-hvy-diff":3.988,"nheavy-diff":0.0,"npr1-diff":0.042777,"npr2-diff":0.005234,"pbf-diff":0.165992,"pc+-diff":0.42733,"pc--diff":0.42733,"pmi1-diff":2.608019,"pmi2-diff":2.398768,"pmi3-diff":2.431424,"rbonds-diff":1.0,"rg-diff":0.061867,"rpc+-diff":0.027528,"rpc--diff":0.318494,"spherocity-diff":0.303935,"tpsa-diff":20.23,"vsa+-diff":2.495016,"vsa--diff":1.743084,"vsa-fhyd-diff":0.723465,"vsa-fneg-diff":0.019161,"vsa-fpneg-diff":0.312081,"vsa-fpos-diff":0.019161,"vsa-fppos-diff":0.411384,"vsa-hyd-diff":17.22638,"vsa-polar-diff":0.723465,"vsa-polar+-diff":7.879472,"vsa-polar--diff":5.108808,"hbonds":1.0}