{"MR-mean":11.7106,"asphericity-mean":0.3492325,"balabanj-mean":3.6822875,"bertzct-mean":74.1461885,"chi0-mean":6.4309035,"chi0n-mean":5.8818555,"chi0v-mean":1.3818555,"chi1-mean":3.212378,"chi1n-mean":2.5922655,"chi1v-mean":0.4409275,"chi2n-mean":0.1437285,"chi2v-mean":0.1437285,"chi3n-mean":0.0,"chi3v-mean":0.0,"chi4n-mean":0.0,"chi4v-mean":0.0,"e-valence-mean":19.0,"eccentricity-mean":0.9239,"hk-alpha-mean":-0.285,"hk-kappa1-mean":0.2782885,"hk-kappa2-mean":0.917429,"hk-kappa3-mean":-12.9419955,"ipc-mean":26.366771,"isf-mean":0.0993585,"labuteASA-mean":25.493304,"logP-mean":-0.1671,"molwt-mean":45.531664,"molwt-hvy-mean":41.019,"nheavy-mean":3.0,"npr1-mean":0.356282,"npr2-mean":0.763502,"pbf-mean":0.353883,"pc+-mean":0.5435125,"pc--mean":-0.5435125,"pmi1-mean":26.154502,"pmi2-mean":38.208694,"pmi3-mean":59.8872955,"rbonds-mean":1.0,"rg-mean":1.091898,"rpc+-mean":0.3714595,"rpc--mean":0.800197,"spherocity-mean":0.369618,"tpsa-mean":31.66,"vsa+-mean":12.6503165,"vsa--mean":11.2994445,"vsa-fhyd-mean":0.5482555,"vsa-fneg-mean":0.4985145,"vsa-fpneg-mean":0.3208455,"vsa-fpos-mean":0.5014855,"vsa-fppos-mean":0.130899,"vsa-hyd-mean":12.4379775,"vsa-polar-mean":0.4517445,"vsa-polar+-mean":3.7002525,"vsa-polar--mean":7.811531,"MR-min":10.1114,"asphericity-min":0.220737,"balabanj-min":3.541197,"bertzct-min":53.590719,"chi0-min":6.07735,"chi0n-min":5.816497,"chi0v-min":0.947214,"chi1-min":2.943376,"chi1n-min":2.566497,"chi1v-min":0.223607,"chi2n-min":0.0,"chi2v-min":0.0,"chi3n-min":0.0,"chi3v-min":0.0,"chi4n-min":0.0,"chi4v-min":0.0,"e-valence-min":14.0,"eccentricity-min":0.873692,"hk-alpha-min":-0.53,"hk-kappa1-min":0.050852,"hk-kappa2-min":0.874858,"hk-kappa3-min":-27.04,"ipc-min":17.086166,"isf-min":0.011889,"labuteASA-min":21.220107,"logP-min":-0.4251,"molwt-min":31.042199,"molwt-hvy-min":26.018,"nheavy-min":2.0,"npr1-min":0.226084,"npr2-min":0.560401,"pbf-min":0.353365,"pc+-min":0.352771,"pc--min":-0.734254,"pmi1-min":5.17375,"pmi2-min":22.119925,"pmi3-min":22.884194,"rbonds-min":1.0,"rg-min":0.898782,"rpc+-min":0.334771,"rpc--min":0.655677,"spherocity-min":0.294945,"tpsa-min":26.02,"vsa+-min":6.93596,"vsa--min":9.903345,"vsa-fhyd-min":0.387865,"vsa-fneg-min":0.350337,"vsa-fpneg-min":0.291354,"vsa-fpos-min":0.353308,"vsa-fppos-min":0.0,"vsa-hyd-min":10.964168,"vsa-polar-min":0.291354,"vsa-polar+-min":0.0,"vsa-polar--min":5.719717,"MR-max":13.3098,"asphericity-max":0.477728,"balabanj-max":3.823378,"bertzct-max":94.701658,"chi0-max":6.784457,"chi0n-max":5.947214,"chi0v-max":1.816497,"chi1-max":3.48138,"chi1n-max":2.618034,"chi1v-max":0.658248,"chi2n-max":0.287457,"chi2v-max":0.287457,"chi3n-max":0.0,"chi3v-max":0.0,"chi4n-max":0.0,"chi4v-max":0.0,"e-valence-max":24.0,"eccentricity-max":0.974108,"hk-alpha-max":-0.04,"hk-kappa1-max":0.505725,"hk-kappa2-max":0.96,"hk-kappa3-max":1.156009,"ipc-max":35.647376,"isf-max":0.186828,"labuteASA-max":29.766501,"logP-max":0.0909,"molwt-max":60.021129,"molwt-hvy-max":56.02,"nheavy-max":4.0,"npr1-max":0.48648,"npr2-max":0.966603,"pbf-max":0.354401,"pc+-max":0.734254,"pc--max":-0.352771,"pmi1-max":47.135254,"pmi2-max":54.297463,"pmi3-max":96.890397,"rbonds-max":1.0,"rg-max":1.285014,"rpc+-max":0.408148,"rpc--max":0.944717,"spherocity-max":0.444291,"tpsa-max":37.3,"vsa+-max":18.364673,"vsa--max":12.695544,"vsa-fhyd-max":0.708646,"vsa-fneg-max":0.646692,"vsa-fpneg-max":0.350337,"vsa-fpos-max":0.649663,"vsa-fppos-max":0.261798,"vsa-hyd-max":13.911787,"vsa-polar-max":0.612135,"vsa-polar+-max":7.400505,"vsa-polar--max":9.903345,"MR-diff":3.1984,"asphericity-diff":0.256991,"balabanj-diff":0.282181,"bertzct-diff":41.110939,"chi0-diff":0.707107,"chi0n-diff":0.130717,"chi0v-diff":0.869283,"chi1-diff":0.538004,"chi1n-diff":0.051537,"chi1v-diff":0.434641,"chi2n-diff":0.287457,"chi2v-diff":0.287457,"chi3n-diff":0.0,"chi3v-diff":0.0,"chi4n-diff":0.0,"chi4v-diff":0.0,"e-valence-diff":10.0,"eccentricity-diff":0.100416,"hk-alpha-diff":0.49,"hk-kappa1-diff":0.454873,"hk-kappa2-diff":0.085142,"hk-kappa3-diff":28.196009,"ipc-diff":18.56121,"isf-diff":0.174939,"labuteASA-diff":8.546394,"logP-diff":0.516,"molwt-diff":28.97893,"molwt-hvy-diff":30.002,"nheavy-diff":2.0,"npr1-diff":0.260396,"npr2-diff":0.406202,"pbf-diff":0.001036,"pc+-diff":0.381483,"pc--diff":0.381483,"pmi1-diff":41.961504,"pmi2-diff":32.177538,"pmi3-diff":74.006203,"rbonds-diff":0.0,"rg-diff":0.386232,"rpc+-diff":0.073377,"rpc--diff":0.28904,"spherocity-diff":0.149346,"tpsa-diff":11.28,"vsa+-diff":11.428713,"vsa--diff":2.792199,"vsa-fhyd-diff":0.320781,"vsa-fneg-diff":0.296355,"vsa-fpneg-diff":0.058983,"vsa-fpos-diff":0.296355,"vsa-fppos-diff":0.261798,"vsa-hyd-diff":2.947619,"vsa-polar-diff":0.320781,"vsa-polar+-diff":7.400505,"vsa-polar--diff":4.183628,"hbonds":3.0}