{"shear_15nN-qq": [36.38609832693845, 14.825698793440754], "delta_molecular_weight": 24.064299999999996, "tilt_bottom": {"15nN": 39.05613702465633, "5nN": 35.95369357085612, "25nN": 41.39376525470386}, "interdigitation": {"15nN": 0.11730696222419881, "5nN": 0.10078450539487814, "25nN": 0.1327498613464775}, "intercept": 0.6475454045795574, "delta_dipole_moment": 1.88, "S2_top": {"15nN": 0.930634339489093, "5nN": 0.9306461419983438, "25nN": 0.9215940462709693}, "shear_25nN-Etotal": [-1556.377427656275, 49.28941322827781], "avg_dipole_moment": 0.94, "S2_bottom": {"15nN": 0.9776210581634461, "5nN": 0.975649435693794, "25nN": 0.9806524471454393}, "status": {"4606326cb0574ff19b02a05610a34fcf-count_hydrogen_bonds": 1, "4606326cb0574ff19b02a05610a34fcf-log_interaction_energy_5nN": 1, "4606326cb0574ff19b02a05610a34fcf-calc_friction": 1, "4606326cb0574ff19b02a05610a34fcf-log_interaction_energy_15nN": 1, "4606326cb0574ff19b02a05610a34fcf-shear_25nN": 1, "4606326cb0574ff19b02a05610a34fcf-log_S2": 1, "4606326cb0574ff19b02a05610a34fcf-shear_15nN": 1, "4606326cb0574ff19b02a05610a34fcf-shear_5nN_grompp": 1, "4606326cb0574ff19b02a05610a34fcf-shear_15nN_rerun_grompp": 1, "4606326cb0574ff19b02a05610a34fcf-minimize_grompp": 1, "4606326cb0574ff19b02a05610a34fcf-shear_5nN_rerun": 1, "4606326cb0574ff19b02a05610a34fcf-shear_5nN": 1, "4606326cb0574ff19b02a05610a34fcf-get_interaction_energy_5nN": 1, "4606326cb0574ff19b02a05610a34fcf-shear_15nN_grompp": 1, "4606326cb0574ff19b02a05610a34fcf-shear_15nN_rerun": 1, "4606326cb0574ff19b02a05610a34fcf-get_interaction_energy_15nN": 1, "4606326cb0574ff19b02a05610a34fcf-lammps_to_gmx": 1, "4606326cb0574ff19b02a05610a34fcf-top_to_mol2": 1, "4606326cb0574ff19b02a05610a34fcf-equilibrate_grompp": 1, "4606326cb0574ff19b02a05610a34fcf-equilibrate": 1, "4606326cb0574ff19b02a05610a34fcf-fix_overlaps": 1, "4606326cb0574ff19b02a05610a34fcf-log_tilt": 1, "4606326cb0574ff19b02a05610a34fcf-calc_S2_shear": 1, "4606326cb0574ff19b02a05610a34fcf-unwrap_shear_25nN": 1, "4606326cb0574ff19b02a05610a34fcf-calc_interdigitation": 1, "4606326cb0574ff19b02a05610a34fcf-get_interaction_energy_25nN": 1, "4606326cb0574ff19b02a05610a34fcf-shear_25nN_rerun_grompp": 1, "4606326cb0574ff19b02a05610a34fcf-calc_tilt_shear": 1, "4606326cb0574ff19b02a05610a34fcf-compress_grompp": 1, "4606326cb0574ff19b02a05610a34fcf-shear_25nN_rerun": 1, "4606326cb0574ff19b02a05610a34fcf-shear_5nN_rerun_grompp": 1, "4606326cb0574ff19b02a05610a34fcf-compress": 1, "4606326cb0574ff19b02a05610a34fcf-minimize": 1, "4606326cb0574ff19b02a05610a34fcf-shear_25nN_grompp": 1, "4606326cb0574ff19b02a05610a34fcf-unwrap_shear_15nN": 1, "4606326cb0574ff19b02a05610a34fcf-log_cof": 1, "4606326cb0574ff19b02a05610a34fcf-initialize": 1, "4606326cb0574ff19b02a05610a34fcf-unwrap_shear_5nN": 1, "4606326cb0574ff19b02a05610a34fcf-log_interaction_energy_25nN": 1}, "avg_molecular_weight": 29.03945, "shear_15nN-lj": [-1507.0261713397283, 51.08141749926409], "tilt_top": {"15nN": 37.75643834481126, "5nN": 34.101253228772805, "25nN": 39.38881917107833}, "shear_5nN-Etotal": [-1287.731522702638, 50.91491734339011], "shear_5nN-qq": [-0.6931591526778575, 13.282956597045002], "shear_5nN-lj": [-1287.03836354996, 49.38417498274746], "COF": 0.14031546185814536, "shear_25nN-lj": [-1613.3607243245403, 48.94989731198312], "shear_25nN-qq": [56.983296668265396, 16.888281963956054], "shear_15nN-Etotal": [-1470.6400730127898, 50.647852826932144]}