{"MR-mean":13.1141,"asphericity-mean":0.229947,"balabanj-mean":3.807248,"bertzct-mean":90.06379,"chi0-mean":6.4309035,"chi0n-mean":5.2901035,"chi0v-mean":1.7901035,"chi1-mean":3.212378,"chi1n-mean":2.327626,"chi1v-mean":0.6235015,"chi2n-mean":0.2722835,"chi2v-mean":0.2722835,"chi3n-mean":0.0,"chi3v-mean":0.0,"chi4n-mean":0.0,"chi4v-mean":0.0,"e-valence-mean":24.0,"eccentricity-mean":0.881734,"hk-alpha-mean":-0.565,"hk-kappa1-mean":0.588665,"hk-kappa2-mean":0.8457625,"hk-kappa3-mean":0.8891155,"ipc-mean":26.366771,"isf-mean":0.012608,"labuteASA-mean":28.6868195,"logP-mean":-0.0081,"molwt-mean":60.5187535,"molwt-hvy-mean":57.018,"nheavy-mean":4.0,"npr1-mean":0.471737,"npr2-mean":0.56508,"pbf-mean":0.2974945,"pc+-mean":0.6319645,"pc--mean":-0.6319645,"pmi1-mean":44.854498,"pmi2-mean":53.7522175,"pmi3-mean":95.1040115,"rbonds-mean":1.0,"rg-mean":1.2647025,"rpc+-mean":0.387203,"rpc--mean":0.5778385,"spherocity-mean":0.3093875,"tpsa-mean":40.22,"vsa+-mean":17.1880435,"vsa--mean":10.0088315,"vsa-fhyd-mean":0.5003625,"vsa-fneg-mean":0.3687385,"vsa-fpneg-mean":0.3687385,"vsa-fpos-mean":0.6312615,"vsa-fppos-mean":0.130899,"vsa-hyd-mean":13.487791,"vsa-polar-mean":0.4996375,"vsa-polar+-mean":3.7002525,"vsa-polar--mean":10.0088315,"MR-min":12.9184,"asphericity-min":0.229409,"balabanj-min":3.791118,"bertzct-min":85.425922,"chi0-min":6.07735,"chi0n-min":4.76371,"chi0v-min":1.76371,"chi1-min":2.943376,"chi1n-min":2.088755,"chi1v-min":0.588755,"chi2n-min":0.25711,"chi2v-min":0.25711,"chi3n-min":0.0,"chi3v-min":0.0,"chi4n-min":0.0,"chi4v-min":0.0,"e-valence-min":24.0,"eccentricity-min":0.880271,"hk-alpha-min":-0.6,"hk-kappa1-min":0.505725,"hk-kappa2-min":0.816667,"hk-kappa3-min":0.622222,"ipc-min":17.086166,"isf-min":0.012286,"labuteASA-min":27.607138,"logP-min":-0.1071,"molwt-min":60.021129,"molwt-hvy-min":56.02,"nheavy-min":4.0,"npr1-min":0.469002,"npr2-min":0.561984,"pbf-min":0.289812,"pc+-min":0.529675,"pc--min":-0.734254,"pmi1-min":43.462616,"pmi2-min":51.478883,"pmi3-min":91.602073,"rbonds-min":1.0,"rg-min":1.236141,"rpc+-min":0.366258,"rpc--min":0.5,"spherocity-min":0.270153,"tpsa-min":37.3,"vsa+-min":16.011414,"vsa--min":9.903345,"vsa-fhyd-min":0.387865,"vsa-fneg-min":0.350337,"vsa-fpneg-min":0.350337,"vsa-fpos-min":0.61286,"vsa-fppos-min":0.0,"vsa-hyd-min":10.964168,"vsa-polar-min":0.38714,"vsa-polar+-min":0.0,"vsa-polar--min":9.903345,"MR-max":13.3098,"asphericity-max":0.230485,"balabanj-max":3.823378,"bertzct-max":94.701658,"chi0-max":6.784457,"chi0n-max":5.816497,"chi0v-max":1.816497,"chi1-max":3.48138,"chi1n-max":2.566497,"chi1v-max":0.658248,"chi2n-max":0.287457,"chi2v-max":0.287457,"chi3n-max":0.0,"chi3v-max":0.0,"chi4n-max":0.0,"chi4v-max":0.0,"e-valence-max":24.0,"eccentricity-max":0.883197,"hk-alpha-max":-0.53,"hk-kappa1-max":0.671605,"hk-kappa2-max":0.874858,"hk-kappa3-max":1.156009,"ipc-max":35.647376,"isf-max":0.01293,"labuteASA-max":29.766501,"logP-max":0.0909,"molwt-max":61.016378,"molwt-hvy-max":58.016,"nheavy-max":4.0,"npr1-max":0.474472,"npr2-max":0.568176,"pbf-max":0.305177,"pc+-max":0.734254,"pc--max":-0.529675,"pmi1-max":46.24638,"pmi2-max":56.025552,"pmi3-max":98.60595,"rbonds-max":1.0,"rg-max":1.293264,"rpc+-max":0.408148,"rpc--max":0.655677,"spherocity-max":0.348622,"tpsa-max":43.14,"vsa+-max":18.364673,"vsa--max":10.114318,"vsa-fhyd-max":0.61286,"vsa-fneg-max":0.38714,"vsa-fpneg-max":0.38714,"vsa-fpos-max":0.649663,"vsa-fppos-max":0.261798,"vsa-hyd-max":16.011414,"vsa-polar-max":0.612135,"vsa-polar+-max":7.400505,"vsa-polar--max":10.114318,"MR-diff":0.3914,"asphericity-diff":0.001076,"balabanj-diff":0.03226,"bertzct-diff":9.275736,"chi0-diff":0.707107,"chi0n-diff":1.052787,"chi0v-diff":0.052787,"chi1-diff":0.538004,"chi1n-diff":0.477742,"chi1v-diff":0.069493,"chi2n-diff":0.030347,"chi2v-diff":0.030347,"chi3n-diff":0.0,"chi3v-diff":0.0,"chi4n-diff":0.0,"chi4v-diff":0.0,"e-valence-diff":0.0,"eccentricity-diff":0.002926,"hk-alpha-diff":0.07,"hk-kappa1-diff":0.16588,"hk-kappa2-diff":0.058191,"hk-kappa3-diff":0.533787,"ipc-diff":18.56121,"isf-diff":0.000644,"labuteASA-diff":2.159363,"logP-diff":0.198,"molwt-diff":0.995249,"molwt-hvy-diff":1.996,"nheavy-diff":0.0,"npr1-diff":0.00547,"npr2-diff":0.006192,"pbf-diff":0.015365,"pc+-diff":0.204579,"pc--diff":0.204579,"pmi1-diff":2.783764,"pmi2-diff":4.546669,"pmi3-diff":7.003877,"rbonds-diff":0.0,"rg-diff":0.057123,"rpc+-diff":0.04189,"rpc--diff":0.155677,"spherocity-diff":0.078469,"tpsa-diff":5.84,"vsa+-diff":2.353259,"vsa--diff":0.210973,"vsa-fhyd-diff":0.224995,"vsa-fneg-diff":0.036803,"vsa-fpneg-diff":0.036803,"vsa-fpos-diff":0.036803,"vsa-fppos-diff":0.261798,"vsa-hyd-diff":5.047246,"vsa-polar-diff":0.224995,"vsa-polar+-diff":7.400505,"vsa-polar--diff":0.210973,"hbonds":2.0}