{"avg_dipole_moment": 4.31, "max_dipole_moment": 4.81, "min_dipole_moment": 3.81, "max_molecular_weight": 46.0055, "shear_5nN-qq": [-1214.8405916522784, 107.01337266761242], "intercept": 2.8542245551017533, "shear_15nN-qq": [-1265.9282069928058, 108.52285280599797], "min_molecular_weight": 45.0174, "delta_molecular_weight": 0.9880999999999958, "ch3-smiles-2": "C[N+](=O)[O-]", "chain-smiles-2": "CCCCCCCCCCCCCCCCC[N+](=O)[O-]", "tilt_bottom": {"25nN": 40.89333300270718, "5nN": 37.39067458614169, "15nN": 40.04208904170117}, "interdigitation": {"25nN": 0.1244968540692313, "5nN": 0.10210469005085017, "15nN": 0.10542669161421672}, "tilt_top": {"25nN": 39.97806037184241, "5nN": 35.7390085018385, "15nN": 38.81053932010582}, "shear_15nN-lj": [-2169.0057210943246, 55.56227861445234], "h-smiles-1": "C(=O)O", "S2_top": {"25nN": 0.9518787900035182, "5nN": 0.9500532865337252, "15nN": 0.958449534424885}, "S2_bottom": {"25nN": 0.9649370421057867, "5nN": 0.973017876119028, "15nN": 0.9798689359148469}, "h-smiles-2": "[N+](=O)[O-]", "shear_25nN-qq": [-1346.7985727593925, 114.79364779480562], "COF": 0.16068294410126316, "shear_25nN-lj": [-2270.9689650791365, 55.9873584706619], "ch3-smiles-1": "CC(=O)O", "shear_15nN-Etotal": [-3434.9339280871304, 120.58105764507272], "shear_5nN-Etotal": [-3240.413686694644, 126.3002010844897], "shear_25nN-Etotal": [-3617.7675378385293, 130.5613641237777], "avg_molecular_weight": 45.511449999999996, "shear_5nN-lj": [-2025.573095042366, 56.22521309626454], "delta_dipole_moment": 0.9999999999999996, "status": {"9b78ada34bfc0d65393f2c0c4e591a91-calc_interdigitation": 1, "9b78ada34bfc0d65393f2c0c4e591a91-shear_15nN_rerun_grompp": 1, "9b78ada34bfc0d65393f2c0c4e591a91-shear_5nN": 1, "9b78ada34bfc0d65393f2c0c4e591a91-log_interaction_energy_15nN": 1, "9b78ada34bfc0d65393f2c0c4e591a91-shear_5nN_rerun": 1, "9b78ada34bfc0d65393f2c0c4e591a91-shear_5nN_rerun_grompp": 1, "9b78ada34bfc0d65393f2c0c4e591a91-get_interaction_energy_15nN": 1, "9b78ada34bfc0d65393f2c0c4e591a91-lammps_to_gmx": 1, "9b78ada34bfc0d65393f2c0c4e591a91-log_tilt": 1, "9b78ada34bfc0d65393f2c0c4e591a91-log_interaction_energy_5nN": 1, "9b78ada34bfc0d65393f2c0c4e591a91-get_interaction_energy_5nN": 1, "9b78ada34bfc0d65393f2c0c4e591a91-shear_15nN_rerun": 1, "9b78ada34bfc0d65393f2c0c4e591a91-equilibrate_grompp": 1, "9b78ada34bfc0d65393f2c0c4e591a91-shear_25nN_rerun_grompp": 1, "9b78ada34bfc0d65393f2c0c4e591a91-unwrap_shear_25nN": 1, "9b78ada34bfc0d65393f2c0c4e591a91-shear_15nN_grompp": 1, "9b78ada34bfc0d65393f2c0c4e591a91-top_to_mol2": 1, "9b78ada34bfc0d65393f2c0c4e591a91-minimize": 1, "9b78ada34bfc0d65393f2c0c4e591a91-calc_S2_shear": 1, "9b78ada34bfc0d65393f2c0c4e591a91-shear_25nN": 1, "9b78ada34bfc0d65393f2c0c4e591a91-shear_25nN_grompp": 1, "9b78ada34bfc0d65393f2c0c4e591a91-fix_overlaps": 1, "9b78ada34bfc0d65393f2c0c4e591a91-compress_grompp": 1, "9b78ada34bfc0d65393f2c0c4e591a91-shear_25nN_rerun": 1, "9b78ada34bfc0d65393f2c0c4e591a91-log_S2": 1, "9b78ada34bfc0d65393f2c0c4e591a91-unwrap_shear_15nN": 1, "9b78ada34bfc0d65393f2c0c4e591a91-calc_tilt_shear": 1, "9b78ada34bfc0d65393f2c0c4e591a91-equilibrate": 1, "9b78ada34bfc0d65393f2c0c4e591a91-compress": 1, "9b78ada34bfc0d65393f2c0c4e591a91-shear_5nN_grompp": 1, "9b78ada34bfc0d65393f2c0c4e591a91-unwrap_shear_5nN": 1, "9b78ada34bfc0d65393f2c0c4e591a91-get_interaction_energy_25nN": 1, "9b78ada34bfc0d65393f2c0c4e591a91-log_interaction_energy_25nN": 1, "9b78ada34bfc0d65393f2c0c4e591a91-calc_friction": 1, "9b78ada34bfc0d65393f2c0c4e591a91-log_cof": 1, "9b78ada34bfc0d65393f2c0c4e591a91-shear_15nN": 1, "9b78ada34bfc0d65393f2c0c4e591a91-minimize_grompp": 1, "9b78ada34bfc0d65393f2c0c4e591a91-initialize": 1, "9b78ada34bfc0d65393f2c0c4e591a91-count_hydrogen_bonds": 1}, "chain-smiles-1": "CCCCCCCCCCCCCCCCCC(=O)O"}