{"MR-mean":10.303,"asphericity-mean":0.656598,"balabanj-mean":2.989307,"bertzct-mean":46.222736,"chi0-mean":4.3922285,"chi0n-mean":3.335979,"chi0v-mean":1.335979,"chi1-mean":2.178795,"chi1n-mean":1.409636,"chi1v-mean":0.409636,"chi2n-mean":0.088299,"chi2v-mean":0.088299,"chi3n-mean":0.0,"chi3v-mean":0.0,"chi4n-mean":0.0,"chi4v-mean":0.0,"e-valence-mean":17.5,"eccentricity-mean":0.989366,"hk-alpha-mean":-0.465,"hk-kappa1-mean":1.3158105,"hk-kappa2-mean":1.535,"hk-kappa3-mean":1.535,"ipc-mean":9.920527,"isf-mean":0.1665585,"labuteASA-mean":20.851455,"logP-mean":-0.1042,"molwt-mean":45.009559,"molwt-hvy-mean":43.013,"nheavy-mean":3.0,"npr1-mean":0.135053,"npr2-mean":0.8958135,"pbf-mean":0.1528935,"pc+-mean":0.349836,"pc--mean":-0.349836,"pmi1-mean":6.8294975,"pmi2-mean":44.0556225,"pmi3-mean":49.2627805,"rbonds-mean":0.5,"rg-mean":1.054298,"rpc+-mean":0.686272,"rpc--mean":0.736006,"spherocity-mean":0.18143,"tpsa-mean":35.65,"vsa+-mean":8.5427185,"vsa--mean":10.8803735,"vsa-fhyd-mean":0.7247445,"vsa-fneg-mean":0.5761725,"vsa-fpneg-mean":0.102484,"vsa-fpos-mean":0.4238275,"vsa-fppos-mean":0.1727715,"vsa-hyd-mean":14.3557285,"vsa-polar-mean":0.2752555,"vsa-polar+-mean":2.670095,"vsa-polar--mean":2.3972685,"MR-min":8.868,"asphericity-min":0.537901,"balabanj-min":2.187496,"bertzct-min":10.264663,"chi0-min":2.707107,"chi0n-min":1.26371,"chi0v-min":1.26371,"chi1-min":1.414214,"chi1n-min":0.365148,"chi1v-min":0.365148,"chi2n-min":0.074536,"chi2v-min":0.074536,"chi3n-min":0.0,"chi3v-min":0.0,"chi4n-min":0.0,"chi4v-min":0.0,"e-valence-min":17.0,"eccentricity-min":0.982063,"hk-alpha-min":-0.6,"hk-kappa1-min":0.231621,"hk-kappa2-min":1.4,"hk-kappa3-min":1.4,"ipc-min":2.754888,"isf-min":0.088107,"labuteASA-min":16.817313,"logP-min":-0.4136,"molwt-min":44.026215,"molwt-hvy-min":40.021,"nheavy-min":3.0,"npr1-min":0.081552,"npr2-min":0.873179,"pbf-min":0.0,"pc+-min":0.312461,"pc--min":-0.387211,"pmi1-min":3.748606,"pmi2-min":42.217011,"pmi3-min":45.965617,"rbonds-min":0.0,"rg-min":0.999572,"rpc+-min":0.372544,"rpc--min":0.5,"spherocity-min":0.0,"tpsa-min":17.07,"vsa+-min":5.34019,"vsa--min":10.114318,"vsa-fhyd-min":0.654457,"vsa-fneg-min":0.497888,"vsa-fpneg-min":0.0,"vsa-fpos-min":0.345543,"vsa-fppos-min":0.0,"vsa-hyd-min":10.114318,"vsa-polar-min":0.204968,"vsa-polar+-min":0.0,"vsa-polar--min":0.0,"MR-max":11.738,"asphericity-max":0.775295,"balabanj-max":3.791118,"bertzct-max":82.180809,"chi0-max":6.07735,"chi0n-max":5.408248,"chi0v-max":1.408248,"chi1-max":2.943376,"chi1n-max":2.454124,"chi1v-max":0.454124,"chi2n-max":0.102062,"chi2v-max":0.102062,"chi3n-max":0.0,"chi3v-max":0.0,"chi4n-max":0.0,"chi4v-max":0.0,"e-valence-max":18.0,"eccentricity-max":0.996669,"hk-alpha-max":-0.33,"hk-kappa1-max":2.4,"hk-kappa2-max":1.67,"hk-kappa3-max":1.67,"ipc-max":17.086166,"isf-max":0.24501,"labuteASA-max":24.885597,"logP-max":0.2052,"molwt-max":45.992903,"molwt-hvy-max":46.005,"nheavy-max":3.0,"npr1-max":0.188554,"npr2-max":0.918448,"pbf-max":0.305787,"pc+-max":0.387211,"pc--max":-0.312461,"pmi1-max":9.910389,"pmi2-max":45.894234,"pmi3-max":52.559944,"rbonds-max":1.0,"rg-max":1.109024,"rpc+-max":1.0,"rpc--max":0.972012,"spherocity-max":0.36286,"tpsa-max":54.23,"vsa+-max":11.745247,"vsa--max":11.646429,"vsa-fhyd-max":0.795032,"vsa-fneg-max":0.654457,"vsa-fpneg-max":0.204968,"vsa-fpos-max":0.502112,"vsa-fppos-max":0.345543,"vsa-hyd-max":18.597139,"vsa-polar-max":0.345543,"vsa-polar+-max":5.34019,"vsa-polar--max":4.794537,"MR-diff":2.87,"asphericity-diff":0.237394,"balabanj-diff":1.603622,"bertzct-diff":71.916146,"chi0-diff":3.370243,"chi0n-diff":4.144538,"chi0v-diff":0.144538,"chi1-diff":1.529162,"chi1n-diff":2.088976,"chi1v-diff":0.088976,"chi2n-diff":0.027526,"chi2v-diff":0.027526,"chi3n-diff":0.0,"chi3v-diff":0.0,"chi4n-diff":0.0,"chi4v-diff":0.0,"e-valence-diff":1.0,"eccentricity-diff":0.014606,"hk-alpha-diff":0.27,"hk-kappa1-diff":2.168379,"hk-kappa2-diff":0.27,"hk-kappa3-diff":0.27,"ipc-diff":14.331278,"isf-diff":0.156903,"labuteASA-diff":8.068284,"logP-diff":0.6188,"molwt-diff":1.966688,"molwt-hvy-diff":5.984,"nheavy-diff":0.0,"npr1-diff":0.107002,"npr2-diff":0.045269,"pbf-diff":0.305787,"pc+-diff":0.07475,"pc--diff":0.07475,"pmi1-diff":6.161783,"pmi2-diff":3.677223,"pmi3-diff":6.594327,"rbonds-diff":1.0,"rg-diff":0.109452,"rpc+-diff":0.627456,"rpc--diff":0.472012,"spherocity-diff":0.36286,"tpsa-diff":37.16,"vsa+-diff":6.405057,"vsa--diff":1.532111,"vsa-fhyd-diff":0.140575,"vsa-fneg-diff":0.156569,"vsa-fpneg-diff":0.204968,"vsa-fpos-diff":0.156569,"vsa-fppos-diff":0.345543,"vsa-hyd-diff":8.482821,"vsa-polar-diff":0.140575,"vsa-polar+-diff":5.34019,"vsa-polar--diff":4.794537,"hbonds":0.0}