{"tilt_bottom": {"25nN": 41.02997573166361, "5nN": 36.735025087956195, "15nN": 39.29699931558843}, "shear_25nN-qq": [-603.7214255147882, 73.9429359633819], "S2_top": {"25nN": 0.9076395417032422, "5nN": 0.9162905786958162, "15nN": 0.9400272641801072}, "shear_5nN-qq": [-534.7520381566746, 62.63609796600204], "shear_15nN-Etotal": [-2592.1563223581134, 95.74608614263605], "S2_bottom": {"25nN": 0.9489690841580986, "5nN": 0.9586283891299606, "15nN": 0.9530824725440973}, "shear_25nN-lj": [-2042.1350510367706, 50.20562199385765], "delta_molecular_weight": 2.9609999999999985, "interdigitation": {"25nN": 0.1405603061118511, "5nN": 0.12309505411515143, "15nN": 0.1376842004502824}, "shear_15nN-qq": [-651.4620618361312, 75.55352730772964], "avg_dipole_moment": 3.4850000000000003, "COF": 0.1369470278590447, "shear_25nN-Etotal": [-2645.8564765515584, 95.00026988628879], "tilt_top": {"25nN": 39.47662562562741, "5nN": 34.127679061661404, "15nN": 38.523310219661674}, "status": {"25136b9c6de2228f17b666148b6d0136-unwrap_shear_5nN": 1, "25136b9c6de2228f17b666148b6d0136-compress": 1, "25136b9c6de2228f17b666148b6d0136-unwrap_shear_25nN": 1, "25136b9c6de2228f17b666148b6d0136-shear_15nN_rerun_grompp": 1, "25136b9c6de2228f17b666148b6d0136-calc_S2_shear": 1, "25136b9c6de2228f17b666148b6d0136-minimize": 1, "25136b9c6de2228f17b666148b6d0136-calc_tilt_shear": 1, "25136b9c6de2228f17b666148b6d0136-log_interaction_energy_15nN": 1, "25136b9c6de2228f17b666148b6d0136-get_interaction_energy_5nN": 1, "25136b9c6de2228f17b666148b6d0136-shear_5nN": 1, "25136b9c6de2228f17b666148b6d0136-shear_15nN_grompp": 1, "25136b9c6de2228f17b666148b6d0136-lammps_to_gmx": 1, "25136b9c6de2228f17b666148b6d0136-compress_grompp": 1, "25136b9c6de2228f17b666148b6d0136-shear_15nN": 1, "25136b9c6de2228f17b666148b6d0136-shear_25nN": 1, "25136b9c6de2228f17b666148b6d0136-log_interaction_energy_5nN": 1, "25136b9c6de2228f17b666148b6d0136-calc_interdigitation": 1, "25136b9c6de2228f17b666148b6d0136-log_interaction_energy_25nN": 1, "25136b9c6de2228f17b666148b6d0136-shear_25nN_grompp": 1, "25136b9c6de2228f17b666148b6d0136-shear_25nN_rerun": 1, "25136b9c6de2228f17b666148b6d0136-shear_25nN_rerun_grompp": 1, "25136b9c6de2228f17b666148b6d0136-get_interaction_energy_25nN": 1, "25136b9c6de2228f17b666148b6d0136-calc_friction": 1, "25136b9c6de2228f17b666148b6d0136-initialize": 1, "25136b9c6de2228f17b666148b6d0136-top_to_mol2": 1, "25136b9c6de2228f17b666148b6d0136-shear_15nN_rerun": 1, "25136b9c6de2228f17b666148b6d0136-shear_5nN_grompp": 1, "25136b9c6de2228f17b666148b6d0136-minimize_grompp": 1, "25136b9c6de2228f17b666148b6d0136-get_interaction_energy_15nN": 1, "25136b9c6de2228f17b666148b6d0136-unwrap_shear_15nN": 1, "25136b9c6de2228f17b666148b6d0136-shear_5nN_rerun": 1, "25136b9c6de2228f17b666148b6d0136-equilibrate_grompp": 1, "25136b9c6de2228f17b666148b6d0136-log_cof": 1, "25136b9c6de2228f17b666148b6d0136-shear_5nN_rerun_grompp": 1, "25136b9c6de2228f17b666148b6d0136-log_S2": 1, "25136b9c6de2228f17b666148b6d0136-fix_overlaps": 1, "25136b9c6de2228f17b666148b6d0136-equilibrate": 1, "25136b9c6de2228f17b666148b6d0136-log_tilt": 1}, "intercept": 1.5918251928751683, "shear_5nN-Etotal": [-2253.0462673293364, 89.02053930312766], "avg_molecular_weight": 44.525, "delta_dipole_moment": 0.6499999999999999, "shear_15nN-lj": [-1940.6942605219824, 49.33477510133724], "shear_5nN-lj": [-1718.2942291726622, 48.643363913905425]}