{"avg_dipole_moment": 5.015, "max_dipole_moment": 6.22, "min_dipole_moment": 3.81, "max_molecular_weight": 122.1013, "shear_5nN-qq": [-738.6075872206235, 78.36210971627793], "intercept": 2.3595104464241006, "shear_15nN-qq": [-690.9733547338129, 78.21356320945642], "min_molecular_weight": 46.0055, "delta_molecular_weight": 76.0958, "ch3-smiles-2": "CC1=CC=C([N+](=O)[O-])C=C1", "chain-smiles-2": "CCCCCCCCCCCCCCCCCC1=CC=C([N+](=O)[O-])C=C1", "tilt_bottom": {"25nN": 39.8145475613646, "5nN": 35.2424262603802, "15nN": 37.35950609393785}, "tilt_top": {"25nN": 37.93734530837657, "5nN": 32.90461141250179, "15nN": 36.42092394827397}, "shear_15nN-lj": [-2334.084932051159, 65.2911007532553], "h-smiles-1": "[N+](=O)[O-]", "ch3-smiles-1": "C[N+](=O)[O-]", "S2_bottom": {"25nN": 0.9369950835260669, "5nN": 0.9503847789435673, "15nN": 0.9216062381815088}, "h-smiles-2": "C1=CC=C([N+](=O)[O-])C=C1", "shear_25nN-qq": [-702.95678517506, 75.13444709147794], "COF": 0.13365866669371887, "shear_25nN-lj": [-2435.3709091302962, 59.597826274629995], "S2_top": {"25nN": 0.9121726349609128, "5nN": 0.9111351074690279, "15nN": 0.9313738497073458}, "shear_15nN-Etotal": [-3025.058286784972, 115.57866222032438], "shear_5nN-Etotal": [-2896.4309655243806, 123.98773630406309], "shear_25nN-Etotal": [-3138.3276943053556, 108.38188673023728], "avg_molecular_weight": 84.0534, "shear_5nN-lj": [-2157.8233783037567, 67.4037310573169], "delta_dipole_moment": 2.4099999999999997, "status": {"02ddc302705b1784333138984b701c76-shear_25nN_rerun": 1, "02ddc302705b1784333138984b701c76-shear_15nN_rerun_grompp": 1, "02ddc302705b1784333138984b701c76-minimize_grompp": 1, "02ddc302705b1784333138984b701c76-get_interaction_energy_5nN": 1, "02ddc302705b1784333138984b701c76-shear_15nN": 1, "02ddc302705b1784333138984b701c76-shear_25nN_rerun_grompp": 1, "02ddc302705b1784333138984b701c76-top_to_mol2": 1, "02ddc302705b1784333138984b701c76-calc_friction": 1, "02ddc302705b1784333138984b701c76-compress_grompp": 1, "02ddc302705b1784333138984b701c76-calc_S2_shear": 1, "02ddc302705b1784333138984b701c76-shear_25nN_grompp": 1, "02ddc302705b1784333138984b701c76-equilibrate_grompp": 1, "02ddc302705b1784333138984b701c76-shear_5nN_rerun": 1, "02ddc302705b1784333138984b701c76-log_tilt": 1, "02ddc302705b1784333138984b701c76-shear_5nN": 1, "02ddc302705b1784333138984b701c76-equilibrate": 1, "02ddc302705b1784333138984b701c76-shear_25nN": 1, "02ddc302705b1784333138984b701c76-lammps_to_gmx": 1, "02ddc302705b1784333138984b701c76-initialize": 1, "02ddc302705b1784333138984b701c76-calc_interdigitation": 1, "02ddc302705b1784333138984b701c76-calc_tilt_shear": 1, "02ddc302705b1784333138984b701c76-unwrap_shear_15nN": 1, "02ddc302705b1784333138984b701c76-log_interaction_energy_5nN": 1, "02ddc302705b1784333138984b701c76-log_interaction_energy_25nN": 1, "02ddc302705b1784333138984b701c76-unwrap_shear_25nN": 1, "02ddc302705b1784333138984b701c76-shear_15nN_grompp": 1, "02ddc302705b1784333138984b701c76-compress": 1, "02ddc302705b1784333138984b701c76-get_interaction_energy_25nN": 1, "02ddc302705b1784333138984b701c76-minimize": 1, "02ddc302705b1784333138984b701c76-fix_overlaps": 1, "02ddc302705b1784333138984b701c76-log_S2": 1, "02ddc302705b1784333138984b701c76-shear_5nN_grompp": 1, "02ddc302705b1784333138984b701c76-shear_5nN_rerun_grompp": 1, "02ddc302705b1784333138984b701c76-get_interaction_energy_15nN": 1, "02ddc302705b1784333138984b701c76-log_interaction_energy_15nN": 1, "02ddc302705b1784333138984b701c76-unwrap_shear_5nN": 1, "02ddc302705b1784333138984b701c76-log_cof": 1, "02ddc302705b1784333138984b701c76-shear_15nN_rerun": 1}, "chain-smiles-1": "CCCCCCCCCCCCCCCCC[N+](=O)[O-]"}