{"tilt_bottom": {"25nN": 37.68524782783759, "5nN": 31.72979470059735, "15nN": 35.600033475467654}, "shear_25nN-qq": [-44.46924148441247, 11.537548291418503], "S2_top": {"25nN": 0.9315112600048114, "5nN": 0.9310582390778024, "15nN": 0.9564363854408048}, "shear_5nN-qq": [-22.683042758593125, 10.080331487120112], "shear_15nN-Etotal": [-1565.9460579728218, 51.78641602769841], "S2_bottom": {"25nN": 0.9274461075051506, "5nN": 0.9404755065848468, "15nN": 0.9475943311688945}, "shear_25nN-lj": [-1645.0285272629894, 51.207712479504984], "delta_molecular_weight": 80.0598, "interdigitation": {"25nN": 0.14653780172844494, "5nN": 0.15642742538034957, "15nN": 0.1541809012214281}, "shear_15nN-qq": [-38.96479377857713, 11.388349037616006], "avg_dipole_moment": 1.015, "COF": 0.12237244072467302, "shear_25nN-Etotal": [-1689.4977687474022, 53.47772434187145], "tilt_top": {"25nN": 39.16677807920825, "5nN": 34.51814148847763, "15nN": 37.828722260913466}, "status": {"fb72619293a234079d5173f53036fe79-initialize": 1, "fb72619293a234079d5173f53036fe79-calc_friction": 1, "fb72619293a234079d5173f53036fe79-top_to_mol2": 1, "fb72619293a234079d5173f53036fe79-get_interaction_energy_25nN": 1, "fb72619293a234079d5173f53036fe79-lammps_to_gmx": 1, "fb72619293a234079d5173f53036fe79-shear_5nN_rerun": 1, "fb72619293a234079d5173f53036fe79-shear_15nN_grompp": 1, "fb72619293a234079d5173f53036fe79-shear_5nN_grompp": 1, "fb72619293a234079d5173f53036fe79-log_S2": 1, "fb72619293a234079d5173f53036fe79-log_cof": 1, "fb72619293a234079d5173f53036fe79-log_interaction_energy_25nN": 1, "fb72619293a234079d5173f53036fe79-shear_25nN": 1, "fb72619293a234079d5173f53036fe79-shear_15nN_rerun": 1, "fb72619293a234079d5173f53036fe79-get_interaction_energy_5nN": 1, "fb72619293a234079d5173f53036fe79-calc_interdigitation": 1, "fb72619293a234079d5173f53036fe79-unwrap_shear_15nN": 1, "fb72619293a234079d5173f53036fe79-equilibrate_grompp": 1, "fb72619293a234079d5173f53036fe79-fix_overlaps": 1, "fb72619293a234079d5173f53036fe79-compress": 1, "fb72619293a234079d5173f53036fe79-calc_S2_shear": 1, "fb72619293a234079d5173f53036fe79-shear_5nN_rerun_grompp": 1, "fb72619293a234079d5173f53036fe79-log_tilt": 1, "fb72619293a234079d5173f53036fe79-minimize_grompp": 1, "fb72619293a234079d5173f53036fe79-get_interaction_energy_15nN": 1, "fb72619293a234079d5173f53036fe79-shear_5nN": 1, "fb72619293a234079d5173f53036fe79-shear_15nN_rerun_grompp": 1, "fb72619293a234079d5173f53036fe79-shear_15nN": 1, "fb72619293a234079d5173f53036fe79-shear_25nN_rerun_grompp": 1, "fb72619293a234079d5173f53036fe79-log_interaction_energy_5nN": 1, "fb72619293a234079d5173f53036fe79-equilibrate": 1, "fb72619293a234079d5173f53036fe79-shear_25nN_grompp": 1, "fb72619293a234079d5173f53036fe79-log_interaction_energy_15nN": 1, "fb72619293a234079d5173f53036fe79-shear_25nN_rerun": 1, "fb72619293a234079d5173f53036fe79-minimize": 1, "fb72619293a234079d5173f53036fe79-compress_grompp": 1, "fb72619293a234079d5173f53036fe79-calc_tilt_shear": 1, "fb72619293a234079d5173f53036fe79-unwrap_shear_5nN": 1, "fb72619293a234079d5173f53036fe79-unwrap_shear_25nN": 1}, "intercept": 1.03664947388789, "shear_5nN-Etotal": [-1336.0593840703436, 53.43897308765263], "avg_molecular_weight": 55.0643, "delta_dipole_moment": 2.03, "shear_15nN-lj": [-1526.9812641942444, 49.83373340545467], "shear_5nN-lj": [-1313.3763413117506, 51.400508399053074]}