{"avg_dipole_moment": 1.445, "max_dipole_moment": 2.89, "min_dipole_moment": 0.0, "max_molecular_weight": 66.0811, "shear_5nN-qq": [20.00303296482814, 12.336042681646212], "intercept": 0.8517521476567764, "shear_15nN-qq": [60.464394751398885, 14.727760842035728], "min_molecular_weight": 15.0344, "delta_molecular_weight": 51.04670000000001, "ch3-smiles-2": "C1=C(C)NC=C1", "chain-smiles-2": "CCCCCCCCCCCCCCCCCC1=CNC=C1", "tilt_bottom": {"25nN": 39.74539716883214, "5nN": 34.7633465853888, "15nN": 37.953287691852985}, "interdigitation": {"25nN": 0.11700865393369504, "5nN": 0.13268879483734775, "15nN": 0.10414237815912193}, "tilt_top": {"25nN": 39.376661382276296, "5nN": 33.65481472638513, "15nN": 37.795445347238164}, "shear_15nN-lj": [-1634.7401757354116, 51.40961298064294], "h-smiles-1": "C", "S2_top": {"25nN": 0.9598981725440956, "5nN": 0.9645400535500439, "15nN": 0.9549647699090574}, "S2_bottom": {"25nN": 0.9293588889704159, "5nN": 0.9465606886031835, "15nN": 0.9477050491809828}, "h-smiles-2": "C1=CNC=C1", "shear_25nN-qq": [79.83277683053558, 15.09233592341607], "COF": 0.14340970725639715, "shear_25nN-lj": [-1754.7737802741808, 52.05307855124601], "ch3-smiles-1": "CC", "shear_15nN-Etotal": [-1574.2757809840127, 50.75549915404605], "shear_5nN-Etotal": [-1371.3468537234212, 61.07356546331058], "shear_25nN-Etotal": [-1674.941003443645, 51.6399013948757], "avg_molecular_weight": 40.557750000000006, "shear_5nN-lj": [-1391.3498866882494, 63.100393373883946], "delta_dipole_moment": 2.89, "status": {"eef0f86072db809d1674bdf9a20a3ec4-unwrap_shear_25nN": 1, "eef0f86072db809d1674bdf9a20a3ec4-shear_5nN_rerun_grompp": 1, "eef0f86072db809d1674bdf9a20a3ec4-fix_overlaps": 1, "eef0f86072db809d1674bdf9a20a3ec4-log_cof": 1, "eef0f86072db809d1674bdf9a20a3ec4-log_interaction_energy_5nN": 1, "eef0f86072db809d1674bdf9a20a3ec4-lammps_to_gmx": 1, "eef0f86072db809d1674bdf9a20a3ec4-unwrap_shear_5nN": 1, "eef0f86072db809d1674bdf9a20a3ec4-calc_tilt_shear": 1, "eef0f86072db809d1674bdf9a20a3ec4-shear_25nN_rerun_grompp": 1, "eef0f86072db809d1674bdf9a20a3ec4-log_interaction_energy_25nN": 1, "eef0f86072db809d1674bdf9a20a3ec4-initialize": 1, "eef0f86072db809d1674bdf9a20a3ec4-shear_15nN": 1, "eef0f86072db809d1674bdf9a20a3ec4-compress_grompp": 1, "eef0f86072db809d1674bdf9a20a3ec4-calc_S2_shear": 1, "eef0f86072db809d1674bdf9a20a3ec4-minimize_grompp": 1, "eef0f86072db809d1674bdf9a20a3ec4-shear_15nN_rerun_grompp": 1, "eef0f86072db809d1674bdf9a20a3ec4-shear_25nN_grompp": 1, "eef0f86072db809d1674bdf9a20a3ec4-shear_15nN_rerun": 1, "eef0f86072db809d1674bdf9a20a3ec4-shear_25nN": 1, "eef0f86072db809d1674bdf9a20a3ec4-equilibrate": 1, "eef0f86072db809d1674bdf9a20a3ec4-get_interaction_energy_15nN": 1, "eef0f86072db809d1674bdf9a20a3ec4-log_tilt": 1, "eef0f86072db809d1674bdf9a20a3ec4-shear_5nN_grompp": 1, "eef0f86072db809d1674bdf9a20a3ec4-top_to_mol2": 1, "eef0f86072db809d1674bdf9a20a3ec4-unwrap_shear_15nN": 1, "eef0f86072db809d1674bdf9a20a3ec4-calc_interdigitation": 1, "eef0f86072db809d1674bdf9a20a3ec4-log_interaction_energy_15nN": 1, "eef0f86072db809d1674bdf9a20a3ec4-calc_friction": 1, "eef0f86072db809d1674bdf9a20a3ec4-get_interaction_energy_25nN": 1, "eef0f86072db809d1674bdf9a20a3ec4-shear_5nN": 1, "eef0f86072db809d1674bdf9a20a3ec4-shear_5nN_rerun": 1, "eef0f86072db809d1674bdf9a20a3ec4-log_S2": 1, "eef0f86072db809d1674bdf9a20a3ec4-shear_15nN_grompp": 1, "eef0f86072db809d1674bdf9a20a3ec4-minimize": 1, "eef0f86072db809d1674bdf9a20a3ec4-get_interaction_energy_5nN": 1, "eef0f86072db809d1674bdf9a20a3ec4-shear_25nN_rerun": 1, "eef0f86072db809d1674bdf9a20a3ec4-equilibrate_grompp": 1, "eef0f86072db809d1674bdf9a20a3ec4-compress": 1}, "chain-smiles-1": "CCCCCCCCCCCCCCCCCC"}