{"shear_15nN-qq": [-712.8415854876099, 100.14164633664048], "delta_molecular_weight": 13.983600000000003, "status": {"2e04095069df682e820af1fb427165c3-log_interaction_energy_5nN": 1, "2e04095069df682e820af1fb427165c3-log_tilt": 1, "2e04095069df682e820af1fb427165c3-initialize": 1, "2e04095069df682e820af1fb427165c3-calc_friction": 1, "2e04095069df682e820af1fb427165c3-fix_overlaps": 1, "2e04095069df682e820af1fb427165c3-shear_15nN_rerun": 1, "2e04095069df682e820af1fb427165c3-shear_5nN": 1, "2e04095069df682e820af1fb427165c3-unwrap_shear_15nN": 1, "2e04095069df682e820af1fb427165c3-get_interaction_energy_5nN": 1, "2e04095069df682e820af1fb427165c3-shear_25nN_grompp": 1, "2e04095069df682e820af1fb427165c3-top_to_mol2": 1, "2e04095069df682e820af1fb427165c3-unwrap_shear_25nN": 1, "2e04095069df682e820af1fb427165c3-shear_5nN_rerun_grompp": 1, "2e04095069df682e820af1fb427165c3-shear_25nN_rerun": 1, "2e04095069df682e820af1fb427165c3-calc_interdigitation": 1, "2e04095069df682e820af1fb427165c3-shear_15nN": 1, "2e04095069df682e820af1fb427165c3-minimize_grompp": 1, "2e04095069df682e820af1fb427165c3-shear_25nN": 1, "2e04095069df682e820af1fb427165c3-log_S2": 1, "2e04095069df682e820af1fb427165c3-calc_tilt_shear": 1, "2e04095069df682e820af1fb427165c3-equilibrate": 1, "2e04095069df682e820af1fb427165c3-compress_grompp": 1, "2e04095069df682e820af1fb427165c3-equilibrate_grompp": 1, "2e04095069df682e820af1fb427165c3-shear_15nN_rerun_grompp": 1, "2e04095069df682e820af1fb427165c3-get_interaction_energy_25nN": 1, "2e04095069df682e820af1fb427165c3-log_interaction_energy_15nN": 1, "2e04095069df682e820af1fb427165c3-log_cof": 1, "2e04095069df682e820af1fb427165c3-unwrap_shear_5nN": 1, "2e04095069df682e820af1fb427165c3-shear_15nN_grompp": 1, "2e04095069df682e820af1fb427165c3-count_hydrogen_bonds": 1, "2e04095069df682e820af1fb427165c3-calc_S2_shear": 1, "2e04095069df682e820af1fb427165c3-minimize": 1, "2e04095069df682e820af1fb427165c3-log_interaction_energy_25nN": 1, "2e04095069df682e820af1fb427165c3-lammps_to_gmx": 1, "2e04095069df682e820af1fb427165c3-shear_5nN_rerun": 1, "2e04095069df682e820af1fb427165c3-get_interaction_energy_15nN": 1, "2e04095069df682e820af1fb427165c3-compress": 1, "2e04095069df682e820af1fb427165c3-shear_25nN_rerun_grompp": 1, "2e04095069df682e820af1fb427165c3-shear_5nN_grompp": 1}, "interdigitation": {"15nN": 0.10661672366763537, "5nN": 0.12338287993591432, "25nN": 0.12870431159469004}, "intercept": 2.3895792836700243, "delta_dipole_moment": 3.13, "tilt_bottom": {"15nN": 39.74111176532297, "5nN": 36.556496801671166, "25nN": 40.326131904387886}, "S2_top": {"15nN": 0.9745375835163964, "5nN": 0.972736470480664, "25nN": 0.9708824410511114}, "shear_25nN-Etotal": [-2629.8147789216628, 108.53995320558981], "avg_dipole_moment": 3.2449999999999997, "S2_bottom": {"15nN": 0.9727189135807213, "5nN": 0.9635144661975938, "25nN": 0.9530338459491576}, "avg_molecular_weight": 38.0256, "shear_15nN-lj": [-1808.267933982414, 56.346012821446564], "tilt_top": {"15nN": 40.65385275465472, "5nN": 37.68800916587602, "25nN": 41.88332038051876}, "shear_5nN-Etotal": [-2354.948977248601, 112.73534645487005], "shear_5nN-qq": [-731.0697137641887, 88.55846408394095], "shear_5nN-lj": [-1623.8792634844124, 63.20899505317088], "COF": 0.16042217737188352, "shear_25nN-lj": [-1941.9627438681055, 55.742922325775616], "shear_25nN-qq": [-687.8520350535572, 95.05238024633728], "shear_15nN-Etotal": [-2521.1095194700238, 113.16716353218449]}