{"shear_15nN-qq": [62.3806927186251, 18.564596254583417], "tilt_bottom": {"15nN": 38.562796803315635, "5nN": 34.84421116700219, "25nN": 41.14583431965876}, "delta_molecular_weight": 51.04670000000001, "status": {"8e298a64befa5ba862714954bad287df-unwrap_shear_5nN": 1, "8e298a64befa5ba862714954bad287df-shear_25nN_grompp": 1, "8e298a64befa5ba862714954bad287df-shear_15nN": 1, "8e298a64befa5ba862714954bad287df-fix_overlaps": 1, "8e298a64befa5ba862714954bad287df-shear_5nN_grompp": 1, "8e298a64befa5ba862714954bad287df-shear_15nN_grompp": 1, "8e298a64befa5ba862714954bad287df-initialize": 1, "8e298a64befa5ba862714954bad287df-log_interaction_energy_25nN": 1, "8e298a64befa5ba862714954bad287df-log_interaction_energy_15nN": 1, "8e298a64befa5ba862714954bad287df-unwrap_shear_15nN": 1, "8e298a64befa5ba862714954bad287df-get_interaction_energy_15nN": 1, "8e298a64befa5ba862714954bad287df-equilibrate_grompp": 1, "8e298a64befa5ba862714954bad287df-log_interaction_energy_5nN": 1, "8e298a64befa5ba862714954bad287df-shear_5nN_rerun_grompp": 1, "8e298a64befa5ba862714954bad287df-log_S2": 1, "8e298a64befa5ba862714954bad287df-shear_15nN_rerun_grompp": 1, "8e298a64befa5ba862714954bad287df-log_tilt": 1, "8e298a64befa5ba862714954bad287df-get_interaction_energy_5nN": 1, "8e298a64befa5ba862714954bad287df-top_to_mol2": 1, "8e298a64befa5ba862714954bad287df-unwrap_shear_25nN": 1, "8e298a64befa5ba862714954bad287df-shear_25nN": 1, "8e298a64befa5ba862714954bad287df-get_interaction_energy_25nN": 1, "8e298a64befa5ba862714954bad287df-compress_grompp": 1, "8e298a64befa5ba862714954bad287df-calc_interdigitation": 1, "8e298a64befa5ba862714954bad287df-minimize_grompp": 1, "8e298a64befa5ba862714954bad287df-compress": 1, "8e298a64befa5ba862714954bad287df-log_cof": 1, "8e298a64befa5ba862714954bad287df-shear_5nN_rerun": 1, "8e298a64befa5ba862714954bad287df-shear_15nN_rerun": 1, "8e298a64befa5ba862714954bad287df-calc_friction": 1, "8e298a64befa5ba862714954bad287df-shear_25nN_rerun_grompp": 1, "8e298a64befa5ba862714954bad287df-equilibrate": 1, "8e298a64befa5ba862714954bad287df-calc_tilt_shear": 1, "8e298a64befa5ba862714954bad287df-minimize": 1, "8e298a64befa5ba862714954bad287df-lammps_to_gmx": 1, "8e298a64befa5ba862714954bad287df-shear_5nN": 1, "8e298a64befa5ba862714954bad287df-calc_S2_shear": 1, "8e298a64befa5ba862714954bad287df-shear_25nN_rerun": 1}, "interdigitation": {"15nN": 0.10995167239614775, "5nN": 0.11212524586895369, "25nN": 0.11029400041417982}, "intercept": 1.0934535498071267, "delta_dipole_moment": 2.89, "S2_top": {"15nN": 0.9767092465317777, "5nN": 0.9756595257172253, "25nN": 0.9587231414108282}, "shear_25nN-Etotal": [-1657.8463769304558, 50.48993459059787], "shear_5nN-Etotal": [-1349.7975132118306, 50.19671256789961], "S2_bottom": {"15nN": 0.9642074517415429, "5nN": 0.9614756163171244, "25nN": 0.9741439989632984}, "avg_molecular_weight": 40.557750000000006, "shear_15nN-lj": [-1622.6865447929656, 54.59123416440225], "tilt_top": {"15nN": 38.99207767215001, "5nN": 36.054395452933356, "25nN": 39.76176009806925}, "avg_dipole_moment": 1.445, "shear_5nN-qq": [18.56223004556355, 14.853904255282744], "shear_5nN-lj": [-1368.3597432573943, 51.179630841276925], "COF": 0.13103352465253248, "shear_25nN-lj": [-1743.9535986554756, 52.55755589252789], "shear_25nN-qq": [86.10722172501998, 16.98708514690691], "shear_15nN-Etotal": [-1560.3058520743407, 52.84945748997458]}