{"MR-mean":21.212,"asphericity-mean":0.6637985,"balabanj-mean":3.616735,"bertzct-mean":227.774885,"chi0-mean":8.5856045,"chi0n-mean":7.662589,"chi0v-mean":2.662589,"chi1-mean":4.618043,"chi1n-mean":3.7062945,"chi1v-mean":1.2062945,"chi2n-mean":0.6503925,"chi2v-mean":0.6503925,"chi3n-mean":0.2972455,"chi3v-mean":0.2972455,"chi4n-mean":0.148623,"chi4v-mean":0.148623,"e-valence-mean":29.0,"eccentricity-mean":0.987784,"hk-alpha-mean":-0.68,"hk-kappa1-mean":0.8124295,"hk-kappa2-mean":1.719131,"hk-kappa3-mean":1.2747015,"ipc-mean":624.00111,"isf-mean":0.152876,"labuteASA-mean":40.754179,"logP-mean":1.332,"molwt-mean":75.5398635,"molwt-hvy-mean":70.552,"nheavy-mean":5.5,"npr1-mean":0.1364455,"npr2-mean":0.898007,"pbf-mean":0.225458,"pc+-mean":0.330662,"pc--mean":-0.330662,"pmi1-mean":47.637916,"pmi2-mean":200.6359125,"pmi3-mean":244.9774395,"rbonds-mean":0.5,"rg-mean":1.5803935,"rpc+-mean":0.2804085,"rpc--mean":0.7237165,"spherocity-mean":0.252833,"tpsa-mean":11.895,"vsa+-mean":16.22296,"vsa--mean":23.118663,"vsa-fhyd-mean":0.9610695,"vsa-fneg-mean":0.4813395,"vsa-fpneg-mean":0.0389305,"vsa-fpos-mean":0.5186605,"vsa-fppos-mean":0.0,"vsa-hyd-mean":37.1464155,"vsa-polar-mean":0.0389305,"vsa-polar+-mean":0.0,"vsa-polar--mean":2.1952075,"MR-min":11.287,"asphericity-min":0.499614,"balabanj-min":3.552734,"bertzct-min":75.774438,"chi0-min":5.207107,"chi0n-min":4.447214,"chi0v-min":1.447214,"chi1-min":2.56066,"chi1n-min":1.973607,"chi1v-min":0.473607,"chi2n-min":0.111803,"chi2v-min":0.111803,"chi3n-min":0.0,"chi3v-min":0.0,"chi4n-min":0.0,"chi4v-min":0.0,"e-valence-min":16.0,"eccentricity-min":0.977485,"hk-alpha-min":-0.85,"hk-kappa1-min":0.274207,"hk-kappa2-min":1.49,"hk-kappa3-min":1.059403,"ipc-min":12.164797,"isf-min":0.008666,"labuteASA-min":23.711684,"logP-min":0.52988,"molwt-min":41.026549,"molwt-hvy-min":38.029,"nheavy-min":3.0,"npr1-min":0.061887,"npr2-min":0.796463,"pbf-min":0.137658,"pc+-min":0.198658,"pc--min":-0.462666,"pmi1-min":3.364513,"pmi2-min":54.340796,"pmi3-min":54.365216,"rbonds-min":0.0,"rg-min":1.16831,"rpc+-min":0.26526,"rpc--min":0.447433,"spherocity-min":0.060821,"tpsa-min":0.0,"vsa+-min":15.412531,"vsa--min":5.261892,"vsa-fhyd-min":0.922139,"vsa-fneg-min":0.236009,"vsa-fpneg-min":0.0,"vsa-fpos-min":0.27333,"vsa-fppos-min":0.0,"vsa-hyd-min":22.295281,"vsa-polar-min":0.0,"vsa-polar+-min":0.0,"vsa-polar--min":0.0,"MR-max":31.137,"asphericity-max":0.827983,"balabanj-max":3.680736,"bertzct-max":379.775332,"chi0-max":11.964102,"chi0n-max":10.877964,"chi0v-max":3.877964,"chi1-max":6.675426,"chi1n-max":5.438982,"chi1v-max":1.938982,"chi2n-max":1.188982,"chi2v-max":1.188982,"chi3n-max":0.594491,"chi3v-max":0.594491,"chi4n-max":0.297246,"chi4v-max":0.297246,"e-valence-max":42.0,"eccentricity-max":0.998083,"hk-alpha-max":-0.51,"hk-kappa1-max":1.350652,"hk-kappa2-max":1.948262,"hk-kappa3-max":1.49,"ipc-max":1235.837423,"isf-max":0.297086,"labuteASA-max":57.796674,"logP-max":2.13412,"molwt-max":110.053178,"molwt-hvy-max":103.075,"nheavy-max":8.0,"npr1-max":0.211004,"npr2-max":0.999551,"pbf-max":0.313258,"pc+-max":0.462666,"pc--max":-0.198658,"pmi1-max":91.911319,"pmi2-max":346.931029,"pmi3-max":435.589663,"rbonds-max":1.0,"rg-max":1.992477,"rpc+-max":0.295557,"rpc--max":1.0,"spherocity-max":0.444845,"tpsa-max":23.79,"vsa+-max":17.033389,"vsa--max":40.975434,"vsa-fhyd-max":1.0,"vsa-fneg-max":0.72667,"vsa-fpneg-max":0.077861,"vsa-fpos-max":0.763991,"vsa-fppos-max":0.0,"vsa-hyd-max":51.99755,"vsa-polar-max":0.077861,"vsa-polar+-max":0.0,"vsa-polar--max":4.390415,"MR-diff":19.85,"asphericity-diff":0.328369,"balabanj-diff":0.128002,"bertzct-diff":304.000894,"chi0-diff":6.756995,"chi0n-diff":6.43075,"chi0v-diff":2.43075,"chi1-diff":4.114766,"chi1n-diff":3.465375,"chi1v-diff":1.465375,"chi2n-diff":1.077179,"chi2v-diff":1.077179,"chi3n-diff":0.594491,"chi3v-diff":0.594491,"chi4n-diff":0.297246,"chi4v-diff":0.297246,"e-valence-diff":26.0,"eccentricity-diff":0.020598,"hk-alpha-diff":0.34,"hk-kappa1-diff":1.076445,"hk-kappa2-diff":0.458262,"hk-kappa3-diff":0.430597,"ipc-diff":1223.672626,"isf-diff":0.28842,"labuteASA-diff":34.08499,"logP-diff":1.60424,"molwt-diff":69.026629,"molwt-hvy-diff":65.046,"nheavy-diff":5.0,"npr1-diff":0.149117,"npr2-diff":0.203088,"pbf-diff":0.1756,"pc+-diff":0.264008,"pc--diff":0.264008,"pmi1-diff":88.546806,"pmi2-diff":292.590233,"pmi3-diff":381.224447,"rbonds-diff":1.0,"rg-diff":0.824167,"rpc+-diff":0.030297,"rpc--diff":0.552567,"spherocity-diff":0.384024,"tpsa-diff":23.79,"vsa+-diff":1.620858,"vsa--diff":35.713542,"vsa-fhyd-diff":0.077861,"vsa-fneg-diff":0.490661,"vsa-fpneg-diff":0.077861,"vsa-fpos-diff":0.490661,"vsa-fppos-diff":0.0,"vsa-hyd-diff":29.702269,"vsa-polar-diff":0.077861,"vsa-polar+-diff":0.0,"vsa-polar--diff":4.390415,"hbonds":0.0}