{"avg_dipole_moment": 2.49, "max_dipole_moment": 2.89, "min_dipole_moment": 2.09, "max_molecular_weight": 69.0059, "shear_5nN-qq": [0.9459633285371702, 16.270757248225753], "intercept": 0.606207244898834, "shear_15nN-qq": [29.897680075139892, 20.104427971652957], "min_molecular_weight": 66.0811, "delta_molecular_weight": 2.9247999999999905, "ch3-smiles-2": "C1=C(C)NC=C1", "chain-smiles-2": "CCCCCCCCCCCCCCCCCC1=CNC=C1", "tilt_bottom": {"25nN": 41.58597877171105, "5nN": 36.30623008320272, "15nN": 39.427869075858176}, "tilt_top": {"25nN": 39.66596738870499, "5nN": 34.84984927892504, "15nN": 38.06760429599735}, "shear_15nN-lj": [-1464.8455692478017, 52.28103772388043], "h-smiles-1": "C(F)(F)F", "ch3-smiles-1": "CC(F)(F)F", "S2_bottom": {"25nN": 0.984388562151898, "5nN": 0.9843709471687487, "15nN": 0.9803542059274349}, "h-smiles-2": "C1=CNC=C1", "shear_25nN-qq": [41.664112227018386, 19.99159004966485], "COF": 0.13805946395210927, "shear_25nN-lj": [-1549.5461968217428, 43.63833272093296], "S2_top": {"25nN": 0.9641096098710141, "5nN": 0.97686478232967, "15nN": 0.9717974477872456}, "shear_15nN-Etotal": [-1434.947889172662, 55.33887104718224], "shear_5nN-Etotal": [-1236.9070640983214, 51.27115374442168], "shear_25nN-Etotal": [-1507.8820845947241, 47.72893936985126], "avg_molecular_weight": 67.5435, "shear_5nN-lj": [-1237.8530274268585, 48.13874516571382], "delta_dipole_moment": 0.8000000000000003, "status": {"ea084e60b697aee3787562d50199267b-unwrap_shear_15nN": 1, "ea084e60b697aee3787562d50199267b-initialize": 1, "ea084e60b697aee3787562d50199267b-calc_interdigitation": 1, "ea084e60b697aee3787562d50199267b-calc_friction": 1, "ea084e60b697aee3787562d50199267b-log_interaction_energy_25nN": 1, "ea084e60b697aee3787562d50199267b-shear_15nN_rerun": 1, "ea084e60b697aee3787562d50199267b-compress_grompp": 1, "ea084e60b697aee3787562d50199267b-shear_5nN_rerun": 1, "ea084e60b697aee3787562d50199267b-shear_25nN_grompp": 1, "ea084e60b697aee3787562d50199267b-shear_25nN_rerun": 1, "ea084e60b697aee3787562d50199267b-log_S2": 1, "ea084e60b697aee3787562d50199267b-equilibrate_grompp": 1, "ea084e60b697aee3787562d50199267b-minimize": 1, "ea084e60b697aee3787562d50199267b-shear_25nN": 1, "ea084e60b697aee3787562d50199267b-lammps_to_gmx": 1, "ea084e60b697aee3787562d50199267b-equilibrate": 1, "ea084e60b697aee3787562d50199267b-top_to_mol2": 1, "ea084e60b697aee3787562d50199267b-get_interaction_energy_15nN": 1, "ea084e60b697aee3787562d50199267b-log_interaction_energy_5nN": 1, "ea084e60b697aee3787562d50199267b-log_tilt": 1, "ea084e60b697aee3787562d50199267b-shear_25nN_rerun_grompp": 1, "ea084e60b697aee3787562d50199267b-get_interaction_energy_5nN": 1, "ea084e60b697aee3787562d50199267b-log_interaction_energy_15nN": 1, "ea084e60b697aee3787562d50199267b-calc_S2_shear": 1, "ea084e60b697aee3787562d50199267b-log_cof": 1, "ea084e60b697aee3787562d50199267b-get_interaction_energy_25nN": 1, "ea084e60b697aee3787562d50199267b-shear_15nN_grompp": 1, "ea084e60b697aee3787562d50199267b-calc_tilt_shear": 1, "ea084e60b697aee3787562d50199267b-shear_5nN_rerun_grompp": 1, "ea084e60b697aee3787562d50199267b-shear_15nN_rerun_grompp": 1, "ea084e60b697aee3787562d50199267b-unwrap_shear_25nN": 1, "ea084e60b697aee3787562d50199267b-shear_15nN": 1, "ea084e60b697aee3787562d50199267b-minimize_grompp": 1, "ea084e60b697aee3787562d50199267b-fix_overlaps": 1, "ea084e60b697aee3787562d50199267b-shear_5nN_grompp": 1, "ea084e60b697aee3787562d50199267b-unwrap_shear_5nN": 1, "ea084e60b697aee3787562d50199267b-compress": 1, "ea084e60b697aee3787562d50199267b-shear_5nN": 1}, "chain-smiles-1": "CCCCCCCCCCCCCCCCCC(F)(F)F"}