{"shear_15nN-qq": [29.897680075139892, 20.104427971652957], "tilt_bottom": {"15nN": 39.427869075858176, "5nN": 36.30623008320272, "25nN": 41.58597877171105}, "delta_molecular_weight": 2.9247999999999905, "status": {"ea084e60b697aee3787562d50199267b-shear_5nN": 1, "ea084e60b697aee3787562d50199267b-equilibrate_grompp": 1, "ea084e60b697aee3787562d50199267b-log_interaction_energy_15nN": 1, "ea084e60b697aee3787562d50199267b-shear_15nN": 1, "ea084e60b697aee3787562d50199267b-top_to_mol2": 1, "ea084e60b697aee3787562d50199267b-log_tilt": 1, "ea084e60b697aee3787562d50199267b-log_interaction_energy_5nN": 1, "ea084e60b697aee3787562d50199267b-log_cof": 1, "ea084e60b697aee3787562d50199267b-log_interaction_energy_25nN": 1, "ea084e60b697aee3787562d50199267b-calc_interdigitation": 1, "ea084e60b697aee3787562d50199267b-shear_15nN_rerun": 1, "ea084e60b697aee3787562d50199267b-minimize_grompp": 1, "ea084e60b697aee3787562d50199267b-get_interaction_energy_15nN": 1, "ea084e60b697aee3787562d50199267b-shear_25nN_rerun": 1, "ea084e60b697aee3787562d50199267b-shear_5nN_rerun_grompp": 1, "ea084e60b697aee3787562d50199267b-shear_15nN_grompp": 1, "ea084e60b697aee3787562d50199267b-shear_15nN_rerun_grompp": 1, "ea084e60b697aee3787562d50199267b-shear_5nN_rerun": 1, "ea084e60b697aee3787562d50199267b-compress_grompp": 1, "ea084e60b697aee3787562d50199267b-unwrap_shear_5nN": 1, "ea084e60b697aee3787562d50199267b-shear_25nN": 1, "ea084e60b697aee3787562d50199267b-shear_25nN_rerun_grompp": 1, "ea084e60b697aee3787562d50199267b-lammps_to_gmx": 1, "ea084e60b697aee3787562d50199267b-shear_5nN_grompp": 1, "ea084e60b697aee3787562d50199267b-fix_overlaps": 1, "ea084e60b697aee3787562d50199267b-initialize": 1, "ea084e60b697aee3787562d50199267b-calc_S2_shear": 1, "ea084e60b697aee3787562d50199267b-minimize": 1, "ea084e60b697aee3787562d50199267b-calc_tilt_shear": 1, "ea084e60b697aee3787562d50199267b-compress": 1, "ea084e60b697aee3787562d50199267b-get_interaction_energy_5nN": 1, "ea084e60b697aee3787562d50199267b-equilibrate": 1, "ea084e60b697aee3787562d50199267b-calc_friction": 1, "ea084e60b697aee3787562d50199267b-get_interaction_energy_25nN": 1, "ea084e60b697aee3787562d50199267b-log_S2": 1, "ea084e60b697aee3787562d50199267b-shear_25nN_grompp": 1, "ea084e60b697aee3787562d50199267b-unwrap_shear_25nN": 1, "ea084e60b697aee3787562d50199267b-unwrap_shear_15nN": 1}, "interdigitation": {"15nN": 0.13132432751040973, "5nN": 0.09715267572264638, "25nN": 0.10539286461074972}, "intercept": 0.606207244898834, "delta_dipole_moment": 0.8000000000000003, "S2_top": {"15nN": 0.9717974477872456, "5nN": 0.97686478232967, "25nN": 0.9641096098710141}, "shear_25nN-Etotal": [-1507.8820845947241, 47.72893936985126], "avg_dipole_moment": 2.49, "S2_bottom": {"15nN": 0.9803542059274349, "5nN": 0.9843709471687487, "25nN": 0.984388562151898}, "avg_molecular_weight": 67.5435, "shear_15nN-lj": [-1464.8455692478017, 52.28103772388043], "tilt_top": {"15nN": 38.06760429599735, "5nN": 34.84984927892504, "25nN": 39.66596738870499}, "shear_5nN-Etotal": [-1236.9070640983214, 51.27115374442168], "shear_5nN-qq": [0.9459633285371702, 16.270757248225753], "shear_5nN-lj": [-1237.8530274268585, 48.13874516571382], "COF": 0.13805946395210927, "shear_25nN-lj": [-1549.5461968217428, 43.63833272093296], "shear_25nN-qq": [41.664112227018386, 19.99159004966485], "shear_15nN-Etotal": [-1434.947889172662, 55.33887104718224]}