{"shear_15nN-qq": [-1067.0311799320543, 111.57332011370654], "tilt_bottom": {"15nN": 38.53683426340351, "5nN": 34.70279791056395, "25nN": 39.56582291468162}, "delta_molecular_weight": 19.9881, "status": {"ec744db097de519dd495efdb09bcf49e-shear_5nN_grompp": 1, "ec744db097de519dd495efdb09bcf49e-shear_15nN_grompp": 1, "ec744db097de519dd495efdb09bcf49e-log_interaction_energy_25nN": 1, "ec744db097de519dd495efdb09bcf49e-shear_5nN_rerun": 1, "ec744db097de519dd495efdb09bcf49e-equilibrate_grompp": 1, "ec744db097de519dd495efdb09bcf49e-top_to_mol2": 1, "ec744db097de519dd495efdb09bcf49e-shear_5nN_rerun_grompp": 1, "ec744db097de519dd495efdb09bcf49e-equilibrate": 1, "ec744db097de519dd495efdb09bcf49e-shear_25nN": 1, "ec744db097de519dd495efdb09bcf49e-compress": 1, "ec744db097de519dd495efdb09bcf49e-calc_interdigitation": 1, "ec744db097de519dd495efdb09bcf49e-log_tilt": 1, "ec744db097de519dd495efdb09bcf49e-shear_25nN_grompp": 1, "ec744db097de519dd495efdb09bcf49e-unwrap_shear_25nN": 1, "ec744db097de519dd495efdb09bcf49e-log_cof": 1, "ec744db097de519dd495efdb09bcf49e-lammps_to_gmx": 1, "ec744db097de519dd495efdb09bcf49e-shear_15nN_rerun_grompp": 1, "ec744db097de519dd495efdb09bcf49e-fix_overlaps": 1, "ec744db097de519dd495efdb09bcf49e-get_interaction_energy_5nN": 1, "ec744db097de519dd495efdb09bcf49e-log_interaction_energy_5nN": 1, "ec744db097de519dd495efdb09bcf49e-compress_grompp": 1, "ec744db097de519dd495efdb09bcf49e-log_interaction_energy_15nN": 1, "ec744db097de519dd495efdb09bcf49e-get_interaction_energy_15nN": 1, "ec744db097de519dd495efdb09bcf49e-log_S2": 1, "ec744db097de519dd495efdb09bcf49e-get_interaction_energy_25nN": 1, "ec744db097de519dd495efdb09bcf49e-calc_S2_shear": 1, "ec744db097de519dd495efdb09bcf49e-unwrap_shear_5nN": 1, "ec744db097de519dd495efdb09bcf49e-initialize": 1, "ec744db097de519dd495efdb09bcf49e-shear_15nN": 1, "ec744db097de519dd495efdb09bcf49e-minimize": 1, "ec744db097de519dd495efdb09bcf49e-shear_25nN_rerun_grompp": 1, "ec744db097de519dd495efdb09bcf49e-calc_tilt_shear": 1, "ec744db097de519dd495efdb09bcf49e-unwrap_shear_15nN": 1, "ec744db097de519dd495efdb09bcf49e-shear_15nN_rerun": 1, "ec744db097de519dd495efdb09bcf49e-shear_5nN": 1, "ec744db097de519dd495efdb09bcf49e-calc_friction": 1, "ec744db097de519dd495efdb09bcf49e-minimize_grompp": 1, "ec744db097de519dd495efdb09bcf49e-shear_25nN_rerun": 1}, "interdigitation": {"15nN": 0.14147476051090163, "5nN": 0.15425607744653663, "25nN": 0.15197503519452724}, "avg_molecular_weight": 36.011449999999996, "delta_dipole_moment": 0.3999999999999999, "S2_top": {"15nN": 0.9395647839112531, "5nN": 0.9599758852510216, "25nN": 0.9201564768707836}, "shear_25nN-Etotal": [-2852.716348738609, 120.76655806441129], "shear_5nN-Etotal": [-2716.626817928058, 150.94974410469135], "S2_bottom": {"15nN": 0.9437713673865639, "5nN": 0.9405656764411605, "25nN": 0.9389932451701613}, "intercept": 2.499958873375185, "shear_15nN-lj": [-1765.5625938689054, 51.89279233898492], "tilt_top": {"15nN": 38.606981049196335, "5nN": 35.60395587812713, "25nN": 40.00685003553927}, "avg_dipole_moment": 3.6100000000000003, "shear_5nN-qq": [-1078.9116756906471, 119.12355456693675], "shear_5nN-lj": [-1637.71514223741, 55.022699829363845], "COF": 0.08452485892670257, "shear_25nN-lj": [-1842.6834288353314, 48.56035810286952], "shear_25nN-qq": [-1010.0329199032773, 104.19651117190755], "shear_15nN-Etotal": [-2832.5937738009593, 137.32259314042219]}