{"MR-mean":6.1533,"asphericity-mean":0.5285855,"balabanj-mean":2.240186,"bertzct-mean":22.8337485,"chi0-mean":3.495782,"chi0n-mean":2.8623725,"chi0v-mean":0.8623725,"chi1-mean":1.842135,"chi1n-mean":1.066497,"chi1v-mean":0.204124,"chi2n-mean":0.0416665,"chi2v-mean":0.0416665,"chi3n-mean":0.0,"chi3v-mean":0.0,"chi4n-mean":0.0,"chi4v-mean":0.0,"e-valence-mean":13.0,"eccentricity-mean":0.974995,"hk-alpha-mean":-0.285,"hk-kappa1-mean":0.221837,"hk-kappa2-mean":-12.785,"hk-kappa3-mean":-51.285,"ipc-mean":6.203186,"isf-mean":0.7229915,"labuteASA-mean":15.2120655,"logP-mean":-0.56195,"molwt-mean":32.008022,"molwt-hvy-mean":30.004,"nheavy-mean":2.0,"npr1-mean":0.206133,"npr2-mean":0.8030675,"pbf-mean":0.0761755,"pc+-mean":0.5756505,"pc--mean":-0.5756505,"pmi1-mean":3.475294,"pmi2-mean":23.586578,"pmi3-mean":26.590051,"rbonds-mean":0.0,"rg-mean":0.6925045,"rpc+-mean":0.450036,"rpc--mean":0.826759,"spherocity-mean":0.034312,"tpsa-mean":34.4,"vsa+-mean":6.056315,"vsa--mean":7.692049,"vsa-fhyd-mean":0.0357835,"vsa-fneg-mean":0.5869825,"vsa-fpneg-mean":0.5869825,"vsa-fpos-mean":0.4130175,"vsa-fppos-mean":0.377234,"vsa-hyd-mean":0.6853795,"vsa-polar-mean":0.9642165,"vsa-polar+-mean":5.3709355,"vsa-polar--mean":7.692049,"MR-min":3.6138,"asphericity-min":0.38564,"balabanj-min":1.632993,"bertzct-min":2.754888,"chi0-min":2.707107,"chi0n-min":2.408248,"chi0v-min":0.408248,"chi1-min":1.414214,"chi1n-min":0.816497,"chi1v-min":0.0,"chi2n-min":0.0,"chi2v-min":0.0,"chi3n-min":0.0,"chi3v-min":0.0,"chi4n-min":0.0,"chi4v-min":0.0,"e-valence-min":8.0,"eccentricity-min":0.957821,"hk-alpha-min":-0.53,"hk-kappa1-min":0.0004,"hk-kappa2-min":-27.04,"hk-kappa3-min":-104.04,"ipc-min":2.754888,"isf-min":0.139498,"labuteASA-min":9.832513,"logP-min":-0.8247,"molwt-min":18.010565,"molwt-hvy-min":15.999,"nheavy-min":1.0,"npr1-min":0.1249,"npr2-min":0.712634,"pbf-min":0.0,"pc+-min":0.41151,"pc--min":-0.739791,"pmi1-min":0.545459,"pmi2-min":1.352675,"pmi3-min":1.898134,"rbonds-min":0.0,"rg-min":0.324598,"rpc+-min":0.400072,"rpc--min":0.653518,"spherocity-min":0.0,"tpsa-min":31.5,"vsa+-min":2.862399,"vsa--min":5.480753,"vsa-fhyd-min":0.0,"vsa-fneg-min":0.517049,"vsa-fpneg-min":0.517049,"vsa-fpos-min":0.343084,"vsa-fppos-min":0.343084,"vsa-hyd-min":0.0,"vsa-polar-min":0.928433,"vsa-polar+-min":2.862399,"vsa-polar--min":5.480753,"MR-max":8.6928,"asphericity-max":0.671531,"balabanj-max":2.847379,"bertzct-max":42.912609,"chi0-max":4.284457,"chi0n-max":3.316497,"chi0v-max":1.316497,"chi1-max":2.270056,"chi1n-max":1.316497,"chi1v-max":0.408248,"chi2n-max":0.083333,"chi2v-max":0.083333,"chi3n-max":0.0,"chi3v-max":0.0,"chi4n-max":0.0,"chi4v-max":0.0,"e-valence-max":18.0,"eccentricity-max":0.992169,"hk-alpha-max":-0.04,"hk-kappa1-max":0.443274,"hk-kappa2-max":1.47,"hk-kappa3-max":1.47,"ipc-max":9.651484,"isf-max":1.306485,"labuteASA-max":20.591618,"logP-max":-0.2992,"molwt-max":46.005479,"molwt-hvy-max":44.009,"nheavy-max":3.0,"npr1-max":0.287366,"npr2-max":0.893501,"pbf-max":0.152351,"pc+-max":0.739791,"pc--max":-0.41151,"pmi1-max":6.405129,"pmi2-max":45.820481,"pmi3-max":51.281968,"rbonds-max":0.0,"rg-max":1.060411,"rpc+-max":0.5,"rpc--max":1.0,"spherocity-max":0.068624,"tpsa-max":37.3,"vsa+-max":9.250231,"vsa--max":9.903345,"vsa-fhyd-max":0.071567,"vsa-fneg-max":0.656916,"vsa-fpneg-max":0.656916,"vsa-fpos-max":0.482951,"vsa-fppos-max":0.411384,"vsa-hyd-max":1.370759,"vsa-polar-max":1.0,"vsa-polar+-max":7.879472,"vsa-polar--max":9.903345,"MR-diff":5.079,"asphericity-diff":0.285891,"balabanj-diff":1.214386,"bertzct-diff":40.157721,"chi0-diff":1.57735,"chi0n-diff":0.908249,"chi0v-diff":0.908249,"chi1-diff":0.855842,"chi1n-diff":0.5,"chi1v-diff":0.408248,"chi2n-diff":0.083333,"chi2v-diff":0.083333,"chi3n-diff":0.0,"chi3v-diff":0.0,"chi4n-diff":0.0,"chi4v-diff":0.0,"e-valence-diff":10.0,"eccentricity-diff":0.034348,"hk-alpha-diff":0.49,"hk-kappa1-diff":0.442874,"hk-kappa2-diff":28.51,"hk-kappa3-diff":105.51,"ipc-diff":6.896596,"isf-diff":1.166987,"labuteASA-diff":10.759105,"logP-diff":0.5255,"molwt-diff":27.994914,"molwt-hvy-diff":28.01,"nheavy-diff":2.0,"npr1-diff":0.162466,"npr2-diff":0.180867,"pbf-diff":0.152351,"pc+-diff":0.328281,"pc--diff":0.328281,"pmi1-diff":5.85967,"pmi2-diff":44.467806,"pmi3-diff":49.383834,"rbonds-diff":0.0,"rg-diff":0.735813,"rpc+-diff":0.099928,"rpc--diff":0.346482,"spherocity-diff":0.068624,"tpsa-diff":5.8,"vsa+-diff":6.387832,"vsa--diff":4.422592,"vsa-fhyd-diff":0.071567,"vsa-fneg-diff":0.139867,"vsa-fpneg-diff":0.139867,"vsa-fpos-diff":0.139867,"vsa-fppos-diff":0.0683,"vsa-hyd-diff":1.370759,"vsa-polar-diff":0.071567,"vsa-polar+-diff":5.017073,"vsa-polar--diff":4.422592,"hbonds":3.0}