{"tilt_bottom": {"25nN": 40.60172666859808, "5nN": 35.96789453554474, "15nN": 39.03664144300899}, "shear_25nN-qq": [-909.9705003181456, 91.16908425524981], "S2_top": {"25nN": 0.958464063464441, "5nN": 0.9756301930355298, "15nN": 0.9676796459961868}, "shear_5nN-qq": [-719.912034736211, 80.52001521420036], "shear_15nN-Etotal": [-2525.5165091430854, 106.36742053586539], "status": {"b3ab5b6fd564384ec88bf4ac352d5b90-calc_friction": 1, "b3ab5b6fd564384ec88bf4ac352d5b90-shear_5nN": 1, "b3ab5b6fd564384ec88bf4ac352d5b90-initialize": 1, "b3ab5b6fd564384ec88bf4ac352d5b90-log_interaction_energy_5nN": 1, "b3ab5b6fd564384ec88bf4ac352d5b90-log_tilt": 1, "b3ab5b6fd564384ec88bf4ac352d5b90-shear_15nN": 1, "b3ab5b6fd564384ec88bf4ac352d5b90-log_S2": 1, "b3ab5b6fd564384ec88bf4ac352d5b90-shear_15nN_grompp": 1, "b3ab5b6fd564384ec88bf4ac352d5b90-log_interaction_energy_15nN": 1, "b3ab5b6fd564384ec88bf4ac352d5b90-unwrap_shear_15nN": 1, "b3ab5b6fd564384ec88bf4ac352d5b90-top_to_mol2": 1, "b3ab5b6fd564384ec88bf4ac352d5b90-equilibrate_grompp": 1, "b3ab5b6fd564384ec88bf4ac352d5b90-lammps_to_gmx": 1, "b3ab5b6fd564384ec88bf4ac352d5b90-calc_interdigitation": 1, "b3ab5b6fd564384ec88bf4ac352d5b90-get_interaction_energy_5nN": 1, "b3ab5b6fd564384ec88bf4ac352d5b90-shear_15nN_rerun_grompp": 1, "b3ab5b6fd564384ec88bf4ac352d5b90-compress": 1, "b3ab5b6fd564384ec88bf4ac352d5b90-fix_overlaps": 1, "b3ab5b6fd564384ec88bf4ac352d5b90-calc_tilt_shear": 1, "b3ab5b6fd564384ec88bf4ac352d5b90-unwrap_shear_25nN": 1, "b3ab5b6fd564384ec88bf4ac352d5b90-shear_25nN": 1, "b3ab5b6fd564384ec88bf4ac352d5b90-shear_15nN_rerun": 1, "b3ab5b6fd564384ec88bf4ac352d5b90-compress_grompp": 1, "b3ab5b6fd564384ec88bf4ac352d5b90-shear_5nN_grompp": 1, "b3ab5b6fd564384ec88bf4ac352d5b90-shear_25nN_rerun_grompp": 1, "b3ab5b6fd564384ec88bf4ac352d5b90-log_cof": 1, "b3ab5b6fd564384ec88bf4ac352d5b90-equilibrate": 1, "b3ab5b6fd564384ec88bf4ac352d5b90-unwrap_shear_5nN": 1, "b3ab5b6fd564384ec88bf4ac352d5b90-get_interaction_energy_25nN": 1, "b3ab5b6fd564384ec88bf4ac352d5b90-count_hydrogen_bonds": 1, "b3ab5b6fd564384ec88bf4ac352d5b90-shear_5nN_rerun": 1, "b3ab5b6fd564384ec88bf4ac352d5b90-minimize_grompp": 1, "b3ab5b6fd564384ec88bf4ac352d5b90-calc_S2_shear": 1, "b3ab5b6fd564384ec88bf4ac352d5b90-log_interaction_energy_25nN": 1, "b3ab5b6fd564384ec88bf4ac352d5b90-shear_25nN_grompp": 1, "b3ab5b6fd564384ec88bf4ac352d5b90-minimize": 1, "b3ab5b6fd564384ec88bf4ac352d5b90-get_interaction_energy_15nN": 1, "b3ab5b6fd564384ec88bf4ac352d5b90-shear_25nN_rerun": 1, "b3ab5b6fd564384ec88bf4ac352d5b90-shear_5nN_rerun_grompp": 1}, "shear_25nN-lj": [-1745.852635656275, 59.64897299806267], "delta_molecular_weight": 49.073800000000006, "interdigitation": {"25nN": 0.11244467100345831, "5nN": 0.09544530405696286, "15nN": 0.0999521381754818}, "intercept": 2.4261747442779646, "avg_dipole_moment": 2.385, "COF": 0.15562095483793242, "shear_25nN-Etotal": [-2655.8231359744204, 103.56778600942543], "tilt_top": {"25nN": 40.41128281112206, "5nN": 36.55223392877841, "15nN": 38.204046757975085}, "S2_bottom": {"25nN": 0.9657539335087212, "5nN": 0.9663508375817984, "15nN": 0.9728525219109581}, "shear_15nN-qq": [-846.0341927585931, 88.25771749827993], "shear_5nN-Etotal": [-2264.722368696243, 105.18325237072247], "avg_molecular_weight": 41.544200000000004, "delta_dipole_moment": 1.0100000000000002, "shear_15nN-lj": [-1679.4823163844926, 57.014102190574235], "shear_5nN-lj": [-1544.810333960032, 56.14248761707374]}