{"avg_dipole_moment": 2.46, "max_dipole_moment": 2.89, "min_dipole_moment": 2.03, "max_molecular_weight": 95.0942, "shear_5nN-qq": [-148.78994030055955, 33.67451700454228], "intercept": 1.6927052778794058, "shear_15nN-qq": [-207.9769266123101, 35.555050156779245], "min_molecular_weight": 66.0811, "delta_molecular_weight": 29.013099999999994, "ch3-smiles-2": "C1=C(C)NC=C1", "chain-smiles-2": "CCCCCCCCCCCCCCCCCC1=CNC=C1", "tilt_bottom": {"25nN": 37.23474793661885, "5nN": 32.062213058564495, "15nN": 35.00189293281908}, "interdigitation": {"25nN": 0.15760187332670633, "5nN": 0.139741029756544, "15nN": 0.17891870262514672}, "tilt_top": {"25nN": 38.96952776886264, "5nN": 35.06272948417442, "15nN": 38.51345540560581}, "shear_15nN-lj": [-1813.7273447929656, 54.584926005539955], "h-smiles-1": "C1=CC=C(F)C=C1", "S2_top": {"25nN": 0.950747942157593, "5nN": 0.9724443274827813, "15nN": 0.9631586397278447}, "S2_bottom": {"25nN": 0.9354000624647971, "5nN": 0.9529547890050174, "15nN": 0.9296037390301276}, "h-smiles-2": "C1=CNC=C1", "shear_25nN-qq": [-208.90691156594724, 37.67987400517514], "COF": 0.10344004643660325, "shear_25nN-lj": [-1897.18324958753, 52.000175154558264], "ch3-smiles-1": "CC1=CC=C(F)C=C1", "shear_15nN-Etotal": [-2021.7042714052757, 69.50116961551484], "shear_5nN-Etotal": [-1705.300364668265, 74.43918891493033], "shear_25nN-Etotal": [-2106.0901611534773, 65.9228273060443], "avg_molecular_weight": 80.58765, "shear_5nN-lj": [-1556.5104243677058, 57.146437648098924], "delta_dipole_moment": 0.8600000000000003, "status": {"366c40044777442b533188f632cd7a56-equilibrate_grompp": 1, "366c40044777442b533188f632cd7a56-shear_5nN": 1, "366c40044777442b533188f632cd7a56-shear_15nN_rerun": 1, "366c40044777442b533188f632cd7a56-initialize": 1, "366c40044777442b533188f632cd7a56-top_to_mol2": 1, "366c40044777442b533188f632cd7a56-minimize_grompp": 1, "366c40044777442b533188f632cd7a56-log_interaction_energy_5nN": 1, "366c40044777442b533188f632cd7a56-shear_5nN_grompp": 1, "366c40044777442b533188f632cd7a56-unwrap_shear_15nN": 1, "366c40044777442b533188f632cd7a56-minimize": 1, "366c40044777442b533188f632cd7a56-compress": 1, "366c40044777442b533188f632cd7a56-get_interaction_energy_25nN": 1, "366c40044777442b533188f632cd7a56-shear_15nN_rerun_grompp": 1, "366c40044777442b533188f632cd7a56-shear_25nN": 1, "366c40044777442b533188f632cd7a56-log_cof": 1, "366c40044777442b533188f632cd7a56-compress_grompp": 1, "366c40044777442b533188f632cd7a56-unwrap_shear_5nN": 1, "366c40044777442b533188f632cd7a56-shear_5nN_rerun_grompp": 1, "366c40044777442b533188f632cd7a56-calc_interdigitation": 1, "366c40044777442b533188f632cd7a56-log_tilt": 1, "366c40044777442b533188f632cd7a56-unwrap_shear_25nN": 1, "366c40044777442b533188f632cd7a56-log_interaction_energy_25nN": 1, "366c40044777442b533188f632cd7a56-equilibrate": 1, "366c40044777442b533188f632cd7a56-shear_5nN_rerun": 1, "366c40044777442b533188f632cd7a56-log_S2": 1, "366c40044777442b533188f632cd7a56-calc_tilt_shear": 1, "366c40044777442b533188f632cd7a56-calc_S2_shear": 1, "366c40044777442b533188f632cd7a56-fix_overlaps": 1, "366c40044777442b533188f632cd7a56-shear_25nN_grompp": 1, "366c40044777442b533188f632cd7a56-shear_15nN_grompp": 1, "366c40044777442b533188f632cd7a56-log_interaction_energy_15nN": 1, "366c40044777442b533188f632cd7a56-shear_25nN_rerun": 1, "366c40044777442b533188f632cd7a56-shear_15nN": 1, "366c40044777442b533188f632cd7a56-get_interaction_energy_5nN": 1, "366c40044777442b533188f632cd7a56-shear_25nN_rerun_grompp": 1, "366c40044777442b533188f632cd7a56-get_interaction_energy_15nN": 1, "366c40044777442b533188f632cd7a56-calc_friction": 1, "366c40044777442b533188f632cd7a56-lammps_to_gmx": 1}, "chain-smiles-1": "CCCCCCCCCCCCCCCCCC1=CC=C(F)C=C1"}