{"tilt_bottom": {"25nN": 39.64305935867859, "5nN": 34.69831446517453, "15nN": 38.12469841607261}, "shear_25nN-qq": [-114.26253359952037, 23.342687341860383], "S2_top": {"25nN": 0.9530798460508506, "5nN": 0.966874165274887, "15nN": 0.9615817913526321}, "shear_5nN-qq": [-88.03718908553157, 18.807467695884736], "shear_15nN-Etotal": [-1925.36205443725, 51.56622728530157], "S2_bottom": {"25nN": 0.9547257499264513, "5nN": 0.9649868082919175, "15nN": 0.9530346555506064}, "shear_25nN-lj": [-1935.466193946443, 47.573082197908974], "delta_molecular_weight": 18.960399999999996, "intercept": 0.7694371500945429, "avg_dipole_moment": 1.905, "COF": 0.11959665442248565, "shear_25nN-Etotal": [-2049.7287275459635, 51.32760442920504], "tilt_top": {"25nN": 40.06410460409752, "5nN": 35.337132972975176, "15nN": 38.18201213770075}, "status": {"9b1bc19129e9495c9e27bbd394496ce4-get_interaction_energy_15nN": 1, "9b1bc19129e9495c9e27bbd394496ce4-log_interaction_energy_15nN": 1, "9b1bc19129e9495c9e27bbd394496ce4-top_to_mol2": 1, "9b1bc19129e9495c9e27bbd394496ce4-initialize": 1, "9b1bc19129e9495c9e27bbd394496ce4-minimize": 1, "9b1bc19129e9495c9e27bbd394496ce4-log_interaction_energy_25nN": 1, "9b1bc19129e9495c9e27bbd394496ce4-shear_25nN_grompp": 1, "9b1bc19129e9495c9e27bbd394496ce4-shear_15nN_grompp": 1, "9b1bc19129e9495c9e27bbd394496ce4-shear_5nN_rerun": 1, "9b1bc19129e9495c9e27bbd394496ce4-unwrap_shear_5nN": 1, "9b1bc19129e9495c9e27bbd394496ce4-get_interaction_energy_5nN": 1, "9b1bc19129e9495c9e27bbd394496ce4-lammps_to_gmx": 1, "9b1bc19129e9495c9e27bbd394496ce4-compress": 1, "9b1bc19129e9495c9e27bbd394496ce4-calc_friction": 1, "9b1bc19129e9495c9e27bbd394496ce4-get_interaction_energy_25nN": 1, "9b1bc19129e9495c9e27bbd394496ce4-compress_grompp": 1, "9b1bc19129e9495c9e27bbd394496ce4-equilibrate": 1, "9b1bc19129e9495c9e27bbd394496ce4-shear_5nN": 1, "9b1bc19129e9495c9e27bbd394496ce4-shear_15nN_rerun_grompp": 1, "9b1bc19129e9495c9e27bbd394496ce4-shear_5nN_grompp": 1, "9b1bc19129e9495c9e27bbd394496ce4-shear_25nN_rerun": 1, "9b1bc19129e9495c9e27bbd394496ce4-calc_interdigitation": 1, "9b1bc19129e9495c9e27bbd394496ce4-unwrap_shear_25nN": 1, "9b1bc19129e9495c9e27bbd394496ce4-shear_15nN": 1, "9b1bc19129e9495c9e27bbd394496ce4-fix_overlaps": 1, "9b1bc19129e9495c9e27bbd394496ce4-log_cof": 1, "9b1bc19129e9495c9e27bbd394496ce4-log_tilt": 1, "9b1bc19129e9495c9e27bbd394496ce4-minimize_grompp": 1, "9b1bc19129e9495c9e27bbd394496ce4-log_interaction_energy_5nN": 1, "9b1bc19129e9495c9e27bbd394496ce4-log_S2": 1, "9b1bc19129e9495c9e27bbd394496ce4-calc_tilt_shear": 1, "9b1bc19129e9495c9e27bbd394496ce4-shear_25nN_rerun_grompp": 1, "9b1bc19129e9495c9e27bbd394496ce4-unwrap_shear_15nN": 1, "9b1bc19129e9495c9e27bbd394496ce4-shear_15nN_rerun": 1, "9b1bc19129e9495c9e27bbd394496ce4-equilibrate_grompp": 1, "9b1bc19129e9495c9e27bbd394496ce4-shear_25nN": 1, "9b1bc19129e9495c9e27bbd394496ce4-shear_5nN_rerun_grompp": 1, "9b1bc19129e9495c9e27bbd394496ce4-calc_S2_shear": 1}, "shear_15nN-qq": [-103.25171252997602, 22.772912106013482], "shear_5nN-Etotal": [-1670.4579543365305, 50.225450693722564], "avg_molecular_weight": 36.5253, "delta_dipole_moment": 3.81, "shear_15nN-lj": [-1822.1103419072742, 46.820857211926544], "shear_5nN-lj": [-1582.4207652509992, 44.46865161668832]}