{"tilt_bottom": {"25nN": 40.2265950021507, "5nN": 35.273985604101654, "15nN": 38.92721591451414}, "shear_25nN-qq": [-244.25663525339732, 39.76375321833208], "S2_top": {"25nN": 0.8983110850966514, "5nN": 0.9267093236356602, "15nN": 0.9381191353398453}, "shear_5nN-qq": [-212.84624619904076, 36.17783176482226], "shear_15nN-Etotal": [-1953.5103106554755, 69.34242808939722], "status": {"d4538d4a3d125de9cc089b1b14b57ced-unwrap_shear_15nN": 1, "d4538d4a3d125de9cc089b1b14b57ced-get_interaction_energy_5nN": 1, "d4538d4a3d125de9cc089b1b14b57ced-shear_5nN_rerun_grompp": 1, "d4538d4a3d125de9cc089b1b14b57ced-log_interaction_energy_5nN": 1, "d4538d4a3d125de9cc089b1b14b57ced-compress": 1, "d4538d4a3d125de9cc089b1b14b57ced-log_interaction_energy_25nN": 1, "d4538d4a3d125de9cc089b1b14b57ced-calc_interdigitation": 1, "d4538d4a3d125de9cc089b1b14b57ced-calc_friction": 1, "d4538d4a3d125de9cc089b1b14b57ced-get_interaction_energy_25nN": 1, "d4538d4a3d125de9cc089b1b14b57ced-compress_grompp": 1, "d4538d4a3d125de9cc089b1b14b57ced-lammps_to_gmx": 1, "d4538d4a3d125de9cc089b1b14b57ced-shear_25nN_grompp": 1, "d4538d4a3d125de9cc089b1b14b57ced-log_tilt": 1, "d4538d4a3d125de9cc089b1b14b57ced-calc_tilt_shear": 1, "d4538d4a3d125de9cc089b1b14b57ced-equilibrate_grompp": 1, "d4538d4a3d125de9cc089b1b14b57ced-shear_5nN": 1, "d4538d4a3d125de9cc089b1b14b57ced-minimize_grompp": 1, "d4538d4a3d125de9cc089b1b14b57ced-get_interaction_energy_15nN": 1, "d4538d4a3d125de9cc089b1b14b57ced-minimize": 1, "d4538d4a3d125de9cc089b1b14b57ced-shear_25nN_rerun": 1, "d4538d4a3d125de9cc089b1b14b57ced-log_cof": 1, "d4538d4a3d125de9cc089b1b14b57ced-equilibrate": 1, "d4538d4a3d125de9cc089b1b14b57ced-shear_15nN_rerun_grompp": 1, "d4538d4a3d125de9cc089b1b14b57ced-fix_overlaps": 1, "d4538d4a3d125de9cc089b1b14b57ced-top_to_mol2": 1, "d4538d4a3d125de9cc089b1b14b57ced-shear_5nN_rerun": 1, "d4538d4a3d125de9cc089b1b14b57ced-unwrap_shear_5nN": 1, "d4538d4a3d125de9cc089b1b14b57ced-shear_15nN_grompp": 1, "d4538d4a3d125de9cc089b1b14b57ced-unwrap_shear_25nN": 1, "d4538d4a3d125de9cc089b1b14b57ced-shear_15nN_rerun": 1, "d4538d4a3d125de9cc089b1b14b57ced-shear_5nN_grompp": 1, "d4538d4a3d125de9cc089b1b14b57ced-initialize": 1, "d4538d4a3d125de9cc089b1b14b57ced-shear_15nN": 1, "d4538d4a3d125de9cc089b1b14b57ced-shear_25nN_rerun_grompp": 1, "d4538d4a3d125de9cc089b1b14b57ced-log_S2": 1, "d4538d4a3d125de9cc089b1b14b57ced-calc_S2_shear": 1, "d4538d4a3d125de9cc089b1b14b57ced-shear_25nN": 1, "d4538d4a3d125de9cc089b1b14b57ced-log_interaction_energy_15nN": 1}, "shear_25nN-lj": [-1808.0123472390087, 49.37017228279464], "delta_molecular_weight": 52.0497, "interdigitation": {"25nN": 0.15425161851988997, "5nN": 0.15908809021881232, "15nN": 0.15125416489926527}, "intercept": 1.6245256794974916, "avg_dipole_moment": 2.5949999999999998, "COF": 0.10965675172975368, "shear_25nN-Etotal": [-2052.2689824924064, 65.90106263742663], "tilt_top": {"25nN": 37.48369861975263, "5nN": 33.47770194756881, "15nN": 37.26787198369394}, "S2_bottom": {"25nN": 0.9654292086238293, "5nN": 0.963514558064162, "15nN": 0.9709101920723642}, "shear_15nN-qq": [-244.95951251239006, 40.14187336366363], "shear_5nN-Etotal": [-1702.8554553301356, 72.26344650249528], "avg_molecular_weight": 69.06935, "delta_dipole_moment": 1.1300000000000003, "shear_15nN-lj": [-1708.5507981430853, 49.4784804302877], "shear_5nN-lj": [-1490.0092091310953, 54.46512116725352]}