{"shear_15nN-qq": [-178.4047647897682, 25.107764888713533], "tilt_bottom": {"15nN": 37.74291864932074, "5nN": 35.57199738503738, "25nN": 40.47584230680387}, "delta_molecular_weight": 23.0004, "status": {"a35669fa81dca6c6f64c9dbcc6996dae-shear_15nN_grompp": 1, "a35669fa81dca6c6f64c9dbcc6996dae-minimize": 1, "a35669fa81dca6c6f64c9dbcc6996dae-get_interaction_energy_25nN": 1, "a35669fa81dca6c6f64c9dbcc6996dae-log_interaction_energy_15nN": 1, "a35669fa81dca6c6f64c9dbcc6996dae-log_interaction_energy_25nN": 1, "a35669fa81dca6c6f64c9dbcc6996dae-compress": 1, "a35669fa81dca6c6f64c9dbcc6996dae-calc_tilt_shear": 1, "a35669fa81dca6c6f64c9dbcc6996dae-calc_interdigitation": 1, "a35669fa81dca6c6f64c9dbcc6996dae-shear_15nN_rerun": 1, "a35669fa81dca6c6f64c9dbcc6996dae-top_to_mol2": 1, "a35669fa81dca6c6f64c9dbcc6996dae-shear_15nN": 1, "a35669fa81dca6c6f64c9dbcc6996dae-lammps_to_gmx": 1, "a35669fa81dca6c6f64c9dbcc6996dae-log_interaction_energy_5nN": 1, "a35669fa81dca6c6f64c9dbcc6996dae-shear_25nN_rerun": 1, "a35669fa81dca6c6f64c9dbcc6996dae-initialize": 1, "a35669fa81dca6c6f64c9dbcc6996dae-equilibrate_grompp": 1, "a35669fa81dca6c6f64c9dbcc6996dae-shear_5nN_rerun_grompp": 1, "a35669fa81dca6c6f64c9dbcc6996dae-minimize_grompp": 1, "a35669fa81dca6c6f64c9dbcc6996dae-get_interaction_energy_15nN": 1, "a35669fa81dca6c6f64c9dbcc6996dae-calc_S2_shear": 1, "a35669fa81dca6c6f64c9dbcc6996dae-shear_5nN_rerun": 1, "a35669fa81dca6c6f64c9dbcc6996dae-unwrap_shear_25nN": 1, "a35669fa81dca6c6f64c9dbcc6996dae-shear_25nN": 1, "a35669fa81dca6c6f64c9dbcc6996dae-log_S2": 1, "a35669fa81dca6c6f64c9dbcc6996dae-shear_5nN": 1, "a35669fa81dca6c6f64c9dbcc6996dae-unwrap_shear_5nN": 1, "a35669fa81dca6c6f64c9dbcc6996dae-fix_overlaps": 1, "a35669fa81dca6c6f64c9dbcc6996dae-shear_25nN_grompp": 1, "a35669fa81dca6c6f64c9dbcc6996dae-shear_25nN_rerun_grompp": 1, "a35669fa81dca6c6f64c9dbcc6996dae-compress_grompp": 1, "a35669fa81dca6c6f64c9dbcc6996dae-log_tilt": 1, "a35669fa81dca6c6f64c9dbcc6996dae-unwrap_shear_15nN": 1, "a35669fa81dca6c6f64c9dbcc6996dae-equilibrate": 1, "a35669fa81dca6c6f64c9dbcc6996dae-log_cof": 1, "a35669fa81dca6c6f64c9dbcc6996dae-get_interaction_energy_5nN": 1, "a35669fa81dca6c6f64c9dbcc6996dae-shear_15nN_rerun_grompp": 1, "a35669fa81dca6c6f64c9dbcc6996dae-calc_friction": 1, "a35669fa81dca6c6f64c9dbcc6996dae-shear_5nN_grompp": 1}, "interdigitation": {"15nN": 0.120444120964298, "5nN": 0.13555853420274366, "25nN": 0.11242798609020878}, "avg_molecular_weight": 57.5057, "delta_dipole_moment": 1.7200000000000002, "S2_top": {"15nN": 0.9662534405899186, "5nN": 0.9579698320278663, "25nN": 0.9616226398207184}, "shear_25nN-Etotal": [-1886.0594868888888, 60.67684190257565], "avg_dipole_moment": 2.95, "S2_bottom": {"15nN": 0.958875215491617, "5nN": 0.971195980571759, "25nN": 0.9586769821228457}, "intercept": 0.9563357665470669, "shear_15nN-lj": [-1582.0798129976017, 45.45600478364207], "tilt_top": {"15nN": 38.27520416564942, "5nN": 34.49572892010493, "25nN": 40.36419942320787}, "shear_5nN-Etotal": [-1496.5498627745803, 59.12235035222162], "shear_5nN-qq": [-109.43669579376498, 22.166425922770497], "shear_5nN-lj": [-1387.113166980815, 48.011914936875826], "COF": 0.12139309654251079, "shear_25nN-lj": [-1677.173276525979, 50.67505846420017], "shear_25nN-qq": [-208.88621036290968, 26.172770568328144], "shear_15nN-Etotal": [-1760.48457778737, 55.88968778436445]}