{"MR-mean":8.5054,"asphericity-mean":0.644789,"balabanj-mean":2.677993,"bertzct-mean":23.783816,"chi0-mean":3.957107,"chi0n-mean":3.085979,"chi0v-mean":1.085979,"chi1-mean":1.987437,"chi1n-mean":1.23876,"chi1v-mean":0.284636,"chi2n-mean":0.037268,"chi2v-mean":0.037268,"chi3n-mean":0.0,"chi3v-mean":0.0,"chi4n-mean":0.0,"chi4v-mean":0.0,"e-valence-mean":15.5,"eccentricity-mean":0.988288,"hk-alpha-mean":-0.32,"hk-kappa1-mean":1.236712,"hk-kappa2-mean":1.18,"hk-kappa3-mean":-12.82,"ipc-mean":7.4598425,"isf-mean":0.235532,"labuteASA-mean":18.028675,"logP-mean":-0.40255,"molwt-mean":39.009559,"molwt-hvy-mean":37.0075,"nheavy-mean":2.5,"npr1-mean":0.1421635,"npr2-mean":0.9383105,"pbf-mean":0.1670225,"pc+-mean":0.3934205,"pc--mean":-0.3934205,"pmi1-mean":3.9836495,"pmi2-mean":30.5601075,"pmi3-mean":32.9146955,"rbonds-mean":0.5,"rg-mean":0.9108215,"rpc+-mean":0.7622795,"rpc--mean":0.75,"spherocity-mean":0.2794585,"tpsa-mean":37.23,"vsa+-mean":8.960809,"vsa--mean":7.611563,"vsa-fhyd-mean":0.6423805,"vsa-fneg-mean":0.471625,"vsa-fpneg-mean":0.1443965,"vsa-fpos-mean":0.528375,"vsa-fppos-mean":0.213223,"vsa-hyd-mean":10.632273,"vsa-polar-mean":0.3576195,"vsa-polar+-mean":3.385695,"vsa-polar--mean":2.554404,"MR-min":8.1428,"asphericity-min":0.52853,"balabanj-min":2.187496,"bertzct-min":10.264663,"chi0-min":2.707107,"chi0n-min":1.26371,"chi0v-min":0.908248,"chi1-min":1.414214,"chi1n-min":0.365148,"chi1v-min":0.204124,"chi2n-min":0.0,"chi2v-min":0.0,"chi3n-min":0.0,"chi3v-min":0.0,"chi4n-min":0.0,"chi4v-min":0.0,"e-valence-min":14.0,"eccentricity-min":0.980391,"hk-alpha-min":-0.6,"hk-kappa1-min":0.073424,"hk-kappa2-min":0.96,"hk-kappa3-min":-27.04,"ipc-min":2.754888,"isf-min":0.229439,"labuteASA-min":16.817313,"logP-min":-0.4136,"molwt-min":32.026215,"molwt-hvy-min":28.01,"nheavy-min":2.0,"npr1-min":0.087266,"npr2-min":0.912734,"pbf-min":0.0,"pc+-min":0.387211,"pc--min":-0.39963,"pmi1-min":3.978115,"pmi2-min":19.512363,"pmi3-min":20.243424,"rbonds-min":0.0,"rg-min":0.826208,"rpc+-min":0.524559,"rpc--min":0.5,"spherocity-min":0.0,"tpsa-min":20.23,"vsa+-min":5.34019,"vsa--min":5.108808,"vsa-fhyd-min":0.630304,"vsa-fneg-min":0.288793,"vsa-fpneg-min":0.0,"vsa-fpos-min":0.345543,"vsa-fppos-min":0.080903,"vsa-hyd-min":10.114318,"vsa-polar-min":0.345543,"vsa-polar+-min":1.4312,"vsa-polar--min":0.0,"MR-max":8.868,"asphericity-max":0.761048,"balabanj-max":3.16849,"bertzct-max":37.302969,"chi0-max":5.207107,"chi0n-max":4.908248,"chi0v-max":1.26371,"chi1-max":2.56066,"chi1n-max":2.112372,"chi1v-max":0.365148,"chi2n-max":0.074536,"chi2v-max":0.074536,"chi3n-max":0.0,"chi3v-max":0.0,"chi4n-max":0.0,"chi4v-max":0.0,"e-valence-max":17.0,"eccentricity-max":0.996185,"hk-alpha-max":-0.04,"hk-kappa1-max":2.4,"hk-kappa2-max":1.4,"hk-kappa3-max":1.4,"ipc-max":12.164797,"isf-max":0.241625,"labuteASA-max":19.240037,"logP-max":-0.3915,"molwt-max":45.992903,"molwt-hvy-max":46.005,"nheavy-max":3.0,"npr1-max":0.197061,"npr2-max":0.963887,"pbf-max":0.334045,"pc+-max":0.39963,"pc--max":-0.387211,"pmi1-max":3.989184,"pmi2-max":41.607852,"pmi3-max":45.585967,"rbonds-max":1.0,"rg-max":0.995435,"rpc+-max":1.0,"rpc--max":1.0,"spherocity-max":0.558917,"tpsa-max":54.23,"vsa+-max":12.581428,"vsa--max":10.114318,"vsa-fhyd-max":0.654457,"vsa-fneg-max":0.654457,"vsa-fpneg-max":0.288793,"vsa-fpos-max":0.711207,"vsa-fppos-max":0.345543,"vsa-hyd-max":11.150228,"vsa-polar-max":0.369696,"vsa-polar+-max":5.34019,"vsa-polar--max":5.108808,"MR-diff":0.7252,"asphericity-diff":0.232518,"balabanj-diff":0.980994,"bertzct-diff":27.038306,"chi0-diff":2.5,"chi0n-diff":3.644538,"chi0v-diff":0.355462,"chi1-diff":1.146446,"chi1n-diff":1.747224,"chi1v-diff":0.161024,"chi2n-diff":0.074536,"chi2v-diff":0.074536,"chi3n-diff":0.0,"chi3v-diff":0.0,"chi4n-diff":0.0,"chi4v-diff":0.0,"e-valence-diff":3.0,"eccentricity-diff":0.015794,"hk-alpha-diff":0.56,"hk-kappa1-diff":2.326576,"hk-kappa2-diff":0.44,"hk-kappa3-diff":28.44,"ipc-diff":9.409909,"isf-diff":0.012186,"labuteASA-diff":2.422724,"logP-diff":0.0221,"molwt-diff":13.966688,"molwt-hvy-diff":17.995,"nheavy-diff":1.0,"npr1-diff":0.109795,"npr2-diff":0.051153,"pbf-diff":0.334045,"pc+-diff":0.012419,"pc--diff":0.012419,"pmi1-diff":0.011069,"pmi2-diff":22.095489,"pmi3-diff":25.342543,"rbonds-diff":1.0,"rg-diff":0.169227,"rpc+-diff":0.475441,"rpc--diff":0.5,"spherocity-diff":0.558917,"tpsa-diff":34.0,"vsa+-diff":7.241238,"vsa--diff":5.00551,"vsa-fhyd-diff":0.024153,"vsa-fneg-diff":0.365664,"vsa-fpneg-diff":0.288793,"vsa-fpos-diff":0.365664,"vsa-fppos-diff":0.26464,"vsa-hyd-diff":1.03591,"vsa-polar-diff":0.024153,"vsa-polar+-diff":3.90899,"vsa-polar--diff":5.108808,"hbonds":0.0}