{"avg_dipole_moment": 2.745, "max_dipole_moment": 3.81, "min_dipole_moment": 1.68, "max_molecular_weight": 46.0055, "shear_5nN-qq": [-332.0046892478017, 42.66813976695263], "intercept": 1.4187843252350958, "shear_15nN-qq": [-376.5736277777778, 47.66237250683782], "min_molecular_weight": 31.0338, "delta_molecular_weight": 14.971699999999998, "ch3-smiles-2": "C[N+](=O)[O-]", "chain-smiles-2": "CCCCCCCCCCCCCCCCC[N+](=O)[O-]", "tilt_bottom": {"25nN": 40.9308472989269, "5nN": 36.77292078968763, "15nN": 40.0440103416078}, "interdigitation": {"25nN": 0.12029276994456477, "5nN": 0.11054780662865955, "15nN": 0.11447268149224357}, "tilt_top": {"25nN": 41.07702301887129, "5nN": 35.74038734054789, "15nN": 39.2795194826399}, "shear_15nN-lj": [-1835.708704323741, 48.95034226417341], "h-smiles-1": "OC", "S2_top": {"25nN": 0.9644488144024318, "5nN": 0.9605206772337757, "15nN": 0.9680759739816142}, "S2_bottom": {"25nN": 0.9642166533110745, "5nN": 0.9730510028446401, "15nN": 0.9708790200634108}, "h-smiles-2": "[N+](=O)[O-]", "shear_25nN-qq": [-414.93338814068744, 51.28858232423738], "COF": 0.16010299104646725, "shear_25nN-lj": [-1950.6080855067944, 52.03854645847303], "ch3-smiles-1": "COC", "shear_15nN-Etotal": [-2212.2823321015185, 74.54588499553854], "shear_5nN-Etotal": [-1952.905080063949, 77.02661189199078], "shear_25nN-Etotal": [-2365.5414736474822, 80.61406244618142], "avg_molecular_weight": 38.51965, "shear_5nN-lj": [-1620.9003908161471, 51.46090050389113], "delta_dipole_moment": 2.13, "status": {"08594c9775a485193e4f790465b83de4-shear_5nN_grompp": 1, "08594c9775a485193e4f790465b83de4-shear_25nN_rerun": 1, "08594c9775a485193e4f790465b83de4-lammps_to_gmx": 1, "08594c9775a485193e4f790465b83de4-compress_grompp": 1, "08594c9775a485193e4f790465b83de4-equilibrate_grompp": 1, "08594c9775a485193e4f790465b83de4-fix_overlaps": 1, "08594c9775a485193e4f790465b83de4-shear_5nN_rerun": 1, "08594c9775a485193e4f790465b83de4-shear_5nN_rerun_grompp": 1, "08594c9775a485193e4f790465b83de4-shear_25nN_rerun_grompp": 1, "08594c9775a485193e4f790465b83de4-calc_tilt_shear": 1, "08594c9775a485193e4f790465b83de4-log_interaction_energy_5nN": 1, "08594c9775a485193e4f790465b83de4-minimize": 1, "08594c9775a485193e4f790465b83de4-minimize_grompp": 1, "08594c9775a485193e4f790465b83de4-calc_interdigitation": 1, "08594c9775a485193e4f790465b83de4-shear_15nN_rerun": 1, "08594c9775a485193e4f790465b83de4-log_S2": 1, "08594c9775a485193e4f790465b83de4-get_interaction_energy_25nN": 1, "08594c9775a485193e4f790465b83de4-log_tilt": 1, "08594c9775a485193e4f790465b83de4-shear_25nN": 1, "08594c9775a485193e4f790465b83de4-shear_5nN": 1, "08594c9775a485193e4f790465b83de4-shear_15nN_rerun_grompp": 1, "08594c9775a485193e4f790465b83de4-top_to_mol2": 1, "08594c9775a485193e4f790465b83de4-shear_15nN": 1, "08594c9775a485193e4f790465b83de4-compress": 1, "08594c9775a485193e4f790465b83de4-unwrap_shear_25nN": 1, "08594c9775a485193e4f790465b83de4-initialize": 1, "08594c9775a485193e4f790465b83de4-log_interaction_energy_25nN": 1, "08594c9775a485193e4f790465b83de4-log_cof": 1, "08594c9775a485193e4f790465b83de4-get_interaction_energy_15nN": 1, "08594c9775a485193e4f790465b83de4-calc_S2_shear": 1, "08594c9775a485193e4f790465b83de4-shear_25nN_grompp": 1, "08594c9775a485193e4f790465b83de4-unwrap_shear_15nN": 1, "08594c9775a485193e4f790465b83de4-get_interaction_energy_5nN": 1, "08594c9775a485193e4f790465b83de4-unwrap_shear_5nN": 1, "08594c9775a485193e4f790465b83de4-log_interaction_energy_15nN": 1, "08594c9775a485193e4f790465b83de4-calc_friction": 1, "08594c9775a485193e4f790465b83de4-shear_15nN_grompp": 1, "08594c9775a485193e4f790465b83de4-equilibrate": 1}, "chain-smiles-1": "CCCCCCCCCCCCCCCCCOC"}