{"MR-mean":7.99,"asphericity-mean":0.4635515,"balabanj-mean":2.605606,"bertzct-mean":16.3145955,"chi0-mean":3.6035535,"chi0n-mean":1.9488015,"chi0v-mean":1.4488015,"chi1-mean":1.707107,"chi1n-mean":0.7160475,"chi1v-mean":0.4660475,"chi2n-mean":0.144411,"chi2v-mean":0.144411,"chi3n-mean":0.0,"chi3v-mean":0.0,"chi4n-mean":0.0,"chi4v-mean":0.0,"e-valence-mean":21.5,"eccentricity-mean":0.918431,"hk-alpha-mean":-0.405,"hk-kappa1-mean":2.226926,"hk-kappa2-mean":1.2742115,"hk-kappa3-mean":13.365975,"ipc-mean":3.182264,"isf-mean":0.1118515,"labuteASA-mean":19.7290705,"logP-mean":0.38245,"molwt-mean":57.997969,"molwt-hvy-mean":57.505,"nheavy-mean":3.5,"npr1-mean":0.3176445,"npr2-mean":0.731742,"pbf-mean":0.246619,"pc+-mean":0.4549415,"pc--mean":-0.4549415,"pmi1-mean":27.587431,"pmi2-mean":46.6082165,"pmi3-mean":69.5426435,"rbonds-mean":0.0,"rg-mean":1.0879605,"rpc+-mean":0.862202,"rpc--mean":0.4166665,"spherocity-mean":0.413456,"tpsa-mean":27.115,"vsa+-mean":6.6831075,"vsa--mean":11.6427815,"vsa-fhyd-mean":0.6702445,"vsa-fneg-mean":0.637911,"vsa-fpneg-mean":0.0,"vsa-fpos-mean":0.362089,"vsa-fppos-mean":0.3297555,"vsa-hyd-mean":12.328161,"vsa-polar-mean":0.3297555,"vsa-polar+-mean":5.997728,"vsa-polar--mean":0.0,"MR-min":7.112,"asphericity-min":0.184607,"balabanj-min":2.187496,"bertzct-min":10.264663,"chi0-min":2.707107,"chi0n-min":1.26371,"chi0v-min":1.26371,"chi1-min":1.414214,"chi1n-min":0.365148,"chi1v-min":0.365148,"chi2n-min":0.074536,"chi2v-min":0.074536,"chi3n-min":0.0,"chi3v-min":0.0,"chi4n-min":0.0,"chi4v-min":0.0,"e-valence-min":17.0,"eccentricity-min":0.841368,"hk-alpha-min":-0.6,"hk-kappa1-min":2.053852,"hk-kappa2-min":1.148423,"hk-kappa3-min":1.4,"ipc-min":2.754888,"isf-min":0.010964,"labuteASA-min":16.817313,"logP-min":-0.4136,"molwt-min":45.992903,"molwt-hvy-min":46.005,"nheavy-min":3.0,"npr1-min":0.094827,"npr2-min":0.558311,"pbf-min":0.0,"pc+-min":0.387211,"pc--min":-0.522672,"pmi1-min":4.254849,"pmi2-min":40.614761,"pmi3-min":44.869609,"rbonds-min":0.0,"rg-min":0.987583,"rpc+-min":0.724404,"rpc--min":0.333333,"spherocity-min":0.0,"tpsa-min":0.0,"vsa+-min":5.34019,"vsa--min":10.114318,"vsa-fhyd-min":0.654457,"vsa-fneg-min":0.621365,"vsa-fpneg-min":0.0,"vsa-fpos-min":0.345543,"vsa-fppos-min":0.313968,"vsa-hyd-min":10.114318,"vsa-polar-min":0.313968,"vsa-polar+-min":5.34019,"vsa-polar--min":0.0,"MR-max":8.868,"asphericity-max":0.742496,"balabanj-max":3.023716,"bertzct-max":22.364528,"chi0-max":4.5,"chi0n-max":2.633893,"chi0v-max":1.633893,"chi1-max":2.0,"chi1n-max":1.066947,"chi1v-max":0.566947,"chi2n-max":0.214286,"chi2v-max":0.214286,"chi3n-max":0.0,"chi3v-max":0.0,"chi4n-max":0.0,"chi4v-max":0.0,"e-valence-max":26.0,"eccentricity-max":0.995494,"hk-alpha-max":-0.21,"hk-kappa1-max":2.4,"hk-kappa2-max":1.4,"hk-kappa3-max":25.33195,"ipc-max":3.60964,"isf-max":0.212739,"labuteASA-max":22.640828,"logP-max":1.1785,"molwt-max":70.003035,"molwt-hvy-max":69.005,"nheavy-max":4.0,"npr1-max":0.540462,"npr2-max":0.905173,"pbf-max":0.493238,"pc+-max":0.522672,"pc--max":-0.387211,"pmi1-max":50.920013,"pmi2-max":52.601672,"pmi3-max":94.215678,"rbonds-max":0.0,"rg-max":1.188338,"rpc+-max":1.0,"rpc--max":0.5,"spherocity-max":0.826912,"tpsa-max":54.23,"vsa+-max":8.026025,"vsa--max":13.171245,"vsa-fhyd-max":0.686032,"vsa-fneg-max":0.654457,"vsa-fpneg-max":0.0,"vsa-fpos-max":0.378635,"vsa-fppos-max":0.345543,"vsa-hyd-max":14.542004,"vsa-polar-max":0.345543,"vsa-polar+-max":6.655266,"vsa-polar--max":0.0,"MR-diff":1.756,"asphericity-diff":0.557889,"balabanj-diff":0.83622,"bertzct-diff":12.099865,"chi0-diff":1.792893,"chi0n-diff":1.370183,"chi0v-diff":0.370183,"chi1-diff":0.585786,"chi1n-diff":0.701799,"chi1v-diff":0.201799,"chi2n-diff":0.13975,"chi2v-diff":0.13975,"chi3n-diff":0.0,"chi3v-diff":0.0,"chi4n-diff":0.0,"chi4v-diff":0.0,"e-valence-diff":9.0,"eccentricity-diff":0.154126,"hk-alpha-diff":0.39,"hk-kappa1-diff":0.346148,"hk-kappa2-diff":0.251577,"hk-kappa3-diff":23.93195,"ipc-diff":0.854752,"isf-diff":0.201775,"labuteASA-diff":5.823515,"logP-diff":1.5921,"molwt-diff":24.010132,"molwt-hvy-diff":23.0,"nheavy-diff":1.0,"npr1-diff":0.445635,"npr2-diff":0.346862,"pbf-diff":0.493238,"pc+-diff":0.135461,"pc--diff":0.135461,"pmi1-diff":46.665164,"pmi2-diff":11.986911,"pmi3-diff":49.346069,"rbonds-diff":0.0,"rg-diff":0.200755,"rpc+-diff":0.275596,"rpc--diff":0.166667,"spherocity-diff":0.826912,"tpsa-diff":54.23,"vsa+-diff":2.685835,"vsa--diff":3.056927,"vsa-fhyd-diff":0.031575,"vsa-fneg-diff":0.033092,"vsa-fpneg-diff":0.0,"vsa-fpos-diff":0.033092,"vsa-fppos-diff":0.031575,"vsa-hyd-diff":4.427686,"vsa-polar-diff":0.031575,"vsa-polar+-diff":1.315076,"vsa-polar--diff":0.0,"hbonds":0.0}