{"avg_dipole_moment": 2.95, "max_dipole_moment": 3.81, "min_dipole_moment": 2.09, "max_molecular_weight": 69.0059, "shear_5nN-qq": [-120.7892210767386, 21.37649575546084], "intercept": 1.0549886779791506, "shear_15nN-qq": [-176.28952573780975, 26.73425541861784], "min_molecular_weight": 46.0055, "delta_molecular_weight": 23.0004, "ch3-smiles-2": "CC(F)(F)F", "chain-smiles-2": "CCCCCCCCCCCCCCCCCC(F)(F)F", "tilt_bottom": {"25nN": 41.075066556767055, "5nN": 35.16083392550319, "15nN": 39.20034461627586}, "interdigitation": {"25nN": 0.15833320580960192, "5nN": 0.15769138187336157, "15nN": 0.17117246775948186}, "tilt_top": {"25nN": 40.269410986294425, "5nN": 34.15740624068812, "15nN": 37.48454770867113}, "shear_15nN-lj": [-1620.9027938705035, 47.86729981915078], "h-smiles-1": "[N+](=O)[O-]", "S2_top": {"25nN": 0.9570322524627872, "5nN": 0.9665640888871264, "15nN": 0.9381179984822785}, "S2_bottom": {"25nN": 0.9623011744172889, "5nN": 0.9476199785780878, "15nN": 0.9595169220111328}, "h-smiles-2": "C(F)(F)F", "shear_25nN-qq": [-222.41510922302157, 27.376081139421863], "COF": 0.12601042526100306, "shear_25nN-lj": [-1691.9485239848123, 46.822813244224086], "ch3-smiles-1": "C[N+](=O)[O-]", "shear_15nN-Etotal": [-1797.1923196083135, 56.47491055511006], "shear_5nN-Etotal": [-1513.152327171063, 61.41356770279651], "shear_25nN-Etotal": [-1914.3636332078338, 56.37249995489023], "avg_molecular_weight": 57.5057, "shear_5nN-lj": [-1392.3631060943244, 51.495147308299394], "delta_dipole_moment": 1.7200000000000002, "status": {"696e50de65ca2c48cf6cf6eb1c80e55c-log_cof": 1, "696e50de65ca2c48cf6cf6eb1c80e55c-shear_15nN": 1, "696e50de65ca2c48cf6cf6eb1c80e55c-get_interaction_energy_5nN": 1, "696e50de65ca2c48cf6cf6eb1c80e55c-shear_15nN_grompp": 1, "696e50de65ca2c48cf6cf6eb1c80e55c-shear_5nN_rerun": 1, "696e50de65ca2c48cf6cf6eb1c80e55c-calc_interdigitation": 1, "696e50de65ca2c48cf6cf6eb1c80e55c-shear_5nN_rerun_grompp": 1, "696e50de65ca2c48cf6cf6eb1c80e55c-unwrap_shear_25nN": 1, "696e50de65ca2c48cf6cf6eb1c80e55c-shear_25nN_rerun_grompp": 1, "696e50de65ca2c48cf6cf6eb1c80e55c-shear_5nN_grompp": 1, "696e50de65ca2c48cf6cf6eb1c80e55c-minimize": 1, "696e50de65ca2c48cf6cf6eb1c80e55c-compress": 1, "696e50de65ca2c48cf6cf6eb1c80e55c-compress_grompp": 1, "696e50de65ca2c48cf6cf6eb1c80e55c-shear_25nN_rerun": 1, "696e50de65ca2c48cf6cf6eb1c80e55c-shear_25nN": 1, "696e50de65ca2c48cf6cf6eb1c80e55c-top_to_mol2": 1, "696e50de65ca2c48cf6cf6eb1c80e55c-calc_tilt_shear": 1, "696e50de65ca2c48cf6cf6eb1c80e55c-initialize": 1, "696e50de65ca2c48cf6cf6eb1c80e55c-minimize_grompp": 1, "696e50de65ca2c48cf6cf6eb1c80e55c-log_interaction_energy_15nN": 1, "696e50de65ca2c48cf6cf6eb1c80e55c-log_S2": 1, "696e50de65ca2c48cf6cf6eb1c80e55c-log_interaction_energy_25nN": 1, "696e50de65ca2c48cf6cf6eb1c80e55c-equilibrate": 1, "696e50de65ca2c48cf6cf6eb1c80e55c-calc_friction": 1, "696e50de65ca2c48cf6cf6eb1c80e55c-shear_5nN": 1, "696e50de65ca2c48cf6cf6eb1c80e55c-calc_S2_shear": 1, "696e50de65ca2c48cf6cf6eb1c80e55c-shear_25nN_grompp": 1, "696e50de65ca2c48cf6cf6eb1c80e55c-equilibrate_grompp": 1, "696e50de65ca2c48cf6cf6eb1c80e55c-get_interaction_energy_25nN": 1, "696e50de65ca2c48cf6cf6eb1c80e55c-shear_15nN_rerun_grompp": 1, "696e50de65ca2c48cf6cf6eb1c80e55c-fix_overlaps": 1, "696e50de65ca2c48cf6cf6eb1c80e55c-log_tilt": 1, "696e50de65ca2c48cf6cf6eb1c80e55c-get_interaction_energy_15nN": 1, "696e50de65ca2c48cf6cf6eb1c80e55c-lammps_to_gmx": 1, "696e50de65ca2c48cf6cf6eb1c80e55c-shear_15nN_rerun": 1, "696e50de65ca2c48cf6cf6eb1c80e55c-log_interaction_energy_5nN": 1, "696e50de65ca2c48cf6cf6eb1c80e55c-unwrap_shear_5nN": 1, "696e50de65ca2c48cf6cf6eb1c80e55c-unwrap_shear_15nN": 1}, "chain-smiles-1": "CCCCCCCCCCCCCCCCC[N+](=O)[O-]"}