{"avg_dipole_moment": 1.45, "max_dipole_moment": 2.89, "min_dipole_moment": 0.01, "max_molecular_weight": 66.0811, "shear_5nN-qq": [-26.049195729816145, 9.171811923883492], "intercept": 0.8482832516082395, "shear_15nN-qq": [-4.157083539568346, 13.643606135558645], "min_molecular_weight": 43.0874, "delta_molecular_weight": 22.993700000000004, "ch3-smiles-2": "C1=C(C)NC=C1", "chain-smiles-2": "CCCCCCCCCCCCCCCCCC1=CNC=C1", "tilt_bottom": {"25nN": 37.249523801105866, "5nN": 32.71497735702123, "15nN": 34.724095257617655}, "interdigitation": {"25nN": 0.15662386517290505, "5nN": 0.10792829040874857, "15nN": 0.11738563098822283}, "tilt_top": {"25nN": 39.73860895598962, "5nN": 34.87592828730567, "15nN": 37.53315832039803}, "shear_15nN-lj": [-1665.8452550583534, 49.04418417905944], "h-smiles-1": "C(C)C", "S2_top": {"25nN": 0.9557391200426819, "5nN": 0.9587417190668711, "15nN": 0.9462103865592582}, "S2_bottom": {"25nN": 0.8979704699589863, "5nN": 0.9150544521317029, "15nN": 0.892750354732012}, "h-smiles-2": "C1=CNC=C1", "shear_25nN-qq": [26.98206438848921, 13.341419064051479], "COF": 0.13773942552069213, "shear_25nN-lj": [-1790.6289806027178, 51.562993661924374], "ch3-smiles-1": "CC(C)C", "shear_15nN-Etotal": [-1670.0023385979218, 48.985531820992286], "shear_5nN-Etotal": [-1423.6011145315747, 51.91057190282717], "shear_25nN-Etotal": [-1763.6469162142284, 49.94408899961157], "avg_molecular_weight": 54.584250000000004, "shear_5nN-lj": [-1397.5519188017588, 51.592809874364306], "delta_dipole_moment": 2.8800000000000003, "status": {"f9f6e581f33eb6cf678544735cc749e0-shear_15nN_rerun": 1, "f9f6e581f33eb6cf678544735cc749e0-log_cof": 1, "f9f6e581f33eb6cf678544735cc749e0-shear_5nN": 1, "f9f6e581f33eb6cf678544735cc749e0-shear_25nN_rerun_grompp": 1, "f9f6e581f33eb6cf678544735cc749e0-equilibrate_grompp": 1, "f9f6e581f33eb6cf678544735cc749e0-shear_25nN_grompp": 1, "f9f6e581f33eb6cf678544735cc749e0-get_interaction_energy_5nN": 1, "f9f6e581f33eb6cf678544735cc749e0-equilibrate": 1, "f9f6e581f33eb6cf678544735cc749e0-log_interaction_energy_5nN": 1, "f9f6e581f33eb6cf678544735cc749e0-log_interaction_energy_25nN": 1, "f9f6e581f33eb6cf678544735cc749e0-calc_S2_shear": 1, "f9f6e581f33eb6cf678544735cc749e0-unwrap_shear_5nN": 1, "f9f6e581f33eb6cf678544735cc749e0-minimize_grompp": 1, "f9f6e581f33eb6cf678544735cc749e0-fix_overlaps": 1, "f9f6e581f33eb6cf678544735cc749e0-log_tilt": 1, "f9f6e581f33eb6cf678544735cc749e0-get_interaction_energy_15nN": 1, "f9f6e581f33eb6cf678544735cc749e0-calc_interdigitation": 1, "f9f6e581f33eb6cf678544735cc749e0-top_to_mol2": 1, "f9f6e581f33eb6cf678544735cc749e0-minimize": 1, "f9f6e581f33eb6cf678544735cc749e0-log_S2": 1, "f9f6e581f33eb6cf678544735cc749e0-shear_15nN": 1, "f9f6e581f33eb6cf678544735cc749e0-compress_grompp": 1, "f9f6e581f33eb6cf678544735cc749e0-shear_5nN_grompp": 1, "f9f6e581f33eb6cf678544735cc749e0-shear_25nN_rerun": 1, "f9f6e581f33eb6cf678544735cc749e0-shear_5nN_rerun": 1, "f9f6e581f33eb6cf678544735cc749e0-lammps_to_gmx": 1, "f9f6e581f33eb6cf678544735cc749e0-unwrap_shear_25nN": 1, "f9f6e581f33eb6cf678544735cc749e0-compress": 1, "f9f6e581f33eb6cf678544735cc749e0-initialize": 1, "f9f6e581f33eb6cf678544735cc749e0-shear_25nN": 1, "f9f6e581f33eb6cf678544735cc749e0-log_interaction_energy_15nN": 1, "f9f6e581f33eb6cf678544735cc749e0-get_interaction_energy_25nN": 1, "f9f6e581f33eb6cf678544735cc749e0-calc_friction": 1, "f9f6e581f33eb6cf678544735cc749e0-shear_15nN_grompp": 1, "f9f6e581f33eb6cf678544735cc749e0-calc_tilt_shear": 1, "f9f6e581f33eb6cf678544735cc749e0-unwrap_shear_15nN": 1, "f9f6e581f33eb6cf678544735cc749e0-shear_15nN_rerun_grompp": 1, "f9f6e581f33eb6cf678544735cc749e0-shear_5nN_rerun_grompp": 1}, "chain-smiles-1": "CCCCCCCCCCCCCCCCCC(C)C"}