{"MR-mean":21.2035,"asphericity-mean":0.334573,"balabanj-mean":4.175988,"bertzct-mean":173.34985,"chi0-mean":9.482051,"chi0n-mean":9.25,"chi0v-mean":2.25,"chi1-mean":4.982051,"chi1n-mean":4.5,"chi1v-mean":1.0,"chi2n-mean":0.4375,"chi2v-mean":0.4375,"chi3n-mean":0.1875,"chi3v-mean":0.1875,"chi4n-mean":0.09375,"chi4v-mean":0.09375,"e-valence-mean":25.0,"eccentricity-mean":0.917395,"hk-alpha-mean":-0.39,"hk-kappa1-mean":0.4292155,"hk-kappa2-mean":1.8028845,"hk-kappa3-mean":0.2911995,"ipc-mean":252.4331735,"isf-mean":0.029073,"labuteASA-mean":39.2850625,"logP-mean":1.55145,"molwt-mean":61.054775,"molwt-hvy-mean":54.0495,"nheavy-mean":4.5,"npr1-mean":0.376376,"npr2-mean":0.697243,"pbf-mean":0.263368,"pc+-mean":0.28197,"pc--mean":-0.28197,"pmi1-mean":51.914015,"pmi2-mean":73.610518,"pmi3-mean":120.6455315,"rbonds-mean":1.0,"rg-mean":1.38355,"rpc+-mean":0.1518695,"rpc--mean":0.255786,"spherocity-mean":0.2327995,"tpsa-mean":0.0,"vsa+-mean":9.5953095,"vsa--mean":28.1656105,"vsa-fhyd-mean":1.0,"vsa-fneg-mean":0.7309175,"vsa-fpneg-mean":0.0,"vsa-fpos-mean":0.2690825,"vsa-fppos-mean":0.0,"vsa-hyd-mean":37.76092,"vsa-polar-mean":0.0,"vsa-polar+-mean":0.0,"vsa-polar--mean":0.0,"MR-min":15.965,"asphericity-min":0.250047,"balabanj-min":3.603567,"bertzct-min":120.39661,"chi0-min":9.464102,"chi0n-min":9.0,"chi0v-min":1.5,"chi1-min":4.5,"chi1n-min":4.5,"chi1v-min":0.5,"chi2n-min":0.125,"chi2v-min":0.125,"chi3n-min":0.0,"chi3v-min":0.0,"chi4n-min":0.0,"chi4v-min":0.0,"e-valence-min":20.0,"eccentricity-min":0.868304,"hk-alpha-min":-0.78,"hk-kappa1-min":0.12,"hk-kappa2-min":1.605769,"hk-kappa3-min":0.0,"ipc-min":88.551982,"isf-min":0.005805,"labuteASA-min":32.708899,"logP-min":1.4163,"molwt-min":44.0626,"molwt-hvy-min":36.033,"nheavy-min":3.0,"npr1-min":0.256719,"npr2-min":0.503967,"pbf-min":0.000013,"pc+-min":0.190329,"pc--min":-0.373611,"pmi1-min":17.013773,"pmi2-min":59.018248,"pmi3-min":66.274018,"rbonds-min":0.0,"rg-min":1.270259,"rpc+-min":0.137072,"rpc--min":0.166667,"spherocity-min":0.0,"tpsa-min":0.0,"vsa+-min":8.224551,"vsa--min":20.076709,"vsa-fhyd-min":1.0,"vsa-fneg-min":0.646743,"vsa-fpneg-min":0.0,"vsa-fpos-min":0.184908,"vsa-fppos-min":0.0,"vsa-hyd-min":31.042777,"vsa-polar-min":0.0,"vsa-polar+-min":0.0,"vsa-polar--min":0.0,"MR-max":26.442,"asphericity-max":0.419099,"balabanj-max":4.748409,"bertzct-max":226.30309,"chi0-max":9.5,"chi0n-max":9.5,"chi0v-max":3.0,"chi1-max":5.464102,"chi1n-max":4.5,"chi1v-max":1.5,"chi2n-max":0.75,"chi2v-max":0.75,"chi3n-max":0.375,"chi3v-max":0.375,"chi4n-max":0.1875,"chi4v-max":0.1875,"e-valence-max":30.0,"eccentricity-max":0.966486,"hk-alpha-max":0.0,"hk-kappa1-max":0.738431,"hk-kappa2-max":2.0,"hk-kappa3-max":0.582399,"ipc-max":416.314365,"isf-max":0.052341,"labuteASA-max":45.861226,"logP-max":1.6866,"molwt-max":78.04695,"molwt-hvy-max":72.066,"nheavy-max":6.0,"npr1-max":0.496033,"npr2-max":0.890519,"pbf-max":0.526723,"pc+-max":0.373611,"pc--max":-0.190329,"pmi1-max":86.814257,"pmi2-max":88.202788,"pmi3-max":175.017045,"rbonds-max":2.0,"rg-max":1.496841,"rpc+-max":0.166667,"rpc--max":0.344905,"spherocity-max":0.465599,"tpsa-max":0.0,"vsa+-max":10.966068,"vsa--max":36.254512,"vsa-fhyd-max":1.0,"vsa-fneg-max":0.815092,"vsa-fpneg-max":0.0,"vsa-fpos-max":0.353257,"vsa-fppos-max":0.0,"vsa-hyd-max":44.479063,"vsa-polar-max":0.0,"vsa-polar+-max":0.0,"vsa-polar--max":0.0,"MR-diff":10.477,"asphericity-diff":0.169052,"balabanj-diff":1.144842,"bertzct-diff":105.90648,"chi0-diff":0.035898,"chi0n-diff":0.5,"chi0v-diff":1.5,"chi1-diff":0.964102,"chi1n-diff":0.0,"chi1v-diff":1.0,"chi2n-diff":0.625,"chi2v-diff":0.625,"chi3n-diff":0.375,"chi3v-diff":0.375,"chi4n-diff":0.1875,"chi4v-diff":0.1875,"e-valence-diff":10.0,"eccentricity-diff":0.098182,"hk-alpha-diff":0.78,"hk-kappa1-diff":0.618431,"hk-kappa2-diff":0.394231,"hk-kappa3-diff":0.582399,"ipc-diff":327.762383,"isf-diff":0.046536,"labuteASA-diff":13.152327,"logP-diff":0.2703,"molwt-diff":33.98435,"molwt-hvy-diff":36.033,"nheavy-diff":3.0,"npr1-diff":0.239314,"npr2-diff":0.386552,"pbf-diff":0.52671,"pc+-diff":0.183282,"pc--diff":0.183282,"pmi1-diff":69.800484,"pmi2-diff":29.18454,"pmi3-diff":108.743027,"rbonds-diff":2.0,"rg-diff":0.226582,"rpc+-diff":0.029595,"rpc--diff":0.178238,"spherocity-diff":0.465599,"tpsa-diff":0.0,"vsa+-diff":2.741517,"vsa--diff":16.177803,"vsa-fhyd-diff":0.0,"vsa-fneg-diff":0.168349,"vsa-fpneg-diff":0.0,"vsa-fpos-diff":0.168349,"vsa-fppos-diff":0.0,"vsa-hyd-diff":13.436286,"vsa-polar-diff":0.0,"vsa-polar+-diff":0.0,"vsa-polar--diff":0.0,"hbonds":0.0}