{"avg_dipole_moment": 0.005, "max_dipole_moment": 0.01, "min_dipole_moment": 0.0, "max_molecular_weight": 77.1037, "shear_5nN-qq": [-25.105313256594723, 6.926661823683486], "intercept": 0.7730607655306398, "shear_15nN-qq": [-16.872966401278976, 9.132739263702216], "min_molecular_weight": 43.0874, "delta_molecular_weight": 34.0163, "ch3-smiles-2": "CC1=CC=CC=C1", "chain-smiles-2": "CCCCCCCCCCCCCCCCCC1=CC=CC=C1", "tilt_bottom": {"25nN": 35.89632915922901, "5nN": 31.21010497074414, "15nN": 35.56402074530391}, "tilt_top": {"25nN": 38.32438983129156, "5nN": 32.93331732326831, "15nN": 36.95451380000852}, "shear_15nN-lj": [-1614.3271709808155, 48.28609663137491], "h-smiles-1": "C(C)C", "ch3-smiles-1": "CC(C)C", "S2_bottom": {"25nN": 0.8759591701557773, "5nN": 0.9342609618077786, "15nN": 0.9079303815974658}, "h-smiles-2": "C1=CC=CC=C1", "shear_25nN-qq": [1.6330570055955236, 11.244203588469487], "COF": 0.14913641292137583, "shear_25nN-lj": [-1727.3389580367705, 51.16189435646487], "S2_top": {"25nN": 0.9103999989488927, "5nN": 0.9309421739868258, "15nN": 0.93050162272557}, "shear_15nN-Etotal": [-1631.2001373820945, 47.37494560802533], "shear_5nN-Etotal": [-1408.7826279504395, 53.30813452067023], "shear_25nN-Etotal": [-1725.705901031175, 50.062048889465395], "avg_molecular_weight": 60.09555, "shear_5nN-lj": [-1383.677314693845, 51.984001864928736], "delta_dipole_moment": 0.01, "status": {"94f20602faf6f483bf86f5c4e2a246f4-fix_overlaps": 1, "94f20602faf6f483bf86f5c4e2a246f4-top_to_mol2": 1, "94f20602faf6f483bf86f5c4e2a246f4-initialize": 1, "94f20602faf6f483bf86f5c4e2a246f4-shear_25nN_rerun": 1, "94f20602faf6f483bf86f5c4e2a246f4-calc_interdigitation": 1, "94f20602faf6f483bf86f5c4e2a246f4-lammps_to_gmx": 1, "94f20602faf6f483bf86f5c4e2a246f4-log_S2": 1, "94f20602faf6f483bf86f5c4e2a246f4-shear_25nN_grompp": 1, "94f20602faf6f483bf86f5c4e2a246f4-calc_S2_shear": 1, "94f20602faf6f483bf86f5c4e2a246f4-unwrap_shear_25nN": 1, "94f20602faf6f483bf86f5c4e2a246f4-shear_5nN_grompp": 1, "94f20602faf6f483bf86f5c4e2a246f4-equilibrate": 1, "94f20602faf6f483bf86f5c4e2a246f4-unwrap_shear_5nN": 1, "94f20602faf6f483bf86f5c4e2a246f4-log_tilt": 1, "94f20602faf6f483bf86f5c4e2a246f4-equilibrate_grompp": 1, "94f20602faf6f483bf86f5c4e2a246f4-unwrap_shear_15nN": 1, "94f20602faf6f483bf86f5c4e2a246f4-minimize": 1, "94f20602faf6f483bf86f5c4e2a246f4-shear_5nN": 1, "94f20602faf6f483bf86f5c4e2a246f4-log_cof": 1, "94f20602faf6f483bf86f5c4e2a246f4-shear_15nN_rerun": 1, "94f20602faf6f483bf86f5c4e2a246f4-shear_25nN": 1, "94f20602faf6f483bf86f5c4e2a246f4-calc_friction": 1, "94f20602faf6f483bf86f5c4e2a246f4-calc_tilt_shear": 1, "94f20602faf6f483bf86f5c4e2a246f4-get_interaction_energy_5nN": 1, "94f20602faf6f483bf86f5c4e2a246f4-shear_15nN": 1, "94f20602faf6f483bf86f5c4e2a246f4-log_interaction_energy_25nN": 1, "94f20602faf6f483bf86f5c4e2a246f4-compress": 1, "94f20602faf6f483bf86f5c4e2a246f4-compress_grompp": 1, "94f20602faf6f483bf86f5c4e2a246f4-get_interaction_energy_15nN": 1, "94f20602faf6f483bf86f5c4e2a246f4-minimize_grompp": 1, "94f20602faf6f483bf86f5c4e2a246f4-shear_15nN_grompp": 1, "94f20602faf6f483bf86f5c4e2a246f4-shear_15nN_rerun_grompp": 1, "94f20602faf6f483bf86f5c4e2a246f4-shear_25nN_rerun_grompp": 1, "94f20602faf6f483bf86f5c4e2a246f4-get_interaction_energy_25nN": 1, "94f20602faf6f483bf86f5c4e2a246f4-log_interaction_energy_15nN": 1, "94f20602faf6f483bf86f5c4e2a246f4-log_interaction_energy_5nN": 1, "94f20602faf6f483bf86f5c4e2a246f4-shear_5nN_rerun": 1, "94f20602faf6f483bf86f5c4e2a246f4-shear_5nN_rerun_grompp": 1}, "chain-smiles-1": "CCCCCCCCCCCCCCCCCC(C)C"}