{"avg_dipole_moment": 0.94, "max_dipole_moment": 1.88, "min_dipole_moment": 0.0, "max_molecular_weight": 17.0073, "shear_5nN-qq": [28.745319249400485, 15.682824838614403], "intercept": 0.8257736419144206, "shear_15nN-qq": [63.527166591526786, 14.170864621333171], "min_molecular_weight": 15.0344, "delta_molecular_weight": 1.972900000000001, "ch3-smiles-2": "CC", "chain-smiles-2": "CCCCCCCCCCCCCCCCCC", "tilt_bottom": {"25nN": 39.80157038142348, "5nN": 33.5421267537844, "15nN": 35.49723438189568}, "tilt_top": {"25nN": 39.67758883084303, "5nN": 34.63111764223119, "15nN": 37.85051403015268}, "shear_15nN-lj": [-1476.854930996003, 47.00890424545255], "h-smiles-1": "O", "ch3-smiles-1": "CO", "S2_bottom": {"25nN": 0.9573417405362057, "5nN": 0.9437838497717338, "15nN": 0.9232085290677853}, "h-smiles-2": "C", "shear_25nN-qq": [88.49751346043166, 18.479361114582787], "COF": 0.14276093279187857, "shear_25nN-lj": [-1581.1119444372503, 49.79512053473417], "S2_top": {"25nN": 0.9580158767781506, "5nN": 0.950105779047145, "15nN": 0.967777095674306}, "shear_15nN-Etotal": [-1413.3277644044765, 47.94514197785176], "shear_5nN-Etotal": [-1226.4852446418863, 51.60071257284981], "shear_25nN-Etotal": [-1492.6144309768185, 50.32745625334767], "avg_molecular_weight": 16.02085, "shear_5nN-lj": [-1255.230563891287, 51.117261234575665], "delta_dipole_moment": 1.88, "status": {"d60c6ea55a81920b0ceb7e078e50e020-get_interaction_energy_5nN": 1, "d60c6ea55a81920b0ceb7e078e50e020-get_interaction_energy_15nN": 1, "d60c6ea55a81920b0ceb7e078e50e020-log_interaction_energy_25nN": 1, "d60c6ea55a81920b0ceb7e078e50e020-shear_5nN_rerun": 1, "d60c6ea55a81920b0ceb7e078e50e020-minimize": 1, "d60c6ea55a81920b0ceb7e078e50e020-shear_25nN_rerun": 1, "d60c6ea55a81920b0ceb7e078e50e020-unwrap_shear_15nN": 1, "d60c6ea55a81920b0ceb7e078e50e020-shear_25nN_rerun_grompp": 1, "d60c6ea55a81920b0ceb7e078e50e020-equilibrate_grompp": 1, "d60c6ea55a81920b0ceb7e078e50e020-log_tilt": 1, "d60c6ea55a81920b0ceb7e078e50e020-log_interaction_energy_5nN": 1, "d60c6ea55a81920b0ceb7e078e50e020-shear_5nN": 1, "d60c6ea55a81920b0ceb7e078e50e020-shear_5nN_rerun_grompp": 1, "d60c6ea55a81920b0ceb7e078e50e020-get_interaction_energy_25nN": 1, "d60c6ea55a81920b0ceb7e078e50e020-count_hydrogen_bonds": 1, "d60c6ea55a81920b0ceb7e078e50e020-calc_interdigitation": 1, "d60c6ea55a81920b0ceb7e078e50e020-minimize_grompp": 1, "d60c6ea55a81920b0ceb7e078e50e020-initialize": 1, "d60c6ea55a81920b0ceb7e078e50e020-shear_15nN_rerun_grompp": 1, "d60c6ea55a81920b0ceb7e078e50e020-top_to_mol2": 1, "d60c6ea55a81920b0ceb7e078e50e020-lammps_to_gmx": 1, "d60c6ea55a81920b0ceb7e078e50e020-log_cof": 1, "d60c6ea55a81920b0ceb7e078e50e020-calc_tilt_shear": 1, "d60c6ea55a81920b0ceb7e078e50e020-fix_overlaps": 1, "d60c6ea55a81920b0ceb7e078e50e020-calc_S2_shear": 1, "d60c6ea55a81920b0ceb7e078e50e020-log_S2": 1, "d60c6ea55a81920b0ceb7e078e50e020-unwrap_shear_25nN": 1, "d60c6ea55a81920b0ceb7e078e50e020-shear_15nN_grompp": 1, "d60c6ea55a81920b0ceb7e078e50e020-calc_friction": 1, "d60c6ea55a81920b0ceb7e078e50e020-shear_5nN_grompp": 1, "d60c6ea55a81920b0ceb7e078e50e020-compress_grompp": 1, "d60c6ea55a81920b0ceb7e078e50e020-shear_25nN": 1, "d60c6ea55a81920b0ceb7e078e50e020-shear_15nN": 1, "d60c6ea55a81920b0ceb7e078e50e020-shear_15nN_rerun": 1, "d60c6ea55a81920b0ceb7e078e50e020-shear_25nN_grompp": 1, "d60c6ea55a81920b0ceb7e078e50e020-equilibrate": 1, "d60c6ea55a81920b0ceb7e078e50e020-unwrap_shear_5nN": 1, "d60c6ea55a81920b0ceb7e078e50e020-log_interaction_energy_15nN": 1, "d60c6ea55a81920b0ceb7e078e50e020-compress": 1}, "chain-smiles-1": "CCCCCCCCCCCCCCCCCO"}