{"MR-mean":22.9881,"asphericity-mean":0.5551385,"balabanj-mean":3.4707645,"bertzct-mean":252.137075,"chi0-mean":9.3742795,"chi0n-mean":8.335979,"chi0v-mean":2.835979,"chi1-mean":5.073385,"chi1n-mean":3.9755635,"chi1v-mean":1.2714395,"chi2n-mean":0.7403585,"chi2v-mean":0.7403585,"chi3n-mean":0.397189,"chi3v-mean":0.397189,"chi4n-mean":0.1985945,"chi4v-mean":0.1985945,"e-valence-mean":33.0,"eccentricity-mean":0.9832375,"hk-alpha-mean":-0.71,"hk-kappa1-mean":1.0624235,"hk-kappa2-mean":1.7165985,"hk-kappa3-mean":-12.86358,"ipc-mean":1449.5760325,"isf-mean":0.1248545,"labuteASA-mean":43.7620755,"logP-mean":0.75586,"molwt-mean":84.5369465,"molwt-hvy-mean":79.046,"nheavy-mean":6.0,"npr1-mean":0.181983,"npr2-mean":0.897999,"pbf-mean":0.2331945,"pc+-mean":0.555819,"pc--mean":-0.555819,"pmi1-mean":66.517321,"pmi2-mean":324.55479,"pmi3-mean":387.8415485,"rbonds-mean":1.5,"rg-mean":1.589783,"rpc+-mean":0.4511405,"rpc--mean":0.681395,"spherocity-mean":0.2919335,"tpsa-mean":31.685,"vsa+-mean":22.436136,"vsa--mean":19.8616535,"vsa-fhyd-mean":0.697062,"vsa-fneg-mean":0.403079,"vsa-fpneg-mean":0.2199835,"vsa-fpos-mean":0.596921,"vsa-fppos-mean":0.0829545,"vsa-hyd-mean":31.1269335,"vsa-polar-mean":0.302938,"vsa-polar+-mean":3.559293,"vsa-polar--mean":7.611563,"MR-min":8.1428,"asphericity-min":0.535762,"balabanj-min":3.16849,"bertzct-min":37.302969,"chi0-min":5.207107,"chi0n-min":4.908248,"chi0v-min":0.908248,"chi1-min":2.56066,"chi1n-min":2.112372,"chi1v-min":0.204124,"chi2n-min":0.0,"chi2v-min":0.0,"chi3n-min":0.0,"chi3v-min":0.0,"chi4n-min":0.0,"chi4v-min":0.0,"e-valence-min":14.0,"eccentricity-min":0.98119,"hk-alpha-min":-1.38,"hk-kappa1-min":0.073424,"hk-kappa2-min":0.96,"hk-kappa3-min":-27.04,"ipc-min":12.164797,"isf-min":0.006457,"labuteASA-min":19.240037,"logP-min":-0.3915,"molwt-min":32.026215,"molwt-hvy-min":28.01,"nheavy-min":2.0,"npr1-min":0.170922,"npr2-min":0.833409,"pbf-min":0.12193,"pc+-min":0.39963,"pc--min":-0.712008,"pmi1-min":3.957166,"pmi2-min":19.731913,"pmi3-min":20.498786,"rbonds-min":1.0,"rg-min":0.83038,"rpc+-min":0.377722,"rpc--min":0.36279,"spherocity-min":0.042875,"tpsa-min":20.23,"vsa+-min":12.581428,"vsa--min":5.108808,"vsa-fhyd-min":0.630304,"vsa-fneg-min":0.288793,"vsa-fpneg-min":0.151174,"vsa-fpos-min":0.482635,"vsa-fppos-min":0.080903,"vsa-hyd-min":11.150228,"vsa-polar-min":0.23618,"vsa-polar+-min":1.4312,"vsa-polar--min":5.108808,"MR-max":37.8334,"asphericity-max":0.574515,"balabanj-max":3.773039,"bertzct-max":466.971181,"chi0-max":13.541452,"chi0n-max":11.76371,"chi0v-max":4.76371,"chi1-max":7.58611,"chi1n-max":5.838755,"chi1v-max":2.338755,"chi2n-max":1.480717,"chi2v-max":1.480717,"chi3n-max":0.794378,"chi3v-max":0.794378,"chi4n-max":0.397189,"chi4v-max":0.397189,"e-valence-max":52.0,"eccentricity-max":0.985285,"hk-alpha-max":-0.04,"hk-kappa1-max":2.051423,"hk-kappa2-max":2.473197,"hk-kappa3-max":1.31284,"ipc-max":2886.987268,"isf-max":0.243252,"labuteASA-max":68.284114,"logP-max":1.90322,"molwt-max":137.047678,"molwt-hvy-max":130.082,"nheavy-max":10.0,"npr1-max":0.193044,"npr2-max":0.962589,"pbf-max":0.344459,"pc+-max":0.712008,"pc--max":-0.39963,"pmi1-max":129.077476,"pmi2-max":629.377667,"pmi3-max":755.184311,"rbonds-max":2.0,"rg-max":2.349186,"rpc+-max":0.524559,"rpc--max":1.0,"spherocity-max":0.540992,"tpsa-max":43.14,"vsa+-max":32.290844,"vsa--max":34.614499,"vsa-fhyd-max":0.76382,"vsa-fneg-max":0.517365,"vsa-fpneg-max":0.288793,"vsa-fpos-max":0.711207,"vsa-fppos-max":0.085006,"vsa-hyd-max":51.103639,"vsa-polar-max":0.369696,"vsa-polar+-max":5.687386,"vsa-polar--max":10.114318,"MR-diff":29.6906,"asphericity-diff":0.038753,"balabanj-diff":0.604549,"bertzct-diff":429.668212,"chi0-diff":8.334345,"chi0n-diff":6.855462,"chi0v-diff":3.855462,"chi1-diff":5.02545,"chi1n-diff":3.726383,"chi1v-diff":2.134631,"chi2n-diff":1.480717,"chi2v-diff":1.480717,"chi3n-diff":0.794378,"chi3v-diff":0.794378,"chi4n-diff":0.397189,"chi4v-diff":0.397189,"e-valence-diff":38.0,"eccentricity-diff":0.004095,"hk-alpha-diff":1.34,"hk-kappa1-diff":1.977999,"hk-kappa2-diff":1.513197,"hk-kappa3-diff":28.35284,"ipc-diff":2874.822471,"isf-diff":0.236795,"labuteASA-diff":49.044077,"logP-diff":2.29472,"molwt-diff":105.021463,"molwt-hvy-diff":102.072,"nheavy-diff":8.0,"npr1-diff":0.022122,"npr2-diff":0.12918,"pbf-diff":0.222529,"pc+-diff":0.312378,"pc--diff":0.312378,"pmi1-diff":125.12031,"pmi2-diff":609.645754,"pmi3-diff":734.685525,"rbonds-diff":1.0,"rg-diff":1.518806,"rpc+-diff":0.146837,"rpc--diff":0.63721,"spherocity-diff":0.498117,"tpsa-diff":22.91,"vsa+-diff":19.709416,"vsa--diff":29.505691,"vsa-fhyd-diff":0.133516,"vsa-fneg-diff":0.228572,"vsa-fpneg-diff":0.137619,"vsa-fpos-diff":0.228572,"vsa-fppos-diff":0.004103,"vsa-hyd-diff":39.953411,"vsa-polar-diff":0.133516,"vsa-polar+-diff":4.256186,"vsa-polar--diff":5.00551,"hbonds":2.0}