{"tilt_bottom": {"25nN": 41.38863246455752, "5nN": 36.01458502614784, "15nN": 39.094622279304986}, "shear_25nN-qq": [-1044.9759851694646, 79.57526616289941], "S2_top": {"25nN": 0.9318571621491091, "5nN": 0.927048487319805, "15nN": 0.9402886458911657}, "shear_5nN-qq": [-913.2558866506794, 74.06533792325018], "shear_15nN-Etotal": [-2954.5685117370103, 103.95219354235577], "status": {"887b7760be9275599af77dada42e8b39-get_interaction_energy_15nN": 1, "887b7760be9275599af77dada42e8b39-equilibrate": 1, "887b7760be9275599af77dada42e8b39-get_interaction_energy_5nN": 1, "887b7760be9275599af77dada42e8b39-shear_25nN": 1, "887b7760be9275599af77dada42e8b39-log_interaction_energy_15nN": 1, "887b7760be9275599af77dada42e8b39-shear_5nN_rerun_grompp": 1, "887b7760be9275599af77dada42e8b39-shear_25nN_grompp": 1, "887b7760be9275599af77dada42e8b39-initialize": 1, "887b7760be9275599af77dada42e8b39-log_interaction_energy_5nN": 1, "887b7760be9275599af77dada42e8b39-equilibrate_grompp": 1, "887b7760be9275599af77dada42e8b39-log_S2": 1, "887b7760be9275599af77dada42e8b39-count_hydrogen_bonds": 1, "887b7760be9275599af77dada42e8b39-compress_grompp": 1, "887b7760be9275599af77dada42e8b39-minimize": 1, "887b7760be9275599af77dada42e8b39-lammps_to_gmx": 1, "887b7760be9275599af77dada42e8b39-shear_5nN_rerun": 1, "887b7760be9275599af77dada42e8b39-minimize_grompp": 1, "887b7760be9275599af77dada42e8b39-calc_S2_shear": 1, "887b7760be9275599af77dada42e8b39-shear_5nN_grompp": 1, "887b7760be9275599af77dada42e8b39-calc_tilt_shear": 1, "887b7760be9275599af77dada42e8b39-calc_interdigitation": 1, "887b7760be9275599af77dada42e8b39-shear_15nN_grompp": 1, "887b7760be9275599af77dada42e8b39-calc_friction": 1, "887b7760be9275599af77dada42e8b39-log_cof": 1, "887b7760be9275599af77dada42e8b39-shear_25nN_rerun_grompp": 1, "887b7760be9275599af77dada42e8b39-log_interaction_energy_25nN": 1, "887b7760be9275599af77dada42e8b39-shear_15nN_rerun_grompp": 1, "887b7760be9275599af77dada42e8b39-shear_25nN_rerun": 1, "887b7760be9275599af77dada42e8b39-compress": 1, "887b7760be9275599af77dada42e8b39-get_interaction_energy_25nN": 1, "887b7760be9275599af77dada42e8b39-unwrap_shear_25nN": 1, "887b7760be9275599af77dada42e8b39-shear_15nN_rerun": 1, "887b7760be9275599af77dada42e8b39-shear_15nN": 1, "887b7760be9275599af77dada42e8b39-shear_5nN": 1, "887b7760be9275599af77dada42e8b39-log_tilt": 1, "887b7760be9275599af77dada42e8b39-unwrap_shear_5nN": 1, "887b7760be9275599af77dada42e8b39-top_to_mol2": 1, "887b7760be9275599af77dada42e8b39-unwrap_shear_15nN": 1, "887b7760be9275599af77dada42e8b39-fix_overlaps": 1}, "shear_25nN-lj": [-2026.9350225019987, 60.70466582118315], "delta_molecular_weight": 105.094, "interdigitation": {"25nN": 0.18980105463167693, "5nN": 0.15479848031863397, "15nN": 0.15317289828238143}, "shear_15nN-qq": [-1007.3109148041566, 72.72604051112376], "avg_dipole_moment": 4.05, "COF": 0.16206336430613447, "shear_25nN-Etotal": [-3071.911007671463, 109.72671660983919], "tilt_top": {"25nN": 37.772000668482136, "5nN": 32.42200413108725, "15nN": 36.64627796010426}, "S2_bottom": {"25nN": 0.9662565610373655, "5nN": 0.9732458071386707, "15nN": 0.9594876826187303}, "intercept": 2.4228220710027792, "shear_5nN-Etotal": [-2703.832341207834, 110.4509859155947], "avg_molecular_weight": 69.5543, "delta_dipole_moment": 4.34, "shear_15nN-lj": [-1947.2575969328534, 60.05158290775993], "shear_5nN-lj": [-1790.5764545571546, 61.50568040133666]}