{"tilt_bottom": {"25nN": 40.918365601754346, "5nN": 35.80617907364806, "15nN": 38.83979638532126}, "shear_25nN-qq": [-122.63143721502797, 35.96190784725399], "S2_top": {"25nN": 0.968429278706958, "5nN": 0.9597785328149652, "15nN": 0.9626658707300694}, "shear_5nN-qq": [-141.80515264188648, 29.846862369683183], "shear_15nN-Etotal": [-2106.6651628089526, 60.179230354159024], "S2_bottom": {"25nN": 0.9109723848883693, "5nN": 0.9508063864669494, "15nN": 0.9322121914310011}, "shear_25nN-lj": [-2052.493122670663, 47.658054770633655], "delta_molecular_weight": 31.098200000000006, "intercept": 1.3768448964050681, "avg_dipole_moment": 1.905, "COF": 0.14052885661640607, "shear_25nN-Etotal": [-2175.1245598856913, 62.557639696247655], "tilt_top": {"25nN": 38.659845452047705, "5nN": 34.02103191896934, "15nN": 37.26439021113688}, "status": {"ece5d918f5e44fbc27bee06db4b72d99-unwrap_shear_5nN": 1, "ece5d918f5e44fbc27bee06db4b72d99-top_to_mol2": 1, "ece5d918f5e44fbc27bee06db4b72d99-shear_5nN_rerun_grompp": 1, "ece5d918f5e44fbc27bee06db4b72d99-log_tilt": 1, "ece5d918f5e44fbc27bee06db4b72d99-compress": 1, "ece5d918f5e44fbc27bee06db4b72d99-shear_25nN_rerun": 1, "ece5d918f5e44fbc27bee06db4b72d99-log_interaction_energy_25nN": 1, "ece5d918f5e44fbc27bee06db4b72d99-unwrap_shear_25nN": 1, "ece5d918f5e44fbc27bee06db4b72d99-lammps_to_gmx": 1, "ece5d918f5e44fbc27bee06db4b72d99-calc_friction": 1, "ece5d918f5e44fbc27bee06db4b72d99-fix_overlaps": 1, "ece5d918f5e44fbc27bee06db4b72d99-shear_5nN": 1, "ece5d918f5e44fbc27bee06db4b72d99-shear_15nN_grompp": 1, "ece5d918f5e44fbc27bee06db4b72d99-get_interaction_energy_15nN": 1, "ece5d918f5e44fbc27bee06db4b72d99-log_cof": 1, "ece5d918f5e44fbc27bee06db4b72d99-initialize": 1, "ece5d918f5e44fbc27bee06db4b72d99-log_S2": 1, "ece5d918f5e44fbc27bee06db4b72d99-get_interaction_energy_5nN": 1, "ece5d918f5e44fbc27bee06db4b72d99-calc_tilt_shear": 1, "ece5d918f5e44fbc27bee06db4b72d99-minimize": 1, "ece5d918f5e44fbc27bee06db4b72d99-shear_15nN_rerun": 1, "ece5d918f5e44fbc27bee06db4b72d99-get_interaction_energy_25nN": 1, "ece5d918f5e44fbc27bee06db4b72d99-shear_25nN_grompp": 1, "ece5d918f5e44fbc27bee06db4b72d99-equilibrate_grompp": 1, "ece5d918f5e44fbc27bee06db4b72d99-minimize_grompp": 1, "ece5d918f5e44fbc27bee06db4b72d99-shear_15nN_rerun_grompp": 1, "ece5d918f5e44fbc27bee06db4b72d99-equilibrate": 1, "ece5d918f5e44fbc27bee06db4b72d99-shear_25nN_rerun_grompp": 1, "ece5d918f5e44fbc27bee06db4b72d99-calc_S2_shear": 1, "ece5d918f5e44fbc27bee06db4b72d99-shear_5nN_rerun": 1, "ece5d918f5e44fbc27bee06db4b72d99-compress_grompp": 1, "ece5d918f5e44fbc27bee06db4b72d99-unwrap_shear_15nN": 1, "ece5d918f5e44fbc27bee06db4b72d99-shear_5nN_grompp": 1, "ece5d918f5e44fbc27bee06db4b72d99-log_interaction_energy_5nN": 1, "ece5d918f5e44fbc27bee06db4b72d99-shear_15nN": 1, "ece5d918f5e44fbc27bee06db4b72d99-log_interaction_energy_15nN": 1, "ece5d918f5e44fbc27bee06db4b72d99-calc_interdigitation": 1, "ece5d918f5e44fbc27bee06db4b72d99-shear_25nN": 1}, "shear_15nN-qq": [-136.8879580015987, 31.114092896448657], "shear_5nN-Etotal": [-1921.2362375443647, 68.65486331007875], "avg_molecular_weight": 61.5546, "delta_dipole_moment": 3.81, "shear_15nN-lj": [-1969.777204807354, 49.617480835462516], "shear_5nN-lj": [-1779.431084902478, 54.93444020263803]}