{"MR-mean":6.891,"asphericity-mean":0.595925,"balabanj-mean":2.749625,"bertzct-mean":24.3145955,"chi0-mean":3.6035535,"chi0n-mean":2.2905535,"chi0v-mean":1.2905535,"chi1-mean":1.707107,"chi1n-mean":0.895277,"chi1v-mean":0.395277,"chi2n-mean":0.107143,"chi2v-mean":0.107143,"chi3n-mean":0.0,"chi3v-mean":0.0,"chi4n-mean":0.0,"chi4v-mean":0.0,"e-valence-mean":18.0,"eccentricity-mean":0.9236935,"hk-alpha-mean":-0.36,"hk-kappa1-mean":1.1074965,"hk-kappa2-mean":0.8192115,"hk-kappa3-mean":10.430583,"ipc-mean":3.182264,"isf-mean":0.0054045,"labuteASA-mean":18.5888145,"logP-mean":0.65914,"molwt-mean":48.506967,"molwt-hvy-mean":47.5115,"nheavy-mean":3.0,"npr1-mean":0.265489,"npr2-mean":0.7779705,"pbf-mean":0.2398125,"pc+-mean":0.3623195,"pc--mean":-0.3623195,"pmi1-mean":25.716532,"pmi2-mean":32.6889225,"pmi3-mean":54.1957395,"rbonds-mean":0.0,"rg-mean":0.927292,"rpc+-mean":0.7479175,"rpc--mean":0.6666665,"spherocity-mean":0.395079,"tpsa-mean":11.895,"vsa+-mean":7.9724865,"vsa--mean":9.2165685,"vsa-fhyd-mean":0.643412,"vsa-fneg-mean":0.5102865,"vsa-fpneg-mean":0.199604,"vsa-fpos-mean":0.4897135,"vsa-fppos-mean":0.156984,"vsa-hyd-mean":11.230476,"vsa-polar-mean":0.356588,"vsa-polar+-mean":3.327633,"vsa-polar--mean":2.630946,"MR-min":6.67,"asphericity-min":0.191858,"balabanj-min":2.475534,"bertzct-min":22.364528,"chi0-min":2.707107,"chi0n-min":1.947214,"chi0v-min":0.947214,"chi1-min":1.414214,"chi1n-min":0.723607,"chi1v-min":0.223607,"chi2n-min":0.0,"chi2v-min":0.0,"chi3n-min":0.0,"chi3v-min":0.0,"chi4n-min":0.0,"chi4v-min":0.0,"e-valence-min":10.0,"eccentricity-min":0.847387,"hk-alpha-min":-0.51,"hk-kappa1-min":0.161141,"hk-kappa2-min":0.49,"hk-kappa3-min":-4.470784,"ipc-min":2.754888,"isf-min":0.0,"labuteASA-min":14.536801,"logP-min":0.13978,"molwt-min":27.010899,"molwt-hvy-min":26.018,"nheavy-min":2.0,"npr1-min":0.000003,"npr2-min":0.555944,"pbf-min":0.0,"pc+-min":0.201967,"pc--min":-0.522672,"pmi1-min":0.000032,"pmi2-min":11.526206,"pmi3-min":11.526238,"rbonds-min":0.0,"rg-min":0.65306,"rpc+-min":0.724404,"rpc--min":0.333333,"spherocity-min":0.0,"tpsa-min":0.0,"vsa+-min":7.918948,"vsa--min":5.261892,"vsa-fhyd-min":0.600792,"vsa-fneg-min":0.399208,"vsa-fpneg-min":0.0,"vsa-fpos-min":0.378635,"vsa-fppos-min":0.0,"vsa-hyd-min":7.918948,"vsa-polar-min":0.313968,"vsa-polar+-min":0.0,"vsa-polar--min":0.0,"MR-max":7.112,"asphericity-max":0.999992,"balabanj-max":3.023716,"bertzct-max":26.264663,"chi0-max":4.5,"chi0n-max":2.633893,"chi0v-max":1.633893,"chi1-max":2.0,"chi1n-max":1.066947,"chi1v-max":0.566947,"chi2n-max":0.214286,"chi2v-max":0.214286,"chi3n-max":0.0,"chi3v-max":0.0,"chi4n-max":0.0,"chi4v-max":0.0,"e-valence-max":26.0,"eccentricity-max":1.0,"hk-alpha-max":-0.21,"hk-kappa1-max":2.053852,"hk-kappa2-max":1.148423,"hk-kappa3-max":25.33195,"ipc-max":3.60964,"isf-max":0.010809,"labuteASA-max":22.640828,"logP-max":1.1785,"molwt-max":70.003035,"molwt-hvy-max":69.005,"nheavy-max":4.0,"npr1-max":0.530975,"npr2-max":0.999997,"pbf-max":0.479625,"pc+-max":0.522672,"pc--max":-0.201967,"pmi1-max":51.433032,"pmi2-max":53.851639,"pmi3-max":96.865241,"rbonds-max":0.0,"rg-max":1.201524,"rpc+-max":0.771431,"rpc--max":1.0,"spherocity-max":0.790158,"tpsa-max":23.79,"vsa+-max":8.026025,"vsa--max":13.171245,"vsa-fhyd-max":0.686032,"vsa-fneg-max":0.621365,"vsa-fpneg-max":0.399208,"vsa-fpos-max":0.600792,"vsa-fppos-max":0.313968,"vsa-hyd-max":14.542004,"vsa-polar-max":0.399208,"vsa-polar+-max":6.655266,"vsa-polar--max":5.261892,"MR-diff":0.442,"asphericity-diff":0.808134,"balabanj-diff":0.548182,"bertzct-diff":3.900135,"chi0-diff":1.792893,"chi0n-diff":0.686679,"chi0v-diff":0.686679,"chi1-diff":0.585786,"chi1n-diff":0.34334,"chi1v-diff":0.34334,"chi2n-diff":0.214286,"chi2v-diff":0.214286,"chi3n-diff":0.0,"chi3v-diff":0.0,"chi4n-diff":0.0,"chi4v-diff":0.0,"e-valence-diff":16.0,"eccentricity-diff":0.152613,"hk-alpha-diff":0.3,"hk-kappa1-diff":1.892711,"hk-kappa2-diff":0.658423,"hk-kappa3-diff":29.802734,"ipc-diff":0.854752,"isf-diff":0.010809,"labuteASA-diff":8.104027,"logP-diff":1.03872,"molwt-diff":42.992136,"molwt-hvy-diff":42.987,"nheavy-diff":2.0,"npr1-diff":0.530972,"npr2-diff":0.444053,"pbf-diff":0.479625,"pc+-diff":0.320705,"pc--diff":0.320705,"pmi1-diff":51.433,"pmi2-diff":42.325433,"pmi3-diff":85.339003,"rbonds-diff":0.0,"rg-diff":0.548464,"rpc+-diff":0.047027,"rpc--diff":0.666667,"spherocity-diff":0.790158,"tpsa-diff":23.79,"vsa+-diff":0.107077,"vsa--diff":7.909353,"vsa-fhyd-diff":0.08524,"vsa-fneg-diff":0.222157,"vsa-fpneg-diff":0.399208,"vsa-fpos-diff":0.222157,"vsa-fppos-diff":0.313968,"vsa-hyd-diff":6.623056,"vsa-polar-diff":0.08524,"vsa-polar+-diff":6.655266,"vsa-polar--diff":5.261892,"hbonds":0.0}