{"MR-mean":11.508,"asphericity-mean":0.4167085,"balabanj-mean":3.786563,"bertzct-mean":71.6421065,"chi0-mean":6.1035535,"chi0n-mean":4.7905535,"chi0v-mean":1.7905535,"chi1-mean":2.90533,"chi1n-mean":2.145277,"chi1v-mean":0.645277,"chi2n-mean":0.304781,"chi2v-mean":0.304781,"chi3n-mean":0.0,"chi3v-mean":0.0,"chi4n-mean":0.0,"chi4v-mean":0.0,"e-valence-mean":24.0,"eccentricity-mean":0.6458025,"hk-alpha-mean":-0.36,"hk-kappa1-mean":0.883285,"hk-kappa2-mean":1.185008,"hk-kappa3-mean":138.426848,"ipc-mean":16.735428,"isf-mean":0.156382,"labuteASA-mean":27.7636975,"logP-mean":1.04924,"molwt-mean":62.522617,"molwt-hvy-mean":59.5225,"nheavy-mean":4.0,"npr1-mean":0.508001,"npr2-mean":0.9881585,"pbf-mean":0.437053,"pc+-mean":0.3566015,"pc--mean":-0.3566015,"pmi1-mean":50.747183,"pmi2-mean":77.65139,"pmi3-mean":78.836177,"rbonds-mean":0.0,"rg-mean":1.256402,"rpc+-mean":0.52279,"rpc--mean":0.6666665,"spherocity-mean":0.551211,"tpsa-mean":11.895,"vsa+-mean":17.086928,"vsa--mean":9.2165685,"vsa-fhyd-mean":0.8981205,"vsa-fneg-mean":0.335268,"vsa-fpneg-mean":0.0,"vsa-fpos-mean":0.664732,"vsa-fppos-mean":0.1018795,"vsa-hyd-mean":23.215347,"vsa-polar-mean":0.1018795,"vsa-polar+-mean":3.0881495,"vsa-polar--mean":0.0,"MR-min":11.287,"asphericity-min":0.000675,"balabanj-min":3.552734,"bertzct-min":67.509775,"chi0-min":5.207107,"chi0n-min":4.447214,"chi0v-min":1.447214,"chi1-min":2.56066,"chi1n-min":1.973607,"chi1v-min":0.473607,"chi2n-min":0.111803,"chi2v-min":0.111803,"chi3n-min":0.0,"chi3v-min":0.0,"chi4n-min":0.0,"chi4v-min":0.0,"e-valence-min":16.0,"eccentricity-min":0.293407,"hk-alpha-min":-0.51,"hk-kappa1-min":0.274207,"hk-kappa2-min":0.880016,"hk-kappa3-min":1.49,"ipc-min":12.164797,"isf-min":0.009956,"labuteASA-min":23.711684,"logP-min":0.52988,"molwt-min":41.026549,"molwt-hvy-min":38.029,"nheavy-min":3.0,"npr1-min":0.060014,"npr2-min":0.977638,"pbf-min":0.324567,"pc+-min":0.198658,"pc--min":-0.514545,"pmi1-min":3.298056,"pmi2-min":54.882601,"pmi3-min":54.955213,"rbonds-min":0.0,"rg-min":1.17385,"rpc+-min":0.295557,"rpc--min":0.333333,"spherocity-min":0.424456,"tpsa-min":0.0,"vsa+-min":17.033389,"vsa--min":5.261892,"vsa-fhyd-min":0.796241,"vsa-fneg-min":0.236009,"vsa-fpneg-min":0.0,"vsa-fpos-min":0.565473,"vsa-fppos-min":0.0,"vsa-hyd-min":22.295281,"vsa-polar-min":0.0,"vsa-polar+-min":0.0,"vsa-polar--min":0.0,"MR-max":11.729,"asphericity-max":0.832742,"balabanj-max":4.020392,"bertzct-max":75.774438,"chi0-max":7.0,"chi0n-max":5.133893,"chi0v-max":2.133893,"chi1-max":3.25,"chi1n-max":2.316947,"chi1v-max":0.816947,"chi2n-max":0.497759,"chi2v-max":0.497759,"chi3n-max":0.0,"chi3v-max":0.0,"chi4n-max":0.0,"chi4v-max":0.0,"e-valence-max":32.0,"eccentricity-max":0.998198,"hk-alpha-max":-0.21,"hk-kappa1-max":1.492363,"hk-kappa2-max":1.49,"hk-kappa3-max":275.363696,"ipc-max":21.306059,"isf-max":0.302808,"labuteASA-max":31.815711,"logP-max":1.5686,"molwt-max":84.018685,"molwt-hvy-max":81.016,"nheavy-max":5.0,"npr1-max":0.955988,"npr2-max":0.998679,"pbf-max":0.549539,"pc+-max":0.514545,"pc--max":-0.198658,"pmi1-max":98.19631,"pmi2-max":100.420179,"pmi3-max":102.717141,"rbonds-max":0.0,"rg-max":1.338954,"rpc+-max":0.750023,"rpc--max":1.0,"spherocity-max":0.677966,"tpsa-max":23.79,"vsa+-max":17.140467,"vsa--max":13.171245,"vsa-fhyd-max":1.0,"vsa-fneg-max":0.434527,"vsa-fpneg-max":0.0,"vsa-fpos-max":0.763991,"vsa-fppos-max":0.203759,"vsa-hyd-max":24.135413,"vsa-polar-max":0.203759,"vsa-polar+-max":6.176299,"vsa-polar--max":0.0,"MR-diff":0.442,"asphericity-diff":0.832067,"balabanj-diff":0.467658,"bertzct-diff":8.264663,"chi0-diff":1.792893,"chi0n-diff":0.686679,"chi0v-diff":0.686679,"chi1-diff":0.68934,"chi1n-diff":0.34334,"chi1v-diff":0.34334,"chi2n-diff":0.385956,"chi2v-diff":0.385956,"chi3n-diff":0.0,"chi3v-diff":0.0,"chi4n-diff":0.0,"chi4v-diff":0.0,"e-valence-diff":16.0,"eccentricity-diff":0.704791,"hk-alpha-diff":0.3,"hk-kappa1-diff":1.218156,"hk-kappa2-diff":0.609984,"hk-kappa3-diff":273.873696,"ipc-diff":9.141262,"isf-diff":0.292852,"labuteASA-diff":8.104027,"logP-diff":1.03872,"molwt-diff":42.992136,"molwt-hvy-diff":42.987,"nheavy-diff":2.0,"npr1-diff":0.895974,"npr2-diff":0.021041,"pbf-diff":0.224972,"pc+-diff":0.315887,"pc--diff":0.315887,"pmi1-diff":94.898254,"pmi2-diff":45.537578,"pmi3-diff":47.761928,"rbonds-diff":0.0,"rg-diff":0.165104,"rpc+-diff":0.454466,"rpc--diff":0.666667,"spherocity-diff":0.25351,"tpsa-diff":23.79,"vsa+-diff":0.107078,"vsa--diff":7.909353,"vsa-fhyd-diff":0.203759,"vsa-fneg-diff":0.198518,"vsa-fpneg-diff":0.0,"vsa-fpos-diff":0.198518,"vsa-fppos-diff":0.203759,"vsa-hyd-diff":1.840132,"vsa-polar-diff":0.203759,"vsa-polar+-diff":6.176299,"vsa-polar--diff":0.0,"hbonds":0.0}