{"avg_dipole_moment": 2.75, "max_dipole_moment": 3.41, "min_dipole_moment": 2.09, "max_molecular_weight": 69.0059, "shear_5nN-qq": [-91.29177542446044, 23.511160082335888], "intercept": 0.5186862373334264, "shear_15nN-qq": [-139.1187976051159, 26.637801476846963], "min_molecular_weight": 26.0174, "delta_molecular_weight": 42.9885, "ch3-smiles-2": "CC(F)(F)F", "chain-smiles-2": "CCCCCCCCCCCCCCCCCC(F)(F)F", "tilt_bottom": {"25nN": 37.51495863778848, "5nN": 32.47264905501098, "15nN": 36.22074760920228}, "interdigitation": {"25nN": 0.13263587785410935, "5nN": 0.12192374426906054, "15nN": 0.10416600092281345}, "tilt_top": {"25nN": 40.372883243836654, "5nN": 34.62563113172317, "15nN": 38.698190217182045}, "shear_15nN-lj": [-1290.346104366107, 41.8812002656055], "h-smiles-1": "C#N", "S2_top": {"25nN": 0.9636296669454589, "5nN": 0.9668805894964179, "15nN": 0.9677766848329262}, "S2_bottom": {"25nN": 0.9032090038256516, "5nN": 0.9287430278229948, "15nN": 0.9366523942683025}, "h-smiles-2": "C(F)(F)F", "shear_25nN-qq": [-189.32379585371703, 29.485510449401357], "COF": 0.12092877750941687, "shear_25nN-lj": [-1377.1155712054358, 44.937111768589794], "ch3-smiles-1": "CC#N", "shear_15nN-Etotal": [-1429.464901971223, 53.44030793037786], "shear_5nN-Etotal": [-1205.325568665068, 56.52829546144191], "shear_25nN-Etotal": [-1566.4393670591526, 54.50607196008723], "avg_molecular_weight": 47.511649999999996, "shear_5nN-lj": [-1114.0337932406076, 44.093813213937004], "delta_dipole_moment": 1.3200000000000003, "status": {"b7f011365b59d37073b5bf04d52945e4-calc_S2_shear": 1, "b7f011365b59d37073b5bf04d52945e4-calc_interdigitation": 1, "b7f011365b59d37073b5bf04d52945e4-calc_friction": 1, "b7f011365b59d37073b5bf04d52945e4-shear_25nN": 1, "b7f011365b59d37073b5bf04d52945e4-calc_tilt_shear": 1, "b7f011365b59d37073b5bf04d52945e4-shear_5nN_rerun_grompp": 1, "b7f011365b59d37073b5bf04d52945e4-log_interaction_energy_5nN": 1, "b7f011365b59d37073b5bf04d52945e4-shear_5nN_rerun": 1, "b7f011365b59d37073b5bf04d52945e4-get_interaction_energy_25nN": 1, "b7f011365b59d37073b5bf04d52945e4-shear_15nN_rerun": 1, "b7f011365b59d37073b5bf04d52945e4-log_cof": 1, "b7f011365b59d37073b5bf04d52945e4-log_interaction_energy_25nN": 1, "b7f011365b59d37073b5bf04d52945e4-equilibrate_grompp": 1, "b7f011365b59d37073b5bf04d52945e4-unwrap_shear_5nN": 1, "b7f011365b59d37073b5bf04d52945e4-lammps_to_gmx": 1, "b7f011365b59d37073b5bf04d52945e4-shear_15nN_grompp": 1, "b7f011365b59d37073b5bf04d52945e4-compress_grompp": 1, "b7f011365b59d37073b5bf04d52945e4-shear_25nN_grompp": 1, "b7f011365b59d37073b5bf04d52945e4-top_to_mol2": 1, "b7f011365b59d37073b5bf04d52945e4-fix_overlaps": 1, "b7f011365b59d37073b5bf04d52945e4-shear_5nN_grompp": 1, "b7f011365b59d37073b5bf04d52945e4-minimize": 1, "b7f011365b59d37073b5bf04d52945e4-shear_5nN": 1, "b7f011365b59d37073b5bf04d52945e4-shear_15nN": 1, "b7f011365b59d37073b5bf04d52945e4-minimize_grompp": 1, "b7f011365b59d37073b5bf04d52945e4-shear_25nN_rerun_grompp": 1, "b7f011365b59d37073b5bf04d52945e4-get_interaction_energy_15nN": 1, "b7f011365b59d37073b5bf04d52945e4-log_tilt": 1, "b7f011365b59d37073b5bf04d52945e4-shear_25nN_rerun": 1, "b7f011365b59d37073b5bf04d52945e4-compress": 1, "b7f011365b59d37073b5bf04d52945e4-unwrap_shear_15nN": 1, "b7f011365b59d37073b5bf04d52945e4-equilibrate": 1, "b7f011365b59d37073b5bf04d52945e4-initialize": 1, "b7f011365b59d37073b5bf04d52945e4-get_interaction_energy_5nN": 1, "b7f011365b59d37073b5bf04d52945e4-shear_15nN_rerun_grompp": 1, "b7f011365b59d37073b5bf04d52945e4-unwrap_shear_25nN": 1, "b7f011365b59d37073b5bf04d52945e4-log_S2": 1, "b7f011365b59d37073b5bf04d52945e4-log_interaction_energy_15nN": 1}, "chain-smiles-1": "CCCCCCCCCCCCCCCCCC#N"}