{"shear_15nN-qq": [-12.411131553157475, 9.994885081600756], "delta_molecular_weight": 52.0068, "status": {"98d606b72cfa6493d1f54b0cf4b4a637-get_interaction_energy_15nN": 1, "98d606b72cfa6493d1f54b0cf4b4a637-shear_15nN": 1, "98d606b72cfa6493d1f54b0cf4b4a637-lammps_to_gmx": 1, "98d606b72cfa6493d1f54b0cf4b4a637-log_S2": 1, "98d606b72cfa6493d1f54b0cf4b4a637-calc_S2_shear": 1, "98d606b72cfa6493d1f54b0cf4b4a637-get_interaction_energy_25nN": 1, "98d606b72cfa6493d1f54b0cf4b4a637-log_interaction_energy_15nN": 1, "98d606b72cfa6493d1f54b0cf4b4a637-calc_interdigitation": 1, "98d606b72cfa6493d1f54b0cf4b4a637-log_interaction_energy_5nN": 1, "98d606b72cfa6493d1f54b0cf4b4a637-shear_5nN_rerun_grompp": 1, "98d606b72cfa6493d1f54b0cf4b4a637-top_to_mol2": 1, "98d606b72cfa6493d1f54b0cf4b4a637-shear_25nN": 1, "98d606b72cfa6493d1f54b0cf4b4a637-log_tilt": 1, "98d606b72cfa6493d1f54b0cf4b4a637-shear_15nN_rerun": 1, "98d606b72cfa6493d1f54b0cf4b4a637-equilibrate_grompp": 1, "98d606b72cfa6493d1f54b0cf4b4a637-calc_tilt_shear": 1, "98d606b72cfa6493d1f54b0cf4b4a637-fix_overlaps": 1, "98d606b72cfa6493d1f54b0cf4b4a637-compress": 1, "98d606b72cfa6493d1f54b0cf4b4a637-initialize": 1, "98d606b72cfa6493d1f54b0cf4b4a637-log_interaction_energy_25nN": 1, "98d606b72cfa6493d1f54b0cf4b4a637-compress_grompp": 1, "98d606b72cfa6493d1f54b0cf4b4a637-shear_15nN_rerun_grompp": 1, "98d606b72cfa6493d1f54b0cf4b4a637-shear_25nN_rerun": 1, "98d606b72cfa6493d1f54b0cf4b4a637-unwrap_shear_15nN": 1, "98d606b72cfa6493d1f54b0cf4b4a637-minimize_grompp": 1, "98d606b72cfa6493d1f54b0cf4b4a637-unwrap_shear_25nN": 1, "98d606b72cfa6493d1f54b0cf4b4a637-shear_5nN_rerun": 1, "98d606b72cfa6493d1f54b0cf4b4a637-calc_friction": 1, "98d606b72cfa6493d1f54b0cf4b4a637-get_interaction_energy_5nN": 1, "98d606b72cfa6493d1f54b0cf4b4a637-unwrap_shear_5nN": 1, "98d606b72cfa6493d1f54b0cf4b4a637-equilibrate": 1, "98d606b72cfa6493d1f54b0cf4b4a637-shear_25nN_grompp": 1, "98d606b72cfa6493d1f54b0cf4b4a637-shear_15nN_grompp": 1, "98d606b72cfa6493d1f54b0cf4b4a637-shear_25nN_rerun_grompp": 1, "98d606b72cfa6493d1f54b0cf4b4a637-shear_5nN": 1, "98d606b72cfa6493d1f54b0cf4b4a637-log_cof": 1, "98d606b72cfa6493d1f54b0cf4b4a637-shear_5nN_grompp": 1, "98d606b72cfa6493d1f54b0cf4b4a637-minimize": 1}, "interdigitation": {"15nN": 0.13194313124439974, "5nN": 0.11959550847226456, "25nN": 0.14141425711869235}, "avg_molecular_weight": 69.0908, "delta_dipole_moment": 2.02, "tilt_bottom": {"15nN": 35.590063011232964, "5nN": 32.201477957824444, "25nN": 37.13004117711616}, "S2_top": {"15nN": 0.9557017196160688, "5nN": 0.9650715181096048, "25nN": 0.9475710451474426}, "shear_25nN-Etotal": [-1662.0473803549162, 49.47610456282122], "shear_5nN-Etotal": [-1338.5160259528377, 47.20542701438906], "S2_bottom": {"15nN": 0.9353348989344026, "5nN": 0.9468458288301991, "25nN": 0.9476545693398299}, "intercept": 0.7680976657748024, "shear_15nN-lj": [-1549.9175821390888, 47.81426349050552], "tilt_top": {"15nN": 35.41797085635341, "5nN": 33.14183889425032, "25nN": 38.34141655634484}, "avg_dipole_moment": 1.0199999999999998, "shear_5nN-qq": [-10.356032755395685, 8.289311006176852], "shear_5nN-lj": [-1328.1599931974422, 46.96987788425504], "COF": 0.1280149645416077, "shear_25nN-lj": [-1646.292856031175, 49.800286133705406], "shear_25nN-qq": [-15.754524323741009, 9.189019427871692], "shear_15nN-Etotal": [-1562.3287136922463, 48.1653300516736]}