{"shear_15nN-qq": [-12.38146021982414, 9.900477766094134], "tilt_bottom": {"15nN": 38.94441329758182, "5nN": 35.24680324776996, "25nN": 40.94441621459634}, "delta_molecular_weight": 53.9715, "status": {"4c1b51f226c86734643c91463053433a-log_interaction_energy_25nN": 1, "4c1b51f226c86734643c91463053433a-shear_15nN_rerun": 1, "4c1b51f226c86734643c91463053433a-log_interaction_energy_15nN": 1, "4c1b51f226c86734643c91463053433a-log_cof": 1, "4c1b51f226c86734643c91463053433a-shear_15nN": 1, "4c1b51f226c86734643c91463053433a-get_interaction_energy_25nN": 1, "4c1b51f226c86734643c91463053433a-unwrap_shear_5nN": 1, "4c1b51f226c86734643c91463053433a-calc_tilt_shear": 1, "4c1b51f226c86734643c91463053433a-initialize": 1, "4c1b51f226c86734643c91463053433a-shear_25nN_grompp": 1, "4c1b51f226c86734643c91463053433a-get_interaction_energy_5nN": 1, "4c1b51f226c86734643c91463053433a-shear_15nN_rerun_grompp": 1, "4c1b51f226c86734643c91463053433a-log_tilt": 1, "4c1b51f226c86734643c91463053433a-minimize_grompp": 1, "4c1b51f226c86734643c91463053433a-shear_25nN_rerun_grompp": 1, "4c1b51f226c86734643c91463053433a-log_S2": 1, "4c1b51f226c86734643c91463053433a-minimize": 1, "4c1b51f226c86734643c91463053433a-calc_friction": 1, "4c1b51f226c86734643c91463053433a-log_interaction_energy_5nN": 1, "4c1b51f226c86734643c91463053433a-compress": 1, "4c1b51f226c86734643c91463053433a-calc_interdigitation": 1, "4c1b51f226c86734643c91463053433a-fix_overlaps": 1, "4c1b51f226c86734643c91463053433a-get_interaction_energy_15nN": 1, "4c1b51f226c86734643c91463053433a-equilibrate_grompp": 1, "4c1b51f226c86734643c91463053433a-shear_5nN_grompp": 1, "4c1b51f226c86734643c91463053433a-compress_grompp": 1, "4c1b51f226c86734643c91463053433a-top_to_mol2": 1, "4c1b51f226c86734643c91463053433a-calc_S2_shear": 1, "4c1b51f226c86734643c91463053433a-shear_5nN_rerun": 1, "4c1b51f226c86734643c91463053433a-shear_15nN_grompp": 1, "4c1b51f226c86734643c91463053433a-unwrap_shear_15nN": 1, "4c1b51f226c86734643c91463053433a-shear_5nN": 1, "4c1b51f226c86734643c91463053433a-shear_25nN": 1, "4c1b51f226c86734643c91463053433a-lammps_to_gmx": 1, "4c1b51f226c86734643c91463053433a-shear_25nN_rerun": 1, "4c1b51f226c86734643c91463053433a-shear_5nN_rerun_grompp": 1, "4c1b51f226c86734643c91463053433a-equilibrate": 1, "4c1b51f226c86734643c91463053433a-unwrap_shear_25nN": 1}, "interdigitation": {"15nN": 0.10999283272438373, "5nN": 0.09581477195206267, "25nN": 0.10925481773500362}, "intercept": 0.5808903736637865, "delta_dipole_moment": 2.09, "S2_top": {"15nN": 0.9702204403673033, "5nN": 0.9738277964061449, "25nN": 0.9595608577067606}, "shear_25nN-Etotal": [-1350.0881536690647, 46.654362943371964], "shear_5nN-Etotal": [-1046.284770042366, 46.25815665676525], "S2_bottom": {"15nN": 0.9646561143859562, "5nN": 0.9701618720682327, "25nN": 0.9613928649176687}, "avg_molecular_weight": 42.02015, "shear_15nN-lj": [-1249.630528102318, 43.36473923552869], "tilt_top": {"15nN": 39.50170033265465, "5nN": 35.855998160866164, "25nN": 40.906266451618635}, "avg_dipole_moment": 1.045, "shear_5nN-qq": [-9.789309235811352, 8.410400788704228], "shear_5nN-lj": [-1036.4954608065548, 44.52184155295555], "COF": 0.13078008198291272, "shear_25nN-lj": [-1334.6798370855315, 44.98799434811909], "shear_25nN-qq": [-15.408316583533171, 12.114270916112911], "shear_15nN-Etotal": [-1262.0119883221423, 44.13829895338933]}