{"MR-mean":12.4165,"asphericity-mean":0.552781,"balabanj-mean":3.4679525,"bertzct-mean":65.3306365,"chi0-mean":6.1035535,"chi0n-mean":5.381855,"chi0v-mean":1.381855,"chi1-mean":2.957107,"chi1n-mean":2.432574,"chi1v-mean":0.432574,"chi2n-mean":0.099768,"chi2v-mean":0.099768,"chi3n-mean":0.0,"chi3v-mean":0.0,"chi4n-mean":0.0,"chi4v-mean":0.0,"e-valence-mean":18.5,"eccentricity-mean":0.9762985,"hk-alpha-mean":-0.3,"hk-kappa1-mean":1.26,"hk-kappa2-mean":1.7,"hk-kappa3-mean":0.7,"ipc-mean":45.653435,"isf-mean":0.127133,"labuteASA-mean":24.763106,"logP-mean":0.50135,"molwt-mean":45.0277515,"molwt-hvy-mean":41.019,"nheavy-mean":3.0,"npr1-mean":0.193077,"npr2-mean":0.882799,"pbf-mean":0.267682,"pc+-mean":0.28877,"pc--mean":-0.28877,"pmi1-mean":11.4210715,"pmi2-mean":47.8111255,"pmi3-mean":54.3769415,"rbonds-mean":1.0,"rg-mean":1.1179545,"rpc+-mean":0.568536,"rpc--mean":0.4224525,"spherocity-mean":0.2408015,"tpsa-mean":27.115,"vsa+-mean":8.153129,"vsa--mean":15.0955135,"vsa-fhyd-mean":0.8272285,"vsa-fneg-mean":0.6506,"vsa-fpneg-mean":0.0,"vsa-fpos-mean":0.3494,"vsa-fppos-mean":0.1727715,"vsa-hyd-mean":20.5785475,"vsa-polar-mean":0.1727715,"vsa-polar+-mean":2.670095,"vsa-polar--mean":0.0,"MR-min":8.868,"asphericity-min":0.368689,"balabanj-min":2.187496,"bertzct-min":10.264663,"chi0-min":2.707107,"chi0n-min":1.26371,"chi0v-min":1.26371,"chi1-min":1.414214,"chi1n-min":0.365148,"chi1v-min":0.365148,"chi2n-min":0.074536,"chi2v-min":0.074536,"chi3n-min":0.0,"chi3v-min":0.0,"chi4n-min":0.0,"chi4v-min":0.0,"e-valence-min":17.0,"eccentricity-min":0.957327,"hk-alpha-min":-0.6,"hk-kappa1-min":0.12,"hk-kappa2-min":1.4,"hk-kappa3-min":0.0,"ipc-min":2.754888,"isf-min":0.046651,"labuteASA-min":16.817313,"logP-min":-0.4136,"molwt-min":44.0626,"molwt-hvy-min":36.033,"nheavy-min":3.0,"npr1-min":0.097146,"npr2-min":0.862744,"pbf-min":0.0,"pc+-min":0.190329,"pc--min":-0.387211,"pmi1-min":4.348696,"pmi2-min":40.415743,"pmi3-min":44.764439,"rbonds-min":0.0,"rg-min":0.986425,"rpc+-min":0.137072,"rpc--min":0.344905,"spherocity-min":0.0,"tpsa-min":0.0,"vsa+-min":5.34019,"vsa--min":10.114318,"vsa-fhyd-min":0.654457,"vsa-fneg-min":0.646743,"vsa-fpneg-min":0.0,"vsa-fpos-min":0.345543,"vsa-fppos-min":0.0,"vsa-hyd-min":10.114318,"vsa-polar-min":0.0,"vsa-polar+-min":0.0,"vsa-polar--min":0.0,"MR-max":15.965,"asphericity-max":0.736873,"balabanj-max":4.748409,"bertzct-max":120.39661,"chi0-max":9.5,"chi0n-max":9.5,"chi0v-max":1.5,"chi1-max":4.5,"chi1n-max":4.5,"chi1v-max":0.5,"chi2n-max":0.125,"chi2v-max":0.125,"chi3n-max":0.0,"chi3v-max":0.0,"chi4n-max":0.0,"chi4v-max":0.0,"e-valence-max":20.0,"eccentricity-max":0.99527,"hk-alpha-max":0.0,"hk-kappa1-max":2.4,"hk-kappa2-max":2.0,"hk-kappa3-max":1.4,"ipc-max":88.551982,"isf-max":0.207615,"labuteASA-max":32.708899,"logP-max":1.4163,"molwt-max":45.992903,"molwt-hvy-max":46.005,"nheavy-max":3.0,"npr1-max":0.289008,"npr2-max":0.902854,"pbf-max":0.535364,"pc+-max":0.387211,"pc--max":-0.190329,"pmi1-max":18.493447,"pmi2-max":55.206508,"pmi3-max":63.989444,"rbonds-max":2.0,"rg-max":1.249484,"rpc+-max":1.0,"rpc--max":0.5,"spherocity-max":0.481603,"tpsa-max":54.23,"vsa+-max":10.966068,"vsa--max":20.076709,"vsa-fhyd-max":1.0,"vsa-fneg-max":0.654457,"vsa-fpneg-max":0.0,"vsa-fpos-max":0.353257,"vsa-fppos-max":0.345543,"vsa-hyd-max":31.042777,"vsa-polar-max":0.345543,"vsa-polar+-max":5.34019,"vsa-polar--max":0.0,"MR-diff":7.097,"asphericity-diff":0.368184,"balabanj-diff":2.560913,"bertzct-diff":110.131947,"chi0-diff":6.792893,"chi0n-diff":8.23629,"chi0v-diff":0.23629,"chi1-diff":3.085786,"chi1n-diff":4.134852,"chi1v-diff":0.134852,"chi2n-diff":0.050464,"chi2v-diff":0.050464,"chi3n-diff":0.0,"chi3v-diff":0.0,"chi4n-diff":0.0,"chi4v-diff":0.0,"e-valence-diff":3.0,"eccentricity-diff":0.037943,"hk-alpha-diff":0.6,"hk-kappa1-diff":2.28,"hk-kappa2-diff":0.6,"hk-kappa3-diff":1.4,"ipc-diff":85.797094,"isf-diff":0.160964,"labuteASA-diff":15.891586,"logP-diff":1.8299,"molwt-diff":1.930303,"molwt-hvy-diff":9.972,"nheavy-diff":0.0,"npr1-diff":0.191862,"npr2-diff":0.04011,"pbf-diff":0.535364,"pc+-diff":0.196882,"pc--diff":0.196882,"pmi1-diff":14.144751,"pmi2-diff":14.790765,"pmi3-diff":19.225005,"rbonds-diff":2.0,"rg-diff":0.263059,"rpc+-diff":0.862928,"rpc--diff":0.155095,"spherocity-diff":0.481603,"tpsa-diff":54.23,"vsa+-diff":5.625878,"vsa--diff":9.962391,"vsa-fhyd-diff":0.345543,"vsa-fneg-diff":0.007714,"vsa-fpneg-diff":0.0,"vsa-fpos-diff":0.007714,"vsa-fppos-diff":0.345543,"vsa-hyd-diff":20.928459,"vsa-polar-diff":0.345543,"vsa-polar+-diff":5.34019,"vsa-polar--diff":0.0,"hbonds":0.0}