{"shear_15nN-qq": [11.915441367705835, 11.56577071499975], "delta_molecular_weight": 2.9180999999999955, "status": {"1b6379c526b78e0d7a319853f2eaa842-top_to_mol2": 1, "1b6379c526b78e0d7a319853f2eaa842-lammps_to_gmx": 1, "1b6379c526b78e0d7a319853f2eaa842-minimize": 1, "1b6379c526b78e0d7a319853f2eaa842-get_interaction_energy_5nN": 1, "1b6379c526b78e0d7a319853f2eaa842-compress": 1, "1b6379c526b78e0d7a319853f2eaa842-calc_friction": 1, "1b6379c526b78e0d7a319853f2eaa842-minimize_grompp": 1, "1b6379c526b78e0d7a319853f2eaa842-compress_grompp": 1, "1b6379c526b78e0d7a319853f2eaa842-shear_15nN_rerun_grompp": 1, "1b6379c526b78e0d7a319853f2eaa842-log_interaction_energy_5nN": 1, "1b6379c526b78e0d7a319853f2eaa842-log_interaction_energy_15nN": 1, "1b6379c526b78e0d7a319853f2eaa842-shear_15nN_rerun": 1, "1b6379c526b78e0d7a319853f2eaa842-equilibrate": 1, "1b6379c526b78e0d7a319853f2eaa842-get_interaction_energy_25nN": 1, "1b6379c526b78e0d7a319853f2eaa842-unwrap_shear_15nN": 1, "1b6379c526b78e0d7a319853f2eaa842-initialize": 1, "1b6379c526b78e0d7a319853f2eaa842-fix_overlaps": 1, "1b6379c526b78e0d7a319853f2eaa842-shear_25nN_grompp": 1, "1b6379c526b78e0d7a319853f2eaa842-calc_interdigitation": 1, "1b6379c526b78e0d7a319853f2eaa842-shear_5nN": 1, "1b6379c526b78e0d7a319853f2eaa842-shear_25nN_rerun_grompp": 1, "1b6379c526b78e0d7a319853f2eaa842-shear_25nN_rerun": 1, "1b6379c526b78e0d7a319853f2eaa842-unwrap_shear_25nN": 1, "1b6379c526b78e0d7a319853f2eaa842-log_cof": 1, "1b6379c526b78e0d7a319853f2eaa842-shear_15nN_grompp": 1, "1b6379c526b78e0d7a319853f2eaa842-log_S2": 1, "1b6379c526b78e0d7a319853f2eaa842-shear_5nN_rerun_grompp": 1, "1b6379c526b78e0d7a319853f2eaa842-calc_S2_shear": 1, "1b6379c526b78e0d7a319853f2eaa842-log_tilt": 1, "1b6379c526b78e0d7a319853f2eaa842-get_interaction_energy_15nN": 1, "1b6379c526b78e0d7a319853f2eaa842-shear_15nN": 1, "1b6379c526b78e0d7a319853f2eaa842-shear_25nN": 1, "1b6379c526b78e0d7a319853f2eaa842-unwrap_shear_5nN": 1, "1b6379c526b78e0d7a319853f2eaa842-shear_5nN_rerun": 1, "1b6379c526b78e0d7a319853f2eaa842-log_interaction_energy_25nN": 1, "1b6379c526b78e0d7a319853f2eaa842-equilibrate_grompp": 1, "1b6379c526b78e0d7a319853f2eaa842-calc_tilt_shear": 1, "1b6379c526b78e0d7a319853f2eaa842-shear_5nN_grompp": 1}, "interdigitation": {"25nN": 0.11076431465276651, "5nN": 0.11396858735644091, "15nN": 0.11808402965798279}, "intercept": 0.7777847020028557, "delta_dipole_moment": 3.8000000000000003, "tilt_bottom": {"25nN": 38.62788064434282, "5nN": 33.06733400165326, "15nN": 36.93017259390276}, "S2_top": {"25nN": 0.916878887981775, "5nN": 0.9241020613300549, "15nN": 0.9409572102750698}, "shear_25nN-Etotal": [-1867.0810759720225, 47.357884190665644], "shear_5nN-Etotal": [-1530.8599205907276, 50.17119803270136], "S2_bottom": {"25nN": 0.9367268081136779, "5nN": 0.949927101005953, "15nN": 0.9461162329600004}, "avg_molecular_weight": 44.54645, "shear_15nN-lj": [-1780.3588091518789, 46.76067773270786], "tilt_top": {"25nN": 39.28422814014133, "5nN": 33.612353142106954, "15nN": 36.516701592106635}, "avg_dipole_moment": 1.91, "shear_5nN-qq": [5.000013638689049, 11.309583131553223], "shear_5nN-lj": [-1535.8599342294165, 48.220243194241625], "COF": 0.11398380546945197, "shear_25nN-lj": [-1877.225586623501, 45.847279933880465], "shear_25nN-qq": [10.144510651478818, 12.817212777802155], "shear_15nN-Etotal": [-1768.4433677841728, 47.20668538719562]}