{"MR-mean":25.3759,"asphericity-mean":0.403993,"balabanj-mean":3.7820785,"bertzct-mean":276.1985515,"chi0-mean":9.809401,"chi0n-mean":8.26371,"chi0v-mean":3.26371,"chi1-mean":5.264743,"chi1n-mean":3.963755,"chi1v-mean":1.463755,"chi2n-mean":0.8689135,"chi2v-mean":0.8689135,"chi3n-mean":0.397189,"chi3v-mean":0.397189,"chi4n-mean":0.1985945,"chi4v-mean":0.1985945,"e-valence-mean":38.0,"eccentricity-mean":0.9317525,"hk-alpha-mean":-0.99,"hk-kappa1-mean":1.361514,"hk-kappa2-mean":1.644932,"hk-kappa3-mean":0.967531,"ipc-mean":1452.036717,"isf-mean":0.0096765,"labuteASA-mean":47.945626,"logP-mean":0.89806,"molwt-mean":99.032028,"molwt-hvy-mean":94.049,"nheavy-mean":7.0,"npr1-mean":0.323723,"npr2-mean":0.696491,"pbf-mean":0.201198,"pc+-mean":0.6208415,"pc--mean":-0.6208415,"pmi1-mean":85.619555,"pmi2-mean":342.3158785,"pmi3-mean":424.703993,"rbonds-mean":1.5,"rg-mean":1.7925265,"rpc+-mean":0.37199,"rpc--mean":0.431395,"spherocity-mean":0.192758,"tpsa-mean":43.14,"vsa+-mean":24.151129,"vsa--mean":22.3644085,"vsa-fhyd-mean":0.68834,"vsa-fneg-mean":0.4522525,"vsa-fpneg-mean":0.269157,"vsa-fpos-mean":0.5477475,"vsa-fppos-mean":0.042503,"vsa-hyd-mean":33.5575265,"vsa-polar-mean":0.31166,"vsa-polar+-mean":2.843693,"vsa-polar--mean":10.114318,"MR-min":12.9184,"asphericity-min":0.228429,"balabanj-min":3.773039,"bertzct-min":85.425922,"chi0-min":6.07735,"chi0n-min":4.76371,"chi0v-min":1.76371,"chi1-min":2.943376,"chi1n-min":2.088755,"chi1v-min":0.588755,"chi2n-min":0.25711,"chi2v-min":0.25711,"chi3n-min":0.0,"chi3v-min":0.0,"chi4n-min":0.0,"chi4v-min":0.0,"e-valence-min":24.0,"eccentricity-min":0.877784,"hk-alpha-min":-1.38,"hk-kappa1-min":0.671605,"hk-kappa2-min":0.816667,"hk-kappa3-min":0.622222,"ipc-min":17.086166,"isf-min":0.006543,"labuteASA-min":27.607138,"logP-min":-0.1071,"molwt-min":61.016378,"molwt-hvy-min":58.016,"nheavy-min":4.0,"npr1-min":0.16839,"npr2-min":0.557191,"pbf-min":0.124516,"pc+-min":0.529675,"pc--min":-0.712008,"pmi1-min":43.496806,"pmi2-min":50.591159,"pmi3-min":90.796862,"rbonds-min":1.0,"rg-min":1.230632,"rpc+-min":0.366258,"rpc--min":0.36279,"spherocity-min":0.041198,"tpsa-min":43.14,"vsa+-min":16.011414,"vsa--min":10.114318,"vsa-fhyd-min":0.61286,"vsa-fneg-min":0.38714,"vsa-fpneg-min":0.151174,"vsa-fpos-min":0.482635,"vsa-fppos-min":0.0,"vsa-hyd-min":16.011414,"vsa-polar-min":0.23618,"vsa-polar+-min":0.0,"vsa-polar--min":10.114318,"MR-max":37.8334,"asphericity-max":0.579557,"balabanj-max":3.791118,"bertzct-max":466.971181,"chi0-max":13.541452,"chi0n-max":11.76371,"chi0v-max":4.76371,"chi1-max":7.58611,"chi1n-max":5.838755,"chi1v-max":2.338755,"chi2n-max":1.480717,"chi2v-max":1.480717,"chi3n-max":0.794378,"chi3v-max":0.794378,"chi4n-max":0.397189,"chi4v-max":0.397189,"e-valence-max":52.0,"eccentricity-max":0.985721,"hk-alpha-max":-0.6,"hk-kappa1-max":2.051423,"hk-kappa2-max":2.473197,"hk-kappa3-max":1.31284,"ipc-max":2886.987268,"isf-max":0.01281,"labuteASA-max":68.284114,"logP-max":1.90322,"molwt-max":137.047678,"molwt-hvy-max":130.082,"nheavy-max":10.0,"npr1-max":0.479056,"npr2-max":0.835791,"pbf-max":0.27788,"pc+-max":0.712008,"pc--max":-0.529675,"pmi1-max":127.742304,"pmi2-max":634.040598,"pmi3-max":758.611124,"rbonds-max":2.0,"rg-max":2.354421,"rpc+-max":0.377722,"rpc--max":0.5,"spherocity-max":0.344318,"tpsa-max":43.14,"vsa+-max":32.290844,"vsa--max":34.614499,"vsa-fhyd-max":0.76382,"vsa-fneg-max":0.517365,"vsa-fpneg-max":0.38714,"vsa-fpos-max":0.61286,"vsa-fppos-max":0.085006,"vsa-hyd-max":51.103639,"vsa-polar-max":0.38714,"vsa-polar+-max":5.687386,"vsa-polar--max":10.114318,"MR-diff":24.915,"asphericity-diff":0.351128,"balabanj-diff":0.018079,"bertzct-diff":381.545259,"chi0-diff":7.464102,"chi0n-diff":7.0,"chi0v-diff":3.0,"chi1-diff":4.642734,"chi1n-diff":3.75,"chi1v-diff":1.75,"chi2n-diff":1.223607,"chi2v-diff":1.223607,"chi3n-diff":0.794378,"chi3v-diff":0.794378,"chi4n-diff":0.397189,"chi4v-diff":0.397189,"e-valence-diff":28.0,"eccentricity-diff":0.107937,"hk-alpha-diff":0.78,"hk-kappa1-diff":1.379818,"hk-kappa2-diff":1.65653,"hk-kappa3-diff":0.690618,"ipc-diff":2869.901102,"isf-diff":0.006267,"labuteASA-diff":40.676976,"logP-diff":2.01032,"molwt-diff":76.0313,"molwt-hvy-diff":72.066,"nheavy-diff":6.0,"npr1-diff":0.310666,"npr2-diff":0.2786,"pbf-diff":0.153364,"pc+-diff":0.182333,"pc--diff":0.182333,"pmi1-diff":84.245498,"pmi2-diff":583.449439,"pmi3-diff":667.814262,"rbonds-diff":1.0,"rg-diff":1.123789,"rpc+-diff":0.011464,"rpc--diff":0.13721,"spherocity-diff":0.30312,"tpsa-diff":0.0,"vsa+-diff":16.27943,"vsa--diff":24.500181,"vsa-fhyd-diff":0.15096,"vsa-fneg-diff":0.130225,"vsa-fpneg-diff":0.235966,"vsa-fpos-diff":0.130225,"vsa-fppos-diff":0.085006,"vsa-hyd-diff":35.092225,"vsa-polar-diff":0.15096,"vsa-polar+-diff":5.687386,"vsa-polar--diff":0.0,"hbonds":0.0}