{"shear_15nN-qq": [-684.3097025347722, 66.81302779993696], "delta_molecular_weight": 76.0958, "status": {"4d66c6770aea56cd591f561dd9924e03-calc_interdigitation": 1, "4d66c6770aea56cd591f561dd9924e03-minimize_grompp": 1, "4d66c6770aea56cd591f561dd9924e03-shear_15nN": 1, "4d66c6770aea56cd591f561dd9924e03-calc_friction": 1, "4d66c6770aea56cd591f561dd9924e03-shear_5nN_rerun_grompp": 1, "4d66c6770aea56cd591f561dd9924e03-shear_5nN_rerun": 1, "4d66c6770aea56cd591f561dd9924e03-shear_25nN_rerun": 1, "4d66c6770aea56cd591f561dd9924e03-fix_overlaps": 1, "4d66c6770aea56cd591f561dd9924e03-unwrap_shear_15nN": 1, "4d66c6770aea56cd591f561dd9924e03-get_interaction_energy_5nN": 1, "4d66c6770aea56cd591f561dd9924e03-get_interaction_energy_15nN": 1, "4d66c6770aea56cd591f561dd9924e03-log_S2": 1, "4d66c6770aea56cd591f561dd9924e03-log_interaction_energy_25nN": 1, "4d66c6770aea56cd591f561dd9924e03-unwrap_shear_5nN": 1, "4d66c6770aea56cd591f561dd9924e03-shear_15nN_rerun_grompp": 1, "4d66c6770aea56cd591f561dd9924e03-shear_25nN_rerun_grompp": 1, "4d66c6770aea56cd591f561dd9924e03-log_tilt": 1, "4d66c6770aea56cd591f561dd9924e03-equilibrate": 1, "4d66c6770aea56cd591f561dd9924e03-minimize": 1, "4d66c6770aea56cd591f561dd9924e03-lammps_to_gmx": 1, "4d66c6770aea56cd591f561dd9924e03-top_to_mol2": 1, "4d66c6770aea56cd591f561dd9924e03-initialize": 1, "4d66c6770aea56cd591f561dd9924e03-shear_15nN_rerun": 1, "4d66c6770aea56cd591f561dd9924e03-calc_tilt_shear": 1, "4d66c6770aea56cd591f561dd9924e03-shear_25nN": 1, "4d66c6770aea56cd591f561dd9924e03-shear_5nN": 1, "4d66c6770aea56cd591f561dd9924e03-log_interaction_energy_15nN": 1, "4d66c6770aea56cd591f561dd9924e03-log_interaction_energy_5nN": 1, "4d66c6770aea56cd591f561dd9924e03-log_cof": 1, "4d66c6770aea56cd591f561dd9924e03-compress": 1, "4d66c6770aea56cd591f561dd9924e03-calc_S2_shear": 1, "4d66c6770aea56cd591f561dd9924e03-shear_25nN_grompp": 1, "4d66c6770aea56cd591f561dd9924e03-equilibrate_grompp": 1, "4d66c6770aea56cd591f561dd9924e03-compress_grompp": 1, "4d66c6770aea56cd591f561dd9924e03-unwrap_shear_25nN": 1, "4d66c6770aea56cd591f561dd9924e03-shear_15nN_grompp": 1, "4d66c6770aea56cd591f561dd9924e03-get_interaction_energy_25nN": 1, "4d66c6770aea56cd591f561dd9924e03-shear_5nN_grompp": 1}, "interdigitation": {"15nN": 0.17777870089719663, "5nN": 0.16490793569214676, "25nN": 0.16589147230309545}, "avg_molecular_weight": 84.0534, "delta_dipole_moment": 2.4099999999999997, "tilt_bottom": {"15nN": 39.59049892127094, "5nN": 36.552604779132395, "25nN": 41.399208413285514}, "S2_top": {"15nN": 0.9565016714352633, "5nN": 0.953491996634309, "25nN": 0.9247220322125714}, "shear_25nN-Etotal": [-3011.64941401279, 100.7342277637908], "shear_5nN-Etotal": [-2821.684840284572, 113.56187291264624], "S2_bottom": {"15nN": 0.973391047919226, "5nN": 0.9772611852855314, "25nN": 0.9656421220788373}, "intercept": 2.334789093045905, "shear_15nN-lj": [-2331.4806422605916, 59.08410444371981], "tilt_top": {"15nN": 35.251202791156715, "5nN": 32.135192991315726, "25nN": 36.35027599517333}, "avg_dipole_moment": 5.015, "shear_5nN-qq": [-674.737392381295, 70.38463355149379], "shear_5nN-lj": [-2146.947447903277, 64.80002413540633], "COF": 0.10922657673388933, "shear_25nN-lj": [-2397.457057989608, 56.34532456643915], "shear_25nN-qq": [-614.1923560231814, 69.41023131276349], "shear_15nN-Etotal": [-3015.7903447953636, 100.46445739569393]}