{"avg_dipole_moment": 0.94, "max_dipole_moment": 1.88, "min_dipole_moment": 0.0, "max_molecular_weight": 41.0716, "shear_5nN-qq": [-3.1690061550759383, 11.604098008553722], "intercept": 0.692677932426208, "shear_15nN-qq": [26.297121082334137, 15.458529477889808], "min_molecular_weight": 17.0073, "delta_molecular_weight": 24.064299999999996, "ch3-smiles-2": "CO", "chain-smiles-2": "CCCCCCCCCCCCCCCCCO", "tilt_bottom": {"25nN": 39.064660154718325, "5nN": 33.89398456172324, "15nN": 37.522040456083204}, "tilt_top": {"25nN": 39.80478032537338, "5nN": 33.35421419331551, "15nN": 37.57468190572605}, "shear_15nN-lj": [-1523.1657220191846, 50.690107169844495], "h-smiles-1": "C1CC1", "ch3-smiles-1": "CC1CC1", "S2_bottom": {"25nN": 0.9385622225329536, "5nN": 0.9379637553265676, "15nN": 0.9372897400284094}, "h-smiles-2": "O", "shear_25nN-qq": [50.29171519024781, 16.789716323431954], "COF": 0.1472003720136123, "shear_25nN-lj": [-1611.7946523669066, 53.35785227594168], "S2_top": {"25nN": 0.9475444593286488, "5nN": 0.9522269421256782, "15nN": 0.9548587881913878}, "shear_15nN-Etotal": [-1496.8686009368505, 50.41869563571086], "shear_5nN-Etotal": [-1282.6955884028778, 50.993354309140386], "shear_25nN-Etotal": [-1561.5029371766586, 52.14043838333121], "avg_molecular_weight": 29.03945, "shear_5nN-lj": [-1279.5265822478018, 51.85457096524852], "delta_dipole_moment": 1.88, "status": {"6e009f7e9cbf3a35b6fef538264848c4-shear_25nN_grompp": 1, "6e009f7e9cbf3a35b6fef538264848c4-log_interaction_energy_5nN": 1, "6e009f7e9cbf3a35b6fef538264848c4-equilibrate": 1, "6e009f7e9cbf3a35b6fef538264848c4-log_tilt": 1, "6e009f7e9cbf3a35b6fef538264848c4-shear_5nN_grompp": 1, "6e009f7e9cbf3a35b6fef538264848c4-calc_tilt_shear": 1, "6e009f7e9cbf3a35b6fef538264848c4-shear_15nN_rerun": 1, "6e009f7e9cbf3a35b6fef538264848c4-count_hydrogen_bonds": 1, "6e009f7e9cbf3a35b6fef538264848c4-get_interaction_energy_5nN": 1, "6e009f7e9cbf3a35b6fef538264848c4-shear_25nN_rerun": 1, "6e009f7e9cbf3a35b6fef538264848c4-initialize": 1, "6e009f7e9cbf3a35b6fef538264848c4-minimize": 1, "6e009f7e9cbf3a35b6fef538264848c4-calc_interdigitation": 1, "6e009f7e9cbf3a35b6fef538264848c4-shear_25nN": 1, "6e009f7e9cbf3a35b6fef538264848c4-shear_15nN_rerun_grompp": 1, "6e009f7e9cbf3a35b6fef538264848c4-compress_grompp": 1, "6e009f7e9cbf3a35b6fef538264848c4-shear_5nN": 1, "6e009f7e9cbf3a35b6fef538264848c4-log_interaction_energy_15nN": 1, "6e009f7e9cbf3a35b6fef538264848c4-shear_5nN_rerun": 1, "6e009f7e9cbf3a35b6fef538264848c4-unwrap_shear_15nN": 1, "6e009f7e9cbf3a35b6fef538264848c4-get_interaction_energy_15nN": 1, "6e009f7e9cbf3a35b6fef538264848c4-unwrap_shear_25nN": 1, "6e009f7e9cbf3a35b6fef538264848c4-calc_S2_shear": 1, "6e009f7e9cbf3a35b6fef538264848c4-fix_overlaps": 1, "6e009f7e9cbf3a35b6fef538264848c4-shear_15nN_grompp": 1, "6e009f7e9cbf3a35b6fef538264848c4-shear_25nN_rerun_grompp": 1, "6e009f7e9cbf3a35b6fef538264848c4-compress": 1, "6e009f7e9cbf3a35b6fef538264848c4-lammps_to_gmx": 1, "6e009f7e9cbf3a35b6fef538264848c4-log_cof": 1, "6e009f7e9cbf3a35b6fef538264848c4-top_to_mol2": 1, "6e009f7e9cbf3a35b6fef538264848c4-shear_5nN_rerun_grompp": 1, "6e009f7e9cbf3a35b6fef538264848c4-minimize_grompp": 1, "6e009f7e9cbf3a35b6fef538264848c4-unwrap_shear_5nN": 1, "6e009f7e9cbf3a35b6fef538264848c4-shear_15nN": 1, "6e009f7e9cbf3a35b6fef538264848c4-log_interaction_energy_25nN": 1, "6e009f7e9cbf3a35b6fef538264848c4-log_S2": 1, "6e009f7e9cbf3a35b6fef538264848c4-get_interaction_energy_25nN": 1, "6e009f7e9cbf3a35b6fef538264848c4-calc_friction": 1, "6e009f7e9cbf3a35b6fef538264848c4-equilibrate_grompp": 1}, "chain-smiles-1": "CCCCCCCCCCCCCCCCCC1CC1"}