{"avg_dipole_moment": 1.045, "max_dipole_moment": 2.09, "min_dipole_moment": 0.0, "max_molecular_weight": 69.0059, "shear_5nN-qq": [-15.620594996003197, 8.081159264974238], "intercept": 0.9456260875958504, "shear_15nN-qq": [-22.228538065547564, 8.979831527284073], "min_molecular_weight": 15.0344, "delta_molecular_weight": 53.9715, "ch3-smiles-2": "CC(F)(F)F", "chain-smiles-2": "CCCCCCCCCCCCCCCCCC(F)(F)F", "tilt_bottom": {"25nN": 39.898513242175106, "5nN": 34.372360740637745, "15nN": 38.03219997030846}, "interdigitation": {"25nN": 0.12861325444314192, "5nN": 0.12982476604547818, "15nN": 0.14474237221862404}, "tilt_top": {"25nN": 38.38748951072603, "5nN": 33.86668306712949, "15nN": 36.70350570883651}, "shear_15nN-lj": [-1260.6066278856915, 46.76956162884986], "h-smiles-1": "C", "S2_top": {"25nN": 0.9464135634117099, "5nN": 0.9529477428048584, "15nN": 0.9410881647701292}, "S2_bottom": {"25nN": 0.9634133821403152, "5nN": 0.9692070423639904, "15nN": 0.9681913076597618}, "h-smiles-2": "C(F)(F)F", "shear_25nN-qq": [-15.465202149480415, 9.635073781176178], "COF": 0.1256157304192542, "shear_25nN-lj": [-1355.6580548904876, 46.630751548109146], "ch3-smiles-1": "CC", "shear_15nN-Etotal": [-1282.835165951239, 48.48457742563443], "shear_5nN-Etotal": [-1054.4722330695442, 50.33720315663957], "shear_25nN-Etotal": [-1371.123257039968, 46.300679240581914], "avg_molecular_weight": 42.02015, "shear_5nN-lj": [-1038.8516380735412, 48.30759392833296], "delta_dipole_moment": 2.09, "status": {"b266361f9ac1877f0b47acd2cb38d9b3-shear_5nN_rerun_grompp": 1, "b266361f9ac1877f0b47acd2cb38d9b3-calc_friction": 1, "b266361f9ac1877f0b47acd2cb38d9b3-top_to_mol2": 1, "b266361f9ac1877f0b47acd2cb38d9b3-shear_15nN_rerun": 1, "b266361f9ac1877f0b47acd2cb38d9b3-shear_25nN_grompp": 1, "b266361f9ac1877f0b47acd2cb38d9b3-lammps_to_gmx": 1, "b266361f9ac1877f0b47acd2cb38d9b3-calc_S2_shear": 1, "b266361f9ac1877f0b47acd2cb38d9b3-shear_15nN_grompp": 1, "b266361f9ac1877f0b47acd2cb38d9b3-get_interaction_energy_5nN": 1, "b266361f9ac1877f0b47acd2cb38d9b3-shear_5nN_grompp": 1, "b266361f9ac1877f0b47acd2cb38d9b3-get_interaction_energy_15nN": 1, "b266361f9ac1877f0b47acd2cb38d9b3-shear_25nN": 1, "b266361f9ac1877f0b47acd2cb38d9b3-calc_interdigitation": 1, "b266361f9ac1877f0b47acd2cb38d9b3-shear_15nN_rerun_grompp": 1, "b266361f9ac1877f0b47acd2cb38d9b3-shear_15nN": 1, "b266361f9ac1877f0b47acd2cb38d9b3-fix_overlaps": 1, "b266361f9ac1877f0b47acd2cb38d9b3-compress": 1, "b266361f9ac1877f0b47acd2cb38d9b3-minimize_grompp": 1, "b266361f9ac1877f0b47acd2cb38d9b3-minimize": 1, "b266361f9ac1877f0b47acd2cb38d9b3-get_interaction_energy_25nN": 1, "b266361f9ac1877f0b47acd2cb38d9b3-log_cof": 1, "b266361f9ac1877f0b47acd2cb38d9b3-shear_5nN_rerun": 1, "b266361f9ac1877f0b47acd2cb38d9b3-compress_grompp": 1, "b266361f9ac1877f0b47acd2cb38d9b3-log_interaction_energy_25nN": 1, "b266361f9ac1877f0b47acd2cb38d9b3-unwrap_shear_5nN": 1, "b266361f9ac1877f0b47acd2cb38d9b3-equilibrate": 1, "b266361f9ac1877f0b47acd2cb38d9b3-shear_25nN_rerun": 1, "b266361f9ac1877f0b47acd2cb38d9b3-initialize": 1, "b266361f9ac1877f0b47acd2cb38d9b3-unwrap_shear_25nN": 1, "b266361f9ac1877f0b47acd2cb38d9b3-calc_tilt_shear": 1, "b266361f9ac1877f0b47acd2cb38d9b3-log_tilt": 1, "b266361f9ac1877f0b47acd2cb38d9b3-log_interaction_energy_5nN": 1, "b266361f9ac1877f0b47acd2cb38d9b3-shear_25nN_rerun_grompp": 1, "b266361f9ac1877f0b47acd2cb38d9b3-equilibrate_grompp": 1, "b266361f9ac1877f0b47acd2cb38d9b3-shear_5nN": 1, "b266361f9ac1877f0b47acd2cb38d9b3-log_interaction_energy_15nN": 1, "b266361f9ac1877f0b47acd2cb38d9b3-unwrap_shear_15nN": 1, "b266361f9ac1877f0b47acd2cb38d9b3-log_S2": 1}, "chain-smiles-1": "CCCCCCCCCCCCCCCCCC"}