{"avg_dipole_moment": 1.855, "max_dipole_moment": 2.03, "min_dipole_moment": 1.68, "max_molecular_weight": 95.0942, "shear_5nN-qq": [-123.8364512773781, 27.248751356647684], "intercept": 1.2517475244926684, "shear_15nN-qq": [-142.12852620703435, 28.16075850581267], "min_molecular_weight": 31.0338, "delta_molecular_weight": 64.0604, "ch3-smiles-2": "COC", "chain-smiles-2": "CCCCCCCCCCCCCCCCCOC", "tilt_bottom": {"25nN": 38.33509302194079, "5nN": 32.12690633363049, "15nN": 34.750029437978235}, "tilt_top": {"25nN": 42.55870836270219, "5nN": 37.45765030825875, "15nN": 40.19893132418234}, "shear_15nN-lj": [-1618.218486731415, 48.61467391045314], "h-smiles-1": "C1=CC=C(F)C=C1", "ch3-smiles-1": "CC1=CC=C(F)C=C1", "S2_bottom": {"25nN": 0.9102214698284119, "5nN": 0.942628195634615, "15nN": 0.9287120462797785}, "h-smiles-2": "OC", "shear_25nN-qq": [-157.63206312230216, 31.449777155053425], "COF": 0.150905910400787, "shear_25nN-lj": [-1716.4573579480414, 51.05983762871127], "S2_top": {"25nN": 0.9751181668127478, "5nN": 0.9724949710119359, "15nN": 0.9724277805358015}, "shear_15nN-Etotal": [-1760.347012938449, 60.36854166126136], "shear_5nN-Etotal": [-1516.8165594852119, 70.76284976659511], "shear_25nN-Etotal": [-1874.0894210703439, 62.76160122426529], "avg_molecular_weight": 63.064, "shear_5nN-lj": [-1392.9801082078338, 56.23657062159821], "delta_dipole_moment": 0.34999999999999987, "status": {"d906fb2f699dd7171329fbec6cf0f78f-shear_25nN_rerun": 1, "d906fb2f699dd7171329fbec6cf0f78f-calc_friction": 1, "d906fb2f699dd7171329fbec6cf0f78f-minimize_grompp": 1, "d906fb2f699dd7171329fbec6cf0f78f-unwrap_shear_15nN": 1, "d906fb2f699dd7171329fbec6cf0f78f-shear_15nN_grompp": 1, "d906fb2f699dd7171329fbec6cf0f78f-shear_5nN": 1, "d906fb2f699dd7171329fbec6cf0f78f-log_interaction_energy_15nN": 1, "d906fb2f699dd7171329fbec6cf0f78f-initialize": 1, "d906fb2f699dd7171329fbec6cf0f78f-lammps_to_gmx": 1, "d906fb2f699dd7171329fbec6cf0f78f-calc_tilt_shear": 1, "d906fb2f699dd7171329fbec6cf0f78f-get_interaction_energy_15nN": 1, "d906fb2f699dd7171329fbec6cf0f78f-shear_5nN_grompp": 1, "d906fb2f699dd7171329fbec6cf0f78f-calc_interdigitation": 1, "d906fb2f699dd7171329fbec6cf0f78f-calc_S2_shear": 1, "d906fb2f699dd7171329fbec6cf0f78f-shear_15nN_rerun": 1, "d906fb2f699dd7171329fbec6cf0f78f-fix_overlaps": 1, "d906fb2f699dd7171329fbec6cf0f78f-compress": 1, "d906fb2f699dd7171329fbec6cf0f78f-compress_grompp": 1, "d906fb2f699dd7171329fbec6cf0f78f-log_interaction_energy_25nN": 1, "d906fb2f699dd7171329fbec6cf0f78f-shear_25nN_grompp": 1, "d906fb2f699dd7171329fbec6cf0f78f-log_tilt": 1, "d906fb2f699dd7171329fbec6cf0f78f-unwrap_shear_5nN": 1, "d906fb2f699dd7171329fbec6cf0f78f-log_interaction_energy_5nN": 1, "d906fb2f699dd7171329fbec6cf0f78f-get_interaction_energy_5nN": 1, "d906fb2f699dd7171329fbec6cf0f78f-unwrap_shear_25nN": 1, "d906fb2f699dd7171329fbec6cf0f78f-top_to_mol2": 1, "d906fb2f699dd7171329fbec6cf0f78f-equilibrate_grompp": 1, "d906fb2f699dd7171329fbec6cf0f78f-shear_15nN_rerun_grompp": 1, "d906fb2f699dd7171329fbec6cf0f78f-shear_5nN_rerun_grompp": 1, "d906fb2f699dd7171329fbec6cf0f78f-get_interaction_energy_25nN": 1, "d906fb2f699dd7171329fbec6cf0f78f-equilibrate": 1, "d906fb2f699dd7171329fbec6cf0f78f-shear_25nN": 1, "d906fb2f699dd7171329fbec6cf0f78f-shear_25nN_rerun_grompp": 1, "d906fb2f699dd7171329fbec6cf0f78f-minimize": 1, "d906fb2f699dd7171329fbec6cf0f78f-shear_5nN_rerun": 1, "d906fb2f699dd7171329fbec6cf0f78f-log_S2": 1, "d906fb2f699dd7171329fbec6cf0f78f-shear_15nN": 1, "d906fb2f699dd7171329fbec6cf0f78f-log_cof": 1}, "chain-smiles-1": "CCCCCCCCCCCCCCCCCC1=CC=C(F)C=C1"}