{"interdigitation": {"25nN": 0.11998081140400631, "5nN": 0.15244386240625563, "15nN": 0.1293416754482629}, "shear_25nN-qq": [-670.3894622741806, 72.61071753032905], "S2_top": {"25nN": 0.9400773275178016, "5nN": 0.9447890721336948, "15nN": 0.9318385344875517}, "tilt_bottom": {"25nN": 39.43141500909979, "5nN": 34.16216518683358, "15nN": 37.61249735469914}, "shear_15nN-Etotal": [-2182.864906768985, 88.77023847370401], "S2_bottom": {"25nN": 0.9564712157643259, "5nN": 0.9547312067090998, "15nN": 0.9540142169306849}, "shear_25nN-lj": [-1641.2692539288569, 52.34457429494255], "delta_molecular_weight": 14.026499999999999, "shear_15nN-qq": [-621.9433728129496, 68.21442580944682], "avg_dipole_moment": 1.7799999999999998, "COF": 0.16771405495787478, "shear_25nN-Etotal": [-2311.6587162030373, 86.84859163017785], "tilt_top": {"25nN": 41.39958433013064, "5nN": 35.76249585189372, "15nN": 38.60214596994882}, "status": {"4e706f600d09f459924937fc5ae942b1-compress": 1, "4e706f600d09f459924937fc5ae942b1-top_to_mol2": 1, "4e706f600d09f459924937fc5ae942b1-log_cof": 1, "4e706f600d09f459924937fc5ae942b1-shear_15nN_grompp": 1, "4e706f600d09f459924937fc5ae942b1-shear_15nN_rerun_grompp": 1, "4e706f600d09f459924937fc5ae942b1-calc_tilt_shear": 1, "4e706f600d09f459924937fc5ae942b1-unwrap_shear_5nN": 1, "4e706f600d09f459924937fc5ae942b1-shear_5nN_rerun_grompp": 1, "4e706f600d09f459924937fc5ae942b1-shear_15nN": 1, "4e706f600d09f459924937fc5ae942b1-minimize": 1, "4e706f600d09f459924937fc5ae942b1-get_interaction_energy_15nN": 1, "4e706f600d09f459924937fc5ae942b1-log_S2": 1, "4e706f600d09f459924937fc5ae942b1-log_interaction_energy_5nN": 1, "4e706f600d09f459924937fc5ae942b1-equilibrate_grompp": 1, "4e706f600d09f459924937fc5ae942b1-unwrap_shear_25nN": 1, "4e706f600d09f459924937fc5ae942b1-log_tilt": 1, "4e706f600d09f459924937fc5ae942b1-unwrap_shear_15nN": 1, "4e706f600d09f459924937fc5ae942b1-calc_interdigitation": 1, "4e706f600d09f459924937fc5ae942b1-shear_25nN": 1, "4e706f600d09f459924937fc5ae942b1-equilibrate": 1, "4e706f600d09f459924937fc5ae942b1-calc_friction": 1, "4e706f600d09f459924937fc5ae942b1-log_interaction_energy_25nN": 1, "4e706f600d09f459924937fc5ae942b1-shear_5nN_rerun": 1, "4e706f600d09f459924937fc5ae942b1-get_interaction_energy_5nN": 1, "4e706f600d09f459924937fc5ae942b1-compress_grompp": 1, "4e706f600d09f459924937fc5ae942b1-initialize": 1, "4e706f600d09f459924937fc5ae942b1-shear_15nN_rerun": 1, "4e706f600d09f459924937fc5ae942b1-calc_S2_shear": 1, "4e706f600d09f459924937fc5ae942b1-fix_overlaps": 1, "4e706f600d09f459924937fc5ae942b1-count_hydrogen_bonds": 1, "4e706f600d09f459924937fc5ae942b1-shear_25nN_rerun_grompp": 1, "4e706f600d09f459924937fc5ae942b1-shear_25nN_rerun": 1, "4e706f600d09f459924937fc5ae942b1-minimize_grompp": 1, "4e706f600d09f459924937fc5ae942b1-lammps_to_gmx": 1, "4e706f600d09f459924937fc5ae942b1-shear_5nN_grompp": 1, "4e706f600d09f459924937fc5ae942b1-log_interaction_energy_15nN": 1, "4e706f600d09f459924937fc5ae942b1-shear_5nN": 1, "4e706f600d09f459924937fc5ae942b1-get_interaction_energy_25nN": 1, "4e706f600d09f459924937fc5ae942b1-shear_25nN_grompp": 1}, "intercept": 2.116195058360498, "shear_5nN-qq": [-559.9639100695445, 64.13229429099437], "shear_5nN-Etotal": [-1944.5307926011192, 92.39678479753225], "avg_molecular_weight": 24.02055, "delta_dipole_moment": 0.19999999999999996, "shear_15nN-lj": [-1560.921533956035, 52.67869089525078], "shear_5nN-lj": [-1384.5668825315747, 54.469474116765596]}