{"avg_dipole_moment": 4.109999999999999, "max_dipole_moment": 4.81, "min_dipole_moment": 3.41, "max_molecular_weight": 45.0174, "shear_5nN-qq": [-2000.2672156163069, 158.51530880640234], "intercept": 6.114614090370282, "shear_15nN-qq": [-1944.0921045347723, 176.59226253531472], "min_molecular_weight": 26.0174, "delta_molecular_weight": 19.000000000000004, "ch3-smiles-2": "CC#N", "chain-smiles-2": "CCCCCCCCCCCCCCCCCC#N", "tilt_bottom": {"25nN": 41.349224433558184, "5nN": 38.35454896745077, "15nN": 40.49504733831167}, "interdigitation": {"25nN": 0.10703009918096015, "5nN": 0.12019618407194328, "15nN": 0.1050276528622236}, "tilt_top": {"25nN": 42.08069115653542, "5nN": 39.14729836596282, "15nN": 40.568865209711724}, "shear_15nN-lj": [-1681.247403045564, 60.93778913086828], "h-smiles-1": "C(=O)O", "S2_top": {"25nN": 0.9662617877944003, "5nN": 0.9768856500001379, "15nN": 0.9654671374925937}, "S2_bottom": {"25nN": 0.9646267633402406, "5nN": 0.968496097414392, "15nN": 0.9697019177052144}, "h-smiles-2": "C#N", "shear_25nN-qq": [-1955.957223101519, 162.29895542632977], "COF": 0.11666832604895104, "shear_25nN-lj": [-1733.0592952422064, 59.384353469115695], "ch3-smiles-1": "CC(=O)O", "shear_15nN-Etotal": [-3625.339507580336, 174.8224648660267], "shear_5nN-Etotal": [-3583.3509470727413, 165.28979562860502], "shear_25nN-Etotal": [-3689.016518343725, 158.35261332850993], "avg_molecular_weight": 35.5174, "shear_5nN-lj": [-1583.0837314564349, 58.23599512644347], "delta_dipole_moment": 1.3999999999999995, "status": {"a8d4ebec265562015a81d4ee0c4f6bbc-shear_15nN_rerun_grompp": 1, "a8d4ebec265562015a81d4ee0c4f6bbc-get_interaction_energy_5nN": 1, "a8d4ebec265562015a81d4ee0c4f6bbc-get_interaction_energy_15nN": 1, "a8d4ebec265562015a81d4ee0c4f6bbc-shear_25nN": 1, "a8d4ebec265562015a81d4ee0c4f6bbc-log_interaction_energy_5nN": 1, "a8d4ebec265562015a81d4ee0c4f6bbc-log_S2": 1, "a8d4ebec265562015a81d4ee0c4f6bbc-shear_15nN_rerun": 1, "a8d4ebec265562015a81d4ee0c4f6bbc-calc_friction": 1, "a8d4ebec265562015a81d4ee0c4f6bbc-unwrap_shear_5nN": 1, "a8d4ebec265562015a81d4ee0c4f6bbc-calc_tilt_shear": 1, "a8d4ebec265562015a81d4ee0c4f6bbc-initialize": 1, "a8d4ebec265562015a81d4ee0c4f6bbc-minimize_grompp": 1, "a8d4ebec265562015a81d4ee0c4f6bbc-calc_S2_shear": 1, "a8d4ebec265562015a81d4ee0c4f6bbc-calc_interdigitation": 1, "a8d4ebec265562015a81d4ee0c4f6bbc-shear_15nN_grompp": 1, "a8d4ebec265562015a81d4ee0c4f6bbc-compress_grompp": 1, "a8d4ebec265562015a81d4ee0c4f6bbc-compress": 1, "a8d4ebec265562015a81d4ee0c4f6bbc-unwrap_shear_25nN": 1, "a8d4ebec265562015a81d4ee0c4f6bbc-shear_5nN_rerun": 1, "a8d4ebec265562015a81d4ee0c4f6bbc-shear_25nN_rerun_grompp": 1, "a8d4ebec265562015a81d4ee0c4f6bbc-unwrap_shear_15nN": 1, "a8d4ebec265562015a81d4ee0c4f6bbc-shear_5nN_grompp": 1, "a8d4ebec265562015a81d4ee0c4f6bbc-log_interaction_energy_15nN": 1, "a8d4ebec265562015a81d4ee0c4f6bbc-get_interaction_energy_25nN": 1, "a8d4ebec265562015a81d4ee0c4f6bbc-shear_5nN_rerun_grompp": 1, "a8d4ebec265562015a81d4ee0c4f6bbc-log_cof": 1, "a8d4ebec265562015a81d4ee0c4f6bbc-fix_overlaps": 1, "a8d4ebec265562015a81d4ee0c4f6bbc-equilibrate": 1, "a8d4ebec265562015a81d4ee0c4f6bbc-shear_15nN": 1, "a8d4ebec265562015a81d4ee0c4f6bbc-shear_25nN_rerun": 1, "a8d4ebec265562015a81d4ee0c4f6bbc-log_tilt": 1, "a8d4ebec265562015a81d4ee0c4f6bbc-lammps_to_gmx": 1, "a8d4ebec265562015a81d4ee0c4f6bbc-shear_25nN_grompp": 1, "a8d4ebec265562015a81d4ee0c4f6bbc-equilibrate_grompp": 1, "a8d4ebec265562015a81d4ee0c4f6bbc-log_interaction_energy_25nN": 1, "a8d4ebec265562015a81d4ee0c4f6bbc-minimize": 1, "a8d4ebec265562015a81d4ee0c4f6bbc-count_hydrogen_bonds": 1, "a8d4ebec265562015a81d4ee0c4f6bbc-shear_5nN": 1, "a8d4ebec265562015a81d4ee0c4f6bbc-top_to_mol2": 1}, "chain-smiles-1": "CCCCCCCCCCCCCCCCCC(=O)O"}