{"shear_15nN-qq": [73.27172274820144, 12.90276592753758], "delta_molecular_weight": 12.010700000000002, "status": {"a10bbe81b049421dce7ae5a1803c0089-calc_S2_shear": 1, "a10bbe81b049421dce7ae5a1803c0089-shear_5nN_rerun": 1, "a10bbe81b049421dce7ae5a1803c0089-fix_overlaps": 1, "a10bbe81b049421dce7ae5a1803c0089-minimize": 1, "a10bbe81b049421dce7ae5a1803c0089-log_cof": 1, "a10bbe81b049421dce7ae5a1803c0089-shear_5nN": 1, "a10bbe81b049421dce7ae5a1803c0089-get_interaction_energy_15nN": 1, "a10bbe81b049421dce7ae5a1803c0089-calc_interdigitation": 1, "a10bbe81b049421dce7ae5a1803c0089-shear_15nN_rerun": 1, "a10bbe81b049421dce7ae5a1803c0089-equilibrate_grompp": 1, "a10bbe81b049421dce7ae5a1803c0089-shear_25nN_rerun": 1, "a10bbe81b049421dce7ae5a1803c0089-top_to_mol2": 1, "a10bbe81b049421dce7ae5a1803c0089-calc_friction": 1, "a10bbe81b049421dce7ae5a1803c0089-shear_15nN": 1, "a10bbe81b049421dce7ae5a1803c0089-unwrap_shear_25nN": 1, "a10bbe81b049421dce7ae5a1803c0089-shear_25nN_rerun_grompp": 1, "a10bbe81b049421dce7ae5a1803c0089-get_interaction_energy_25nN": 1, "a10bbe81b049421dce7ae5a1803c0089-shear_15nN_grompp": 1, "a10bbe81b049421dce7ae5a1803c0089-minimize_grompp": 1, "a10bbe81b049421dce7ae5a1803c0089-calc_tilt_shear": 1, "a10bbe81b049421dce7ae5a1803c0089-shear_5nN_grompp": 1, "a10bbe81b049421dce7ae5a1803c0089-log_S2": 1, "a10bbe81b049421dce7ae5a1803c0089-log_interaction_energy_25nN": 1, "a10bbe81b049421dce7ae5a1803c0089-shear_15nN_rerun_grompp": 1, "a10bbe81b049421dce7ae5a1803c0089-shear_5nN_rerun_grompp": 1, "a10bbe81b049421dce7ae5a1803c0089-log_tilt": 1, "a10bbe81b049421dce7ae5a1803c0089-unwrap_shear_5nN": 1, "a10bbe81b049421dce7ae5a1803c0089-unwrap_shear_15nN": 1, "a10bbe81b049421dce7ae5a1803c0089-get_interaction_energy_5nN": 1, "a10bbe81b049421dce7ae5a1803c0089-lammps_to_gmx": 1, "a10bbe81b049421dce7ae5a1803c0089-shear_25nN": 1, "a10bbe81b049421dce7ae5a1803c0089-compress_grompp": 1, "a10bbe81b049421dce7ae5a1803c0089-log_interaction_energy_15nN": 1, "a10bbe81b049421dce7ae5a1803c0089-equilibrate": 1, "a10bbe81b049421dce7ae5a1803c0089-initialize": 1, "a10bbe81b049421dce7ae5a1803c0089-log_interaction_energy_5nN": 1, "a10bbe81b049421dce7ae5a1803c0089-compress": 1, "a10bbe81b049421dce7ae5a1803c0089-shear_25nN_grompp": 1}, "interdigitation": {"25nN": 0.13724978350598363, "5nN": 0.10906555109962374, "15nN": 0.12362363224265277}, "intercept": 0.5660513598369361, "delta_dipole_moment": 0.0, "tilt_bottom": {"25nN": 37.96302590274444, "5nN": 34.841522583638145, "15nN": 37.662792896621916}, "S2_top": {"25nN": 0.9569834085177163, "5nN": 0.951107655142071, "15nN": 0.9480397702689705}, "shear_25nN-Etotal": [-1487.1575920543564, 49.305291672754294], "avg_dipole_moment": 0.0, "S2_bottom": {"25nN": 0.9088761705624768, "5nN": 0.955474112032478, "15nN": 0.9437204291802939}, "avg_molecular_weight": 21.03975, "shear_15nN-lj": [-1466.784421578737, 48.5110159728365], "tilt_top": {"25nN": 39.88378681068877, "5nN": 34.76751294930173, "15nN": 37.54275002221726}, "shear_5nN-Etotal": [-1210.0529970207836, 45.82962520957196], "shear_5nN-qq": [35.554869027977624, 14.518818776036156], "shear_5nN-lj": [-1245.607866048761, 47.71973215108705], "COF": 0.14205636278889866, "shear_25nN-lj": [-1594.3527000655474, 51.33675174204108], "shear_25nN-qq": [107.19510801119105, 13.655583570839893], "shear_15nN-Etotal": [-1393.5126988305356, 45.84163930308172]}