{"MR-mean":11.5385,"asphericity-mean":0.2842995,"balabanj-mean":3.8860625,"bertzct-mean":71.380569,"chi0-mean":7.0,"chi0n-mean":6.0669465,"chi0v-mean":1.5669465,"chi1-mean":3.25,"chi1n-mean":2.7834735,"chi1v-mean":0.5334735,"chi2n-mean":0.169643,"chi2v-mean":0.169643,"chi3n-mean":0.0,"chi3v-mean":0.0,"chi4n-mean":0.0,"chi4v-mean":0.0,"e-valence-mean":23.0,"eccentricity-mean":0.9028945,"hk-alpha-mean":-0.105,"hk-kappa1-mean":1.086926,"hk-kappa2-mean":1.5742115,"hk-kappa3-mean":12.665975,"ipc-mean":46.080811,"isf-mean":0.02894,"labuteASA-mean":27.6748635,"logP-mean":1.2974,"molwt-mean":57.0328175,"molwt-hvy-mean":52.519,"nheavy-mean":3.5,"npr1-mean":0.408041,"npr2-mean":0.7092065,"pbf-mean":0.5068855,"pc+-mean":0.3565005,"pc--mean":-0.3565005,"pmi1-mean":34.9784905,"pmi2-mean":54.7346475,"pmi3-mean":80.7887895,"rbonds-mean":1.0,"rg-mean":1.227956,"rpc+-mean":0.430738,"rpc--mean":0.339119,"spherocity-mean":0.625649,"tpsa-mean":0.0,"vsa+-mean":9.4960465,"vsa--mean":16.623977,"vsa-fhyd-mean":0.843016,"vsa-fneg-mean":0.634054,"vsa-fpneg-mean":0.0,"vsa-fpos-mean":0.365946,"vsa-fppos-mean":0.156984,"vsa-hyd-mean":22.7923905,"vsa-polar-mean":0.156984,"vsa-polar+-mean":3.327633,"vsa-polar--mean":0.0,"MR-min":7.112,"asphericity-min":0.193679,"balabanj-min":3.023716,"bertzct-min":22.364528,"chi0-min":4.5,"chi0n-min":2.633893,"chi0v-min":1.5,"chi1-min":2.0,"chi1n-min":1.066947,"chi1v-min":0.5,"chi2n-min":0.125,"chi2v-min":0.125,"chi3n-min":0.0,"chi3v-min":0.0,"chi4n-min":0.0,"chi4v-min":0.0,"e-valence-min":20.0,"eccentricity-min":0.847209,"hk-alpha-min":-0.21,"hk-kappa1-min":0.12,"hk-kappa2-min":1.148423,"hk-kappa3-min":0.0,"ipc-min":3.60964,"isf-min":0.010706,"labuteASA-min":22.640828,"logP-min":1.1785,"molwt-min":44.0626,"molwt-hvy-min":36.033,"nheavy-min":3.0,"npr1-min":0.284823,"npr2-min":0.552454,"pbf-min":0.475902,"pc+-min":0.190329,"pc--min":-0.522672,"pmi1-min":18.356575,"pmi2-min":53.659037,"pmi3-min":64.449102,"rbonds-min":0.0,"rg-min":1.202231,"rpc+-min":0.137072,"rpc--min":0.333333,"spherocity-min":0.473654,"tpsa-min":0.0,"vsa+-min":8.026025,"vsa--min":13.171245,"vsa-fhyd-min":0.686032,"vsa-fneg-min":0.621365,"vsa-fpneg-min":0.0,"vsa-fpos-min":0.353257,"vsa-fppos-min":0.0,"vsa-hyd-min":14.542004,"vsa-polar-min":0.0,"vsa-polar+-min":0.0,"vsa-polar--min":0.0,"MR-max":15.965,"asphericity-max":0.37492,"balabanj-max":4.748409,"bertzct-max":120.39661,"chi0-max":9.5,"chi0n-max":9.5,"chi0v-max":1.633893,"chi1-max":4.5,"chi1n-max":4.5,"chi1v-max":0.566947,"chi2n-max":0.214286,"chi2v-max":0.214286,"chi3n-max":0.0,"chi3v-max":0.0,"chi4n-max":0.0,"chi4v-max":0.0,"e-valence-max":26.0,"eccentricity-max":0.95858,"hk-alpha-max":0.0,"hk-kappa1-max":2.053852,"hk-kappa2-max":2.0,"hk-kappa3-max":25.33195,"ipc-max":88.551982,"isf-max":0.047174,"labuteASA-max":32.708899,"logP-max":1.4163,"molwt-max":70.003035,"molwt-hvy-max":69.005,"nheavy-max":4.0,"npr1-max":0.531259,"npr2-max":0.865959,"pbf-max":0.537869,"pc+-max":0.522672,"pc--max":-0.190329,"pmi1-max":51.600406,"pmi2-max":55.810258,"pmi3-max":97.128477,"rbonds-max":2.0,"rg-max":1.253681,"rpc+-max":0.724404,"rpc--max":0.344905,"spherocity-max":0.777644,"tpsa-max":0.0,"vsa+-max":10.966068,"vsa--max":20.076709,"vsa-fhyd-max":1.0,"vsa-fneg-max":0.646743,"vsa-fpneg-max":0.0,"vsa-fpos-max":0.378635,"vsa-fppos-max":0.313968,"vsa-hyd-max":31.042777,"vsa-polar-max":0.313968,"vsa-polar+-max":6.655266,"vsa-polar--max":0.0,"MR-diff":8.853,"asphericity-diff":0.181241,"balabanj-diff":1.724693,"bertzct-diff":98.032082,"chi0-diff":5.0,"chi0n-diff":6.866107,"chi0v-diff":0.133893,"chi1-diff":2.5,"chi1n-diff":3.433053,"chi1v-diff":0.066947,"chi2n-diff":0.089286,"chi2v-diff":0.089286,"chi3n-diff":0.0,"chi3v-diff":0.0,"chi4n-diff":0.0,"chi4v-diff":0.0,"e-valence-diff":6.0,"eccentricity-diff":0.111371,"hk-alpha-diff":0.21,"hk-kappa1-diff":1.933852,"hk-kappa2-diff":0.851577,"hk-kappa3-diff":25.33195,"ipc-diff":84.942342,"isf-diff":0.036468,"labuteASA-diff":10.068071,"logP-diff":0.2378,"molwt-diff":25.940435,"molwt-hvy-diff":32.972,"nheavy-diff":1.0,"npr1-diff":0.246436,"npr2-diff":0.313505,"pbf-diff":0.061967,"pc+-diff":0.332343,"pc--diff":0.332343,"pmi1-diff":33.243831,"pmi2-diff":2.151221,"pmi3-diff":32.679375,"rbonds-diff":2.0,"rg-diff":0.05145,"rpc+-diff":0.587332,"rpc--diff":0.011572,"spherocity-diff":0.30399,"tpsa-diff":0.0,"vsa+-diff":2.940043,"vsa--diff":6.905464,"vsa-fhyd-diff":0.313968,"vsa-fneg-diff":0.025378,"vsa-fpneg-diff":0.0,"vsa-fpos-diff":0.025378,"vsa-fppos-diff":0.313968,"vsa-hyd-diff":16.500773,"vsa-polar-diff":0.313968,"vsa-polar+-diff":6.655266,"vsa-polar--diff":0.0,"hbonds":0.0}