{"avg_dipole_moment": 1.0499999999999998, "max_dipole_moment": 2.09, "min_dipole_moment": 0.01, "max_molecular_weight": 69.0059, "shear_5nN-qq": [-1.0430077394084731, 6.765550297472778], "intercept": 0.4961932335453749, "shear_15nN-qq": [13.234304659472423, 8.178016391155337], "min_molecular_weight": 43.0874, "delta_molecular_weight": 25.918499999999995, "ch3-smiles-2": "CC(F)(F)F", "chain-smiles-2": "CCCCCCCCCCCCCCCCCC(F)(F)F", "tilt_bottom": {"25nN": 38.3554803830386, "5nN": 33.049948533124294, "15nN": 36.28659020862386}, "interdigitation": {"25nN": 0.1888340693408696, "5nN": 0.12860562882385962, "15nN": 0.130784334089878}, "tilt_top": {"25nN": 38.61011260034213, "5nN": 34.20821765947692, "15nN": 35.850871076241724}, "shear_15nN-lj": [-1297.960340904876, 46.32431283789366], "h-smiles-1": "C(C)C", "S2_top": {"25nN": 0.9322391688831132, "5nN": 0.9693535774346378, "15nN": 0.9360971262126275}, "S2_bottom": {"25nN": 0.948198576371953, "5nN": 0.9384622341096159, "15nN": 0.9560472090779462}, "h-smiles-2": "C(F)(F)F", "shear_25nN-qq": [22.071008682653876, 9.503766695863641], "COF": 0.13617127810986013, "shear_25nN-lj": [-1380.1854112430055, 45.156406644827186], "ch3-smiles-1": "CC(C)C", "shear_15nN-Etotal": [-1284.7260362454037, 46.920420343927624], "shear_5nN-Etotal": [-1064.4203903053558, 46.19265278144559], "shear_25nN-Etotal": [-1358.1144025603517, 46.12483248834049], "avg_molecular_weight": 56.04665, "shear_5nN-lj": [-1063.3773825659473, 45.71134100111226], "delta_dipole_moment": 2.08, "status": {"41afaafd5448fc7e529c38c6f7120a13-shear_25nN_rerun_grompp": 1, "41afaafd5448fc7e529c38c6f7120a13-shear_15nN_rerun": 1, "41afaafd5448fc7e529c38c6f7120a13-unwrap_shear_5nN": 1, "41afaafd5448fc7e529c38c6f7120a13-minimize_grompp": 1, "41afaafd5448fc7e529c38c6f7120a13-shear_25nN_grompp": 1, "41afaafd5448fc7e529c38c6f7120a13-shear_25nN_rerun": 1, "41afaafd5448fc7e529c38c6f7120a13-lammps_to_gmx": 1, "41afaafd5448fc7e529c38c6f7120a13-shear_5nN_grompp": 1, "41afaafd5448fc7e529c38c6f7120a13-equilibrate": 1, "41afaafd5448fc7e529c38c6f7120a13-log_cof": 1, "41afaafd5448fc7e529c38c6f7120a13-calc_tilt_shear": 1, "41afaafd5448fc7e529c38c6f7120a13-log_interaction_energy_25nN": 1, "41afaafd5448fc7e529c38c6f7120a13-get_interaction_energy_5nN": 1, "41afaafd5448fc7e529c38c6f7120a13-calc_friction": 1, "41afaafd5448fc7e529c38c6f7120a13-get_interaction_energy_25nN": 1, "41afaafd5448fc7e529c38c6f7120a13-unwrap_shear_25nN": 1, "41afaafd5448fc7e529c38c6f7120a13-top_to_mol2": 1, "41afaafd5448fc7e529c38c6f7120a13-log_tilt": 1, "41afaafd5448fc7e529c38c6f7120a13-equilibrate_grompp": 1, "41afaafd5448fc7e529c38c6f7120a13-shear_5nN": 1, "41afaafd5448fc7e529c38c6f7120a13-calc_interdigitation": 1, "41afaafd5448fc7e529c38c6f7120a13-calc_S2_shear": 1, "41afaafd5448fc7e529c38c6f7120a13-log_S2": 1, "41afaafd5448fc7e529c38c6f7120a13-initialize": 1, "41afaafd5448fc7e529c38c6f7120a13-compress": 1, "41afaafd5448fc7e529c38c6f7120a13-unwrap_shear_15nN": 1, "41afaafd5448fc7e529c38c6f7120a13-log_interaction_energy_15nN": 1, "41afaafd5448fc7e529c38c6f7120a13-get_interaction_energy_15nN": 1, "41afaafd5448fc7e529c38c6f7120a13-shear_15nN_grompp": 1, "41afaafd5448fc7e529c38c6f7120a13-fix_overlaps": 1, "41afaafd5448fc7e529c38c6f7120a13-shear_15nN": 1, "41afaafd5448fc7e529c38c6f7120a13-shear_5nN_rerun": 1, "41afaafd5448fc7e529c38c6f7120a13-shear_15nN_rerun_grompp": 1, "41afaafd5448fc7e529c38c6f7120a13-shear_5nN_rerun_grompp": 1, "41afaafd5448fc7e529c38c6f7120a13-minimize": 1, "41afaafd5448fc7e529c38c6f7120a13-compress_grompp": 1, "41afaafd5448fc7e529c38c6f7120a13-shear_25nN": 1, "41afaafd5448fc7e529c38c6f7120a13-log_interaction_energy_5nN": 1}, "chain-smiles-1": "CCCCCCCCCCCCCCCCCC(C)C"}