{"tilt_bottom": {"25nN": 39.789890275976326, "5nN": 35.46898093755862, "15nN": 38.52369249524651}, "shear_25nN-qq": [-83.10046388888888, 23.7365329733493], "S2_top": {"25nN": 0.910977079842757, "5nN": 0.9528368918944953, "15nN": 0.9310027925053541}, "shear_5nN-qq": [-21.678685602717827, 17.032673429949988], "shear_15nN-Etotal": [-1496.5771007609912, 54.81172129497898], "S2_bottom": {"25nN": 0.9627288891426877, "5nN": 0.971327267090614, "15nN": 0.9525027119164735}, "shear_25nN-lj": [-1522.5941929128699, 47.51801652434456], "delta_molecular_weight": 25.961399999999998, "intercept": 0.6687992023852911, "avg_dipole_moment": 2.625, "COF": 0.143639704233907, "shear_25nN-Etotal": [-1605.6946568017586, 53.64096343446663], "tilt_top": {"25nN": 40.493697333280714, "5nN": 35.47432247832349, "15nN": 37.181782565264584}, "status": {"d79466debb6d104b6efd74bf16368f36-shear_25nN": 1, "d79466debb6d104b6efd74bf16368f36-shear_15nN": 1, "d79466debb6d104b6efd74bf16368f36-shear_25nN_rerun_grompp": 1, "d79466debb6d104b6efd74bf16368f36-calc_friction": 1, "d79466debb6d104b6efd74bf16368f36-equilibrate_grompp": 1, "d79466debb6d104b6efd74bf16368f36-get_interaction_energy_5nN": 1, "d79466debb6d104b6efd74bf16368f36-minimize_grompp": 1, "d79466debb6d104b6efd74bf16368f36-log_S2": 1, "d79466debb6d104b6efd74bf16368f36-shear_15nN_rerun": 1, "d79466debb6d104b6efd74bf16368f36-compress_grompp": 1, "d79466debb6d104b6efd74bf16368f36-shear_15nN_grompp": 1, "d79466debb6d104b6efd74bf16368f36-get_interaction_energy_25nN": 1, "d79466debb6d104b6efd74bf16368f36-fix_overlaps": 1, "d79466debb6d104b6efd74bf16368f36-log_interaction_energy_15nN": 1, "d79466debb6d104b6efd74bf16368f36-shear_5nN": 1, "d79466debb6d104b6efd74bf16368f36-unwrap_shear_5nN": 1, "d79466debb6d104b6efd74bf16368f36-minimize": 1, "d79466debb6d104b6efd74bf16368f36-get_interaction_energy_15nN": 1, "d79466debb6d104b6efd74bf16368f36-unwrap_shear_25nN": 1, "d79466debb6d104b6efd74bf16368f36-top_to_mol2": 1, "d79466debb6d104b6efd74bf16368f36-log_tilt": 1, "d79466debb6d104b6efd74bf16368f36-shear_15nN_rerun_grompp": 1, "d79466debb6d104b6efd74bf16368f36-shear_25nN_rerun": 1, "d79466debb6d104b6efd74bf16368f36-calc_interdigitation": 1, "d79466debb6d104b6efd74bf16368f36-equilibrate": 1, "d79466debb6d104b6efd74bf16368f36-calc_S2_shear": 1, "d79466debb6d104b6efd74bf16368f36-log_interaction_energy_5nN": 1, "d79466debb6d104b6efd74bf16368f36-shear_25nN_grompp": 1, "d79466debb6d104b6efd74bf16368f36-shear_5nN_rerun_grompp": 1, "d79466debb6d104b6efd74bf16368f36-unwrap_shear_15nN": 1, "d79466debb6d104b6efd74bf16368f36-initialize": 1, "d79466debb6d104b6efd74bf16368f36-log_cof": 1, "d79466debb6d104b6efd74bf16368f36-calc_tilt_shear": 1, "d79466debb6d104b6efd74bf16368f36-log_interaction_energy_25nN": 1, "d79466debb6d104b6efd74bf16368f36-shear_5nN_grompp": 1, "d79466debb6d104b6efd74bf16368f36-shear_5nN_rerun": 1, "d79466debb6d104b6efd74bf16368f36-compress": 1, "d79466debb6d104b6efd74bf16368f36-lammps_to_gmx": 1}, "shear_15nN-qq": [-64.69491920463629, 22.071395954700186], "shear_5nN-Etotal": [-1186.6030765571543, 51.39828036667013], "avg_molecular_weight": 56.0252, "delta_dipole_moment": 1.0700000000000003, "shear_15nN-lj": [-1431.882181556355, 45.714461658135235], "shear_5nN-lj": [-1164.9243909544364, 45.684298879143]}