{"MR-mean":10.7297,"asphericity-mean":0.4507635,"balabanj-mean":3.7807945,"bertzct-mean":57.550247,"chi0-mean":6.538675,"chi0n-mean":6.473607,"chi0v-mean":0.973607,"chi1-mean":3.096688,"chi1n-mean":2.934017,"chi1v-mean":0.2368035,"chi2n-mean":0.0,"chi2v-mean":0.0,"chi3n-mean":0.0,"chi3v-mean":0.0,"chi4n-mean":0.0,"chi4v-mean":0.0,"e-valence-mean":14.0,"eccentricity-mean":0.969476,"hk-alpha-mean":-0.02,"hk-kappa1-mean":0.045834,"hk-kappa2-mean":0.48,"hk-kappa3-mean":-13.52,"ipc-mean":19.1961125,"isf-mean":0.1696145,"labuteASA-mean":22.3770615,"logP-mean":0.30055,"molwt-mean":30.5445745,"molwt-hvy-mean":25.02,"nheavy-mean":2.0,"npr1-mean":0.244454,"npr2-mean":0.9815365,"pbf-mean":0.42022,"pc+-mean":0.244648,"pc--mean":-0.244648,"pmi1-mean":5.854949,"pmi2-mean":23.4514415,"pmi3-mean":23.878342,"rbonds-mean":1.0,"rg-mean":0.932711,"rpc+-mean":0.250719,"rpc--mean":0.7223585,"spherocity-mean":0.532552,"tpsa-mean":13.01,"vsa+-mean":7.5802555,"vsa--mean":13.199664,"vsa-fhyd-mean":0.854323,"vsa-fneg-mean":0.6358135,"vsa-fpneg-mean":0.145677,"vsa-fpos-mean":0.3641865,"vsa-fppos-mean":0.0,"vsa-hyd-mean":17.920061,"vsa-polar-mean":0.145677,"vsa-polar+-mean":0.0,"vsa-polar--mean":2.8598585,"MR-min":10.1114,"asphericity-min":0.423731,"balabanj-min":3.541197,"bertzct-min":53.590719,"chi0-min":6.07735,"chi0n-min":5.947214,"chi0v-min":0.947214,"chi1-min":2.943376,"chi1n-min":2.618034,"chi1v-min":0.223607,"chi2n-min":0.0,"chi2v-min":0.0,"chi3n-min":0.0,"chi3v-min":0.0,"chi4n-min":0.0,"chi4v-min":0.0,"e-valence-min":14.0,"eccentricity-min":0.964845,"hk-alpha-min":-0.04,"hk-kappa1-min":0.040816,"hk-kappa2-min":0.0,"hk-kappa3-min":-27.04,"ipc-min":17.086166,"isf-min":0.152515,"labuteASA-min":21.220107,"logP-min":-0.4251,"molwt-min":30.04695,"molwt-hvy-min":24.022,"nheavy-min":2.0,"npr1-min":0.226089,"npr2-min":0.967101,"pbf-min":0.353947,"pc+-min":0.136525,"pc--min":-0.352771,"pmi1-min":5.179573,"pmi2-min":22.155727,"pmi3-min":22.909434,"rbonds-min":1.0,"rg-min":0.899381,"rpc+-min":0.166667,"rpc--min":0.5,"spherocity-min":0.442652,"tpsa-min":0.0,"vsa+-min":6.93596,"vsa--min":12.695544,"vsa-fhyd-min":0.708646,"vsa-fneg-min":0.624935,"vsa-fpneg-min":0.0,"vsa-fpos-min":0.353308,"vsa-fppos-min":0.0,"vsa-hyd-min":13.911787,"vsa-polar-min":0.0,"vsa-polar+-min":0.0,"vsa-polar--min":0.0,"MR-max":11.348,"asphericity-max":0.477796,"balabanj-max":4.020392,"bertzct-max":61.509775,"chi0-max":7.0,"chi0n-max":7.0,"chi0v-max":1.0,"chi1-max":3.25,"chi1n-max":3.25,"chi1v-max":0.25,"chi2n-max":0.0,"chi2v-max":0.0,"chi3n-max":0.0,"chi3v-max":0.0,"chi4n-max":0.0,"chi4v-max":0.0,"e-valence-max":14.0,"eccentricity-max":0.974107,"hk-alpha-max":0.0,"hk-kappa1-max":0.050852,"hk-kappa2-max":0.96,"hk-kappa3-max":0.0,"ipc-max":21.306059,"isf-max":0.186714,"labuteASA-max":23.534016,"logP-max":1.0262,"molwt-max":31.042199,"molwt-hvy-max":26.018,"nheavy-max":2.0,"npr1-max":0.262819,"npr2-max":0.995972,"pbf-max":0.486493,"pc+-max":0.352771,"pc--max":-0.136525,"pmi1-max":6.530325,"pmi2-max":24.747156,"pmi3-max":24.84725,"rbonds-max":1.0,"rg-max":0.966041,"rpc+-max":0.334771,"rpc--max":0.944717,"spherocity-max":0.622452,"tpsa-max":26.02,"vsa+-max":8.224551,"vsa--max":13.703784,"vsa-fhyd-max":1.0,"vsa-fneg-max":0.646692,"vsa-fpneg-max":0.291354,"vsa-fpos-max":0.375065,"vsa-fppos-max":0.0,"vsa-hyd-max":21.928335,"vsa-polar-max":0.291354,"vsa-polar+-max":0.0,"vsa-polar--max":5.719717,"MR-diff":1.2366,"asphericity-diff":0.054065,"balabanj-diff":0.479195,"bertzct-diff":7.919056,"chi0-diff":0.92265,"chi0n-diff":1.052786,"chi0v-diff":0.052786,"chi1-diff":0.306624,"chi1n-diff":0.631966,"chi1v-diff":0.026393,"chi2n-diff":0.0,"chi2v-diff":0.0,"chi3n-diff":0.0,"chi3v-diff":0.0,"chi4n-diff":0.0,"chi4v-diff":0.0,"e-valence-diff":0.0,"eccentricity-diff":0.009262,"hk-alpha-diff":0.04,"hk-kappa1-diff":0.010036,"hk-kappa2-diff":0.96,"hk-kappa3-diff":27.04,"ipc-diff":4.219893,"isf-diff":0.034199,"labuteASA-diff":2.313909,"logP-diff":1.4513,"molwt-diff":0.995249,"molwt-hvy-diff":1.996,"nheavy-diff":0.0,"npr1-diff":0.03673,"npr2-diff":0.028871,"pbf-diff":0.132546,"pc+-diff":0.216246,"pc--diff":0.216246,"pmi1-diff":1.350752,"pmi2-diff":2.591429,"pmi3-diff":1.937816,"rbonds-diff":0.0,"rg-diff":0.06666,"rpc+-diff":0.168104,"rpc--diff":0.444717,"spherocity-diff":0.1798,"tpsa-diff":26.02,"vsa+-diff":1.288591,"vsa--diff":1.00824,"vsa-fhyd-diff":0.291354,"vsa-fneg-diff":0.021757,"vsa-fpneg-diff":0.291354,"vsa-fpos-diff":0.021757,"vsa-fppos-diff":0.0,"vsa-hyd-diff":8.016548,"vsa-polar-diff":0.291354,"vsa-polar+-diff":0.0,"vsa-polar--diff":5.719717,"hbonds":0.0}