{"MR-mean":5.87655,"asphericity-mean":0.068901,"balabanj-mean":2.673753,"bertzct-mean":13.5597075,"chi0-mean":4.038675,"chi0n-mean":3.973607,"chi0v-mean":0.473607,"chi1-mean":1.8660255,"chi1n-mean":1.6708205,"chi1v-mean":0.0,"chi2n-mean":0.0,"chi2v-mean":0.0,"chi3n-mean":0.0,"chi3v-mean":0.0,"chi4n-mean":0.0,"chi4v-mean":0.0,"e-valence-mean":8.0,"eccentricity-mean":0.5776295,"hk-alpha-mean":-0.02,"hk-kappa1-mean":0.0000875,"hk-kappa2-mean":-13.52,"hk-kappa3-mean":-52.02,"ipc-mean":3.427376,"isf-mean":0.3359725,"labuteASA-mean":13.1262215,"logP-mean":0.39905,"molwt-mean":16.5289245,"molwt-hvy-mean":13.009,"nheavy-mean":1.0,"npr1-mean":0.7584985,"npr2-mean":0.8009185,"pbf-mean":0.2950715,"pc+-mean":0.210742,"pc--mean":-0.210742,"pmi1-mean":2.4390285,"pmi2-mean":2.5735605,"pmi3-mean":3.1673925,"rbonds-mean":0.0,"rg-mean":0.495612,"rpc+-mean":0.2916665,"rpc--mean":1.0,"spherocity-mean":0.5174305,"tpsa-mean":17.5,"vsa+-mean":4.85928,"vsa--mean":6.73024,"vsa-fhyd-mean":0.704316,"vsa-fneg-mean":0.581735,"vsa-fpneg-mean":0.295684,"vsa-fpos-mean":0.418265,"vsa-fppos-mean":0.0,"vsa-hyd-mean":8.5247095,"vsa-polar-mean":0.295684,"vsa-polar+-mean":0.0,"vsa-polar--mean":3.0648105,"MR-min":5.0221,"asphericity-min":0.001299,"balabanj-min":2.32379,"bertzct-min":8.0,"chi0-min":3.57735,"chi0n-min":3.447214,"chi0v-min":0.447214,"chi1-min":1.732051,"chi1n-min":1.341641,"chi1v-min":0.0,"chi2n-min":0.0,"chi2v-min":0.0,"chi3n-min":0.0,"chi3v-min":0.0,"chi4n-min":0.0,"chi4v-min":0.0,"e-valence-min":8.0,"eccentricity-min":0.337605,"hk-alpha-min":-0.04,"hk-kappa1-min":0.0,"hk-kappa2-min":-27.04,"hk-kappa3-min":-104.04,"ipc-min":3.245112,"isf-min":0.310616,"labuteASA-min":11.89331,"logP-min":0.162,"molwt-min":16.0313,"molwt-hvy-min":12.011,"nheavy-min":1.0,"npr1-min":0.575709,"npr2-min":0.61727,"pbf-min":0.127252,"pc+-min":0.077558,"pc--min":-0.343926,"pmi1-min":1.708333,"pmi2-min":1.831656,"pmi3-min":2.967352,"rbonds-min":0.0,"rg-min":0.437086,"rpc+-min":0.25,"rpc--min":1.0,"spherocity-min":0.085531,"tpsa-min":0.0,"vsa+-min":4.235526,"vsa--min":6.129621,"vsa-fhyd-min":0.408632,"vsa-fneg-min":0.572102,"vsa-fpneg-min":0.0,"vsa-fpos-min":0.408632,"vsa-fppos-min":0.0,"vsa-hyd-min":4.235526,"vsa-polar-min":0.0,"vsa-polar+-min":0.0,"vsa-polar--min":0.0,"MR-max":6.731,"asphericity-max":0.136503,"balabanj-max":3.023716,"bertzct-max":19.119415,"chi0-max":4.5,"chi0n-max":4.5,"chi0v-max":0.5,"chi1-max":2.0,"chi1n-max":2.0,"chi1v-max":0.0,"chi2n-max":0.0,"chi2v-max":0.0,"chi3n-max":0.0,"chi3v-max":0.0,"chi4n-max":0.0,"chi4v-max":0.0,"e-valence-max":8.0,"eccentricity-max":0.817654,"hk-alpha-max":0.0,"hk-kappa1-max":0.000175,"hk-kappa2-max":0.0,"hk-kappa3-max":0.0,"ipc-max":3.60964,"isf-max":0.361329,"labuteASA-max":14.359133,"logP-max":0.6361,"molwt-max":17.026549,"molwt-hvy-max":14.007,"nheavy-max":1.0,"npr1-max":0.941288,"npr2-max":0.984567,"pbf-max":0.462891,"pc+-max":0.343926,"pc--max":-0.077558,"pmi1-max":3.169724,"pmi2-max":3.315465,"pmi3-max":3.367433,"rbonds-max":0.0,"rg-max":0.554138,"rpc+-max":0.333333,"rpc--max":1.0,"spherocity-max":0.94933,"tpsa-max":35.0,"vsa+-max":5.483034,"vsa--max":7.330859,"vsa-fhyd-max":1.0,"vsa-fneg-max":0.591368,"vsa-fpneg-max":0.591368,"vsa-fpos-max":0.427898,"vsa-fppos-max":0.0,"vsa-hyd-max":12.813893,"vsa-polar-max":0.591368,"vsa-polar+-max":0.0,"vsa-polar--max":6.129621,"MR-diff":1.7089,"asphericity-diff":0.135204,"balabanj-diff":0.699926,"bertzct-diff":11.119415,"chi0-diff":0.92265,"chi0n-diff":1.052786,"chi0v-diff":0.052786,"chi1-diff":0.267949,"chi1n-diff":0.658359,"chi1v-diff":0.0,"chi2n-diff":0.0,"chi2v-diff":0.0,"chi3n-diff":0.0,"chi3v-diff":0.0,"chi4n-diff":0.0,"chi4v-diff":0.0,"e-valence-diff":0.0,"eccentricity-diff":0.480049,"hk-alpha-diff":0.04,"hk-kappa1-diff":0.000175,"hk-kappa2-diff":27.04,"hk-kappa3-diff":104.04,"ipc-diff":0.364528,"isf-diff":0.050713,"labuteASA-diff":2.465823,"logP-diff":0.4741,"molwt-diff":0.995249,"molwt-hvy-diff":1.996,"nheavy-diff":0.0,"npr1-diff":0.365579,"npr2-diff":0.367297,"pbf-diff":0.335639,"pc+-diff":0.266368,"pc--diff":0.266368,"pmi1-diff":1.461391,"pmi2-diff":1.483809,"pmi3-diff":0.400081,"rbonds-diff":0.0,"rg-diff":0.117052,"rpc+-diff":0.083333,"rpc--diff":0.0,"spherocity-diff":0.863799,"tpsa-diff":35.0,"vsa+-diff":1.247508,"vsa--diff":1.201238,"vsa-fhyd-diff":0.591368,"vsa-fneg-diff":0.019266,"vsa-fpneg-diff":0.591368,"vsa-fpos-diff":0.019266,"vsa-fppos-diff":0.0,"vsa-hyd-diff":8.578367,"vsa-polar-diff":0.591368,"vsa-polar+-diff":0.0,"vsa-polar--diff":6.129621,"hbonds":0.0}