{"tilt_bottom": {"25nN": 39.79408453432736, "5nN": 33.76338983191843, "15nN": 36.964211061535856}, "shear_25nN-qq": [-57.20632121822542, 11.348583140112154], "S2_top": {"25nN": 0.956997681079203, "5nN": 0.9609141190893897, "15nN": 0.9645478351669531}, "shear_5nN-qq": [-26.69870124220623, 9.103008056122972], "shear_15nN-Etotal": [-1587.9656992070343, 51.8036194101867], "S2_bottom": {"25nN": 0.9651722192542133, "5nN": 0.9545046008896496, "15nN": 0.9555962663312128}, "shear_25nN-lj": [-1618.190145443645, 50.90668356681841], "delta_molecular_weight": 80.0598, "intercept": 1.0050535167404462, "avg_dipole_moment": 1.015, "COF": 0.12769303312189217, "shear_25nN-Etotal": [-1675.3964666618706, 52.28454991616996], "tilt_top": {"25nN": 39.82099615207406, "5nN": 34.98723289634269, "15nN": 37.82165287482022}, "status": {"f6e035c76c2fb48c5ec0e24f7481c794-equilibrate_grompp": 1, "f6e035c76c2fb48c5ec0e24f7481c794-log_tilt": 1, "f6e035c76c2fb48c5ec0e24f7481c794-log_interaction_energy_5nN": 1, "f6e035c76c2fb48c5ec0e24f7481c794-shear_25nN": 1, "f6e035c76c2fb48c5ec0e24f7481c794-fix_overlaps": 1, "f6e035c76c2fb48c5ec0e24f7481c794-shear_5nN_rerun_grompp": 1, "f6e035c76c2fb48c5ec0e24f7481c794-unwrap_shear_15nN": 1, "f6e035c76c2fb48c5ec0e24f7481c794-compress_grompp": 1, "f6e035c76c2fb48c5ec0e24f7481c794-shear_15nN": 1, "f6e035c76c2fb48c5ec0e24f7481c794-shear_15nN_grompp": 1, "f6e035c76c2fb48c5ec0e24f7481c794-shear_25nN_rerun": 1, "f6e035c76c2fb48c5ec0e24f7481c794-shear_25nN_rerun_grompp": 1, "f6e035c76c2fb48c5ec0e24f7481c794-calc_friction": 1, "f6e035c76c2fb48c5ec0e24f7481c794-minimize": 1, "f6e035c76c2fb48c5ec0e24f7481c794-shear_5nN": 1, "f6e035c76c2fb48c5ec0e24f7481c794-equilibrate": 1, "f6e035c76c2fb48c5ec0e24f7481c794-unwrap_shear_5nN": 1, "f6e035c76c2fb48c5ec0e24f7481c794-calc_tilt_shear": 1, "f6e035c76c2fb48c5ec0e24f7481c794-unwrap_shear_25nN": 1, "f6e035c76c2fb48c5ec0e24f7481c794-top_to_mol2": 1, "f6e035c76c2fb48c5ec0e24f7481c794-shear_15nN_rerun": 1, "f6e035c76c2fb48c5ec0e24f7481c794-get_interaction_energy_25nN": 1, "f6e035c76c2fb48c5ec0e24f7481c794-shear_15nN_rerun_grompp": 1, "f6e035c76c2fb48c5ec0e24f7481c794-shear_25nN_grompp": 1, "f6e035c76c2fb48c5ec0e24f7481c794-shear_5nN_rerun": 1, "f6e035c76c2fb48c5ec0e24f7481c794-calc_interdigitation": 1, "f6e035c76c2fb48c5ec0e24f7481c794-shear_5nN_grompp": 1, "f6e035c76c2fb48c5ec0e24f7481c794-log_cof": 1, "f6e035c76c2fb48c5ec0e24f7481c794-compress": 1, "f6e035c76c2fb48c5ec0e24f7481c794-log_interaction_energy_15nN": 1, "f6e035c76c2fb48c5ec0e24f7481c794-calc_S2_shear": 1, "f6e035c76c2fb48c5ec0e24f7481c794-log_interaction_energy_25nN": 1, "f6e035c76c2fb48c5ec0e24f7481c794-log_S2": 1, "f6e035c76c2fb48c5ec0e24f7481c794-lammps_to_gmx": 1, "f6e035c76c2fb48c5ec0e24f7481c794-initialize": 1, "f6e035c76c2fb48c5ec0e24f7481c794-get_interaction_energy_5nN": 1, "f6e035c76c2fb48c5ec0e24f7481c794-minimize_grompp": 1, "f6e035c76c2fb48c5ec0e24f7481c794-get_interaction_energy_15nN": 1}, "shear_15nN-qq": [-39.86125395123901, 10.764010613840082], "shear_5nN-Etotal": [-1331.6500181270983, 50.86646087617906], "avg_molecular_weight": 55.0643, "delta_dipole_moment": 2.03, "shear_15nN-lj": [-1548.104445255795, 48.91776375775306], "shear_5nN-lj": [-1304.9513168848919, 49.17260952328049]}