{"avg_dipole_moment": 1.8849999999999998, "max_dipole_moment": 2.09, "min_dipole_moment": 1.68, "max_molecular_weight": 69.0059, "shear_5nN-qq": [-23.88824198401279, 14.216664638225868], "intercept": 0.5947233808960468, "shear_15nN-qq": [-26.837230652278173, 18.170652729183715], "min_molecular_weight": 31.0338, "delta_molecular_weight": 37.9721, "ch3-smiles-2": "CC(F)(F)F", "chain-smiles-2": "CCCCCCCCCCCCCCCCCC(F)(F)F", "tilt_bottom": {"25nN": 40.97429189107878, "5nN": 36.06256109801922, "15nN": 38.12985143217518}, "interdigitation": {"25nN": 0.15841425794324018, "5nN": 0.13245823918803126, "15nN": 0.14371409348427802}, "tilt_top": {"25nN": 40.24947912973381, "5nN": 35.32445781566891, "15nN": 39.18373847738768}, "shear_15nN-lj": [-1350.9927024268584, 51.26078654557993], "h-smiles-1": "OC", "S2_top": {"25nN": 0.9407827835345897, "5nN": 0.9554992574947824, "15nN": 0.9439595790328805}, "S2_bottom": {"25nN": 0.9411154753890593, "5nN": 0.9650003921410593, "15nN": 0.9408181034208395}, "h-smiles-2": "C(F)(F)F", "shear_25nN-qq": [-32.03049480815348, 19.457420472512066], "COF": 0.17219413590268304, "shear_25nN-lj": [-1448.7638019528379, 49.34889735276214], "ch3-smiles-1": "COC", "shear_15nN-Etotal": [-1377.8299330791367, 56.5626706763938], "shear_5nN-Etotal": [-1138.162519831335, 54.6501858700499], "shear_25nN-Etotal": [-1480.7942967609913, 54.2072030956211], "avg_molecular_weight": 50.01985, "shear_5nN-lj": [-1114.274277847322, 50.59041725049059], "delta_dipole_moment": 0.4099999999999999, "status": {"65611262b1d20d06225e0411497f3a00-calc_S2_shear": 1, "65611262b1d20d06225e0411497f3a00-shear_5nN_grompp": 1, "65611262b1d20d06225e0411497f3a00-log_tilt": 1, "65611262b1d20d06225e0411497f3a00-get_interaction_energy_15nN": 1, "65611262b1d20d06225e0411497f3a00-shear_15nN_rerun": 1, "65611262b1d20d06225e0411497f3a00-shear_25nN_grompp": 1, "65611262b1d20d06225e0411497f3a00-shear_5nN": 1, "65611262b1d20d06225e0411497f3a00-log_cof": 1, "65611262b1d20d06225e0411497f3a00-minimize": 1, "65611262b1d20d06225e0411497f3a00-calc_interdigitation": 1, "65611262b1d20d06225e0411497f3a00-log_S2": 1, "65611262b1d20d06225e0411497f3a00-log_interaction_energy_25nN": 1, "65611262b1d20d06225e0411497f3a00-compress_grompp": 1, "65611262b1d20d06225e0411497f3a00-shear_5nN_rerun_grompp": 1, "65611262b1d20d06225e0411497f3a00-shear_15nN_rerun_grompp": 1, "65611262b1d20d06225e0411497f3a00-compress": 1, "65611262b1d20d06225e0411497f3a00-shear_5nN_rerun": 1, "65611262b1d20d06225e0411497f3a00-shear_15nN": 1, "65611262b1d20d06225e0411497f3a00-equilibrate_grompp": 1, "65611262b1d20d06225e0411497f3a00-top_to_mol2": 1, "65611262b1d20d06225e0411497f3a00-unwrap_shear_15nN": 1, "65611262b1d20d06225e0411497f3a00-minimize_grompp": 1, "65611262b1d20d06225e0411497f3a00-log_interaction_energy_15nN": 1, "65611262b1d20d06225e0411497f3a00-initialize": 1, "65611262b1d20d06225e0411497f3a00-equilibrate": 1, "65611262b1d20d06225e0411497f3a00-fix_overlaps": 1, "65611262b1d20d06225e0411497f3a00-get_interaction_energy_5nN": 1, "65611262b1d20d06225e0411497f3a00-log_interaction_energy_5nN": 1, "65611262b1d20d06225e0411497f3a00-shear_25nN": 1, "65611262b1d20d06225e0411497f3a00-unwrap_shear_5nN": 1, "65611262b1d20d06225e0411497f3a00-lammps_to_gmx": 1, "65611262b1d20d06225e0411497f3a00-calc_tilt_shear": 1, "65611262b1d20d06225e0411497f3a00-shear_15nN_grompp": 1, "65611262b1d20d06225e0411497f3a00-calc_friction": 1, "65611262b1d20d06225e0411497f3a00-get_interaction_energy_25nN": 1, "65611262b1d20d06225e0411497f3a00-unwrap_shear_25nN": 1, "65611262b1d20d06225e0411497f3a00-shear_25nN_rerun_grompp": 1, "65611262b1d20d06225e0411497f3a00-shear_25nN_rerun": 1}, "chain-smiles-1": "CCCCCCCCCCCCCCCCCOC"}