{"MR-mean":16.7152,"asphericity-mean":0.1889625,"balabanj-mean":4.666922,"bertzct-mean":125.5096925,"chi0-mean":9.038675,"chi0n-mean":8.381855,"chi0v-mean":1.881855,"chi1-mean":4.346688,"chi1n-mean":3.9193775,"chi1v-mean":0.6693775,"chi2n-mean":0.316055,"chi2v-mean":0.316055,"chi3n-mean":0.0,"chi3v-mean":0.0,"chi4n-mean":0.0,"chi4v-mean":0.0,"e-valence-mean":25.0,"eccentricity-mean":0.852703,"hk-alpha-mean":-0.3,"hk-kappa1-mean":0.4423115,"hk-kappa2-mean":1.075,"hk-kappa3-mean":0.311111,"ipc-mean":164.5833385,"isf-mean":0.0114185,"labuteASA-mean":34.74546,"logP-mean":0.7776,"molwt-mean":59.547314,"molwt-hvy-mean":53.03,"nheavy-mean":4.0,"npr1-mean":0.519782,"npr2-mean":0.5819125,"pbf-mean":0.4273475,"pc+-mean":0.3843865,"pc--mean":-0.3843865,"pmi1-mean":52.2215755,"pmi2-mean":58.202487,"pmi3-mean":99.7076485,"rbonds-mean":0.5,"rg-mean":1.3268115,"rpc+-mean":0.24465,"rpc--mean":0.381823,"spherocity-mean":0.397804,"tpsa-mean":21.57,"vsa+-mean":14.8595,"vsa--mean":18.281976,"vsa-fhyd-mean":0.80643,"vsa-fneg-mean":0.522896,"vsa-fpneg-mean":0.19357,"vsa-fpos-mean":0.477104,"vsa-fppos-mean":0.0,"vsa-hyd-mean":28.084317,"vsa-polar-mean":0.19357,"vsa-polar+-mean":0.0,"vsa-polar--mean":5.057159,"MR-min":12.9184,"asphericity-min":0.148834,"balabanj-min":3.791118,"bertzct-min":85.425922,"chi0-min":6.07735,"chi0n-min":4.76371,"chi0v-min":1.76371,"chi1-min":2.943376,"chi1n-min":2.088755,"chi1v-min":0.588755,"chi2n-min":0.25711,"chi2v-min":0.25711,"chi3n-min":0.0,"chi3v-min":0.0,"chi4n-min":0.0,"chi4v-min":0.0,"e-valence-min":24.0,"eccentricity-min":0.825538,"hk-alpha-min":-0.6,"hk-kappa1-min":0.213018,"hk-kappa2-min":0.816667,"hk-kappa3-min":0.0,"ipc-min":17.086166,"isf-min":0.00983,"labuteASA-min":27.607138,"logP-min":-0.1071,"molwt-min":58.07825,"molwt-hvy-min":48.044,"nheavy-min":4.0,"npr1-min":0.475218,"npr2-min":0.561467,"pbf-min":0.303006,"pc+-min":0.239098,"pc--min":-0.529675,"pmi1-min":43.167288,"pmi2-min":51.001855,"pmi3-min":90.836731,"rbonds-min":0.0,"rg-min":1.231035,"rpc+-min":0.123042,"rpc--min":0.263646,"spherocity-min":0.346998,"tpsa-min":0.0,"vsa+-min":13.707586,"vsa--min":10.114318,"vsa-fhyd-min":0.61286,"vsa-fneg-min":0.38714,"vsa-fpneg-min":0.0,"vsa-fpos-min":0.341348,"vsa-fppos-min":0.0,"vsa-hyd-min":16.011414,"vsa-polar-min":0.0,"vsa-polar+-min":0.0,"vsa-polar--min":0.0,"MR-max":20.512,"asphericity-max":0.229091,"balabanj-max":5.542726,"bertzct-max":165.593463,"chi0-max":12.0,"chi0n-max":12.0,"chi0v-max":2.0,"chi1-max":5.75,"chi1n-max":5.75,"chi1v-max":0.75,"chi2n-max":0.375,"chi2v-max":0.375,"chi3n-max":0.0,"chi3v-max":0.0,"chi4n-max":0.0,"chi4v-max":0.0,"e-valence-max":26.0,"eccentricity-max":0.879868,"hk-alpha-max":0.0,"hk-kappa1-max":0.671605,"hk-kappa2-max":1.333333,"hk-kappa3-max":0.622222,"ipc-max":312.080511,"isf-max":0.013007,"labuteASA-max":41.883782,"logP-max":1.6623,"molwt-max":61.016378,"molwt-hvy-max":58.016,"nheavy-max":4.0,"npr1-max":0.564346,"npr2-max":0.602358,"pbf-max":0.551689,"pc+-max":0.529675,"pc--max":-0.239098,"pmi1-max":61.275863,"pmi2-max":65.403119,"pmi3-max":108.578566,"rbonds-max":1.0,"rg-max":1.422588,"rpc+-max":0.366258,"rpc--max":0.5,"spherocity-max":0.44861,"tpsa-max":43.14,"vsa+-max":16.011414,"vsa--max":26.449634,"vsa-fhyd-max":1.0,"vsa-fneg-max":0.658652,"vsa-fpneg-max":0.38714,"vsa-fpos-max":0.61286,"vsa-fppos-max":0.0,"vsa-hyd-max":40.15722,"vsa-polar-max":0.38714,"vsa-polar+-max":0.0,"vsa-polar--max":10.114318,"MR-diff":7.5936,"asphericity-diff":0.080257,"balabanj-diff":1.751608,"bertzct-diff":80.167541,"chi0-diff":5.92265,"chi0n-diff":7.23629,"chi0v-diff":0.23629,"chi1-diff":2.806624,"chi1n-diff":3.661245,"chi1v-diff":0.161245,"chi2n-diff":0.11789,"chi2v-diff":0.11789,"chi3n-diff":0.0,"chi3v-diff":0.0,"chi4n-diff":0.0,"chi4v-diff":0.0,"e-valence-diff":2.0,"eccentricity-diff":0.05433,"hk-alpha-diff":0.6,"hk-kappa1-diff":0.458587,"hk-kappa2-diff":0.516666,"hk-kappa3-diff":0.622222,"ipc-diff":294.994345,"isf-diff":0.003177,"labuteASA-diff":14.276644,"logP-diff":1.7694,"molwt-diff":2.938128,"molwt-hvy-diff":9.972,"nheavy-diff":0.0,"npr1-diff":0.089128,"npr2-diff":0.040891,"pbf-diff":0.248683,"pc+-diff":0.290577,"pc--diff":0.290577,"pmi1-diff":18.108575,"pmi2-diff":14.401264,"pmi3-diff":17.741835,"rbonds-diff":1.0,"rg-diff":0.191553,"rpc+-diff":0.243216,"rpc--diff":0.236354,"spherocity-diff":0.101612,"tpsa-diff":43.14,"vsa+-diff":2.303828,"vsa--diff":16.335316,"vsa-fhyd-diff":0.38714,"vsa-fneg-diff":0.271512,"vsa-fpneg-diff":0.38714,"vsa-fpos-diff":0.271512,"vsa-fppos-diff":0.0,"vsa-hyd-diff":24.145806,"vsa-polar-diff":0.38714,"vsa-polar+-diff":0.0,"vsa-polar--diff":10.114318,"hbonds":0.0}