{"interdigitation": {"25nN": 0.11363412625197952, "5nN": 0.10071802344649491, "15nN": 0.10568884665851562}, "shear_25nN-qq": [12.80319178177458, 12.491408734558092], "S2_top": {"25nN": 0.9596427299420234, "5nN": 0.9724832466012184, "15nN": 0.9608523211550726}, "tilt_bottom": {"25nN": 37.47535831425945, "5nN": 32.7026188100824, "15nN": 36.594551077026104}, "shear_15nN-Etotal": [-1759.604540866507, 45.731250106639884], "status": {"d7eaa23b2ffd01c863299d6b73597c7b-shear_25nN_rerun_grompp": 1, "d7eaa23b2ffd01c863299d6b73597c7b-minimize": 1, "d7eaa23b2ffd01c863299d6b73597c7b-get_interaction_energy_25nN": 1, "d7eaa23b2ffd01c863299d6b73597c7b-calc_interdigitation": 1, "d7eaa23b2ffd01c863299d6b73597c7b-shear_5nN": 1, "d7eaa23b2ffd01c863299d6b73597c7b-shear_25nN": 1, "d7eaa23b2ffd01c863299d6b73597c7b-log_interaction_energy_5nN": 1, "d7eaa23b2ffd01c863299d6b73597c7b-calc_S2_shear": 1, "d7eaa23b2ffd01c863299d6b73597c7b-shear_15nN_grompp": 1, "d7eaa23b2ffd01c863299d6b73597c7b-top_to_mol2": 1, "d7eaa23b2ffd01c863299d6b73597c7b-log_cof": 1, "d7eaa23b2ffd01c863299d6b73597c7b-equilibrate_grompp": 1, "d7eaa23b2ffd01c863299d6b73597c7b-compress_grompp": 1, "d7eaa23b2ffd01c863299d6b73597c7b-get_interaction_energy_15nN": 1, "d7eaa23b2ffd01c863299d6b73597c7b-log_interaction_energy_25nN": 1, "d7eaa23b2ffd01c863299d6b73597c7b-shear_25nN_rerun": 1, "d7eaa23b2ffd01c863299d6b73597c7b-unwrap_shear_5nN": 1, "d7eaa23b2ffd01c863299d6b73597c7b-lammps_to_gmx": 1, "d7eaa23b2ffd01c863299d6b73597c7b-log_S2": 1, "d7eaa23b2ffd01c863299d6b73597c7b-log_interaction_energy_15nN": 1, "d7eaa23b2ffd01c863299d6b73597c7b-minimize_grompp": 1, "d7eaa23b2ffd01c863299d6b73597c7b-unwrap_shear_25nN": 1, "d7eaa23b2ffd01c863299d6b73597c7b-shear_25nN_grompp": 1, "d7eaa23b2ffd01c863299d6b73597c7b-get_interaction_energy_5nN": 1, "d7eaa23b2ffd01c863299d6b73597c7b-log_tilt": 1, "d7eaa23b2ffd01c863299d6b73597c7b-compress": 1, "d7eaa23b2ffd01c863299d6b73597c7b-initialize": 1, "d7eaa23b2ffd01c863299d6b73597c7b-shear_15nN_rerun": 1, "d7eaa23b2ffd01c863299d6b73597c7b-calc_tilt_shear": 1, "d7eaa23b2ffd01c863299d6b73597c7b-shear_15nN_rerun_grompp": 1, "d7eaa23b2ffd01c863299d6b73597c7b-unwrap_shear_15nN": 1, "d7eaa23b2ffd01c863299d6b73597c7b-shear_15nN": 1, "d7eaa23b2ffd01c863299d6b73597c7b-fix_overlaps": 1, "d7eaa23b2ffd01c863299d6b73597c7b-shear_5nN_grompp": 1, "d7eaa23b2ffd01c863299d6b73597c7b-equilibrate": 1, "d7eaa23b2ffd01c863299d6b73597c7b-shear_5nN_rerun_grompp": 1, "d7eaa23b2ffd01c863299d6b73597c7b-calc_friction": 1, "d7eaa23b2ffd01c863299d6b73597c7b-shear_5nN_rerun": 1}, "shear_25nN-lj": [-1888.7301121031178, 46.83859200070137], "delta_molecular_weight": 2.9180999999999955, "shear_15nN-qq": [17.094670470823342, 11.327858472078423], "avg_dipole_moment": 1.91, "COF": 0.12625137070384299, "shear_25nN-Etotal": [-1875.926920321343, 48.75606395020642], "tilt_top": {"25nN": 40.4318466456858, "5nN": 35.460925334412735, "15nN": 38.752714619332934}, "S2_bottom": {"25nN": 0.9298925265923723, "5nN": 0.9538300299366721, "15nN": 0.9316706588006536}, "intercept": 0.7294665349800269, "shear_5nN-qq": [3.617712087130296, 9.770352993903531], "shear_5nN-Etotal": [-1543.93316226219, 50.17257523463261], "avg_molecular_weight": 44.54645, "delta_dipole_moment": 3.8000000000000003, "shear_15nN-lj": [-1776.69921133733, 44.622894741553154], "shear_5nN-lj": [-1547.5508743493206, 49.19162765208755]}