{"shear_15nN-qq": [-20.074970192645882, 11.565884747934888], "tilt_bottom": {"25nN": 38.51380517250386, "5nN": 34.42890040831464, "15nN": 35.44336238844496}, "delta_molecular_weight": 79.01389999999999, "status": {"66f1ea3347220d076d625e51103735d7-shear_25nN_rerun": 1, "66f1ea3347220d076d625e51103735d7-fix_overlaps": 1, "66f1ea3347220d076d625e51103735d7-log_cof": 1, "66f1ea3347220d076d625e51103735d7-calc_interdigitation": 1, "66f1ea3347220d076d625e51103735d7-get_interaction_energy_15nN": 1, "66f1ea3347220d076d625e51103735d7-shear_5nN": 1, "66f1ea3347220d076d625e51103735d7-shear_25nN_rerun_grompp": 1, "66f1ea3347220d076d625e51103735d7-shear_15nN_rerun": 1, "66f1ea3347220d076d625e51103735d7-equilibrate": 1, "66f1ea3347220d076d625e51103735d7-log_interaction_energy_25nN": 1, "66f1ea3347220d076d625e51103735d7-top_to_mol2": 1, "66f1ea3347220d076d625e51103735d7-shear_15nN_grompp": 1, "66f1ea3347220d076d625e51103735d7-calc_tilt_shear": 1, "66f1ea3347220d076d625e51103735d7-get_interaction_energy_5nN": 1, "66f1ea3347220d076d625e51103735d7-compress": 1, "66f1ea3347220d076d625e51103735d7-shear_25nN": 1, "66f1ea3347220d076d625e51103735d7-equilibrate_grompp": 1, "66f1ea3347220d076d625e51103735d7-lammps_to_gmx": 1, "66f1ea3347220d076d625e51103735d7-shear_25nN_grompp": 1, "66f1ea3347220d076d625e51103735d7-minimize_grompp": 1, "66f1ea3347220d076d625e51103735d7-shear_5nN_rerun_grompp": 1, "66f1ea3347220d076d625e51103735d7-calc_friction": 1, "66f1ea3347220d076d625e51103735d7-initialize": 1, "66f1ea3347220d076d625e51103735d7-log_tilt": 1, "66f1ea3347220d076d625e51103735d7-log_interaction_energy_15nN": 1, "66f1ea3347220d076d625e51103735d7-unwrap_shear_5nN": 1, "66f1ea3347220d076d625e51103735d7-shear_5nN_rerun": 1, "66f1ea3347220d076d625e51103735d7-shear_15nN": 1, "66f1ea3347220d076d625e51103735d7-calc_S2_shear": 1, "66f1ea3347220d076d625e51103735d7-shear_5nN_grompp": 1, "66f1ea3347220d076d625e51103735d7-compress_grompp": 1, "66f1ea3347220d076d625e51103735d7-log_interaction_energy_5nN": 1, "66f1ea3347220d076d625e51103735d7-shear_15nN_rerun_grompp": 1, "66f1ea3347220d076d625e51103735d7-unwrap_shear_15nN": 1, "66f1ea3347220d076d625e51103735d7-log_S2": 1, "66f1ea3347220d076d625e51103735d7-unwrap_shear_25nN": 1, "66f1ea3347220d076d625e51103735d7-minimize": 1, "66f1ea3347220d076d625e51103735d7-get_interaction_energy_25nN": 1}, "interdigitation": {"25nN": 0.1258997012457678, "5nN": 0.14419503680762238, "15nN": 0.13058754640156592}, "intercept": 1.0157589144490458, "delta_dipole_moment": 6.21, "S2_top": {"25nN": 0.9360628347627915, "5nN": 0.9472764779479362, "15nN": 0.9412937192929327}, "shear_25nN-Etotal": [-2014.0813382957638, 53.779048336568735], "shear_5nN-Etotal": [-1644.6139036251, 56.37979455557065], "S2_bottom": {"25nN": 0.9580718197417629, "5nN": 0.9679235901352409, "15nN": 0.9470436972731955}, "avg_molecular_weight": 82.59434999999999, "shear_15nN-lj": [-1874.1410322949644, 53.18683562118459], "tilt_top": {"25nN": 38.209342060994295, "5nN": 31.228477375310153, "15nN": 36.0828230911992}, "avg_dipole_moment": 3.1149999999999998, "shear_5nN-qq": [-12.04808791766587, 9.226593340258601], "shear_5nN-lj": [-1632.5658157074342, 55.46461565453329], "COF": 0.12153468657746064, "shear_25nN-lj": [-1973.8349472757795, 51.13485109206168], "shear_25nN-qq": [-40.24639101998401, 11.356587805021974], "shear_15nN-Etotal": [-1894.2160024876098, 56.66613371976779]}