{"shear_15nN-qq": [-19.72821902158273, 8.521054295411291], "tilt_bottom": {"25nN": 37.04749162690595, "5nN": 32.26560128666955, "15nN": 36.01205983350769}, "delta_molecular_weight": 52.0068, "status": {"b57f5088db5d8e0a378b077680a28127-calc_S2_shear": 1, "b57f5088db5d8e0a378b077680a28127-shear_5nN_rerun": 1, "b57f5088db5d8e0a378b077680a28127-shear_15nN_rerun_grompp": 1, "b57f5088db5d8e0a378b077680a28127-compress": 1, "b57f5088db5d8e0a378b077680a28127-unwrap_shear_25nN": 1, "b57f5088db5d8e0a378b077680a28127-equilibrate": 1, "b57f5088db5d8e0a378b077680a28127-initialize": 1, "b57f5088db5d8e0a378b077680a28127-shear_25nN": 1, "b57f5088db5d8e0a378b077680a28127-get_interaction_energy_25nN": 1, "b57f5088db5d8e0a378b077680a28127-fix_overlaps": 1, "b57f5088db5d8e0a378b077680a28127-log_S2": 1, "b57f5088db5d8e0a378b077680a28127-shear_25nN_rerun_grompp": 1, "b57f5088db5d8e0a378b077680a28127-top_to_mol2": 1, "b57f5088db5d8e0a378b077680a28127-shear_25nN_rerun": 1, "b57f5088db5d8e0a378b077680a28127-log_tilt": 1, "b57f5088db5d8e0a378b077680a28127-unwrap_shear_15nN": 1, "b57f5088db5d8e0a378b077680a28127-shear_5nN_rerun_grompp": 1, "b57f5088db5d8e0a378b077680a28127-minimize_grompp": 1, "b57f5088db5d8e0a378b077680a28127-calc_friction": 1, "b57f5088db5d8e0a378b077680a28127-shear_15nN_rerun": 1, "b57f5088db5d8e0a378b077680a28127-calc_tilt_shear": 1, "b57f5088db5d8e0a378b077680a28127-log_interaction_energy_15nN": 1, "b57f5088db5d8e0a378b077680a28127-compress_grompp": 1, "b57f5088db5d8e0a378b077680a28127-log_interaction_energy_5nN": 1, "b57f5088db5d8e0a378b077680a28127-lammps_to_gmx": 1, "b57f5088db5d8e0a378b077680a28127-unwrap_shear_5nN": 1, "b57f5088db5d8e0a378b077680a28127-shear_15nN": 1, "b57f5088db5d8e0a378b077680a28127-log_interaction_energy_25nN": 1, "b57f5088db5d8e0a378b077680a28127-shear_5nN_grompp": 1, "b57f5088db5d8e0a378b077680a28127-minimize": 1, "b57f5088db5d8e0a378b077680a28127-shear_25nN_grompp": 1, "b57f5088db5d8e0a378b077680a28127-shear_5nN": 1, "b57f5088db5d8e0a378b077680a28127-calc_interdigitation": 1, "b57f5088db5d8e0a378b077680a28127-get_interaction_energy_15nN": 1, "b57f5088db5d8e0a378b077680a28127-equilibrate_grompp": 1, "b57f5088db5d8e0a378b077680a28127-log_cof": 1, "b57f5088db5d8e0a378b077680a28127-get_interaction_energy_5nN": 1, "b57f5088db5d8e0a378b077680a28127-shear_15nN_grompp": 1}, "interdigitation": {"25nN": 0.13684106197208976, "5nN": 0.1518935607425341, "15nN": 0.12593493393587432}, "avg_molecular_weight": 69.0908, "delta_dipole_moment": 2.02, "S2_top": {"25nN": 0.9428547576569342, "5nN": 0.9623073120382251, "15nN": 0.9488471035683542}, "shear_25nN-Etotal": [-1686.4302632989609, 49.17535092143947], "shear_5nN-Etotal": [-1323.2493060647482, 48.48918045786159], "S2_bottom": {"25nN": 0.9538608076048898, "5nN": 0.9575920011159541, "15nN": 0.9599032279470033}, "intercept": 0.7773512303578152, "shear_15nN-lj": [-1544.904877565148, 46.243107672936944], "tilt_top": {"25nN": 37.27020170976232, "5nN": 33.63234399226982, "15nN": 36.17530128158725}, "avg_dipole_moment": 1.0199999999999998, "shear_5nN-qq": [-15.493679499600317, 8.0487234875012], "shear_5nN-lj": [-1307.755626565148, 47.94029266453221], "COF": 0.13044528563984387, "shear_25nN-lj": [-1669.764094199041, 48.69512697434008], "shear_25nN-qq": [-16.66616909992006, 9.28108203108029], "shear_15nN-Etotal": [-1564.6330965867305, 46.45203221983007]}