{"shear_15nN-qq": [-1787.525825941647, 133.99653592443107], "delta_molecular_weight": 9.010099999999998, "status": {"67a52fb2cb6d5d9dda351b7019696605-get_interaction_energy_5nN": 1, "67a52fb2cb6d5d9dda351b7019696605-shear_15nN": 1, "67a52fb2cb6d5d9dda351b7019696605-shear_25nN_grompp": 1, "67a52fb2cb6d5d9dda351b7019696605-equilibrate": 1, "67a52fb2cb6d5d9dda351b7019696605-shear_5nN_grompp": 1, "67a52fb2cb6d5d9dda351b7019696605-get_interaction_energy_25nN": 1, "67a52fb2cb6d5d9dda351b7019696605-minimize_grompp": 1, "67a52fb2cb6d5d9dda351b7019696605-shear_15nN_grompp": 1, "67a52fb2cb6d5d9dda351b7019696605-equilibrate_grompp": 1, "67a52fb2cb6d5d9dda351b7019696605-shear_15nN_rerun_grompp": 1, "67a52fb2cb6d5d9dda351b7019696605-shear_25nN_rerun": 1, "67a52fb2cb6d5d9dda351b7019696605-log_cof": 1, "67a52fb2cb6d5d9dda351b7019696605-minimize": 1, "67a52fb2cb6d5d9dda351b7019696605-calc_tilt_shear": 1, "67a52fb2cb6d5d9dda351b7019696605-log_interaction_energy_5nN": 1, "67a52fb2cb6d5d9dda351b7019696605-shear_5nN_rerun_grompp": 1, "67a52fb2cb6d5d9dda351b7019696605-shear_25nN": 1, "67a52fb2cb6d5d9dda351b7019696605-log_interaction_energy_15nN": 1, "67a52fb2cb6d5d9dda351b7019696605-count_hydrogen_bonds": 1, "67a52fb2cb6d5d9dda351b7019696605-log_tilt": 1, "67a52fb2cb6d5d9dda351b7019696605-calc_interdigitation": 1, "67a52fb2cb6d5d9dda351b7019696605-compress_grompp": 1, "67a52fb2cb6d5d9dda351b7019696605-log_interaction_energy_25nN": 1, "67a52fb2cb6d5d9dda351b7019696605-shear_15nN_rerun": 1, "67a52fb2cb6d5d9dda351b7019696605-lammps_to_gmx": 1, "67a52fb2cb6d5d9dda351b7019696605-log_S2": 1, "67a52fb2cb6d5d9dda351b7019696605-calc_friction": 1, "67a52fb2cb6d5d9dda351b7019696605-unwrap_shear_5nN": 1, "67a52fb2cb6d5d9dda351b7019696605-fix_overlaps": 1, "67a52fb2cb6d5d9dda351b7019696605-unwrap_shear_25nN": 1, "67a52fb2cb6d5d9dda351b7019696605-unwrap_shear_15nN": 1, "67a52fb2cb6d5d9dda351b7019696605-initialize": 1, "67a52fb2cb6d5d9dda351b7019696605-shear_25nN_rerun_grompp": 1, "67a52fb2cb6d5d9dda351b7019696605-compress": 1, "67a52fb2cb6d5d9dda351b7019696605-shear_5nN": 1, "67a52fb2cb6d5d9dda351b7019696605-get_interaction_energy_15nN": 1, "67a52fb2cb6d5d9dda351b7019696605-shear_5nN_rerun": 1, "67a52fb2cb6d5d9dda351b7019696605-top_to_mol2": 1, "67a52fb2cb6d5d9dda351b7019696605-calc_S2_shear": 1}, "interdigitation": {"15nN": 0.11133214698395616, "5nN": 0.11972114165753028, "25nN": 0.10440925261684507}, "avg_molecular_weight": 21.512349999999998, "delta_dipole_moment": 1.5300000000000002, "tilt_bottom": {"15nN": 40.63919744338716, "5nN": 38.313172983206464, "25nN": 42.18707972809303}, "S2_top": {"15nN": 0.9634133823191346, "5nN": 0.9639284089861702, "25nN": 0.9550175647889327}, "shear_25nN-Etotal": [-3231.886616388489, 125.22476386594424], "shear_5nN-Etotal": [-2972.7623933229415, 147.47663806569082], "S2_bottom": {"15nN": 0.9811331465676707, "5nN": 0.981241299691259, "25nN": 0.9764020218746459}, "intercept": 3.5453284439352393, "shear_15nN-lj": [-1428.0306022653876, 50.67147028395615], "tilt_top": {"15nN": 39.43019383701795, "5nN": 36.5749452160227, "25nN": 40.48451918530692}, "avg_dipole_moment": 2.645, "shear_5nN-qq": [-1646.4142727961632, 128.81496823502502], "shear_5nN-lj": [-1326.3481205267783, 50.68734975366457], "COF": 0.12382982217756307, "shear_25nN-lj": [-1466.0126302254198, 53.41367740652364], "shear_25nN-qq": [-1765.8739861630695, 120.9369142499269], "shear_15nN-Etotal": [-3215.5564282070345, 141.2057522550156]}