{"shear_15nN-qq": [31.330703586730618, 9.504382084912507], "tilt_bottom": {"25nN": 37.24145583804725, "5nN": 32.920344251063, "15nN": 36.48443840452522}, "delta_molecular_weight": 28.053000000000004, "status": {"3e93d733e8dfa6ba5a57b7283216883a-log_S2": 1, "3e93d733e8dfa6ba5a57b7283216883a-shear_5nN": 1, "3e93d733e8dfa6ba5a57b7283216883a-unwrap_shear_15nN": 1, "3e93d733e8dfa6ba5a57b7283216883a-minimize": 1, "3e93d733e8dfa6ba5a57b7283216883a-log_tilt": 1, "3e93d733e8dfa6ba5a57b7283216883a-lammps_to_gmx": 1, "3e93d733e8dfa6ba5a57b7283216883a-log_interaction_energy_5nN": 1, "3e93d733e8dfa6ba5a57b7283216883a-get_interaction_energy_5nN": 1, "3e93d733e8dfa6ba5a57b7283216883a-initialize": 1, "3e93d733e8dfa6ba5a57b7283216883a-top_to_mol2": 1, "3e93d733e8dfa6ba5a57b7283216883a-shear_15nN": 1, "3e93d733e8dfa6ba5a57b7283216883a-unwrap_shear_5nN": 1, "3e93d733e8dfa6ba5a57b7283216883a-log_interaction_energy_25nN": 1, "3e93d733e8dfa6ba5a57b7283216883a-equilibrate": 1, "3e93d733e8dfa6ba5a57b7283216883a-calc_tilt_shear": 1, "3e93d733e8dfa6ba5a57b7283216883a-shear_5nN_rerun_grompp": 1, "3e93d733e8dfa6ba5a57b7283216883a-get_interaction_energy_25nN": 1, "3e93d733e8dfa6ba5a57b7283216883a-log_cof": 1, "3e93d733e8dfa6ba5a57b7283216883a-calc_interdigitation": 1, "3e93d733e8dfa6ba5a57b7283216883a-compress_grompp": 1, "3e93d733e8dfa6ba5a57b7283216883a-shear_15nN_grompp": 1, "3e93d733e8dfa6ba5a57b7283216883a-shear_15nN_rerun_grompp": 1, "3e93d733e8dfa6ba5a57b7283216883a-get_interaction_energy_15nN": 1, "3e93d733e8dfa6ba5a57b7283216883a-shear_5nN_grompp": 1, "3e93d733e8dfa6ba5a57b7283216883a-calc_friction": 1, "3e93d733e8dfa6ba5a57b7283216883a-shear_25nN_rerun_grompp": 1, "3e93d733e8dfa6ba5a57b7283216883a-unwrap_shear_25nN": 1, "3e93d733e8dfa6ba5a57b7283216883a-shear_15nN_rerun": 1, "3e93d733e8dfa6ba5a57b7283216883a-shear_25nN_grompp": 1, "3e93d733e8dfa6ba5a57b7283216883a-log_interaction_energy_15nN": 1, "3e93d733e8dfa6ba5a57b7283216883a-shear_25nN": 1, "3e93d733e8dfa6ba5a57b7283216883a-shear_25nN_rerun": 1, "3e93d733e8dfa6ba5a57b7283216883a-shear_5nN_rerun": 1, "3e93d733e8dfa6ba5a57b7283216883a-minimize_grompp": 1, "3e93d733e8dfa6ba5a57b7283216883a-calc_S2_shear": 1, "3e93d733e8dfa6ba5a57b7283216883a-equilibrate_grompp": 1, "3e93d733e8dfa6ba5a57b7283216883a-fix_overlaps": 1, "3e93d733e8dfa6ba5a57b7283216883a-compress": 1}, "interdigitation": {"25nN": 0.11364574202849027, "5nN": 0.09671935792538185, "15nN": 0.09518790663887185}, "intercept": 0.43536539930978124, "delta_dipole_moment": 0.01, "S2_top": {"25nN": 0.9781563968619633, "5nN": 0.9686841385988465, "15nN": 0.9717221238383158}, "shear_25nN-Etotal": [-1455.736806658673, 48.07430298938411], "avg_dipole_moment": 0.005, "S2_bottom": {"25nN": 0.9307795228799624, "5nN": 0.9639396130013668, "15nN": 0.9455621214083287}, "avg_molecular_weight": 29.0609, "shear_15nN-lj": [-1392.3915252486013, 45.23796476486679], "tilt_top": {"25nN": 40.63973278736158, "5nN": 34.83887529615745, "15nN": 38.21294350733579}, "shear_5nN-Etotal": [-1170.6119497689847, 47.92484236541783], "shear_5nN-qq": [4.719565871302958, 6.499875682707329], "shear_5nN-lj": [-1175.3315156402878, 48.23965490108954], "COF": 0.15579900892404416, "shear_25nN-lj": [-1512.0410781798562, 48.717849641633755], "shear_25nN-qq": [56.30427152118306, 9.386859593596247], "shear_15nN-Etotal": [-1361.0608216618705, 45.615761775356475]}