{"avg_dipole_moment": 2.92, "max_dipole_moment": 3.81, "min_dipole_moment": 2.03, "max_molecular_weight": 95.0942, "shear_5nN-qq": [-394.7156955955236, 42.68060871620517], "intercept": 1.6613298451028902, "shear_15nN-qq": [-411.39056381694644, 47.234379134508124], "min_molecular_weight": 46.0055, "delta_molecular_weight": 49.0887, "ch3-smiles-2": "C[N+](=O)[O-]", "chain-smiles-2": "CCCCCCCCCCCCCCCCC[N+](=O)[O-]", "tilt_bottom": {"25nN": 39.20848371793622, "5nN": 33.70917029411869, "15nN": 35.585452834453314}, "tilt_top": {"25nN": 40.48975231762098, "5nN": 34.930845455909065, "15nN": 38.134656433409944}, "shear_15nN-lj": [-1922.7816897921664, 53.62103037934044], "h-smiles-1": "C1=CC=C(F)C=C1", "ch3-smiles-1": "CC1=CC=C(F)C=C1", "S2_bottom": {"25nN": 0.8750827931895023, "5nN": 0.9005459814800908, "15nN": 0.8856886680802473}, "h-smiles-2": "[N+](=O)[O-]", "shear_25nN-qq": [-393.42244835971223, 48.9145684758173], "COF": 0.1286901147510479, "shear_25nN-lj": [-2007.140357829736, 55.21383544727506], "S2_top": {"25nN": 0.9304761230121261, "5nN": 0.9377744355915831, "15nN": 0.9465991265673322}, "shear_15nN-Etotal": [-2334.172253609113, 80.79930759011157], "shear_5nN-Etotal": [-2119.0213942038367, 81.6757837389557], "shear_25nN-Etotal": [-2400.5628061894486, 81.72813933978661], "avg_molecular_weight": 70.54984999999999, "shear_5nN-lj": [-1724.3056986083134, 59.93858061425769], "delta_dipole_moment": 1.7800000000000002, "status": {"3283719c3baf8def6ea9569937aa8f05-compress": 1, "3283719c3baf8def6ea9569937aa8f05-log_S2": 1, "3283719c3baf8def6ea9569937aa8f05-calc_interdigitation": 1, "3283719c3baf8def6ea9569937aa8f05-calc_S2_shear": 1, "3283719c3baf8def6ea9569937aa8f05-unwrap_shear_5nN": 1, "3283719c3baf8def6ea9569937aa8f05-shear_5nN": 1, "3283719c3baf8def6ea9569937aa8f05-get_interaction_energy_15nN": 1, "3283719c3baf8def6ea9569937aa8f05-shear_5nN_grompp": 1, "3283719c3baf8def6ea9569937aa8f05-shear_15nN_grompp": 1, "3283719c3baf8def6ea9569937aa8f05-get_interaction_energy_25nN": 1, "3283719c3baf8def6ea9569937aa8f05-shear_15nN_rerun_grompp": 1, "3283719c3baf8def6ea9569937aa8f05-shear_25nN_grompp": 1, "3283719c3baf8def6ea9569937aa8f05-shear_15nN": 1, "3283719c3baf8def6ea9569937aa8f05-log_tilt": 1, "3283719c3baf8def6ea9569937aa8f05-unwrap_shear_25nN": 1, "3283719c3baf8def6ea9569937aa8f05-fix_overlaps": 1, "3283719c3baf8def6ea9569937aa8f05-log_interaction_energy_25nN": 1, "3283719c3baf8def6ea9569937aa8f05-equilibrate": 1, "3283719c3baf8def6ea9569937aa8f05-log_cof": 1, "3283719c3baf8def6ea9569937aa8f05-equilibrate_grompp": 1, "3283719c3baf8def6ea9569937aa8f05-minimize_grompp": 1, "3283719c3baf8def6ea9569937aa8f05-shear_25nN": 1, "3283719c3baf8def6ea9569937aa8f05-minimize": 1, "3283719c3baf8def6ea9569937aa8f05-shear_5nN_rerun": 1, "3283719c3baf8def6ea9569937aa8f05-calc_friction": 1, "3283719c3baf8def6ea9569937aa8f05-log_interaction_energy_15nN": 1, "3283719c3baf8def6ea9569937aa8f05-shear_5nN_rerun_grompp": 1, "3283719c3baf8def6ea9569937aa8f05-calc_tilt_shear": 1, "3283719c3baf8def6ea9569937aa8f05-shear_25nN_rerun": 1, "3283719c3baf8def6ea9569937aa8f05-log_interaction_energy_5nN": 1, "3283719c3baf8def6ea9569937aa8f05-compress_grompp": 1, "3283719c3baf8def6ea9569937aa8f05-unwrap_shear_15nN": 1, "3283719c3baf8def6ea9569937aa8f05-lammps_to_gmx": 1, "3283719c3baf8def6ea9569937aa8f05-shear_25nN_rerun_grompp": 1, "3283719c3baf8def6ea9569937aa8f05-get_interaction_energy_5nN": 1, "3283719c3baf8def6ea9569937aa8f05-top_to_mol2": 1, "3283719c3baf8def6ea9569937aa8f05-shear_15nN_rerun": 1, "3283719c3baf8def6ea9569937aa8f05-initialize": 1}, "chain-smiles-1": "CCCCCCCCCCCCCCCCCC1=CC=C(F)C=C1"}