{"tilt_bottom": {"25nN": 41.602146244273335, "5nN": 36.95964712304063, "15nN": 40.17139010944203}, "shear_25nN-qq": [-525.7792866243005, 65.06008515889867], "S2_top": {"25nN": 0.9642196951154329, "5nN": 0.977396375690042, "15nN": 0.9819528951419293}, "shear_5nN-qq": [-417.838145203837, 56.213924870090466], "shear_15nN-Etotal": [-2467.9034575083933, 91.11796646668697], "S2_bottom": {"25nN": 0.9755316897073977, "5nN": 0.9752702961549776, "15nN": 0.9760897429649443}, "shear_25nN-lj": [-2127.1920969992007, 50.367197104252234], "delta_molecular_weight": 20.07560000000001, "intercept": 1.8964475073530793, "avg_dipole_moment": 3.35, "COF": 0.11335423647214601, "shear_25nN-Etotal": [-2652.971383623501, 88.17062064196844], "tilt_top": {"25nN": 40.15292393429895, "5nN": 35.97233883556097, "15nN": 39.54020269311928}, "status": {"e9269d48b36c47966188af8fc1291d45-shear_25nN_rerun": 1, "e9269d48b36c47966188af8fc1291d45-log_interaction_energy_5nN": 1, "e9269d48b36c47966188af8fc1291d45-log_interaction_energy_15nN": 1, "e9269d48b36c47966188af8fc1291d45-compress_grompp": 1, "e9269d48b36c47966188af8fc1291d45-equilibrate": 1, "e9269d48b36c47966188af8fc1291d45-calc_S2_shear": 1, "e9269d48b36c47966188af8fc1291d45-lammps_to_gmx": 1, "e9269d48b36c47966188af8fc1291d45-initialize": 1, "e9269d48b36c47966188af8fc1291d45-top_to_mol2": 1, "e9269d48b36c47966188af8fc1291d45-shear_15nN_grompp": 1, "e9269d48b36c47966188af8fc1291d45-shear_5nN_grompp": 1, "e9269d48b36c47966188af8fc1291d45-shear_5nN_rerun": 1, "e9269d48b36c47966188af8fc1291d45-compress": 1, "e9269d48b36c47966188af8fc1291d45-equilibrate_grompp": 1, "e9269d48b36c47966188af8fc1291d45-log_tilt": 1, "e9269d48b36c47966188af8fc1291d45-calc_interdigitation": 1, "e9269d48b36c47966188af8fc1291d45-unwrap_shear_15nN": 1, "e9269d48b36c47966188af8fc1291d45-log_S2": 1, "e9269d48b36c47966188af8fc1291d45-unwrap_shear_5nN": 1, "e9269d48b36c47966188af8fc1291d45-get_interaction_energy_25nN": 1, "e9269d48b36c47966188af8fc1291d45-fix_overlaps": 1, "e9269d48b36c47966188af8fc1291d45-shear_5nN": 1, "e9269d48b36c47966188af8fc1291d45-shear_15nN_rerun": 1, "e9269d48b36c47966188af8fc1291d45-minimize_grompp": 1, "e9269d48b36c47966188af8fc1291d45-shear_5nN_rerun_grompp": 1, "e9269d48b36c47966188af8fc1291d45-calc_friction": 1, "e9269d48b36c47966188af8fc1291d45-calc_tilt_shear": 1, "e9269d48b36c47966188af8fc1291d45-get_interaction_energy_5nN": 1, "e9269d48b36c47966188af8fc1291d45-minimize": 1, "e9269d48b36c47966188af8fc1291d45-shear_25nN_grompp": 1, "e9269d48b36c47966188af8fc1291d45-log_cof": 1, "e9269d48b36c47966188af8fc1291d45-shear_25nN": 1, "e9269d48b36c47966188af8fc1291d45-shear_15nN": 1, "e9269d48b36c47966188af8fc1291d45-get_interaction_energy_15nN": 1, "e9269d48b36c47966188af8fc1291d45-unwrap_shear_25nN": 1, "e9269d48b36c47966188af8fc1291d45-shear_25nN_rerun_grompp": 1, "e9269d48b36c47966188af8fc1291d45-shear_15nN_rerun_grompp": 1, "e9269d48b36c47966188af8fc1291d45-log_interaction_energy_25nN": 1}, "shear_15nN-qq": [-448.68732201518776, 57.481545391549105], "shear_5nN-Etotal": [-2259.251798363709, 91.80820290482153], "avg_molecular_weight": 56.0433, "delta_dipole_moment": 0.9199999999999999, "shear_15nN-lj": [-2019.2161354932057, 56.72543509418451], "shear_5nN-lj": [-1841.4136531598722, 57.973255748528665]}