{"avg_dipole_moment": 3.8499999999999996, "max_dipole_moment": 4.81, "min_dipole_moment": 2.89, "max_molecular_weight": 66.0811, "shear_5nN-qq": [-724.4958125483613, 91.1830134230507], "intercept": 2.439415827718576, "shear_15nN-qq": [-746.6686675243806, 100.60134148359862], "min_molecular_weight": 45.0174, "delta_molecular_weight": 21.063700000000004, "ch3-smiles-2": "C1=C(C)NC=C1", "chain-smiles-2": "CCCCCCCCCCCCCCCCCC1=CNC=C1", "tilt_bottom": {"25nN": 40.61895048932582, "5nN": 34.635496550114404, "15nN": 38.858778581483975}, "interdigitation": {"25nN": 0.12426457065276707, "5nN": 0.11865918165892393, "15nN": 0.10493008288776509}, "tilt_top": {"25nN": 39.89425007718932, "5nN": 36.42311195530254, "15nN": 39.52489113644069}, "shear_15nN-lj": [-2036.168520746603, 59.26001358279665], "h-smiles-1": "C(=O)O", "S2_top": {"25nN": 0.9616680507542669, "5nN": 0.9812129555495205, "15nN": 0.9689451212678747}, "S2_bottom": {"25nN": 0.9680172945584712, "5nN": 0.9549875205484686, "15nN": 0.968715157147087}, "h-smiles-2": "C1=CNC=C1", "shear_25nN-qq": [-709.9489478752997, 94.22940211932074], "COF": 0.11774940411532442, "shear_25nN-lj": [-2128.485341117506, 54.421872438009466], "ch3-smiles-1": "CC(=O)O", "shear_15nN-Etotal": [-2782.837188270983, 116.7873697571892], "shear_5nN-Etotal": [-2568.937474940048, 113.66297945741134], "shear_25nN-Etotal": [-2838.4342889928057, 108.03598117089112], "avg_molecular_weight": 55.54925, "shear_5nN-lj": [-1844.4416623916864, 58.582759069328795], "delta_dipole_moment": 1.9199999999999995, "status": {"8c16c54b98568921044162a8cae56b44-log_interaction_energy_25nN": 1, "8c16c54b98568921044162a8cae56b44-get_interaction_energy_15nN": 1, "8c16c54b98568921044162a8cae56b44-top_to_mol2": 1, "8c16c54b98568921044162a8cae56b44-log_cof": 1, "8c16c54b98568921044162a8cae56b44-fix_overlaps": 1, "8c16c54b98568921044162a8cae56b44-shear_15nN_grompp": 1, "8c16c54b98568921044162a8cae56b44-unwrap_shear_5nN": 1, "8c16c54b98568921044162a8cae56b44-shear_5nN_rerun_grompp": 1, "8c16c54b98568921044162a8cae56b44-shear_15nN_rerun": 1, "8c16c54b98568921044162a8cae56b44-shear_15nN": 1, "8c16c54b98568921044162a8cae56b44-shear_25nN_grompp": 1, "8c16c54b98568921044162a8cae56b44-log_tilt": 1, "8c16c54b98568921044162a8cae56b44-unwrap_shear_25nN": 1, "8c16c54b98568921044162a8cae56b44-shear_5nN": 1, "8c16c54b98568921044162a8cae56b44-initialize": 1, "8c16c54b98568921044162a8cae56b44-calc_friction": 1, "8c16c54b98568921044162a8cae56b44-unwrap_shear_15nN": 1, "8c16c54b98568921044162a8cae56b44-lammps_to_gmx": 1, "8c16c54b98568921044162a8cae56b44-log_interaction_energy_15nN": 1, "8c16c54b98568921044162a8cae56b44-compress": 1, "8c16c54b98568921044162a8cae56b44-equilibrate": 1, "8c16c54b98568921044162a8cae56b44-shear_5nN_grompp": 1, "8c16c54b98568921044162a8cae56b44-calc_interdigitation": 1, "8c16c54b98568921044162a8cae56b44-log_S2": 1, "8c16c54b98568921044162a8cae56b44-calc_tilt_shear": 1, "8c16c54b98568921044162a8cae56b44-equilibrate_grompp": 1, "8c16c54b98568921044162a8cae56b44-calc_S2_shear": 1, "8c16c54b98568921044162a8cae56b44-shear_25nN_rerun": 1, "8c16c54b98568921044162a8cae56b44-minimize_grompp": 1, "8c16c54b98568921044162a8cae56b44-compress_grompp": 1, "8c16c54b98568921044162a8cae56b44-count_hydrogen_bonds": 1, "8c16c54b98568921044162a8cae56b44-shear_15nN_rerun_grompp": 1, "8c16c54b98568921044162a8cae56b44-minimize": 1, "8c16c54b98568921044162a8cae56b44-shear_25nN": 1, "8c16c54b98568921044162a8cae56b44-shear_5nN_rerun": 1, "8c16c54b98568921044162a8cae56b44-get_interaction_energy_25nN": 1, "8c16c54b98568921044162a8cae56b44-log_interaction_energy_5nN": 1, "8c16c54b98568921044162a8cae56b44-get_interaction_energy_5nN": 1, "8c16c54b98568921044162a8cae56b44-shear_25nN_rerun_grompp": 1}, "chain-smiles-1": "CCCCCCCCCCCCCCCCCC(=O)O"}