{"tilt_bottom": {"25nN": 41.008143160173965, "5nN": 35.747937661638844, "15nN": 38.681970200825205}, "shear_25nN-qq": [20.090207103117507, 11.283463022241953], "S2_top": {"25nN": 0.9224504899576463, "5nN": 0.95230977550268, "15nN": 0.9248336081011499}, "shear_5nN-qq": [-4.705090990407673, 8.370769450986533], "shear_15nN-Etotal": [-1578.4726710199839, 45.919426237565865], "S2_bottom": {"25nN": 0.9660431770774874, "5nN": 0.9729120133884985, "15nN": 0.9658263189467751}, "shear_25nN-lj": [-1690.6547359784174, 48.227938382254365], "delta_molecular_weight": 0.04290000000000305, "interdigitation": {"25nN": 0.11015703993574377, "5nN": 0.10001061588111065, "15nN": 0.11961170935633468}, "intercept": 0.7960973243875977, "avg_dipole_moment": 1.585, "COF": 0.1331308997835813, "shear_25nN-Etotal": [-1670.5645288752996, 48.83945395057152], "tilt_top": {"25nN": 38.45553343486643, "5nN": 32.79006422263468, "15nN": 34.740435252080175}, "status": {"8d91e4495e333cfc03031858508c00f4-shear_15nN_rerun_grompp": 1, "8d91e4495e333cfc03031858508c00f4-shear_15nN_rerun": 1, "8d91e4495e333cfc03031858508c00f4-log_S2": 1, "8d91e4495e333cfc03031858508c00f4-calc_S2_shear": 1, "8d91e4495e333cfc03031858508c00f4-shear_5nN_rerun": 1, "8d91e4495e333cfc03031858508c00f4-get_interaction_energy_15nN": 1, "8d91e4495e333cfc03031858508c00f4-initialize": 1, "8d91e4495e333cfc03031858508c00f4-shear_5nN_rerun_grompp": 1, "8d91e4495e333cfc03031858508c00f4-shear_25nN_rerun": 1, "8d91e4495e333cfc03031858508c00f4-unwrap_shear_25nN": 1, "8d91e4495e333cfc03031858508c00f4-calc_tilt_shear": 1, "8d91e4495e333cfc03031858508c00f4-fix_overlaps": 1, "8d91e4495e333cfc03031858508c00f4-log_interaction_energy_5nN": 1, "8d91e4495e333cfc03031858508c00f4-get_interaction_energy_25nN": 1, "8d91e4495e333cfc03031858508c00f4-log_interaction_energy_15nN": 1, "8d91e4495e333cfc03031858508c00f4-minimize": 1, "8d91e4495e333cfc03031858508c00f4-shear_5nN_grompp": 1, "8d91e4495e333cfc03031858508c00f4-log_interaction_energy_25nN": 1, "8d91e4495e333cfc03031858508c00f4-log_tilt": 1, "8d91e4495e333cfc03031858508c00f4-compress": 1, "8d91e4495e333cfc03031858508c00f4-calc_friction": 1, "8d91e4495e333cfc03031858508c00f4-equilibrate": 1, "8d91e4495e333cfc03031858508c00f4-shear_25nN_grompp": 1, "8d91e4495e333cfc03031858508c00f4-lammps_to_gmx": 1, "8d91e4495e333cfc03031858508c00f4-shear_15nN": 1, "8d91e4495e333cfc03031858508c00f4-unwrap_shear_5nN": 1, "8d91e4495e333cfc03031858508c00f4-get_interaction_energy_5nN": 1, "8d91e4495e333cfc03031858508c00f4-unwrap_shear_15nN": 1, "8d91e4495e333cfc03031858508c00f4-minimize_grompp": 1, "8d91e4495e333cfc03031858508c00f4-calc_interdigitation": 1, "8d91e4495e333cfc03031858508c00f4-compress_grompp": 1, "8d91e4495e333cfc03031858508c00f4-top_to_mol2": 1, "8d91e4495e333cfc03031858508c00f4-log_cof": 1, "8d91e4495e333cfc03031858508c00f4-shear_25nN_rerun_grompp": 1, "8d91e4495e333cfc03031858508c00f4-shear_15nN_grompp": 1, "8d91e4495e333cfc03031858508c00f4-equilibrate_grompp": 1, "8d91e4495e333cfc03031858508c00f4-shear_25nN": 1, "8d91e4495e333cfc03031858508c00f4-shear_5nN": 1}, "shear_15nN-qq": [5.458329298161471, 9.92603931904863], "shear_5nN-Etotal": [-1342.5970877378097, 47.13731002813503], "avg_molecular_weight": 43.06595, "delta_dipole_moment": 3.1500000000000004, "shear_15nN-lj": [-1583.9310003181456, 45.661478740576676], "shear_5nN-lj": [-1337.8919967474021, 46.47715167764806]}