{"interdigitation": {"25nN": 0.1527424939679298, "5nN": 0.1331491368749387, "15nN": 0.11169234991314027}, "shear_25nN-qq": [1.780902756994405, 13.476451963967845], "S2_top": {"25nN": 0.9742332745215496, "5nN": 0.9660794391866337, "15nN": 0.9581322698089355}, "tilt_bottom": {"25nN": 39.718500423751955, "5nN": 34.32442183273623, "15nN": 38.93691172284728}, "shear_15nN-Etotal": [-1323.6215033309354, 43.063019094443426], "status": {"76ec3328ec17931e505c2b447c838e5b-shear_25nN_rerun": 1, "76ec3328ec17931e505c2b447c838e5b-shear_5nN_rerun": 1, "76ec3328ec17931e505c2b447c838e5b-log_tilt": 1, "76ec3328ec17931e505c2b447c838e5b-shear_25nN": 1, "76ec3328ec17931e505c2b447c838e5b-shear_15nN": 1, "76ec3328ec17931e505c2b447c838e5b-shear_15nN_rerun": 1, "76ec3328ec17931e505c2b447c838e5b-calc_S2_shear": 1, "76ec3328ec17931e505c2b447c838e5b-log_interaction_energy_5nN": 1, "76ec3328ec17931e505c2b447c838e5b-calc_friction": 1, "76ec3328ec17931e505c2b447c838e5b-shear_25nN_grompp": 1, "76ec3328ec17931e505c2b447c838e5b-shear_5nN_rerun_grompp": 1, "76ec3328ec17931e505c2b447c838e5b-lammps_to_gmx": 1, "76ec3328ec17931e505c2b447c838e5b-unwrap_shear_5nN": 1, "76ec3328ec17931e505c2b447c838e5b-shear_25nN_rerun_grompp": 1, "76ec3328ec17931e505c2b447c838e5b-get_interaction_energy_5nN": 1, "76ec3328ec17931e505c2b447c838e5b-equilibrate": 1, "76ec3328ec17931e505c2b447c838e5b-log_cof": 1, "76ec3328ec17931e505c2b447c838e5b-minimize_grompp": 1, "76ec3328ec17931e505c2b447c838e5b-compress_grompp": 1, "76ec3328ec17931e505c2b447c838e5b-calc_interdigitation": 1, "76ec3328ec17931e505c2b447c838e5b-unwrap_shear_15nN": 1, "76ec3328ec17931e505c2b447c838e5b-fix_overlaps": 1, "76ec3328ec17931e505c2b447c838e5b-initialize": 1, "76ec3328ec17931e505c2b447c838e5b-log_S2": 1, "76ec3328ec17931e505c2b447c838e5b-equilibrate_grompp": 1, "76ec3328ec17931e505c2b447c838e5b-unwrap_shear_25nN": 1, "76ec3328ec17931e505c2b447c838e5b-minimize": 1, "76ec3328ec17931e505c2b447c838e5b-shear_5nN_grompp": 1, "76ec3328ec17931e505c2b447c838e5b-log_interaction_energy_25nN": 1, "76ec3328ec17931e505c2b447c838e5b-get_interaction_energy_25nN": 1, "76ec3328ec17931e505c2b447c838e5b-calc_tilt_shear": 1, "76ec3328ec17931e505c2b447c838e5b-get_interaction_energy_15nN": 1, "76ec3328ec17931e505c2b447c838e5b-shear_5nN": 1, "76ec3328ec17931e505c2b447c838e5b-shear_15nN_grompp": 1, "76ec3328ec17931e505c2b447c838e5b-shear_15nN_rerun_grompp": 1, "76ec3328ec17931e505c2b447c838e5b-log_interaction_energy_15nN": 1, "76ec3328ec17931e505c2b447c838e5b-compress": 1, "76ec3328ec17931e505c2b447c838e5b-top_to_mol2": 1}, "shear_25nN-lj": [-1404.6663633892886, 44.69644437866727], "delta_molecular_weight": 41.96079999999999, "shear_15nN-qq": [0.49450805915267787, 11.655429737615481], "avg_dipole_moment": 1.045, "COF": 0.1245851125681341, "shear_25nN-Etotal": [-1402.885460632294, 45.95218957975688], "tilt_top": {"25nN": 40.96091274312278, "5nN": 35.375862320181874, "15nN": 39.42500161979884}, "S2_bottom": {"25nN": 0.9564754436057671, "5nN": 0.959171457351557, "15nN": 0.9699780196975366}, "intercept": 0.6417807146773589, "shear_5nN-qq": [-2.9203189048760994, 11.6251476850222], "shear_5nN-Etotal": [-1096.878715804956, 44.53762026488725], "avg_molecular_weight": 48.0255, "delta_dipole_moment": 2.09, "shear_15nN-lj": [-1324.1160113900878, 42.15803096194692], "shear_5nN-lj": [-1093.9583969000798, 43.49391901898792]}