{"MR-mean":19.6609,"asphericity-mean":0.4252715,"balabanj-mean":3.424613,"bertzct-mean":206.3648925,"chi0-mean":8.5856045,"chi0n-mean":8.204124,"chi0v-mean":2.204124,"chi1-mean":4.618043,"chi1n-mean":3.931186,"chi1v-mean":0.977062,"chi2n-mean":0.5,"chi2v-mean":0.5,"chi3n-mean":0.25,"chi3v-mean":0.25,"chi4n-mean":0.125,"chi4v-mean":0.125,"e-valence-mean":25.0,"eccentricity-mean":0.962128,"hk-alpha-mean":-0.41,"hk-kappa1-mean":0.455797,"hk-kappa2-mean":1.371643,"hk-kappa3-mean":-13.000868,"ipc-mean":624.00111,"isf-mean":0.116438,"labuteASA-mean":37.138073,"logP-mean":0.80176,"molwt-mean":62.0444075,"molwt-hvy-mean":56.0435,"nheavy-mean":4.5,"npr1-mean":0.2652625,"npr2-mean":0.819972,"pbf-mean":0.2361535,"pc+-mean":0.3977245,"pc--mean":-0.3977245,"pmi1-mean":47.7560765,"pmi2-mean":106.014618,"pmi3-mean":150.413514,"rbonds-mean":1.0,"rg-mean":1.2916835,"rpc+-mean":0.3412925,"rpc--mean":0.578633,"spherocity-mean":0.318498,"tpsa-mean":10.115,"vsa+-mean":11.7737485,"vsa--mean":23.8681225,"vsa-fhyd-mean":0.815152,"vsa-fneg-mean":0.5420885,"vsa-fpneg-mean":0.1443965,"vsa-fpos-mean":0.4579115,"vsa-fppos-mean":0.0404515,"vsa-hyd-mean":32.371867,"vsa-polar-mean":0.184848,"vsa-polar+-mean":0.7156,"vsa-polar--mean":2.554404,"MR-min":8.1428,"asphericity-min":0.337284,"balabanj-min":3.16849,"bertzct-min":37.302969,"chi0-min":5.207107,"chi0n-min":4.908248,"chi0v-min":0.908248,"chi1-min":2.56066,"chi1n-min":2.112372,"chi1v-min":0.204124,"chi2n-min":0.0,"chi2v-min":0.0,"chi3n-min":0.0,"chi3v-min":0.0,"chi4n-min":0.0,"chi4v-min":0.0,"e-valence-min":14.0,"eccentricity-min":0.945432,"hk-alpha-min":-0.78,"hk-kappa1-min":0.073424,"hk-kappa2-min":0.96,"hk-kappa3-min":-27.04,"ipc-min":12.164797,"isf-min":0.00752,"labuteASA-min":19.240037,"logP-min":-0.3915,"molwt-min":32.026215,"molwt-hvy-min":28.01,"nheavy-min":2.0,"npr1-min":0.204705,"npr2-min":0.686477,"pbf-min":0.127009,"pc+-min":0.395819,"pc--min":-0.39963,"pmi1-min":4.230938,"pmi2-min":19.706695,"pmi3-min":20.668467,"rbonds-min":1.0,"rg-min":0.8343,"rpc+-min":0.158026,"rpc--min":0.157266,"spherocity-min":0.065777,"tpsa-min":0.0,"vsa+-min":10.966069,"vsa--min":5.108808,"vsa-fhyd-min":0.630304,"vsa-fneg-min":0.288793,"vsa-fpneg-min":0.0,"vsa-fpos-min":0.204616,"vsa-fppos-min":0.0,"vsa-hyd-min":11.150228,"vsa-polar-min":0.0,"vsa-polar+-min":0.0,"vsa-polar--min":0.0,"MR-max":31.179,"asphericity-max":0.513259,"balabanj-max":3.680736,"bertzct-max":375.426816,"chi0-max":11.964102,"chi0n-max":11.5,"chi0v-max":3.5,"chi1-max":6.675426,"chi1n-max":5.75,"chi1v-max":1.75,"chi2n-max":1.0,"chi2v-max":1.0,"chi3n-max":0.5,"chi3v-max":0.5,"chi4n-max":0.25,"chi4v-max":0.25,"e-valence-max":36.0,"eccentricity-max":0.978824,"hk-alpha-max":-0.04,"hk-kappa1-max":0.83817,"hk-kappa2-max":1.783286,"hk-kappa3-max":1.038264,"ipc-max":1235.837423,"isf-max":0.225356,"labuteASA-max":55.036109,"logP-max":1.99502,"molwt-max":92.0626,"molwt-hvy-max":84.077,"nheavy-max":7.0,"npr1-max":0.32582,"npr2-max":0.953467,"pbf-max":0.345298,"pc+-max":0.39963,"pc--max":-0.395819,"pmi1-max":91.281215,"pmi2-max":192.322541,"pmi3-max":280.158561,"rbonds-max":1.0,"rg-max":1.749067,"rpc+-max":0.524559,"rpc--max":1.0,"spherocity-max":0.571219,"tpsa-max":20.23,"vsa+-max":12.581428,"vsa--max":42.627437,"vsa-fhyd-max":1.0,"vsa-fneg-max":0.795384,"vsa-fpneg-max":0.288793,"vsa-fpos-max":0.711207,"vsa-fppos-max":0.080903,"vsa-hyd-max":53.593506,"vsa-polar-max":0.369696,"vsa-polar+-max":1.4312,"vsa-polar--max":5.108808,"MR-diff":23.0362,"asphericity-diff":0.175975,"balabanj-diff":0.512246,"bertzct-diff":338.123847,"chi0-diff":6.756995,"chi0n-diff":6.591752,"chi0v-diff":2.591752,"chi1-diff":4.114766,"chi1n-diff":3.637628,"chi1v-diff":1.545876,"chi2n-diff":1.0,"chi2v-diff":1.0,"chi3n-diff":0.5,"chi3v-diff":0.5,"chi4n-diff":0.25,"chi4v-diff":0.25,"e-valence-diff":22.0,"eccentricity-diff":0.033392,"hk-alpha-diff":0.74,"hk-kappa1-diff":0.764746,"hk-kappa2-diff":0.823286,"hk-kappa3-diff":28.078264,"ipc-diff":1223.672626,"isf-diff":0.217836,"labuteASA-diff":35.796072,"logP-diff":2.38652,"molwt-diff":60.036385,"molwt-hvy-diff":56.067,"nheavy-diff":5.0,"npr1-diff":0.121115,"npr2-diff":0.26699,"pbf-diff":0.218289,"pc+-diff":0.003811,"pc--diff":0.003811,"pmi1-diff":87.050277,"pmi2-diff":172.615846,"pmi3-diff":259.490094,"rbonds-diff":0.0,"rg-diff":0.914767,"rpc+-diff":0.366533,"rpc--diff":0.842734,"spherocity-diff":0.505442,"tpsa-diff":20.23,"vsa+-diff":1.615359,"vsa--diff":37.518629,"vsa-fhyd-diff":0.369696,"vsa-fneg-diff":0.506591,"vsa-fpneg-diff":0.288793,"vsa-fpos-diff":0.506591,"vsa-fppos-diff":0.080903,"vsa-hyd-diff":42.443278,"vsa-polar-diff":0.369696,"vsa-polar+-diff":1.4312,"vsa-polar--diff":5.108808,"hbonds":0.0}