{"avg_dipole_moment": 0.94, "max_dipole_moment": 1.88, "min_dipole_moment": 0.0, "max_molecular_weight": 77.1037, "shear_5nN-qq": [-218.0879390279776, 37.46433845647789], "intercept": 1.4869135622740344, "shear_15nN-qq": [-259.1868542470024, 39.68931898535717], "min_molecular_weight": 17.0073, "delta_molecular_weight": 60.0964, "ch3-smiles-2": "CC1=CC=CC=C1", "chain-smiles-2": "CCCCCCCCCCCCCCCCCC1=CC=CC=C1", "tilt_bottom": {"25nN": 41.35107621196855, "5nN": 36.94244150729623, "15nN": 39.046237657528266}, "interdigitation": {"25nN": 0.11274051867373956, "5nN": 0.10344640972182256, "15nN": 0.11168342101683074}, "tilt_top": {"25nN": 40.44437269044793, "5nN": 35.46387919957373, "15nN": 37.55587323711745}, "shear_15nN-lj": [-1650.7961870727418, 51.30215256398656], "h-smiles-1": "O", "S2_top": {"25nN": 0.96950482730441, "5nN": 0.9758788874611073, "15nN": 0.9681531200589798}, "S2_bottom": {"25nN": 0.9671206819119467, "5nN": 0.9754845975805944, "15nN": 0.971420442514596}, "h-smiles-2": "C1=CC=CC=C1", "shear_25nN-qq": [-264.5792478880895, 42.8122758194685], "COF": 0.1572489003558545, "shear_25nN-lj": [-1730.968435311751, 54.99848040968349], "ch3-smiles-1": "CO", "shear_15nN-Etotal": [-1909.9830413197444, 69.18310396259187], "shear_5nN-Etotal": [-1683.5357453317347, 78.02187920853984], "shear_25nN-Etotal": [-1995.54768319984, 69.17066276491661], "avg_molecular_weight": 47.0555, "shear_5nN-lj": [-1465.447806303757, 56.92938080658083], "delta_dipole_moment": 1.88, "status": {"f4cb9e002b52da51aee2d8e6481dfce1-unwrap_shear_25nN": 1, "f4cb9e002b52da51aee2d8e6481dfce1-equilibrate": 1, "f4cb9e002b52da51aee2d8e6481dfce1-log_interaction_energy_15nN": 1, "f4cb9e002b52da51aee2d8e6481dfce1-unwrap_shear_5nN": 1, "f4cb9e002b52da51aee2d8e6481dfce1-shear_15nN": 1, "f4cb9e002b52da51aee2d8e6481dfce1-calc_tilt_shear": 1, "f4cb9e002b52da51aee2d8e6481dfce1-shear_25nN_rerun_grompp": 1, "f4cb9e002b52da51aee2d8e6481dfce1-count_hydrogen_bonds": 1, "f4cb9e002b52da51aee2d8e6481dfce1-log_interaction_energy_5nN": 1, "f4cb9e002b52da51aee2d8e6481dfce1-calc_S2_shear": 1, "f4cb9e002b52da51aee2d8e6481dfce1-minimize": 1, "f4cb9e002b52da51aee2d8e6481dfce1-shear_25nN_rerun": 1, "f4cb9e002b52da51aee2d8e6481dfce1-compress": 1, "f4cb9e002b52da51aee2d8e6481dfce1-compress_grompp": 1, "f4cb9e002b52da51aee2d8e6481dfce1-log_S2": 1, "f4cb9e002b52da51aee2d8e6481dfce1-shear_25nN_grompp": 1, "f4cb9e002b52da51aee2d8e6481dfce1-unwrap_shear_15nN": 1, "f4cb9e002b52da51aee2d8e6481dfce1-shear_15nN_rerun_grompp": 1, "f4cb9e002b52da51aee2d8e6481dfce1-calc_interdigitation": 1, "f4cb9e002b52da51aee2d8e6481dfce1-calc_friction": 1, "f4cb9e002b52da51aee2d8e6481dfce1-shear_5nN_rerun": 1, "f4cb9e002b52da51aee2d8e6481dfce1-minimize_grompp": 1, "f4cb9e002b52da51aee2d8e6481dfce1-initialize": 1, "f4cb9e002b52da51aee2d8e6481dfce1-log_interaction_energy_25nN": 1, "f4cb9e002b52da51aee2d8e6481dfce1-shear_5nN_grompp": 1, "f4cb9e002b52da51aee2d8e6481dfce1-shear_15nN_grompp": 1, "f4cb9e002b52da51aee2d8e6481dfce1-shear_5nN_rerun_grompp": 1, "f4cb9e002b52da51aee2d8e6481dfce1-lammps_to_gmx": 1, "f4cb9e002b52da51aee2d8e6481dfce1-fix_overlaps": 1, "f4cb9e002b52da51aee2d8e6481dfce1-get_interaction_energy_15nN": 1, "f4cb9e002b52da51aee2d8e6481dfce1-get_interaction_energy_25nN": 1, "f4cb9e002b52da51aee2d8e6481dfce1-shear_25nN": 1, "f4cb9e002b52da51aee2d8e6481dfce1-shear_15nN_rerun": 1, "f4cb9e002b52da51aee2d8e6481dfce1-log_tilt": 1, "f4cb9e002b52da51aee2d8e6481dfce1-log_cof": 1, "f4cb9e002b52da51aee2d8e6481dfce1-shear_5nN": 1, "f4cb9e002b52da51aee2d8e6481dfce1-get_interaction_energy_5nN": 1, "f4cb9e002b52da51aee2d8e6481dfce1-equilibrate_grompp": 1, "f4cb9e002b52da51aee2d8e6481dfce1-top_to_mol2": 1}, "chain-smiles-1": "CCCCCCCCCCCCCCCCCO"}