{"tilt_bottom": {"25nN": 40.07547854994656, "5nN": 34.31250350581676, "15nN": 37.5980998327507}, "shear_25nN-qq": [46.24050960271783, 15.658745966630368], "S2_top": {"25nN": 0.9583425303195376, "5nN": 0.9686182819163308, "15nN": 0.973272741923494}, "shear_5nN-qq": [4.549834091926459, 12.488872802494543], "shear_15nN-Etotal": [-1731.839073717826, 48.65294377725355], "status": {"eb07affdc41cf08b67d6ae4c00bd9900-get_interaction_energy_5nN": 1, "eb07affdc41cf08b67d6ae4c00bd9900-initialize": 1, "eb07affdc41cf08b67d6ae4c00bd9900-unwrap_shear_25nN": 1, "eb07affdc41cf08b67d6ae4c00bd9900-log_interaction_energy_25nN": 1, "eb07affdc41cf08b67d6ae4c00bd9900-fix_overlaps": 1, "eb07affdc41cf08b67d6ae4c00bd9900-equilibrate_grompp": 1, "eb07affdc41cf08b67d6ae4c00bd9900-equilibrate": 1, "eb07affdc41cf08b67d6ae4c00bd9900-shear_15nN_rerun_grompp": 1, "eb07affdc41cf08b67d6ae4c00bd9900-compress_grompp": 1, "eb07affdc41cf08b67d6ae4c00bd9900-log_interaction_energy_5nN": 1, "eb07affdc41cf08b67d6ae4c00bd9900-calc_friction": 1, "eb07affdc41cf08b67d6ae4c00bd9900-get_interaction_energy_25nN": 1, "eb07affdc41cf08b67d6ae4c00bd9900-log_tilt": 1, "eb07affdc41cf08b67d6ae4c00bd9900-lammps_to_gmx": 1, "eb07affdc41cf08b67d6ae4c00bd9900-shear_5nN_rerun_grompp": 1, "eb07affdc41cf08b67d6ae4c00bd9900-shear_25nN_grompp": 1, "eb07affdc41cf08b67d6ae4c00bd9900-shear_25nN_rerun": 1, "eb07affdc41cf08b67d6ae4c00bd9900-shear_5nN_rerun": 1, "eb07affdc41cf08b67d6ae4c00bd9900-shear_5nN_grompp": 1, "eb07affdc41cf08b67d6ae4c00bd9900-log_S2": 1, "eb07affdc41cf08b67d6ae4c00bd9900-count_hydrogen_bonds": 1, "eb07affdc41cf08b67d6ae4c00bd9900-shear_25nN": 1, "eb07affdc41cf08b67d6ae4c00bd9900-shear_15nN": 1, "eb07affdc41cf08b67d6ae4c00bd9900-shear_15nN_grompp": 1, "eb07affdc41cf08b67d6ae4c00bd9900-top_to_mol2": 1, "eb07affdc41cf08b67d6ae4c00bd9900-get_interaction_energy_15nN": 1, "eb07affdc41cf08b67d6ae4c00bd9900-minimize": 1, "eb07affdc41cf08b67d6ae4c00bd9900-log_interaction_energy_15nN": 1, "eb07affdc41cf08b67d6ae4c00bd9900-minimize_grompp": 1, "eb07affdc41cf08b67d6ae4c00bd9900-shear_5nN": 1, "eb07affdc41cf08b67d6ae4c00bd9900-calc_tilt_shear": 1, "eb07affdc41cf08b67d6ae4c00bd9900-calc_interdigitation": 1, "eb07affdc41cf08b67d6ae4c00bd9900-shear_15nN_rerun": 1, "eb07affdc41cf08b67d6ae4c00bd9900-shear_25nN_rerun_grompp": 1, "eb07affdc41cf08b67d6ae4c00bd9900-calc_S2_shear": 1, "eb07affdc41cf08b67d6ae4c00bd9900-unwrap_shear_15nN": 1, "eb07affdc41cf08b67d6ae4c00bd9900-compress": 1, "eb07affdc41cf08b67d6ae4c00bd9900-unwrap_shear_5nN": 1, "eb07affdc41cf08b67d6ae4c00bd9900-log_cof": 1}, "shear_25nN-lj": [-1901.261774464428, 48.10829835769166], "delta_molecular_weight": 29.983000000000004, "shear_15nN-qq": [24.118064082334133, 14.07496889020158], "avg_dipole_moment": 2.405, "COF": 0.1347053939014477, "shear_25nN-Etotal": [-1855.0212648617105, 48.694868866314394], "tilt_top": {"25nN": 39.42373221102327, "5nN": 34.927544319549135, "15nN": 38.39202437637094}, "S2_bottom": {"25nN": 0.9602948177961371, "5nN": 0.9679674124050626, "15nN": 0.9708290267325599}, "intercept": 0.5722104778837291, "shear_5nN-Etotal": [-1507.128859097522, 56.667965319951435], "avg_molecular_weight": 30.0259, "delta_dipole_moment": 4.81, "shear_15nN-lj": [-1755.9571378001597, 47.4289559067901], "shear_5nN-lj": [-1511.6786931894483, 56.74487806807442]}