{"shear_15nN-qq": [-135.14375802318145, 26.96428504371956], "tilt_bottom": {"15nN": 37.265360752940744, "5nN": 34.266264352670916, "25nN": 39.394317302616834}, "delta_molecular_weight": 51.998599999999996, "status": {"b9a177c5a3737c7927860e4020752df2-shear_15nN_rerun": 1, "b9a177c5a3737c7927860e4020752df2-shear_5nN_rerun": 1, "b9a177c5a3737c7927860e4020752df2-shear_15nN_grompp": 1, "b9a177c5a3737c7927860e4020752df2-lammps_to_gmx": 1, "b9a177c5a3737c7927860e4020752df2-shear_25nN_rerun": 1, "b9a177c5a3737c7927860e4020752df2-calc_S2_shear": 1, "b9a177c5a3737c7927860e4020752df2-minimize_grompp": 1, "b9a177c5a3737c7927860e4020752df2-fix_overlaps": 1, "b9a177c5a3737c7927860e4020752df2-shear_15nN": 1, "b9a177c5a3737c7927860e4020752df2-unwrap_shear_25nN": 1, "b9a177c5a3737c7927860e4020752df2-shear_25nN_rerun_grompp": 1, "b9a177c5a3737c7927860e4020752df2-top_to_mol2": 1, "b9a177c5a3737c7927860e4020752df2-count_hydrogen_bonds": 1, "b9a177c5a3737c7927860e4020752df2-log_interaction_energy_15nN": 1, "b9a177c5a3737c7927860e4020752df2-get_interaction_energy_5nN": 1, "b9a177c5a3737c7927860e4020752df2-get_interaction_energy_25nN": 1, "b9a177c5a3737c7927860e4020752df2-compress": 1, "b9a177c5a3737c7927860e4020752df2-log_tilt": 1, "b9a177c5a3737c7927860e4020752df2-calc_tilt_shear": 1, "b9a177c5a3737c7927860e4020752df2-initialize": 1, "b9a177c5a3737c7927860e4020752df2-unwrap_shear_15nN": 1, "b9a177c5a3737c7927860e4020752df2-shear_25nN": 1, "b9a177c5a3737c7927860e4020752df2-get_interaction_energy_15nN": 1, "b9a177c5a3737c7927860e4020752df2-shear_5nN_rerun_grompp": 1, "b9a177c5a3737c7927860e4020752df2-equilibrate": 1, "b9a177c5a3737c7927860e4020752df2-unwrap_shear_5nN": 1, "b9a177c5a3737c7927860e4020752df2-minimize": 1, "b9a177c5a3737c7927860e4020752df2-shear_5nN_grompp": 1, "b9a177c5a3737c7927860e4020752df2-calc_interdigitation": 1, "b9a177c5a3737c7927860e4020752df2-shear_15nN_rerun_grompp": 1, "b9a177c5a3737c7927860e4020752df2-compress_grompp": 1, "b9a177c5a3737c7927860e4020752df2-log_cof": 1, "b9a177c5a3737c7927860e4020752df2-log_S2": 1, "b9a177c5a3737c7927860e4020752df2-calc_friction": 1, "b9a177c5a3737c7927860e4020752df2-equilibrate_grompp": 1, "b9a177c5a3737c7927860e4020752df2-shear_5nN": 1, "b9a177c5a3737c7927860e4020752df2-log_interaction_energy_5nN": 1, "b9a177c5a3737c7927860e4020752df2-shear_25nN_grompp": 1, "b9a177c5a3737c7927860e4020752df2-log_interaction_energy_25nN": 1}, "interdigitation": {"15nN": 0.11814901560608464, "5nN": 0.10583079496947047, "25nN": 0.1103123014005389}, "intercept": 0.9036719069788619, "delta_dipole_moment": 0.20999999999999996, "S2_top": {"15nN": 0.9695003608950439, "5nN": 0.9645365692069786, "25nN": 0.9587844650445113}, "shear_25nN-Etotal": [-1563.7151572102318, 58.62466843784417], "shear_5nN-Etotal": [-1238.656723470024, 59.95167835998789], "S2_bottom": {"15nN": 0.9591066355357879, "5nN": 0.9642123808469147, "25nN": 0.9676316494012557}, "avg_molecular_weight": 43.0066, "shear_15nN-lj": [-1340.2809066274979, 49.410910958892764], "tilt_top": {"15nN": 37.530246995390804, "5nN": 33.543063368579986, "25nN": 39.858612585559534}, "avg_dipole_moment": 1.9849999999999999, "shear_5nN-qq": [-100.30493849640288, 22.4734969564762], "shear_5nN-lj": [-1138.3517849736213, 50.80507814322763], "COF": 0.1476830521707983, "shear_25nN-lj": [-1413.892578117506, 49.243481071082904], "shear_25nN-qq": [-149.82257909272582, 28.716295221072297], "shear_15nN-Etotal": [-1475.4246646506797, 58.99424007229393]}