{"shear_15nN-qq": [-965.7892314148681, 74.86484985296467], "delta_molecular_weight": 105.094, "status": {"b0c9f75f1f684a98851627950f8fe756-compress_grompp": 1, "b0c9f75f1f684a98851627950f8fe756-calc_S2_shear": 1, "b0c9f75f1f684a98851627950f8fe756-fix_overlaps": 1, "b0c9f75f1f684a98851627950f8fe756-shear_5nN": 1, "b0c9f75f1f684a98851627950f8fe756-shear_5nN_rerun": 1, "b0c9f75f1f684a98851627950f8fe756-shear_5nN_grompp": 1, "b0c9f75f1f684a98851627950f8fe756-unwrap_shear_25nN": 1, "b0c9f75f1f684a98851627950f8fe756-unwrap_shear_5nN": 1, "b0c9f75f1f684a98851627950f8fe756-equilibrate_grompp": 1, "b0c9f75f1f684a98851627950f8fe756-shear_15nN_rerun_grompp": 1, "b0c9f75f1f684a98851627950f8fe756-log_tilt": 1, "b0c9f75f1f684a98851627950f8fe756-minimize": 1, "b0c9f75f1f684a98851627950f8fe756-get_interaction_energy_15nN": 1, "b0c9f75f1f684a98851627950f8fe756-log_interaction_energy_15nN": 1, "b0c9f75f1f684a98851627950f8fe756-shear_25nN_rerun": 1, "b0c9f75f1f684a98851627950f8fe756-calc_tilt_shear": 1, "b0c9f75f1f684a98851627950f8fe756-get_interaction_energy_25nN": 1, "b0c9f75f1f684a98851627950f8fe756-get_interaction_energy_5nN": 1, "b0c9f75f1f684a98851627950f8fe756-log_interaction_energy_5nN": 1, "b0c9f75f1f684a98851627950f8fe756-unwrap_shear_15nN": 1, "b0c9f75f1f684a98851627950f8fe756-calc_interdigitation": 1, "b0c9f75f1f684a98851627950f8fe756-log_interaction_energy_25nN": 1, "b0c9f75f1f684a98851627950f8fe756-minimize_grompp": 1, "b0c9f75f1f684a98851627950f8fe756-equilibrate": 1, "b0c9f75f1f684a98851627950f8fe756-shear_5nN_rerun_grompp": 1, "b0c9f75f1f684a98851627950f8fe756-shear_15nN_rerun": 1, "b0c9f75f1f684a98851627950f8fe756-shear_15nN_grompp": 1, "b0c9f75f1f684a98851627950f8fe756-initialize": 1, "b0c9f75f1f684a98851627950f8fe756-lammps_to_gmx": 1, "b0c9f75f1f684a98851627950f8fe756-top_to_mol2": 1, "b0c9f75f1f684a98851627950f8fe756-calc_friction": 1, "b0c9f75f1f684a98851627950f8fe756-log_S2": 1, "b0c9f75f1f684a98851627950f8fe756-count_hydrogen_bonds": 1, "b0c9f75f1f684a98851627950f8fe756-shear_25nN_rerun_grompp": 1, "b0c9f75f1f684a98851627950f8fe756-shear_15nN": 1, "b0c9f75f1f684a98851627950f8fe756-compress": 1, "b0c9f75f1f684a98851627950f8fe756-shear_25nN": 1, "b0c9f75f1f684a98851627950f8fe756-log_cof": 1, "b0c9f75f1f684a98851627950f8fe756-shear_25nN_grompp": 1}, "interdigitation": {"15nN": 0.15231728190290983, "5nN": 0.15010927560809992, "25nN": 0.139081572668152}, "avg_molecular_weight": 69.5543, "delta_dipole_moment": 4.34, "tilt_bottom": {"15nN": 39.12934463001703, "5nN": 36.32646636680698, "25nN": 41.733199816989895}, "S2_top": {"15nN": 0.9229436867722015, "5nN": 0.9394683084169977, "25nN": 0.9102922847011151}, "shear_25nN-Etotal": [-3013.0515762350124, 99.58758578584121], "shear_5nN-Etotal": [-2747.73266622462, 119.4385086420684], "S2_bottom": {"15nN": 0.9739006527177577, "5nN": 0.9629429344374799, "25nN": 0.9740657421800198}, "intercept": 2.9209408122273235, "shear_15nN-lj": [-1940.8205244460432, 57.44526342586492], "tilt_top": {"15nN": 34.579998048124594, "5nN": 33.18797455165352, "25nN": 37.390572980855005}, "avg_dipole_moment": 4.05, "shear_5nN-qq": [-950.7961421982415, 78.689325114478], "shear_5nN-lj": [-1796.9365240263787, 63.527826141774064], "COF": 0.1255558713414881, "shear_25nN-lj": [-2008.2915891063146, 56.46062795399601], "shear_25nN-qq": [-1004.7599871286972, 74.0606208292276], "shear_15nN-Etotal": [-2906.6097558609113, 101.81040392972292]}