{"avg_dipole_moment": 2.75, "max_dipole_moment": 3.41, "min_dipole_moment": 2.09, "max_molecular_weight": 69.0059, "shear_5nN-qq": [-74.83840087769784, 22.868474155552814], "intercept": 0.7229425669601184, "shear_15nN-qq": [-146.49183682494004, 29.360967218958475], "min_molecular_weight": 26.0174, "delta_molecular_weight": 42.9885, "ch3-smiles-2": "CC(F)(F)F", "chain-smiles-2": "CCCCCCCCCCCCCCCCCC(F)(F)F", "tilt_bottom": {"25nN": 41.35589758614694, "5nN": 36.183012726044666, "15nN": 39.582331224299416}, "interdigitation": {"25nN": 0.11947716158132762, "5nN": 0.10718944731658625, "15nN": 0.14929710919503883}, "tilt_top": {"25nN": 39.37413298578177, "5nN": 34.34252611670681, "15nN": 36.73670974544148}, "shear_15nN-lj": [-1286.2180077114308, 43.28748392364341], "h-smiles-1": "C#N", "S2_top": {"25nN": 0.9324393444544913, "5nN": 0.9758634874286647, "15nN": 0.9529514623879978}, "S2_bottom": {"25nN": 0.9732479804177004, "5nN": 0.9706692270846068, "15nN": 0.9659611658264836}, "h-smiles-2": "C(F)(F)F", "shear_25nN-qq": [-167.36332786570742, 28.32028883933586], "COF": 0.0978479626958735, "shear_25nN-lj": [-1364.2424346706634, 47.56214135094785], "ch3-smiles-1": "CC#N", "shear_15nN-Etotal": [-1432.709844536371, 56.00162154795264], "shear_5nN-Etotal": [-1162.5841229368505, 56.602799165578624], "shear_25nN-Etotal": [-1531.605762536371, 56.13232200932818], "avg_molecular_weight": 47.511649999999996, "shear_5nN-lj": [-1087.7457220591527, 44.181927320314394], "delta_dipole_moment": 1.3200000000000003, "status": {"c3b4be514f440f86be8ef881325eb072-shear_15nN_rerun_grompp": 1, "c3b4be514f440f86be8ef881325eb072-minimize_grompp": 1, "c3b4be514f440f86be8ef881325eb072-shear_5nN_rerun": 1, "c3b4be514f440f86be8ef881325eb072-shear_5nN_rerun_grompp": 1, "c3b4be514f440f86be8ef881325eb072-log_cof": 1, "c3b4be514f440f86be8ef881325eb072-minimize": 1, "c3b4be514f440f86be8ef881325eb072-shear_15nN_grompp": 1, "c3b4be514f440f86be8ef881325eb072-fix_overlaps": 1, "c3b4be514f440f86be8ef881325eb072-lammps_to_gmx": 1, "c3b4be514f440f86be8ef881325eb072-shear_15nN_rerun": 1, "c3b4be514f440f86be8ef881325eb072-calc_friction": 1, "c3b4be514f440f86be8ef881325eb072-shear_25nN_rerun_grompp": 1, "c3b4be514f440f86be8ef881325eb072-shear_25nN_rerun": 1, "c3b4be514f440f86be8ef881325eb072-unwrap_shear_25nN": 1, "c3b4be514f440f86be8ef881325eb072-initialize": 1, "c3b4be514f440f86be8ef881325eb072-log_interaction_energy_15nN": 1, "c3b4be514f440f86be8ef881325eb072-equilibrate": 1, "c3b4be514f440f86be8ef881325eb072-log_interaction_energy_25nN": 1, "c3b4be514f440f86be8ef881325eb072-shear_5nN_grompp": 1, "c3b4be514f440f86be8ef881325eb072-top_to_mol2": 1, "c3b4be514f440f86be8ef881325eb072-calc_interdigitation": 1, "c3b4be514f440f86be8ef881325eb072-shear_5nN": 1, "c3b4be514f440f86be8ef881325eb072-compress": 1, "c3b4be514f440f86be8ef881325eb072-shear_15nN": 1, "c3b4be514f440f86be8ef881325eb072-log_tilt": 1, "c3b4be514f440f86be8ef881325eb072-get_interaction_energy_15nN": 1, "c3b4be514f440f86be8ef881325eb072-compress_grompp": 1, "c3b4be514f440f86be8ef881325eb072-get_interaction_energy_5nN": 1, "c3b4be514f440f86be8ef881325eb072-log_interaction_energy_5nN": 1, "c3b4be514f440f86be8ef881325eb072-equilibrate_grompp": 1, "c3b4be514f440f86be8ef881325eb072-unwrap_shear_15nN": 1, "c3b4be514f440f86be8ef881325eb072-shear_25nN_grompp": 1, "c3b4be514f440f86be8ef881325eb072-calc_tilt_shear": 1, "c3b4be514f440f86be8ef881325eb072-unwrap_shear_5nN": 1, "c3b4be514f440f86be8ef881325eb072-log_S2": 1, "c3b4be514f440f86be8ef881325eb072-get_interaction_energy_25nN": 1, "c3b4be514f440f86be8ef881325eb072-shear_25nN": 1, "c3b4be514f440f86be8ef881325eb072-calc_S2_shear": 1}, "chain-smiles-1": "CCCCCCCCCCCCCCCCCC#N"}