{"shear_15nN-qq": [13.894332922462029, 9.463851081285311], "tilt_bottom": {"25nN": 39.25997671843712, "5nN": 32.73799350121665, "15nN": 36.22698548326116}, "delta_molecular_weight": 25.918499999999995, "status": {"c550d05cd221c13a5c68fb0c9b2f89fb-log_S2": 1, "c550d05cd221c13a5c68fb0c9b2f89fb-fix_overlaps": 1, "c550d05cd221c13a5c68fb0c9b2f89fb-minimize_grompp": 1, "c550d05cd221c13a5c68fb0c9b2f89fb-compress_grompp": 1, "c550d05cd221c13a5c68fb0c9b2f89fb-shear_15nN_grompp": 1, "c550d05cd221c13a5c68fb0c9b2f89fb-equilibrate_grompp": 1, "c550d05cd221c13a5c68fb0c9b2f89fb-shear_25nN_rerun": 1, "c550d05cd221c13a5c68fb0c9b2f89fb-log_interaction_energy_15nN": 1, "c550d05cd221c13a5c68fb0c9b2f89fb-get_interaction_energy_15nN": 1, "c550d05cd221c13a5c68fb0c9b2f89fb-top_to_mol2": 1, "c550d05cd221c13a5c68fb0c9b2f89fb-shear_15nN_rerun": 1, "c550d05cd221c13a5c68fb0c9b2f89fb-shear_15nN": 1, "c550d05cd221c13a5c68fb0c9b2f89fb-shear_5nN_grompp": 1, "c550d05cd221c13a5c68fb0c9b2f89fb-shear_5nN": 1, "c550d05cd221c13a5c68fb0c9b2f89fb-shear_15nN_rerun_grompp": 1, "c550d05cd221c13a5c68fb0c9b2f89fb-calc_S2_shear": 1, "c550d05cd221c13a5c68fb0c9b2f89fb-equilibrate": 1, "c550d05cd221c13a5c68fb0c9b2f89fb-get_interaction_energy_5nN": 1, "c550d05cd221c13a5c68fb0c9b2f89fb-minimize": 1, "c550d05cd221c13a5c68fb0c9b2f89fb-log_tilt": 1, "c550d05cd221c13a5c68fb0c9b2f89fb-unwrap_shear_15nN": 1, "c550d05cd221c13a5c68fb0c9b2f89fb-log_interaction_energy_25nN": 1, "c550d05cd221c13a5c68fb0c9b2f89fb-shear_25nN": 1, "c550d05cd221c13a5c68fb0c9b2f89fb-calc_tilt_shear": 1, "c550d05cd221c13a5c68fb0c9b2f89fb-calc_friction": 1, "c550d05cd221c13a5c68fb0c9b2f89fb-unwrap_shear_25nN": 1, "c550d05cd221c13a5c68fb0c9b2f89fb-compress": 1, "c550d05cd221c13a5c68fb0c9b2f89fb-log_cof": 1, "c550d05cd221c13a5c68fb0c9b2f89fb-log_interaction_energy_5nN": 1, "c550d05cd221c13a5c68fb0c9b2f89fb-unwrap_shear_5nN": 1, "c550d05cd221c13a5c68fb0c9b2f89fb-initialize": 1, "c550d05cd221c13a5c68fb0c9b2f89fb-shear_5nN_rerun": 1, "c550d05cd221c13a5c68fb0c9b2f89fb-lammps_to_gmx": 1, "c550d05cd221c13a5c68fb0c9b2f89fb-get_interaction_energy_25nN": 1, "c550d05cd221c13a5c68fb0c9b2f89fb-shear_5nN_rerun_grompp": 1, "c550d05cd221c13a5c68fb0c9b2f89fb-shear_25nN_grompp": 1, "c550d05cd221c13a5c68fb0c9b2f89fb-shear_25nN_rerun_grompp": 1, "c550d05cd221c13a5c68fb0c9b2f89fb-calc_interdigitation": 1}, "interdigitation": {"25nN": 0.12219869446591011, "5nN": 0.10897134951270153, "15nN": 0.1003013135136903}, "intercept": 0.5544184249693735, "delta_dipole_moment": 2.08, "S2_top": {"25nN": 0.9585282522168339, "5nN": 0.9539177050187396, "15nN": 0.955372362068106}, "shear_25nN-Etotal": [-1336.4019853645082, 47.24672190507774], "shear_5nN-Etotal": [-1052.0806084220624, 48.49018074836778], "S2_bottom": {"25nN": 0.9580928861972922, "5nN": 0.9610174959897715, "15nN": 0.9566309964622898}, "avg_molecular_weight": 56.04665, "shear_15nN-lj": [-1264.122064838529, 43.329318439411594], "tilt_top": {"25nN": 41.00908457059273, "5nN": 35.61522870120474, "15nN": 38.19737195746764}, "avg_dipole_moment": 1.0499999999999998, "shear_5nN-qq": [3.6553999384492406, 7.697437381518167], "shear_5nN-lj": [-1055.7360083605117, 48.84211647867881], "COF": 0.14675791746713066, "shear_25nN-lj": [-1358.176454623501, 46.211321217612756], "shear_25nN-qq": [21.774469258992802, 8.865023404906717], "shear_15nN-Etotal": [-1250.2277319160671, 44.39542427001288]}