{"MR-mean":22.2234,"asphericity-mean":0.3730095,"balabanj-mean":3.752057,"bertzct-mean":237.238495,"chi0-mean":9.3742795,"chi0n-mean":8.3472305,"chi0v-mean":2.8472305,"chi1-mean":5.078403,"chi1n-mean":4.0027395,"chi1v-mean":1.298615,"chi2n-mean":0.7382195,"chi2v-mean":0.7382195,"chi3n-mean":0.2972455,"chi3v-mean":0.2972455,"chi4n-mean":0.148623,"chi4v-mean":0.148623,"e-valence-mean":33.0,"eccentricity-mean":0.9260925,"hk-alpha-mean":-0.69,"hk-kappa1-mean":0.9281885,"hk-kappa2-mean":1.41156,"hk-kappa3-mean":1.107706,"ipc-mean":635.7423995,"isf-mean":0.010386,"labuteASA-mean":43.7815875,"logP-mean":1.11251,"molwt-mean":85.0371535,"molwt-hvy-mean":79.5475,"nheavy-mean":6.0,"npr1-mean":0.3434285,"npr2-mean":0.682522,"pbf-mean":0.234282,"pc+-mean":0.59846,"pc--mean":-0.59846,"pmi1-mean":67.7450855,"pmi2-mean":206.603299,"pmi3-mean":270.5597125,"rbonds-mean":1.0,"rg-mean":1.6521155,"rpc+-mean":0.336704,"rpc--mean":0.551555,"spherocity-mean":0.162663,"tpsa-mean":18.65,"vsa+-mean":16.888602,"vsa--mean":25.4393895,"vsa-fhyd-mean":0.655002,"vsa-fneg-mean":0.5385035,"vsa-fpneg-mean":0.214099,"vsa-fpos-mean":0.4614965,"vsa-fppos-mean":0.130899,"vsa-hyd-mean":31.480859,"vsa-polar-mean":0.344998,"vsa-polar+-mean":3.7002525,"vsa-polar--mean":7.14688,"MR-min":13.3098,"asphericity-min":0.221266,"balabanj-min":3.680736,"bertzct-min":94.701658,"chi0-min":6.784457,"chi0n-min":5.816497,"chi0v-min":1.816497,"chi1-min":3.48138,"chi1n-min":2.566497,"chi1v-min":0.658248,"chi2n-min":0.287457,"chi2v-min":0.287457,"chi3n-min":0.0,"chi3v-min":0.0,"chi4n-min":0.0,"chi4v-min":0.0,"e-valence-min":24.0,"eccentricity-min":0.87177,"hk-alpha-min":-0.85,"hk-kappa1-min":0.505725,"hk-kappa2-min":0.874858,"hk-kappa3-min":1.059403,"ipc-min":35.647376,"isf-min":0.009299,"labuteASA-min":29.766501,"logP-min":0.0909,"molwt-min":60.021129,"molwt-hvy-min":56.02,"nheavy-min":4.0,"npr1-min":0.196941,"npr2-min":0.554846,"pbf-min":0.136227,"pc+-min":0.462666,"pc--min":-0.734254,"pmi1-min":48.362897,"pmi2-min":54.772547,"pmi3-min":98.716667,"rbonds-min":1.0,"rg-min":1.296397,"rpc+-min":0.26526,"rpc--min":0.447433,"spherocity-min":0.058214,"tpsa-min":0.0,"vsa+-min":15.412531,"vsa--min":9.903345,"vsa-fhyd-min":0.387865,"vsa-fneg-min":0.350337,"vsa-fpneg-min":0.077861,"vsa-fpos-min":0.27333,"vsa-fppos-min":0.0,"vsa-hyd-min":10.964168,"vsa-polar-min":0.077861,"vsa-polar+-min":0.0,"vsa-polar--min":4.390415,"MR-max":31.137,"asphericity-max":0.524753,"balabanj-max":3.823378,"bertzct-max":379.775332,"chi0-max":11.964102,"chi0n-max":10.877964,"chi0v-max":3.877964,"chi1-max":6.675426,"chi1n-max":5.438982,"chi1v-max":1.938982,"chi2n-max":1.188982,"chi2v-max":1.188982,"chi3n-max":0.594491,"chi3v-max":0.594491,"chi4n-max":0.297246,"chi4v-max":0.297246,"e-valence-max":42.0,"eccentricity-max":0.980415,"hk-alpha-max":-0.53,"hk-kappa1-max":1.350652,"hk-kappa2-max":1.948262,"hk-kappa3-max":1.156009,"ipc-max":1235.837423,"isf-max":0.011473,"labuteASA-max":57.796674,"logP-max":2.13412,"molwt-max":110.053178,"molwt-hvy-max":103.075,"nheavy-max":8.0,"npr1-max":0.489916,"npr2-max":0.810198,"pbf-max":0.332337,"pc+-max":0.734254,"pc--max":-0.462666,"pmi1-max":87.127274,"pmi2-max":358.434051,"pmi3-max":442.402758,"rbonds-max":1.0,"rg-max":2.007834,"rpc+-max":0.408148,"rpc--max":0.655677,"spherocity-max":0.267112,"tpsa-max":37.3,"vsa+-max":18.364673,"vsa--max":40.975434,"vsa-fhyd-max":0.922139,"vsa-fneg-max":0.72667,"vsa-fpneg-max":0.350337,"vsa-fpos-max":0.649663,"vsa-fppos-max":0.261798,"vsa-hyd-max":51.99755,"vsa-polar-max":0.612135,"vsa-polar+-max":7.400505,"vsa-polar--max":9.903345,"MR-diff":17.8272,"asphericity-diff":0.303487,"balabanj-diff":0.142642,"bertzct-diff":285.073674,"chi0-diff":5.179645,"chi0n-diff":5.061467,"chi0v-diff":2.061467,"chi1-diff":3.194046,"chi1n-diff":2.872485,"chi1v-diff":1.280734,"chi2n-diff":0.901525,"chi2v-diff":0.901525,"chi3n-diff":0.594491,"chi3v-diff":0.594491,"chi4n-diff":0.297246,"chi4v-diff":0.297246,"e-valence-diff":18.0,"eccentricity-diff":0.108645,"hk-alpha-diff":0.32,"hk-kappa1-diff":0.844927,"hk-kappa2-diff":1.073404,"hk-kappa3-diff":0.096606,"ipc-diff":1200.190047,"isf-diff":0.002174,"labuteASA-diff":28.030173,"logP-diff":2.04322,"molwt-diff":50.032049,"molwt-hvy-diff":47.055,"nheavy-diff":4.0,"npr1-diff":0.292975,"npr2-diff":0.255352,"pbf-diff":0.19611,"pc+-diff":0.271588,"pc--diff":0.271588,"pmi1-diff":38.764377,"pmi2-diff":303.661504,"pmi3-diff":343.686091,"rbonds-diff":0.0,"rg-diff":0.711437,"rpc+-diff":0.142888,"rpc--diff":0.208244,"spherocity-diff":0.208898,"tpsa-diff":37.3,"vsa+-diff":2.952142,"vsa--diff":31.072089,"vsa-fhyd-diff":0.534274,"vsa-fneg-diff":0.376333,"vsa-fpneg-diff":0.272476,"vsa-fpos-diff":0.376333,"vsa-fppos-diff":0.261798,"vsa-hyd-diff":41.033382,"vsa-polar-diff":0.534274,"vsa-polar+-diff":7.400505,"vsa-polar--diff":5.51293,"hbonds":0.0}