{"avg_dipole_moment": 3.42, "max_dipole_moment": 4.81, "min_dipole_moment": 2.03, "max_molecular_weight": 95.0942, "shear_5nN-qq": [-479.0469101654677, 63.94807193568794], "intercept": 1.909710317496097, "shear_15nN-qq": [-537.2829142973621, 66.96518056138996], "min_molecular_weight": 45.0174, "delta_molecular_weight": 50.0768, "ch3-smiles-2": "CC1=CC=C(F)C=C1", "chain-smiles-2": "CCCCCCCCCCCCCCCCCC1=CC=C(F)C=C1", "tilt_bottom": {"25nN": 39.80030559816074, "5nN": 36.336875398790326, "15nN": 38.4255831893075}, "interdigitation": {"25nN": 0.13216503826244294, "5nN": 0.12547118749514577, "15nN": 0.12176623779917944}, "tilt_top": {"25nN": 40.196692961696606, "5nN": 34.66575960728443, "15nN": 37.649255687385924}, "shear_15nN-lj": [-1918.1319842557955, 51.28605236802594], "h-smiles-1": "C(=O)O", "S2_top": {"25nN": 0.968486556867628, "5nN": 0.9515153726944268, "15nN": 0.9489639661527238}, "S2_bottom": {"25nN": 0.949030078348168, "5nN": 0.9782811840104639, "15nN": 0.9325043267846038}, "h-smiles-2": "C1=CC=C(F)C=C1", "shear_25nN-qq": [-591.1550978657075, 80.30219544049602], "COF": 0.1425399236878387, "shear_25nN-lj": [-1996.2253213125496, 54.83644401633781], "ch3-smiles-1": "CC(=O)O", "shear_15nN-Etotal": [-2455.4148985531574, 89.7667275608244], "shear_5nN-Etotal": [-2201.5900348601117, 91.40825466091921], "shear_25nN-Etotal": [-2587.3804191782574, 95.23464806362439], "avg_molecular_weight": 70.0558, "shear_5nN-lj": [-1722.5431246946441, 55.52741401803681], "delta_dipole_moment": 2.78, "status": {"6f8885c1b2ef913e54fac47550248817-calc_friction": 1, "6f8885c1b2ef913e54fac47550248817-shear_15nN_rerun": 1, "6f8885c1b2ef913e54fac47550248817-shear_5nN": 1, "6f8885c1b2ef913e54fac47550248817-calc_interdigitation": 1, "6f8885c1b2ef913e54fac47550248817-initialize": 1, "6f8885c1b2ef913e54fac47550248817-get_interaction_energy_5nN": 1, "6f8885c1b2ef913e54fac47550248817-minimize": 1, "6f8885c1b2ef913e54fac47550248817-shear_5nN_rerun": 1, "6f8885c1b2ef913e54fac47550248817-compress": 1, "6f8885c1b2ef913e54fac47550248817-log_interaction_energy_25nN": 1, "6f8885c1b2ef913e54fac47550248817-log_interaction_energy_15nN": 1, "6f8885c1b2ef913e54fac47550248817-minimize_grompp": 1, "6f8885c1b2ef913e54fac47550248817-equilibrate_grompp": 1, "6f8885c1b2ef913e54fac47550248817-unwrap_shear_5nN": 1, "6f8885c1b2ef913e54fac47550248817-top_to_mol2": 1, "6f8885c1b2ef913e54fac47550248817-log_tilt": 1, "6f8885c1b2ef913e54fac47550248817-log_cof": 1, "6f8885c1b2ef913e54fac47550248817-shear_25nN_grompp": 1, "6f8885c1b2ef913e54fac47550248817-calc_S2_shear": 1, "6f8885c1b2ef913e54fac47550248817-get_interaction_energy_25nN": 1, "6f8885c1b2ef913e54fac47550248817-compress_grompp": 1, "6f8885c1b2ef913e54fac47550248817-get_interaction_energy_15nN": 1, "6f8885c1b2ef913e54fac47550248817-shear_15nN_grompp": 1, "6f8885c1b2ef913e54fac47550248817-fix_overlaps": 1, "6f8885c1b2ef913e54fac47550248817-lammps_to_gmx": 1, "6f8885c1b2ef913e54fac47550248817-log_S2": 1, "6f8885c1b2ef913e54fac47550248817-log_interaction_energy_5nN": 1, "6f8885c1b2ef913e54fac47550248817-equilibrate": 1, "6f8885c1b2ef913e54fac47550248817-count_hydrogen_bonds": 1, "6f8885c1b2ef913e54fac47550248817-unwrap_shear_15nN": 1, "6f8885c1b2ef913e54fac47550248817-shear_15nN": 1, "6f8885c1b2ef913e54fac47550248817-shear_25nN_rerun_grompp": 1, "6f8885c1b2ef913e54fac47550248817-unwrap_shear_25nN": 1, "6f8885c1b2ef913e54fac47550248817-shear_5nN_rerun_grompp": 1, "6f8885c1b2ef913e54fac47550248817-shear_25nN": 1, "6f8885c1b2ef913e54fac47550248817-shear_5nN_grompp": 1, "6f8885c1b2ef913e54fac47550248817-shear_25nN_rerun": 1, "6f8885c1b2ef913e54fac47550248817-calc_tilt_shear": 1, "6f8885c1b2ef913e54fac47550248817-shear_15nN_rerun_grompp": 1}, "chain-smiles-1": "CCCCCCCCCCCCCCCCCC(=O)O"}