{"MR-mean":10.5379,"asphericity-mean":0.498554,"balabanj-mean":3.457454,"bertzct-mean":56.757201,"chi0-mean":6.457107,"chi0n-mean":6.158248,"chi0v-mean":1.158248,"chi1-mean":3.1338835,"chi1n-mean":2.76031,"chi1v-mean":0.306186,"chi2n-mean":0.051031,"chi2v-mean":0.051031,"chi3n-mean":0.0,"chi3v-mean":0.0,"chi4n-mean":0.0,"chi4v-mean":0.0,"e-valence-mean":17.0,"eccentricity-mean":0.977305,"hk-alpha-mean":-0.04,"hk-kappa1-mean":0.126444,"hk-kappa2-mean":1.46,"hk-kappa3-mean":-12.54,"ipc-mean":19.800269,"isf-mean":0.150541,"labuteASA-mean":23.943799,"logP-mean":-0.06445,"molwt-mean":39.03404,"molwt-hvy-mean":34.0155,"nheavy-mean":2.5,"npr1-mean":0.211705,"npr2-mean":0.930272,"pbf-mean":0.4454045,"pc+-mean":0.393779,"pc--mean":-0.393779,"pmi1-mean":8.1940595,"pmi2-mean":35.000701,"pmi3-mean":38.102708,"rbonds-mean":1.5,"rg-mean":0.9828125,"rpc+-mean":0.330542,"rpc--mean":1.0,"spherocity-mean":0.4806895,"tpsa-mean":14.73,"vsa+-mean":17.440942,"vsa--mean":4.9228355,"vsa-fhyd-mean":0.7275535,"vsa-fneg-mean":0.231995,"vsa-fpneg-mean":0.231995,"vsa-fpos-mean":0.768005,"vsa-fppos-mean":0.0404515,"vsa-hyd-mean":16.725342,"vsa-polar-mean":0.2724465,"vsa-polar+-mean":0.7156,"vsa-polar--mean":4.9228355,"MR-min":8.1428,"asphericity-min":0.483025,"balabanj-min":3.16849,"bertzct-min":37.302969,"chi0-min":5.207107,"chi0n-min":4.908248,"chi0v-min":0.908248,"chi1-min":2.56066,"chi1n-min":2.112372,"chi1v-min":0.204124,"chi2n-min":0.0,"chi2v-min":0.0,"chi3n-min":0.0,"chi3v-min":0.0,"chi4n-min":0.0,"chi4v-min":0.0,"e-valence-min":14.0,"eccentricity-min":0.975725,"hk-alpha-min":-0.04,"hk-kappa1-min":0.073424,"hk-kappa2-min":0.96,"hk-kappa3-min":-27.04,"ipc-min":12.164797,"isf-min":0.074327,"labuteASA-min":19.240037,"logP-min":-0.3915,"molwt-min":32.026215,"molwt-hvy-min":28.01,"nheavy-min":2.0,"npr1-min":0.20441,"npr2-min":0.904809,"pbf-min":0.382921,"pc+-min":0.387928,"pc--min":-0.39963,"pmi1-min":4.214836,"pmi2-min":19.70684,"pmi3-min":20.619563,"rbonds-min":1.0,"rg-min":0.833693,"rpc+-min":0.136525,"rpc--min":1.0,"spherocity-min":0.388548,"tpsa-min":9.23,"vsa+-min":12.581428,"vsa--min":4.736863,"vsa-fhyd-min":0.630304,"vsa-fneg-min":0.175197,"vsa-fpneg-min":0.175197,"vsa-fpos-min":0.711207,"vsa-fppos-min":0.0,"vsa-hyd-min":11.150228,"vsa-polar-min":0.175197,"vsa-polar+-min":0.0,"vsa-polar--min":4.736863,"MR-max":12.933,"asphericity-max":0.514083,"balabanj-max":3.746418,"bertzct-max":76.211433,"chi0-max":7.707107,"chi0n-max":7.408248,"chi0v-max":1.408248,"chi1-max":3.707107,"chi1n-max":3.408248,"chi1v-max":0.408248,"chi2n-max":0.102062,"chi2v-max":0.102062,"chi3n-max":0.0,"chi3v-max":0.0,"chi4n-max":0.0,"chi4v-max":0.0,"e-valence-max":20.0,"eccentricity-max":0.978885,"hk-alpha-max":-0.04,"hk-kappa1-max":0.179464,"hk-kappa2-max":1.96,"hk-kappa3-max":1.96,"ipc-max":27.435741,"isf-max":0.226755,"labuteASA-max":28.647561,"logP-max":0.2626,"molwt-max":46.041865,"molwt-hvy-max":40.021,"nheavy-max":3.0,"npr1-max":0.219,"npr2-max":0.955735,"pbf-max":0.507888,"pc+-max":0.39963,"pc--max":-0.387928,"pmi1-max":12.173283,"pmi2-max":50.294562,"pmi3-max":55.585853,"rbonds-max":2.0,"rg-max":1.131932,"rpc+-max":0.524559,"rpc--max":1.0,"spherocity-max":0.572831,"tpsa-max":20.23,"vsa+-max":22.300456,"vsa--max":5.108808,"vsa-fhyd-max":0.824803,"vsa-fneg-max":0.288793,"vsa-fpneg-max":0.288793,"vsa-fpos-max":0.824803,"vsa-fppos-max":0.080903,"vsa-hyd-max":22.300456,"vsa-polar-max":0.369696,"vsa-polar+-max":1.4312,"vsa-polar--max":5.108808,"MR-diff":4.7902,"asphericity-diff":0.031058,"balabanj-diff":0.577928,"bertzct-diff":38.908464,"chi0-diff":2.5,"chi0n-diff":2.5,"chi0v-diff":0.5,"chi1-diff":1.146447,"chi1n-diff":1.295876,"chi1v-diff":0.204124,"chi2n-diff":0.102062,"chi2v-diff":0.102062,"chi3n-diff":0.0,"chi3v-diff":0.0,"chi4n-diff":0.0,"chi4v-diff":0.0,"e-valence-diff":6.0,"eccentricity-diff":0.00316,"hk-alpha-diff":0.0,"hk-kappa1-diff":0.10604,"hk-kappa2-diff":1.0,"hk-kappa3-diff":29.0,"ipc-diff":15.270944,"isf-diff":0.152428,"labuteASA-diff":9.407524,"logP-diff":0.6541,"molwt-diff":14.01565,"molwt-hvy-diff":12.011,"nheavy-diff":1.0,"npr1-diff":0.01459,"npr2-diff":0.050926,"pbf-diff":0.124967,"pc+-diff":0.011702,"pc--diff":0.011702,"pmi1-diff":7.958447,"pmi2-diff":30.587722,"pmi3-diff":34.96629,"rbonds-diff":1.0,"rg-diff":0.298239,"rpc+-diff":0.388034,"rpc--diff":0.0,"spherocity-diff":0.184283,"tpsa-diff":11.0,"vsa+-diff":9.719028,"vsa--diff":0.371945,"vsa-fhyd-diff":0.194499,"vsa-fneg-diff":0.113596,"vsa-fpneg-diff":0.113596,"vsa-fpos-diff":0.113596,"vsa-fppos-diff":0.080903,"vsa-hyd-diff":11.150228,"vsa-polar-diff":0.194499,"vsa-polar+-diff":1.4312,"vsa-polar--diff":0.371945,"hbonds":1.0}