{"shear_15nN-qq": [-14.925310505995203, 10.636881590100785], "delta_molecular_weight": 34.0163, "status": {"addf5794c5b5976eff8b4b4c4230fa87-shear_15nN_rerun": 1, "addf5794c5b5976eff8b4b4c4230fa87-top_to_mol2": 1, "addf5794c5b5976eff8b4b4c4230fa87-shear_25nN_rerun": 1, "addf5794c5b5976eff8b4b4c4230fa87-shear_5nN_grompp": 1, "addf5794c5b5976eff8b4b4c4230fa87-shear_15nN_rerun_grompp": 1, "addf5794c5b5976eff8b4b4c4230fa87-log_interaction_energy_5nN": 1, "addf5794c5b5976eff8b4b4c4230fa87-unwrap_shear_5nN": 1, "addf5794c5b5976eff8b4b4c4230fa87-shear_5nN_rerun": 1, "addf5794c5b5976eff8b4b4c4230fa87-log_interaction_energy_25nN": 1, "addf5794c5b5976eff8b4b4c4230fa87-fix_overlaps": 1, "addf5794c5b5976eff8b4b4c4230fa87-initialize": 1, "addf5794c5b5976eff8b4b4c4230fa87-compress": 1, "addf5794c5b5976eff8b4b4c4230fa87-shear_15nN_grompp": 1, "addf5794c5b5976eff8b4b4c4230fa87-get_interaction_energy_15nN": 1, "addf5794c5b5976eff8b4b4c4230fa87-unwrap_shear_25nN": 1, "addf5794c5b5976eff8b4b4c4230fa87-equilibrate": 1, "addf5794c5b5976eff8b4b4c4230fa87-calc_tilt_shear": 1, "addf5794c5b5976eff8b4b4c4230fa87-get_interaction_energy_5nN": 1, "addf5794c5b5976eff8b4b4c4230fa87-lammps_to_gmx": 1, "addf5794c5b5976eff8b4b4c4230fa87-calc_friction": 1, "addf5794c5b5976eff8b4b4c4230fa87-shear_15nN": 1, "addf5794c5b5976eff8b4b4c4230fa87-log_tilt": 1, "addf5794c5b5976eff8b4b4c4230fa87-get_interaction_energy_25nN": 1, "addf5794c5b5976eff8b4b4c4230fa87-shear_25nN_rerun_grompp": 1, "addf5794c5b5976eff8b4b4c4230fa87-shear_25nN_grompp": 1, "addf5794c5b5976eff8b4b4c4230fa87-minimize": 1, "addf5794c5b5976eff8b4b4c4230fa87-compress_grompp": 1, "addf5794c5b5976eff8b4b4c4230fa87-unwrap_shear_15nN": 1, "addf5794c5b5976eff8b4b4c4230fa87-shear_5nN_rerun_grompp": 1, "addf5794c5b5976eff8b4b4c4230fa87-log_cof": 1, "addf5794c5b5976eff8b4b4c4230fa87-log_interaction_energy_15nN": 1, "addf5794c5b5976eff8b4b4c4230fa87-log_S2": 1, "addf5794c5b5976eff8b4b4c4230fa87-calc_interdigitation": 1, "addf5794c5b5976eff8b4b4c4230fa87-shear_25nN": 1, "addf5794c5b5976eff8b4b4c4230fa87-equilibrate_grompp": 1, "addf5794c5b5976eff8b4b4c4230fa87-shear_5nN": 1, "addf5794c5b5976eff8b4b4c4230fa87-calc_S2_shear": 1, "addf5794c5b5976eff8b4b4c4230fa87-minimize_grompp": 1}, "interdigitation": {"15nN": 0.12083981362253828, "5nN": 0.10884020689088253, "25nN": 0.10595487704961264}, "avg_molecular_weight": 60.09555, "delta_dipole_moment": 0.01, "tilt_bottom": {"15nN": 37.003313484327435, "5nN": 33.926094978226295, "25nN": 39.54006702514063}, "S2_top": {"15nN": 0.9193017796621488, "5nN": 0.9386397408061512, "25nN": 0.9427777980269292}, "shear_25nN-Etotal": [-1688.8273834876097, 47.19623982324608], "avg_dipole_moment": 0.005, "S2_bottom": {"15nN": 0.9530997691597869, "5nN": 0.9488122436550247, "25nN": 0.95977747086456}, "intercept": 0.9539297851634905, "shear_15nN-lj": [-1610.2433883045562, 49.93048049736013], "tilt_top": {"15nN": 36.136132282931726, "5nN": 33.059022099907914, "25nN": 38.63726624214384}, "shear_5nN-Etotal": [-1419.790206585132, 53.488441523251026], "shear_5nN-qq": [-25.34798370583533, 9.46644900032589], "shear_5nN-lj": [-1394.4422228792964, 52.293265698089236], "COF": 0.12495451195235735, "shear_25nN-lj": [-1694.2462434364509, 47.17195340964191], "shear_25nN-qq": [5.418859948840928, 16.113478163994802], "shear_15nN-Etotal": [-1625.1686988105516, 50.5055853671054]}