{"tilt_bottom": {"25nN": 41.89587468887893, "5nN": 36.88822216880703, "15nN": 39.525537297287364}, "shear_25nN-qq": [-981.6304856538769, 89.93516878938338], "S2_top": {"25nN": 0.9463773622924271, "5nN": 0.9556323571113935, "15nN": 0.9447250346150402}, "shear_5nN-qq": [-839.9915672989607, 91.80127350367525], "shear_15nN-Etotal": [-3190.4305822717824, 119.32602103182651], "status": {"c8985f851028eb40e880d667b49583e9-equilibrate": 1, "c8985f851028eb40e880d667b49583e9-shear_15nN_grompp": 1, "c8985f851028eb40e880d667b49583e9-log_interaction_energy_15nN": 1, "c8985f851028eb40e880d667b49583e9-shear_5nN": 1, "c8985f851028eb40e880d667b49583e9-equilibrate_grompp": 1, "c8985f851028eb40e880d667b49583e9-shear_25nN_rerun": 1, "c8985f851028eb40e880d667b49583e9-log_interaction_energy_5nN": 1, "c8985f851028eb40e880d667b49583e9-shear_15nN_rerun_grompp": 1, "c8985f851028eb40e880d667b49583e9-log_tilt": 1, "c8985f851028eb40e880d667b49583e9-calc_tilt_shear": 1, "c8985f851028eb40e880d667b49583e9-top_to_mol2": 1, "c8985f851028eb40e880d667b49583e9-compress_grompp": 1, "c8985f851028eb40e880d667b49583e9-get_interaction_energy_25nN": 1, "c8985f851028eb40e880d667b49583e9-log_cof": 1, "c8985f851028eb40e880d667b49583e9-unwrap_shear_5nN": 1, "c8985f851028eb40e880d667b49583e9-shear_25nN_grompp": 1, "c8985f851028eb40e880d667b49583e9-calc_friction": 1, "c8985f851028eb40e880d667b49583e9-get_interaction_energy_15nN": 1, "c8985f851028eb40e880d667b49583e9-minimize": 1, "c8985f851028eb40e880d667b49583e9-shear_5nN_grompp": 1, "c8985f851028eb40e880d667b49583e9-count_hydrogen_bonds": 1, "c8985f851028eb40e880d667b49583e9-shear_15nN_rerun": 1, "c8985f851028eb40e880d667b49583e9-shear_5nN_rerun_grompp": 1, "c8985f851028eb40e880d667b49583e9-calc_interdigitation": 1, "c8985f851028eb40e880d667b49583e9-minimize_grompp": 1, "c8985f851028eb40e880d667b49583e9-calc_S2_shear": 1, "c8985f851028eb40e880d667b49583e9-lammps_to_gmx": 1, "c8985f851028eb40e880d667b49583e9-shear_25nN_rerun_grompp": 1, "c8985f851028eb40e880d667b49583e9-shear_5nN_rerun": 1, "c8985f851028eb40e880d667b49583e9-fix_overlaps": 1, "c8985f851028eb40e880d667b49583e9-initialize": 1, "c8985f851028eb40e880d667b49583e9-shear_15nN": 1, "c8985f851028eb40e880d667b49583e9-unwrap_shear_15nN": 1, "c8985f851028eb40e880d667b49583e9-get_interaction_energy_5nN": 1, "c8985f851028eb40e880d667b49583e9-log_interaction_energy_25nN": 1, "c8985f851028eb40e880d667b49583e9-compress": 1, "c8985f851028eb40e880d667b49583e9-log_S2": 1, "c8985f851028eb40e880d667b49583e9-unwrap_shear_25nN": 1, "c8985f851028eb40e880d667b49583e9-shear_25nN": 1}, "shear_25nN-lj": [-2422.6254752054356, 60.50389021018935], "delta_molecular_weight": 77.0839, "interdigitation": {"25nN": 0.14125322270230986, "5nN": 0.15033598898652864, "15nN": 0.15329005348742333}, "intercept": 2.983669447491037, "avg_dipole_moment": 5.515, "COF": 0.1324884059755857, "shear_25nN-Etotal": [-3404.2559608593124, 114.72160000255366], "tilt_top": {"25nN": 38.869405824295114, "5nN": 33.58902510512103, "15nN": 36.86600716258761}, "S2_bottom": {"25nN": 0.9759385032361663, "5nN": 0.9727455902784189, "15nN": 0.9691136980330376}, "shear_15nN-qq": [-869.6700674572343, 91.59417052365123], "shear_5nN-Etotal": [-2990.1847327753794, 125.71190917121625], "avg_molecular_weight": 83.55935, "delta_dipole_moment": 1.4100000000000001, "shear_15nN-lj": [-2320.760514814548, 61.06316210569464], "shear_5nN-lj": [-2150.1931654764185, 65.49547237401615]}