{"shear_15nN-qq": [-20.101784289368506, 10.062770811744429], "tilt_bottom": {"25nN": 39.915973844419256, "5nN": 34.646923011588754, "15nN": 37.570799090953074}, "delta_molecular_weight": 54.022600000000004, "status": {"0ed1af480b620779af2c51f1acda975c-shear_15nN_rerun_grompp": 1, "0ed1af480b620779af2c51f1acda975c-equilibrate_grompp": 1, "0ed1af480b620779af2c51f1acda975c-calc_interdigitation": 1, "0ed1af480b620779af2c51f1acda975c-minimize": 1, "0ed1af480b620779af2c51f1acda975c-calc_S2_shear": 1, "0ed1af480b620779af2c51f1acda975c-shear_15nN": 1, "0ed1af480b620779af2c51f1acda975c-shear_5nN": 1, "0ed1af480b620779af2c51f1acda975c-log_tilt": 1, "0ed1af480b620779af2c51f1acda975c-lammps_to_gmx": 1, "0ed1af480b620779af2c51f1acda975c-log_S2": 1, "0ed1af480b620779af2c51f1acda975c-unwrap_shear_25nN": 1, "0ed1af480b620779af2c51f1acda975c-get_interaction_energy_25nN": 1, "0ed1af480b620779af2c51f1acda975c-log_interaction_energy_15nN": 1, "0ed1af480b620779af2c51f1acda975c-compress_grompp": 1, "0ed1af480b620779af2c51f1acda975c-initialize": 1, "0ed1af480b620779af2c51f1acda975c-unwrap_shear_5nN": 1, "0ed1af480b620779af2c51f1acda975c-get_interaction_energy_15nN": 1, "0ed1af480b620779af2c51f1acda975c-shear_25nN_rerun_grompp": 1, "0ed1af480b620779af2c51f1acda975c-shear_15nN_rerun": 1, "0ed1af480b620779af2c51f1acda975c-shear_25nN": 1, "0ed1af480b620779af2c51f1acda975c-shear_25nN_grompp": 1, "0ed1af480b620779af2c51f1acda975c-calc_friction": 1, "0ed1af480b620779af2c51f1acda975c-shear_5nN_grompp": 1, "0ed1af480b620779af2c51f1acda975c-shear_15nN_grompp": 1, "0ed1af480b620779af2c51f1acda975c-get_interaction_energy_5nN": 1, "0ed1af480b620779af2c51f1acda975c-calc_tilt_shear": 1, "0ed1af480b620779af2c51f1acda975c-log_interaction_energy_5nN": 1, "0ed1af480b620779af2c51f1acda975c-fix_overlaps": 1, "0ed1af480b620779af2c51f1acda975c-unwrap_shear_15nN": 1, "0ed1af480b620779af2c51f1acda975c-shear_5nN_rerun_grompp": 1, "0ed1af480b620779af2c51f1acda975c-log_interaction_energy_25nN": 1, "0ed1af480b620779af2c51f1acda975c-log_cof": 1, "0ed1af480b620779af2c51f1acda975c-shear_5nN_rerun": 1, "0ed1af480b620779af2c51f1acda975c-equilibrate": 1, "0ed1af480b620779af2c51f1acda975c-shear_25nN_rerun": 1, "0ed1af480b620779af2c51f1acda975c-minimize_grompp": 1, "0ed1af480b620779af2c51f1acda975c-top_to_mol2": 1, "0ed1af480b620779af2c51f1acda975c-compress": 1}, "interdigitation": {"25nN": 0.16968549501374422, "5nN": 0.1554295601560502, "15nN": 0.16437189581475492}, "avg_molecular_weight": 68.0829, "delta_dipole_moment": 2.03, "S2_top": {"25nN": 0.9088504592561344, "5nN": 0.9334322883332723, "15nN": 0.931530969605743}, "shear_25nN-Etotal": [-1693.512486436451, 47.55879676388536], "shear_5nN-Etotal": [-1378.8339036850518, 52.71628171758551], "S2_bottom": {"25nN": 0.9590185503088546, "5nN": 0.9526126328682804, "15nN": 0.9504925310865594}, "intercept": 0.9395246272931526, "shear_15nN-lj": [-1577.0927692182254, 48.87075703660309], "tilt_top": {"25nN": 35.20626278171647, "5nN": 28.812420647682032, "15nN": 35.52601807676662}, "avg_dipole_moment": 1.015, "shear_5nN-qq": [-15.09890311270983, 8.687139822790332], "shear_5nN-lj": [-1363.7350005723422, 51.160265536279894], "COF": 0.10664321488958735, "shear_25nN-lj": [-1675.8191503581136, 47.2636270582721], "shear_25nN-qq": [-17.693336078337328, 11.1209087742864], "shear_15nN-Etotal": [-1597.194553507594, 50.11908734400224]}