{"MR-mean":15.0635,"asphericity-mean":0.1321095,"balabanj-mean":3.5555635,"bertzct-mean":132.548875,"chi0-mean":8.5,"chi0n-mean":7.5669465,"chi0v-mean":2.0669465,"chi1-mean":4.125,"chi1n-mean":3.6584735,"chi1v-mean":0.9084735,"chi2n-mean":0.5613795,"chi2v-mean":0.5613795,"chi3n-mean":0.125,"chi3v-mean":0.125,"chi4n-mean":0.015625,"chi4v-mean":0.015625,"e-valence-mean":28.0,"eccentricity-mean":0.648298,"hk-alpha-mean":-0.105,"hk-kappa1-mean":0.8711815,"hk-kappa2-mean":0.680008,"hk-kappa3-mean":137.792959,"ipc-mean":137.8820655,"isf-mean":0.018672,"labuteASA-mean":34.9418605,"logP-mean":1.49245,"molwt-mean":70.0406425,"molwt-hvy-mean":64.53,"nheavy-mean":4.5,"npr1-mean":0.651344,"npr2-mean":0.930426,"pbf-mean":0.6039945,"pc+-mean":0.3611145,"pc--mean":-0.3611145,"pmi1-mean":64.2712275,"pmi2-mean":89.0493015,"pmi3-mean":95.3727765,"rbonds-mean":0.5,"rg-mean":1.3316735,"rpc+-mean":0.4472005,"rpc--mean":0.317158,"spherocity-mean":0.6229615,"tpsa-mean":0.0,"vsa+-mean":14.0532675,"vsa--mean":19.3314725,"vsa-fhyd-mean":0.8981205,"vsa-fneg-mean":0.5668695,"vsa-fpneg-mean":0.0,"vsa-fpos-mean":0.4331305,"vsa-fppos-mean":0.1018795,"vsa-hyd-mean":30.2965905,"vsa-polar-mean":0.1018795,"vsa-polar+-mean":3.0881495,"vsa-polar--mean":0.0,"MR-min":11.729,"asphericity-min":0.00179,"balabanj-min":3.090735,"bertzct-min":67.509775,"chi0-min":7.0,"chi0n-min":5.133893,"chi0v-min":2.0,"chi1-min":3.25,"chi1n-min":2.316947,"chi1v-min":0.816947,"chi2n-min":0.497759,"chi2v-min":0.497759,"chi3n-min":0.0,"chi3v-min":0.0,"chi4n-min":0.0,"chi4v-min":0.0,"e-valence-min":24.0,"eccentricity-min":0.368843,"hk-alpha-min":-0.21,"hk-kappa1-min":0.25,"hk-kappa2-min":0.48,"hk-kappa3-min":0.222222,"ipc-min":21.306059,"isf-min":0.01013,"labuteASA-min":31.815711,"logP-min":1.4163,"molwt-min":56.0626,"molwt-hvy-min":48.044,"nheavy-min":4.0,"npr1-min":0.373196,"npr2-min":0.890079,"pbf-min":0.562091,"pc+-min":0.207684,"pc--min":-0.514545,"pmi1-min":32.707,"pmi2-min":78.006793,"pmi3-min":87.640304,"rbonds-min":0.0,"rg-min":1.329515,"rpc+-min":0.144378,"rpc--min":0.300983,"spherocity-min":0.586525,"tpsa-min":0.0,"vsa+-min":10.966068,"vsa--min":13.171245,"vsa-fhyd-min":0.796241,"vsa-fneg-min":0.434527,"vsa-fpneg-min":0.0,"vsa-fpos-min":0.300788,"vsa-fppos-min":0.0,"vsa-hyd-min":24.135413,"vsa-polar-min":0.0,"vsa-polar+-min":0.0,"vsa-polar--min":0.0,"MR-max":18.398,"asphericity-max":0.262429,"balabanj-max":4.020392,"bertzct-max":197.587975,"chi0-max":10.0,"chi0n-max":10.0,"chi0v-max":2.133893,"chi1-max":5.0,"chi1n-max":5.0,"chi1v-max":1.0,"chi2n-max":0.625,"chi2v-max":0.625,"chi3n-max":0.25,"chi3v-max":0.25,"chi4n-max":0.03125,"chi4v-max":0.03125,"e-valence-max":32.0,"eccentricity-max":0.927753,"hk-alpha-max":0.0,"hk-kappa1-max":1.492363,"hk-kappa2-max":0.880016,"hk-kappa3-max":275.363696,"ipc-max":254.458072,"isf-max":0.027214,"labuteASA-max":38.06801,"logP-max":1.5686,"molwt-max":84.018685,"molwt-hvy-max":81.016,"nheavy-max":5.0,"npr1-max":0.929492,"npr2-max":0.970773,"pbf-max":0.645898,"pc+-max":0.514545,"pc--max":-0.207684,"pmi1-max":95.835455,"pmi2-max":100.09181,"pmi3-max":103.105249,"rbonds-max":1.0,"rg-max":1.333832,"rpc+-max":0.750023,"rpc--max":0.333333,"spherocity-max":0.659398,"tpsa-max":0.0,"vsa+-max":17.140467,"vsa--max":25.4917,"vsa-fhyd-max":1.0,"vsa-fneg-max":0.699212,"vsa-fpneg-max":0.0,"vsa-fpos-max":0.565473,"vsa-fppos-max":0.203759,"vsa-hyd-max":36.457768,"vsa-polar-max":0.203759,"vsa-polar+-max":6.176299,"vsa-polar--max":0.0,"MR-diff":6.669,"asphericity-diff":0.260639,"balabanj-diff":0.929657,"bertzct-diff":130.0782,"chi0-diff":3.0,"chi0n-diff":4.866107,"chi0v-diff":0.133893,"chi1-diff":1.75,"chi1n-diff":2.683053,"chi1v-diff":0.183053,"chi2n-diff":0.127241,"chi2v-diff":0.127241,"chi3n-diff":0.25,"chi3v-diff":0.25,"chi4n-diff":0.03125,"chi4v-diff":0.03125,"e-valence-diff":8.0,"eccentricity-diff":0.55891,"hk-alpha-diff":0.21,"hk-kappa1-diff":1.242363,"hk-kappa2-diff":0.400016,"hk-kappa3-diff":275.141474,"ipc-diff":233.152013,"isf-diff":0.017084,"labuteASA-diff":6.252299,"logP-diff":0.1523,"molwt-diff":27.956085,"molwt-hvy-diff":32.972,"nheavy-diff":1.0,"npr1-diff":0.556296,"npr2-diff":0.080694,"pbf-diff":0.083807,"pc+-diff":0.306861,"pc--diff":0.306861,"pmi1-diff":63.128455,"pmi2-diff":22.085017,"pmi3-diff":15.464945,"rbonds-diff":1.0,"rg-diff":0.004317,"rpc+-diff":0.605645,"rpc--diff":0.03235,"spherocity-diff":0.072873,"tpsa-diff":0.0,"vsa+-diff":6.174399,"vsa--diff":12.320455,"vsa-fhyd-diff":0.203759,"vsa-fneg-diff":0.264685,"vsa-fpneg-diff":0.0,"vsa-fpos-diff":0.264685,"vsa-fppos-diff":0.203759,"vsa-hyd-diff":12.322355,"vsa-polar-diff":0.203759,"vsa-polar+-diff":6.176299,"vsa-polar--diff":0.0,"hbonds":0.0}