{"tilt_bottom": {"25nN": 40.842904443369896, "5nN": 33.342387693753146, "15nN": 37.78725774125614}, "shear_25nN-qq": [74.96386983213429, 16.71629711636931], "S2_top": {"25nN": 0.9236247744821358, "5nN": 0.9359062488333698, "15nN": 0.905449054882812}, "shear_5nN-qq": [-0.05684977857713826, 12.963937121955778], "shear_15nN-Etotal": [-1415.9112142789768, 48.557799494079205], "S2_bottom": {"25nN": 0.9339771610064157, "5nN": 0.9117346537968075, "15nN": 0.9126268231149484}, "shear_25nN-lj": [-1520.6965402382093, 47.93563257119526], "delta_molecular_weight": 27.0649, "interdigitation": {"25nN": 0.11854199725422943, "5nN": 0.12396167899190537, "15nN": 0.1268697541583762}, "intercept": 0.8257089834234224, "avg_dipole_moment": 0.82, "COF": 0.140131004552622, "shear_25nN-Etotal": [-1445.732670406075, 47.93935466767033], "tilt_top": {"25nN": 35.673795422805505, "5nN": 31.444539977830605, "15nN": 35.47761331095268}, "status": {"eed27748f441d78f2510d9332ed4e6d1-shear_25nN": 1, "eed27748f441d78f2510d9332ed4e6d1-compress": 1, "eed27748f441d78f2510d9332ed4e6d1-shear_15nN_rerun": 1, "eed27748f441d78f2510d9332ed4e6d1-shear_15nN": 1, "eed27748f441d78f2510d9332ed4e6d1-log_cof": 1, "eed27748f441d78f2510d9332ed4e6d1-top_to_mol2": 1, "eed27748f441d78f2510d9332ed4e6d1-shear_5nN_rerun": 1, "eed27748f441d78f2510d9332ed4e6d1-equilibrate": 1, "eed27748f441d78f2510d9332ed4e6d1-compress_grompp": 1, "eed27748f441d78f2510d9332ed4e6d1-calc_S2_shear": 1, "eed27748f441d78f2510d9332ed4e6d1-log_interaction_energy_5nN": 1, "eed27748f441d78f2510d9332ed4e6d1-log_S2": 1, "eed27748f441d78f2510d9332ed4e6d1-calc_tilt_shear": 1, "eed27748f441d78f2510d9332ed4e6d1-equilibrate_grompp": 1, "eed27748f441d78f2510d9332ed4e6d1-calc_friction": 1, "eed27748f441d78f2510d9332ed4e6d1-shear_25nN_grompp": 1, "eed27748f441d78f2510d9332ed4e6d1-minimize_grompp": 1, "eed27748f441d78f2510d9332ed4e6d1-shear_5nN": 1, "eed27748f441d78f2510d9332ed4e6d1-log_interaction_energy_15nN": 1, "eed27748f441d78f2510d9332ed4e6d1-shear_15nN_rerun_grompp": 1, "eed27748f441d78f2510d9332ed4e6d1-shear_5nN_grompp": 1, "eed27748f441d78f2510d9332ed4e6d1-get_interaction_energy_5nN": 1, "eed27748f441d78f2510d9332ed4e6d1-unwrap_shear_5nN": 1, "eed27748f441d78f2510d9332ed4e6d1-initialize": 1, "eed27748f441d78f2510d9332ed4e6d1-shear_25nN_rerun_grompp": 1, "eed27748f441d78f2510d9332ed4e6d1-calc_interdigitation": 1, "eed27748f441d78f2510d9332ed4e6d1-minimize": 1, "eed27748f441d78f2510d9332ed4e6d1-get_interaction_energy_15nN": 1, "eed27748f441d78f2510d9332ed4e6d1-count_hydrogen_bonds": 1, "eed27748f441d78f2510d9332ed4e6d1-shear_15nN_grompp": 1, "eed27748f441d78f2510d9332ed4e6d1-fix_overlaps": 1, "eed27748f441d78f2510d9332ed4e6d1-unwrap_shear_25nN": 1, "eed27748f441d78f2510d9332ed4e6d1-shear_25nN_rerun": 1, "eed27748f441d78f2510d9332ed4e6d1-log_tilt": 1, "eed27748f441d78f2510d9332ed4e6d1-log_interaction_energy_25nN": 1, "eed27748f441d78f2510d9332ed4e6d1-lammps_to_gmx": 1, "eed27748f441d78f2510d9332ed4e6d1-unwrap_shear_15nN": 1, "eed27748f441d78f2510d9332ed4e6d1-get_interaction_energy_25nN": 1, "eed27748f441d78f2510d9332ed4e6d1-shear_5nN_rerun_grompp": 1}, "shear_15nN-qq": [39.92798027657874, 14.877664379172403], "shear_5nN-Etotal": [-1225.7235888505197, 47.21979256146859], "avg_molecular_weight": 29.55495, "delta_dipole_moment": 1.6199999999999999, "shear_15nN-lj": [-1455.8391945555554, 48.44805455460264], "shear_5nN-lj": [-1225.6667390719424, 46.65181704154045]}