{"avg_dipole_moment": 0.005, "max_dipole_moment": 0.01, "min_dipole_moment": 0.0, "max_molecular_weight": 77.1037, "shear_5nN-qq": [-21.54930994884093, 9.826268805751658], "intercept": 0.9926807027506181, "shear_15nN-qq": [-18.94523923421263, 12.404010509062646], "min_molecular_weight": 43.0874, "delta_molecular_weight": 34.0163, "ch3-smiles-2": "CC1=CC=CC=C1", "chain-smiles-2": "CCCCCCCCCCCCCCCCCC1=CC=CC=C1", "tilt_bottom": {"25nN": 38.80534702778576, "5nN": 32.380673374688584, "15nN": 36.957618041584716}, "tilt_top": {"25nN": 37.280966792650574, "5nN": 32.87487995621747, "15nN": 36.48023425569926}, "shear_15nN-lj": [-1598.1638051982413, 46.82259333646525], "h-smiles-1": "C(C)C", "ch3-smiles-1": "CC(C)C", "S2_bottom": {"25nN": 0.958111884426824, "5nN": 0.9542204320574849, "15nN": 0.965244346759868}, "h-smiles-2": "C1=CC=CC=C1", "shear_25nN-qq": [4.368964317346123, 12.815745471781016], "COF": 0.12350786176546234, "shear_25nN-lj": [-1707.4618302446042, 48.454762955996756], "S2_top": {"25nN": 0.9367400725288775, "5nN": 0.9591530000123211, "15nN": 0.9648520039978886}, "shear_15nN-Etotal": [-1617.1090444324539, 49.88254620148586], "shear_5nN-Etotal": [-1417.7817555363708, 53.893368389166014], "shear_25nN-Etotal": [-1703.0928659272581, 48.84327108393513], "avg_molecular_weight": 60.09555, "shear_5nN-lj": [-1396.2324455875298, 52.22323327919399], "delta_dipole_moment": 0.01, "status": {"7e60cb060707b406ef741edd28c186d6-calc_friction": 1, "7e60cb060707b406ef741edd28c186d6-compress": 1, "7e60cb060707b406ef741edd28c186d6-shear_5nN_grompp": 1, "7e60cb060707b406ef741edd28c186d6-fix_overlaps": 1, "7e60cb060707b406ef741edd28c186d6-initialize": 1, "7e60cb060707b406ef741edd28c186d6-calc_S2_shear": 1, "7e60cb060707b406ef741edd28c186d6-minimize": 1, "7e60cb060707b406ef741edd28c186d6-shear_15nN_grompp": 1, "7e60cb060707b406ef741edd28c186d6-log_interaction_energy_5nN": 1, "7e60cb060707b406ef741edd28c186d6-minimize_grompp": 1, "7e60cb060707b406ef741edd28c186d6-shear_5nN": 1, "7e60cb060707b406ef741edd28c186d6-shear_25nN_grompp": 1, "7e60cb060707b406ef741edd28c186d6-unwrap_shear_5nN": 1, "7e60cb060707b406ef741edd28c186d6-shear_15nN_rerun": 1, "7e60cb060707b406ef741edd28c186d6-log_tilt": 1, "7e60cb060707b406ef741edd28c186d6-get_interaction_energy_15nN": 1, "7e60cb060707b406ef741edd28c186d6-shear_25nN_rerun_grompp": 1, "7e60cb060707b406ef741edd28c186d6-get_interaction_energy_5nN": 1, "7e60cb060707b406ef741edd28c186d6-shear_25nN_rerun": 1, "7e60cb060707b406ef741edd28c186d6-top_to_mol2": 1, "7e60cb060707b406ef741edd28c186d6-shear_5nN_rerun": 1, "7e60cb060707b406ef741edd28c186d6-shear_25nN": 1, "7e60cb060707b406ef741edd28c186d6-log_interaction_energy_15nN": 1, "7e60cb060707b406ef741edd28c186d6-shear_5nN_rerun_grompp": 1, "7e60cb060707b406ef741edd28c186d6-unwrap_shear_25nN": 1, "7e60cb060707b406ef741edd28c186d6-log_interaction_energy_25nN": 1, "7e60cb060707b406ef741edd28c186d6-get_interaction_energy_25nN": 1, "7e60cb060707b406ef741edd28c186d6-compress_grompp": 1, "7e60cb060707b406ef741edd28c186d6-unwrap_shear_15nN": 1, "7e60cb060707b406ef741edd28c186d6-equilibrate_grompp": 1, "7e60cb060707b406ef741edd28c186d6-calc_interdigitation": 1, "7e60cb060707b406ef741edd28c186d6-lammps_to_gmx": 1, "7e60cb060707b406ef741edd28c186d6-log_cof": 1, "7e60cb060707b406ef741edd28c186d6-log_S2": 1, "7e60cb060707b406ef741edd28c186d6-equilibrate": 1, "7e60cb060707b406ef741edd28c186d6-calc_tilt_shear": 1, "7e60cb060707b406ef741edd28c186d6-shear_15nN": 1, "7e60cb060707b406ef741edd28c186d6-shear_15nN_rerun_grompp": 1}, "chain-smiles-1": "CCCCCCCCCCCCCCCCCC(C)C"}