{"shear_15nN-qq": [-2651.0261084156677, 194.74904348330458], "delta_molecular_weight": 28.0101, "status": {"9646cf163c8e4ca098ff1f35d03341ba-fix_overlaps": 1, "9646cf163c8e4ca098ff1f35d03341ba-minimize_grompp": 1, "9646cf163c8e4ca098ff1f35d03341ba-get_interaction_energy_25nN": 1, "9646cf163c8e4ca098ff1f35d03341ba-shear_25nN_rerun_grompp": 1, "9646cf163c8e4ca098ff1f35d03341ba-log_interaction_energy_25nN": 1, "9646cf163c8e4ca098ff1f35d03341ba-shear_5nN_rerun": 1, "9646cf163c8e4ca098ff1f35d03341ba-log_cof": 1, "9646cf163c8e4ca098ff1f35d03341ba-count_hydrogen_bonds": 1, "9646cf163c8e4ca098ff1f35d03341ba-calc_friction": 1, "9646cf163c8e4ca098ff1f35d03341ba-shear_5nN_grompp": 1, "9646cf163c8e4ca098ff1f35d03341ba-initialize": 1, "9646cf163c8e4ca098ff1f35d03341ba-get_interaction_energy_5nN": 1, "9646cf163c8e4ca098ff1f35d03341ba-log_S2": 1, "9646cf163c8e4ca098ff1f35d03341ba-shear_25nN": 1, "9646cf163c8e4ca098ff1f35d03341ba-calc_S2_shear": 1, "9646cf163c8e4ca098ff1f35d03341ba-unwrap_shear_25nN": 1, "9646cf163c8e4ca098ff1f35d03341ba-unwrap_shear_15nN": 1, "9646cf163c8e4ca098ff1f35d03341ba-shear_15nN_grompp": 1, "9646cf163c8e4ca098ff1f35d03341ba-shear_5nN_rerun_grompp": 1, "9646cf163c8e4ca098ff1f35d03341ba-calc_tilt_shear": 1, "9646cf163c8e4ca098ff1f35d03341ba-log_interaction_energy_15nN": 1, "9646cf163c8e4ca098ff1f35d03341ba-minimize": 1, "9646cf163c8e4ca098ff1f35d03341ba-shear_15nN_rerun": 1, "9646cf163c8e4ca098ff1f35d03341ba-log_interaction_energy_5nN": 1, "9646cf163c8e4ca098ff1f35d03341ba-lammps_to_gmx": 1, "9646cf163c8e4ca098ff1f35d03341ba-unwrap_shear_5nN": 1, "9646cf163c8e4ca098ff1f35d03341ba-shear_25nN_rerun": 1, "9646cf163c8e4ca098ff1f35d03341ba-log_tilt": 1, "9646cf163c8e4ca098ff1f35d03341ba-shear_15nN": 1, "9646cf163c8e4ca098ff1f35d03341ba-shear_15nN_rerun_grompp": 1, "9646cf163c8e4ca098ff1f35d03341ba-compress": 1, "9646cf163c8e4ca098ff1f35d03341ba-shear_5nN": 1, "9646cf163c8e4ca098ff1f35d03341ba-equilibrate_grompp": 1, "9646cf163c8e4ca098ff1f35d03341ba-calc_interdigitation": 1, "9646cf163c8e4ca098ff1f35d03341ba-shear_25nN_grompp": 1, "9646cf163c8e4ca098ff1f35d03341ba-equilibrate": 1, "9646cf163c8e4ca098ff1f35d03341ba-get_interaction_energy_15nN": 1, "9646cf163c8e4ca098ff1f35d03341ba-compress_grompp": 1, "9646cf163c8e4ca098ff1f35d03341ba-top_to_mol2": 1}, "interdigitation": {"25nN": 0.15619930812609542, "5nN": 0.14679832860711092, "15nN": 0.13393590308567732}, "avg_molecular_weight": 31.01235, "delta_dipole_moment": 2.9299999999999997, "tilt_bottom": {"25nN": 41.80448420933813, "5nN": 38.73619969709932, "15nN": 40.79318435570657}, "S2_top": {"25nN": 0.9498879182146873, "5nN": 0.9513579847893894, "15nN": 0.9498103251442479}, "shear_25nN-Etotal": [-4322.788695196643, 189.11502454611713], "shear_5nN-Etotal": [-4165.908820513189, 179.02384729425134], "S2_bottom": {"25nN": 0.9697388661993305, "5nN": 0.9768962851728099, "15nN": 0.9764232280642676}, "intercept": 7.245055777760042, "shear_15nN-lj": [-1616.6318801550758, 67.9986119104716], "tilt_top": {"25nN": 42.38725044527179, "5nN": 38.551918922276826, "15nN": 40.47222518138029}, "avg_dipole_moment": 3.3449999999999998, "shear_5nN-qq": [-2670.6053502893687, 180.50069417490838], "shear_5nN-lj": [-1495.3034702238208, 70.39231848878609], "COF": 0.17031880645782443, "shear_25nN-lj": [-1670.0923125755394, 70.64042442933535], "shear_25nN-qq": [-2652.696382621103, 198.03580498911307], "shear_15nN-Etotal": [-4267.657988570743, 187.29611299427236]}