{"shear_15nN-qq": [18.862840087130294, 11.200722781181145], "tilt_bottom": {"15nN": 36.84769663250696, "5nN": 34.725996871504485, "25nN": 40.066482924943976}, "delta_molecular_weight": 17.070000000000004, "status": {"6ee4bb3f2393353263f5ef70f0a13af2-unwrap_shear_25nN": 1, "6ee4bb3f2393353263f5ef70f0a13af2-compress_grompp": 1, "6ee4bb3f2393353263f5ef70f0a13af2-minimize": 1, "6ee4bb3f2393353263f5ef70f0a13af2-log_interaction_energy_15nN": 1, "6ee4bb3f2393353263f5ef70f0a13af2-shear_15nN_rerun": 1, "6ee4bb3f2393353263f5ef70f0a13af2-log_tilt": 1, "6ee4bb3f2393353263f5ef70f0a13af2-shear_5nN_rerun": 1, "6ee4bb3f2393353263f5ef70f0a13af2-shear_5nN_rerun_grompp": 1, "6ee4bb3f2393353263f5ef70f0a13af2-calc_tilt_shear": 1, "6ee4bb3f2393353263f5ef70f0a13af2-get_interaction_energy_5nN": 1, "6ee4bb3f2393353263f5ef70f0a13af2-get_interaction_energy_25nN": 1, "6ee4bb3f2393353263f5ef70f0a13af2-shear_25nN": 1, "6ee4bb3f2393353263f5ef70f0a13af2-shear_5nN": 1, "6ee4bb3f2393353263f5ef70f0a13af2-top_to_mol2": 1, "6ee4bb3f2393353263f5ef70f0a13af2-minimize_grompp": 1, "6ee4bb3f2393353263f5ef70f0a13af2-shear_25nN_grompp": 1, "6ee4bb3f2393353263f5ef70f0a13af2-calc_S2_shear": 1, "6ee4bb3f2393353263f5ef70f0a13af2-get_interaction_energy_15nN": 1, "6ee4bb3f2393353263f5ef70f0a13af2-log_interaction_energy_25nN": 1, "6ee4bb3f2393353263f5ef70f0a13af2-shear_15nN_rerun_grompp": 1, "6ee4bb3f2393353263f5ef70f0a13af2-calc_interdigitation": 1, "6ee4bb3f2393353263f5ef70f0a13af2-shear_25nN_rerun": 1, "6ee4bb3f2393353263f5ef70f0a13af2-equilibrate_grompp": 1, "6ee4bb3f2393353263f5ef70f0a13af2-lammps_to_gmx": 1, "6ee4bb3f2393353263f5ef70f0a13af2-shear_5nN_grompp": 1, "6ee4bb3f2393353263f5ef70f0a13af2-compress": 1, "6ee4bb3f2393353263f5ef70f0a13af2-log_cof": 1, "6ee4bb3f2393353263f5ef70f0a13af2-shear_15nN_grompp": 1, "6ee4bb3f2393353263f5ef70f0a13af2-unwrap_shear_5nN": 1, "6ee4bb3f2393353263f5ef70f0a13af2-equilibrate": 1, "6ee4bb3f2393353263f5ef70f0a13af2-log_interaction_energy_5nN": 1, "6ee4bb3f2393353263f5ef70f0a13af2-initialize": 1, "6ee4bb3f2393353263f5ef70f0a13af2-unwrap_shear_15nN": 1, "6ee4bb3f2393353263f5ef70f0a13af2-shear_25nN_rerun_grompp": 1, "6ee4bb3f2393353263f5ef70f0a13af2-calc_friction": 1, "6ee4bb3f2393353263f5ef70f0a13af2-log_S2": 1, "6ee4bb3f2393353263f5ef70f0a13af2-shear_15nN": 1, "6ee4bb3f2393353263f5ef70f0a13af2-fix_overlaps": 1}, "interdigitation": {"15nN": 0.083160333069643, "5nN": 0.0796015044842765, "25nN": 0.09887009151702313}, "avg_molecular_weight": 34.5524, "delta_dipole_moment": 3.4000000000000004, "S2_top": {"15nN": 0.9370786525527011, "5nN": 0.9571125845499296, "25nN": 0.9210825318746761}, "shear_25nN-Etotal": [-1522.3272988928857, 46.06666716061437], "shear_5nN-Etotal": [-1248.6238332070343, 42.38238206768867], "S2_bottom": {"15nN": 0.9349888521517749, "5nN": 0.9425617777778379, "25nN": 0.9386071871245883}, "intercept": 0.4061625765548642, "shear_15nN-lj": [-1460.5104614572342, 43.22621767789828], "tilt_top": {"15nN": 34.46709898831297, "5nN": 30.86811142452644, "25nN": 35.89133488250691}, "avg_dipole_moment": 1.71, "shear_5nN-qq": [3.364203590727418, 9.177797828644717], "shear_5nN-lj": [-1251.9880367977619, 42.194687132767235], "COF": 0.10701972391454372, "shear_25nN-lj": [-1551.7189561798561, 43.843700072795556], "shear_25nN-qq": [29.39165728697042, 13.618253598892379], "shear_15nN-Etotal": [-1441.6476213701037, 43.82781780674131]}