{"shear_15nN-qq": [-70.83468873221422, 26.767751029947448], "tilt_bottom": {"15nN": 36.96632345849518, "5nN": 34.16907719861484, "25nN": 39.875922715138316}, "delta_molecular_weight": 17.9723, "status": {"8d1d1d365fe4ff9dd8ee3db37caf3e19-get_interaction_energy_5nN": 1, "8d1d1d365fe4ff9dd8ee3db37caf3e19-minimize": 1, "8d1d1d365fe4ff9dd8ee3db37caf3e19-top_to_mol2": 1, "8d1d1d365fe4ff9dd8ee3db37caf3e19-shear_5nN_rerun": 1, "8d1d1d365fe4ff9dd8ee3db37caf3e19-calc_friction": 1, "8d1d1d365fe4ff9dd8ee3db37caf3e19-calc_interdigitation": 1, "8d1d1d365fe4ff9dd8ee3db37caf3e19-shear_5nN_grompp": 1, "8d1d1d365fe4ff9dd8ee3db37caf3e19-log_cof": 1, "8d1d1d365fe4ff9dd8ee3db37caf3e19-shear_15nN_rerun": 1, "8d1d1d365fe4ff9dd8ee3db37caf3e19-log_interaction_energy_15nN": 1, "8d1d1d365fe4ff9dd8ee3db37caf3e19-unwrap_shear_5nN": 1, "8d1d1d365fe4ff9dd8ee3db37caf3e19-calc_tilt_shear": 1, "8d1d1d365fe4ff9dd8ee3db37caf3e19-calc_S2_shear": 1, "8d1d1d365fe4ff9dd8ee3db37caf3e19-shear_5nN_rerun_grompp": 1, "8d1d1d365fe4ff9dd8ee3db37caf3e19-log_S2": 1, "8d1d1d365fe4ff9dd8ee3db37caf3e19-shear_25nN": 1, "8d1d1d365fe4ff9dd8ee3db37caf3e19-get_interaction_energy_25nN": 1, "8d1d1d365fe4ff9dd8ee3db37caf3e19-initialize": 1, "8d1d1d365fe4ff9dd8ee3db37caf3e19-shear_25nN_rerun_grompp": 1, "8d1d1d365fe4ff9dd8ee3db37caf3e19-shear_5nN": 1, "8d1d1d365fe4ff9dd8ee3db37caf3e19-shear_25nN_rerun": 1, "8d1d1d365fe4ff9dd8ee3db37caf3e19-unwrap_shear_25nN": 1, "8d1d1d365fe4ff9dd8ee3db37caf3e19-equilibrate": 1, "8d1d1d365fe4ff9dd8ee3db37caf3e19-get_interaction_energy_15nN": 1, "8d1d1d365fe4ff9dd8ee3db37caf3e19-lammps_to_gmx": 1, "8d1d1d365fe4ff9dd8ee3db37caf3e19-compress": 1, "8d1d1d365fe4ff9dd8ee3db37caf3e19-log_tilt": 1, "8d1d1d365fe4ff9dd8ee3db37caf3e19-shear_25nN_grompp": 1, "8d1d1d365fe4ff9dd8ee3db37caf3e19-log_interaction_energy_25nN": 1, "8d1d1d365fe4ff9dd8ee3db37caf3e19-unwrap_shear_15nN": 1, "8d1d1d365fe4ff9dd8ee3db37caf3e19-fix_overlaps": 1, "8d1d1d365fe4ff9dd8ee3db37caf3e19-shear_15nN": 1, "8d1d1d365fe4ff9dd8ee3db37caf3e19-minimize_grompp": 1, "8d1d1d365fe4ff9dd8ee3db37caf3e19-log_interaction_energy_5nN": 1, "8d1d1d365fe4ff9dd8ee3db37caf3e19-equilibrate_grompp": 1, "8d1d1d365fe4ff9dd8ee3db37caf3e19-count_hydrogen_bonds": 1, "8d1d1d365fe4ff9dd8ee3db37caf3e19-compress_grompp": 1, "8d1d1d365fe4ff9dd8ee3db37caf3e19-shear_15nN_grompp": 1, "8d1d1d365fe4ff9dd8ee3db37caf3e19-shear_15nN_rerun_grompp": 1}, "interdigitation": {"15nN": 0.1293255713200611, "5nN": 0.10411656086143603, "25nN": 0.11431069487709543}, "intercept": 0.9386486607637001, "delta_dipole_moment": 4.81, "S2_top": {"15nN": 0.9712269732668202, "5nN": 0.9523073706188883, "25nN": 0.9023676917070015}, "shear_25nN-Etotal": [-2011.792520703437, 55.83853676231743], "avg_dipole_moment": 2.405, "S2_bottom": {"15nN": 0.9584981649117947, "5nN": 0.9476944299796893, "25nN": 0.9597839177077008}, "avg_molecular_weight": 36.03125, "shear_15nN-lj": [-1851.775223676259, 46.521239146682156], "tilt_top": {"15nN": 39.23292632881707, "5nN": 34.229318025325746, "25nN": 40.15045385116121}, "shear_5nN-Etotal": [-1711.2373225931258, 57.29307943833785], "shear_5nN-qq": [-84.81392507993606, 23.309336305419798], "shear_5nN-lj": [-1626.4233975131895, 51.44411909466349], "COF": 0.10807713501548197, "shear_25nN-lj": [-1967.6345521302956, 49.56646899649692], "shear_25nN-qq": [-44.15796857314149, 28.496735522070487], "shear_15nN-Etotal": [-1922.6099124084733, 53.23911299089216]}