{"MR-mean":12.1332,"asphericity-mean":0.3243065,"balabanj-mean":3.905755,"bertzct-mean":73.4678485,"chi0-mean":6.538675,"chi0n-mean":5.881855,"chi0v-mean":1.381855,"chi1-mean":3.096688,"chi1n-mean":2.6693775,"chi1v-mean":0.4193775,"chi2n-mean":0.128555,"chi2v-mean":0.128555,"chi3n-mean":0.0,"chi3v-mean":0.0,"chi4n-mean":0.0,"chi4v-mean":0.0,"e-valence-mean":19.0,"eccentricity-mean":0.9235895,"hk-alpha-mean":-0.3,"hk-kappa1-mean":0.3562105,"hk-kappa2-mean":0.4083335,"hk-kappa3-mean":0.311111,"ipc-mean":19.1961125,"isf-mean":0.0820025,"labuteASA-mean":25.570577,"logP-mean":0.45955,"molwt-mean":45.531664,"molwt-hvy-mean":41.019,"nheavy-mean":3.0,"npr1-mean":0.367627,"npr2-mean":0.784049,"pbf-mean":0.4189465,"pc+-mean":0.3331,"pc--mean":-0.3331,"pmi1-mean":24.8204675,"pmi2-mean":38.540403,"pmi3-mean":58.314911,"rbonds-mean":1.0,"rg-mean":1.1026515,"rpc+-mean":0.2664625,"rpc--mean":0.5,"spherocity-mean":0.501464,"tpsa-mean":21.57,"vsa+-mean":12.1179825,"vsa--mean":11.909051,"vsa-fhyd-mean":0.80643,"vsa-fneg-mean":0.5060375,"vsa-fpneg-mean":0.19357,"vsa-fpos-mean":0.4939625,"vsa-fppos-mean":0.0,"vsa-hyd-mean":18.9698745,"vsa-polar-mean":0.19357,"vsa-polar+-mean":0.0,"vsa-polar--mean":5.057159,"MR-min":11.348,"asphericity-min":0.230039,"balabanj-min":3.791118,"bertzct-min":61.509775,"chi0-min":6.07735,"chi0n-min":4.76371,"chi0v-min":1.0,"chi1-min":2.943376,"chi1n-min":2.088755,"chi1v-min":0.25,"chi2n-min":0.0,"chi2v-min":0.0,"chi3n-min":0.0,"chi3v-min":0.0,"chi4n-min":0.0,"chi4v-min":0.0,"e-valence-min":14.0,"eccentricity-min":0.88336,"hk-alpha-min":-0.6,"hk-kappa1-min":0.040816,"hk-kappa2-min":0.0,"hk-kappa3-min":0.0,"ipc-min":17.086166,"isf-min":0.013238,"labuteASA-min":23.534016,"logP-min":-0.1071,"molwt-min":30.04695,"molwt-hvy-min":24.022,"nheavy-min":2.0,"npr1-min":0.266559,"npr2-min":0.569464,"pbf-min":0.314012,"pc+-min":0.136525,"pc--min":-0.529675,"pmi1-min":6.623673,"pmi2-min":24.814876,"pmi3-min":24.848829,"rbonds-min":1.0,"rg-min":0.967439,"rpc+-min":0.166667,"rpc--min":0.5,"spherocity-min":0.362477,"tpsa-min":0.0,"vsa+-min":8.224551,"vsa--min":10.114318,"vsa-fhyd-min":0.61286,"vsa-fneg-min":0.38714,"vsa-fpneg-min":0.0,"vsa-fpos-min":0.375065,"vsa-fppos-min":0.0,"vsa-hyd-min":16.011414,"vsa-polar-min":0.0,"vsa-polar+-min":0.0,"vsa-polar--min":0.0,"MR-max":12.9184,"asphericity-max":0.418574,"balabanj-max":4.020392,"bertzct-max":85.425922,"chi0-max":7.0,"chi0n-max":7.0,"chi0v-max":1.76371,"chi1-max":3.25,"chi1n-max":3.25,"chi1v-max":0.588755,"chi2n-max":0.25711,"chi2v-max":0.25711,"chi3n-max":0.0,"chi3v-max":0.0,"chi4n-max":0.0,"chi4v-max":0.0,"e-valence-max":24.0,"eccentricity-max":0.963819,"hk-alpha-max":0.0,"hk-kappa1-max":0.671605,"hk-kappa2-max":0.816667,"hk-kappa3-max":0.622222,"ipc-max":21.306059,"isf-max":0.150767,"labuteASA-max":27.607138,"logP-max":1.0262,"molwt-max":61.016378,"molwt-hvy-max":58.016,"nheavy-max":4.0,"npr1-max":0.468695,"npr2-max":0.998634,"pbf-max":0.523881,"pc+-max":0.529675,"pc--max":-0.136525,"pmi1-max":43.017262,"pmi2-max":52.26593,"pmi3-max":91.780993,"rbonds-max":1.0,"rg-max":1.237864,"rpc+-max":0.366258,"rpc--max":0.5,"spherocity-max":0.640451,"tpsa-max":43.14,"vsa+-max":16.011414,"vsa--max":13.703784,"vsa-fhyd-max":1.0,"vsa-fneg-max":0.624935,"vsa-fpneg-max":0.38714,"vsa-fpos-max":0.61286,"vsa-fppos-max":0.0,"vsa-hyd-max":21.928335,"vsa-polar-max":0.38714,"vsa-polar+-max":0.0,"vsa-polar--max":10.114318,"MR-diff":1.5704,"asphericity-diff":0.188535,"balabanj-diff":0.229274,"bertzct-diff":23.916147,"chi0-diff":0.92265,"chi0n-diff":2.23629,"chi0v-diff":0.76371,"chi1-diff":0.306624,"chi1n-diff":1.161245,"chi1v-diff":0.338755,"chi2n-diff":0.25711,"chi2v-diff":0.25711,"chi3n-diff":0.0,"chi3v-diff":0.0,"chi4n-diff":0.0,"chi4v-diff":0.0,"e-valence-diff":10.0,"eccentricity-diff":0.080459,"hk-alpha-diff":0.6,"hk-kappa1-diff":0.630789,"hk-kappa2-diff":0.816667,"hk-kappa3-diff":0.622222,"ipc-diff":4.219893,"isf-diff":0.137529,"labuteASA-diff":4.073122,"logP-diff":1.1333,"molwt-diff":30.969428,"molwt-hvy-diff":33.994,"nheavy-diff":2.0,"npr1-diff":0.202136,"npr2-diff":0.42917,"pbf-diff":0.209869,"pc+-diff":0.39315,"pc--diff":0.39315,"pmi1-diff":36.393589,"pmi2-diff":27.451054,"pmi3-diff":66.932164,"rbonds-diff":0.0,"rg-diff":0.270425,"rpc+-diff":0.199591,"rpc--diff":0.0,"spherocity-diff":0.277974,"tpsa-diff":43.14,"vsa+-diff":7.786863,"vsa--diff":3.589466,"vsa-fhyd-diff":0.38714,"vsa-fneg-diff":0.237795,"vsa-fpneg-diff":0.38714,"vsa-fpos-diff":0.237795,"vsa-fppos-diff":0.0,"vsa-hyd-diff":5.916921,"vsa-polar-diff":0.38714,"vsa-polar+-diff":0.0,"vsa-polar--diff":10.114318,"hbonds":0.0}