{"avg_dipole_moment": 1.905, "max_dipole_moment": 3.81, "min_dipole_moment": 0.0, "max_molecular_weight": 46.0055, "shear_5nN-qq": [-25.738417871302957, 12.703029739600183], "intercept": 0.7257199717534049, "shear_15nN-qq": [-30.88204999440448, 13.837446496863967], "min_molecular_weight": 15.0344, "delta_molecular_weight": 30.9711, "ch3-smiles-2": "C[N+](=O)[O-]", "chain-smiles-2": "CCCCCCCCCCCCCCCCC[N+](=O)[O-]", "tilt_bottom": {"25nN": 39.222350196375885, "5nN": 34.83539845486624, "15nN": 37.3282655968482}, "interdigitation": {"25nN": 0.15735998011814242, "5nN": 0.10989475940382529, "15nN": 0.09518976948164595}, "tilt_top": {"25nN": 39.457962998297546, "5nN": 34.31433580212614, "15nN": 37.41726502686614}, "shear_15nN-lj": [-1727.2974325579537, 47.10727286838916], "h-smiles-1": "C", "S2_top": {"25nN": 0.9614947481818482, "5nN": 0.9633574257797082, "15nN": 0.9562628789230437}, "S2_bottom": {"25nN": 0.9351095149276984, "5nN": 0.9579769480496785, "15nN": 0.948329919034634}, "h-smiles-2": "[N+](=O)[O-]", "shear_25nN-qq": [-46.73159713988809, 16.785181387410894], "COF": 0.12475404181816721, "shear_25nN-lj": [-1859.9516009464428, 45.437220671732874], "ch3-smiles-1": "CC", "shear_15nN-Etotal": [-1758.1794825523584, 49.826185049063106], "shear_5nN-Etotal": [-1531.7921803309353, 51.56519788847727], "shear_25nN-Etotal": [-1906.6831980863308, 49.869400143400675], "avg_molecular_weight": 30.519949999999998, "shear_5nN-lj": [-1506.0537624596325, 48.82320806103631], "delta_dipole_moment": 3.81, "status": {"2e3769af9134b6ad259284540ad8d06f-get_interaction_energy_15nN": 1, "2e3769af9134b6ad259284540ad8d06f-fix_overlaps": 1, "2e3769af9134b6ad259284540ad8d06f-log_tilt": 1, "2e3769af9134b6ad259284540ad8d06f-get_interaction_energy_25nN": 1, "2e3769af9134b6ad259284540ad8d06f-equilibrate": 1, "2e3769af9134b6ad259284540ad8d06f-log_interaction_energy_25nN": 1, "2e3769af9134b6ad259284540ad8d06f-shear_25nN_rerun": 1, "2e3769af9134b6ad259284540ad8d06f-lammps_to_gmx": 1, "2e3769af9134b6ad259284540ad8d06f-shear_5nN_rerun": 1, "2e3769af9134b6ad259284540ad8d06f-unwrap_shear_25nN": 1, "2e3769af9134b6ad259284540ad8d06f-minimize": 1, "2e3769af9134b6ad259284540ad8d06f-minimize_grompp": 1, "2e3769af9134b6ad259284540ad8d06f-calc_tilt_shear": 1, "2e3769af9134b6ad259284540ad8d06f-log_interaction_energy_5nN": 1, "2e3769af9134b6ad259284540ad8d06f-calc_S2_shear": 1, "2e3769af9134b6ad259284540ad8d06f-get_interaction_energy_5nN": 1, "2e3769af9134b6ad259284540ad8d06f-shear_15nN_rerun_grompp": 1, "2e3769af9134b6ad259284540ad8d06f-shear_15nN_grompp": 1, "2e3769af9134b6ad259284540ad8d06f-shear_15nN": 1, "2e3769af9134b6ad259284540ad8d06f-equilibrate_grompp": 1, "2e3769af9134b6ad259284540ad8d06f-unwrap_shear_15nN": 1, "2e3769af9134b6ad259284540ad8d06f-shear_25nN": 1, "2e3769af9134b6ad259284540ad8d06f-log_interaction_energy_15nN": 1, "2e3769af9134b6ad259284540ad8d06f-top_to_mol2": 1, "2e3769af9134b6ad259284540ad8d06f-shear_5nN_grompp": 1, "2e3769af9134b6ad259284540ad8d06f-compress": 1, "2e3769af9134b6ad259284540ad8d06f-initialize": 1, "2e3769af9134b6ad259284540ad8d06f-shear_25nN_rerun_grompp": 1, "2e3769af9134b6ad259284540ad8d06f-calc_interdigitation": 1, "2e3769af9134b6ad259284540ad8d06f-compress_grompp": 1, "2e3769af9134b6ad259284540ad8d06f-shear_5nN_rerun_grompp": 1, "2e3769af9134b6ad259284540ad8d06f-log_S2": 1, "2e3769af9134b6ad259284540ad8d06f-shear_5nN": 1, "2e3769af9134b6ad259284540ad8d06f-shear_15nN_rerun": 1, "2e3769af9134b6ad259284540ad8d06f-calc_friction": 1, "2e3769af9134b6ad259284540ad8d06f-log_cof": 1, "2e3769af9134b6ad259284540ad8d06f-unwrap_shear_5nN": 1, "2e3769af9134b6ad259284540ad8d06f-shear_25nN_grompp": 1}, "chain-smiles-1": "CCCCCCCCCCCCCCCCCC"}