{"MR-mean":14.6367,"asphericity-mean":0.219264,"balabanj-mean":4.0950545,"bertzct-mean":104.739145,"chi0-mean":7.32735,"chi0n-mean":6.335979,"chi0v-mean":1.835979,"chi1-mean":3.5490385,"chi1n-mean":2.8964395,"chi1v-mean":0.6464395,"chi2n-mean":0.293117,"chi2v-mean":0.293117,"chi3n-mean":0.0,"chi3v-mean":0.0,"chi4n-mean":0.0,"chi4v-mean":0.0,"e-valence-mean":24.0,"eccentricity-mean":0.8758135,"hk-alpha-mean":-0.465,"hk-kappa1-mean":0.509831,"hk-kappa2-mean":0.9305995,"hk-kappa3-mean":3.75309,"ipc-mean":40.332987,"isf-mean":0.0123855,"labuteASA-mean":30.833809,"logP-mean":0.2441,"molwt-mean":59.5291215,"molwt-hvy-mean":55.024,"nheavy-mean":4.0,"npr1-mean":0.482568,"npr2-mean":0.5701305,"pbf-mean":0.346587,"pc+-mean":0.4209715,"pc--mean":-0.4209715,"pmi1-mean":46.0153235,"pmi2-mean":54.499625,"pmi3-mean":95.421848,"rbonds-mean":1.5,"rg-mean":1.2828105,"rpc+-mean":0.3853075,"rpc--mean":0.730907,"spherocity-mean":0.3493665,"tpsa-mean":30.105,"vsa+-mean":15.009605,"vsa--mean":14.3063195,"vsa-fhyd-mean":0.732682,"vsa-fneg-mean":0.478106,"vsa-fpneg-mean":0.267318,"vsa-fpos-mean":0.521894,"vsa-fppos-mean":0.0,"vsa-hyd-mean":21.861497,"vsa-polar-mean":0.267318,"vsa-polar+-mean":0.0,"vsa-polar--mean":7.4544275,"MR-min":12.9184,"asphericity-min":0.212824,"balabanj-min":3.791118,"bertzct-min":85.425922,"chi0-min":6.07735,"chi0n-min":4.76371,"chi0v-min":1.76371,"chi1-min":2.943376,"chi1n-min":2.088755,"chi1v-min":0.588755,"chi2n-min":0.25711,"chi2v-min":0.25711,"chi3n-min":0.0,"chi3v-min":0.0,"chi4n-min":0.0,"chi4v-min":0.0,"e-valence-min":24.0,"eccentricity-min":0.87153,"hk-alpha-min":-0.6,"hk-kappa1-min":0.348057,"hk-kappa2-min":0.816667,"hk-kappa3-min":0.622222,"ipc-min":17.086166,"isf-min":0.012217,"labuteASA-min":27.607138,"logP-min":-0.1071,"molwt-min":58.041865,"molwt-hvy-min":52.032,"nheavy-min":4.0,"npr1-min":0.474794,"npr2-min":0.546799,"pbf-min":0.293442,"pc+-min":0.312268,"pc--min":-0.529675,"pmi1-min":44.756714,"pmi2-min":49.909872,"pmi3-min":91.276472,"rbonds-min":1.0,"rg-min":1.234149,"rpc+-min":0.366258,"rpc--min":0.5,"spherocity-min":0.342826,"tpsa-min":17.07,"vsa+-min":14.007796,"vsa--min":10.114318,"vsa-fhyd-min":0.61286,"vsa-fneg-min":0.38714,"vsa-fpneg-min":0.147496,"vsa-fpos-min":0.430928,"vsa-fppos-min":0.0,"vsa-hyd-min":16.011414,"vsa-polar-min":0.147496,"vsa-polar+-min":0.0,"vsa-polar--min":4.794537,"MR-max":16.355,"asphericity-max":0.225704,"balabanj-max":4.398991,"bertzct-max":124.052368,"chi0-max":8.57735,"chi0n-max":7.908248,"chi0v-max":1.908248,"chi1-max":4.154701,"chi1n-max":3.704124,"chi1v-max":0.704124,"chi2n-max":0.329124,"chi2v-max":0.329124,"chi3n-max":0.0,"chi3v-max":0.0,"chi4n-max":0.0,"chi4v-max":0.0,"e-valence-max":24.0,"eccentricity-max":0.880097,"hk-alpha-max":-0.33,"hk-kappa1-max":0.671605,"hk-kappa2-max":1.044532,"hk-kappa3-max":6.883958,"ipc-max":63.579808,"isf-max":0.012554,"labuteASA-max":34.06048,"logP-max":0.5953,"molwt-max":61.016378,"molwt-hvy-max":58.016,"nheavy-max":4.0,"npr1-max":0.490342,"npr2-max":0.593462,"pbf-max":0.399732,"pc+-max":0.529675,"pc--max":-0.312268,"pmi1-max":47.273933,"pmi2-max":59.089378,"pmi3-max":99.567224,"rbonds-max":2.0,"rg-max":1.331472,"rpc+-max":0.404357,"rpc--max":0.961814,"spherocity-max":0.355907,"tpsa-max":43.14,"vsa+-max":16.011414,"vsa--max":18.498321,"vsa-fhyd-max":0.852504,"vsa-fneg-max":0.569072,"vsa-fpneg-max":0.38714,"vsa-fpos-max":0.61286,"vsa-fppos-max":0.0,"vsa-hyd-max":27.71158,"vsa-polar-max":0.38714,"vsa-polar+-max":0.0,"vsa-polar--max":10.114318,"MR-diff":3.4366,"asphericity-diff":0.01288,"balabanj-diff":0.607873,"bertzct-diff":38.626446,"chi0-diff":2.5,"chi0n-diff":3.144538,"chi0v-diff":0.144538,"chi1-diff":1.211325,"chi1n-diff":1.615369,"chi1v-diff":0.115369,"chi2n-diff":0.072014,"chi2v-diff":0.072014,"chi3n-diff":0.0,"chi3v-diff":0.0,"chi4n-diff":0.0,"chi4v-diff":0.0,"e-valence-diff":0.0,"eccentricity-diff":0.008567,"hk-alpha-diff":0.27,"hk-kappa1-diff":0.323548,"hk-kappa2-diff":0.227865,"hk-kappa3-diff":6.261736,"ipc-diff":46.493642,"isf-diff":0.000337,"labuteASA-diff":6.453342,"logP-diff":0.7024,"molwt-diff":2.974513,"molwt-hvy-diff":5.984,"nheavy-diff":0.0,"npr1-diff":0.015548,"npr2-diff":0.046663,"pbf-diff":0.10629,"pc+-diff":0.217407,"pc--diff":0.217407,"pmi1-diff":2.517219,"pmi2-diff":9.179506,"pmi3-diff":8.290752,"rbonds-diff":1.0,"rg-diff":0.097323,"rpc+-diff":0.038099,"rpc--diff":0.461814,"spherocity-diff":0.013081,"tpsa-diff":26.07,"vsa+-diff":2.003618,"vsa--diff":8.384003,"vsa-fhyd-diff":0.239644,"vsa-fneg-diff":0.181932,"vsa-fpneg-diff":0.239644,"vsa-fpos-diff":0.181932,"vsa-fppos-diff":0.0,"vsa-hyd-diff":11.700166,"vsa-polar-diff":0.239644,"vsa-polar+-diff":0.0,"vsa-polar--diff":5.319781,"hbonds":0.0}