{"shear_15nN-qq": [-624.7826641079137, 72.25122746755706], "tilt_bottom": {"25nN": 40.595443461848944, "5nN": 35.24760758219536, "15nN": 38.90534701401368}, "delta_molecular_weight": 2.9609999999999985, "status": {"f500fcf7a0e3fde1678c9c219974f99e-top_to_mol2": 1, "f500fcf7a0e3fde1678c9c219974f99e-unwrap_shear_25nN": 1, "f500fcf7a0e3fde1678c9c219974f99e-equilibrate_grompp": 1, "f500fcf7a0e3fde1678c9c219974f99e-log_cof": 1, "f500fcf7a0e3fde1678c9c219974f99e-lammps_to_gmx": 1, "f500fcf7a0e3fde1678c9c219974f99e-fix_overlaps": 1, "f500fcf7a0e3fde1678c9c219974f99e-shear_15nN_grompp": 1, "f500fcf7a0e3fde1678c9c219974f99e-minimize_grompp": 1, "f500fcf7a0e3fde1678c9c219974f99e-shear_25nN_rerun_grompp": 1, "f500fcf7a0e3fde1678c9c219974f99e-shear_5nN_rerun_grompp": 1, "f500fcf7a0e3fde1678c9c219974f99e-calc_tilt_shear": 1, "f500fcf7a0e3fde1678c9c219974f99e-calc_interdigitation": 1, "f500fcf7a0e3fde1678c9c219974f99e-log_interaction_energy_15nN": 1, "f500fcf7a0e3fde1678c9c219974f99e-shear_5nN": 1, "f500fcf7a0e3fde1678c9c219974f99e-shear_5nN_rerun": 1, "f500fcf7a0e3fde1678c9c219974f99e-unwrap_shear_5nN": 1, "f500fcf7a0e3fde1678c9c219974f99e-log_S2": 1, "f500fcf7a0e3fde1678c9c219974f99e-log_interaction_energy_25nN": 1, "f500fcf7a0e3fde1678c9c219974f99e-calc_S2_shear": 1, "f500fcf7a0e3fde1678c9c219974f99e-shear_5nN_grompp": 1, "f500fcf7a0e3fde1678c9c219974f99e-equilibrate": 1, "f500fcf7a0e3fde1678c9c219974f99e-shear_15nN": 1, "f500fcf7a0e3fde1678c9c219974f99e-get_interaction_energy_15nN": 1, "f500fcf7a0e3fde1678c9c219974f99e-compress": 1, "f500fcf7a0e3fde1678c9c219974f99e-get_interaction_energy_5nN": 1, "f500fcf7a0e3fde1678c9c219974f99e-shear_15nN_rerun_grompp": 1, "f500fcf7a0e3fde1678c9c219974f99e-shear_15nN_rerun": 1, "f500fcf7a0e3fde1678c9c219974f99e-minimize": 1, "f500fcf7a0e3fde1678c9c219974f99e-log_interaction_energy_5nN": 1, "f500fcf7a0e3fde1678c9c219974f99e-get_interaction_energy_25nN": 1, "f500fcf7a0e3fde1678c9c219974f99e-shear_25nN_grompp": 1, "f500fcf7a0e3fde1678c9c219974f99e-shear_25nN_rerun": 1, "f500fcf7a0e3fde1678c9c219974f99e-shear_25nN": 1, "f500fcf7a0e3fde1678c9c219974f99e-calc_friction": 1, "f500fcf7a0e3fde1678c9c219974f99e-compress_grompp": 1, "f500fcf7a0e3fde1678c9c219974f99e-log_tilt": 1, "f500fcf7a0e3fde1678c9c219974f99e-initialize": 1, "f500fcf7a0e3fde1678c9c219974f99e-unwrap_shear_15nN": 1}, "interdigitation": {"25nN": 0.14599122531924114, "5nN": 0.13318893147181718, "15nN": 0.16316395650892151}, "intercept": 1.7604635389622079, "delta_dipole_moment": 0.6499999999999999, "S2_top": {"25nN": 0.9441922803727124, "5nN": 0.9166580852013431, "15nN": 0.9317065172517114}, "shear_25nN-Etotal": [-2724.657910505196, 109.09568555126341], "avg_dipole_moment": 3.4850000000000003, "S2_bottom": {"25nN": 0.9075637157674242, "5nN": 0.93766559261218, "15nN": 0.9268714915034156}, "avg_molecular_weight": 44.525, "shear_15nN-lj": [-1934.2316911031173, 53.461077405952516], "tilt_top": {"25nN": 40.14950318263906, "5nN": 34.628753945950635, "15nN": 38.537629500915656}, "shear_5nN-Etotal": [-2266.123988266986, 96.25815464209083], "shear_5nN-qq": [-546.781354851319, 62.76008780505193], "shear_5nN-lj": [-1719.3426334156675, 56.41870883791202], "COF": 0.14065625728588124, "shear_25nN-lj": [-2047.6355105331734, 53.94401596139509], "shear_25nN-qq": [-677.0223999720224, 84.69659108917273], "shear_15nN-Etotal": [-2559.014355211031, 98.8041670833674]}