{"MR-mean":14.042,"asphericity-mean":0.1049075,"balabanj-mean":4.2096915,"bertzct-mean":95.7810715,"chi0-mean":7.788675,"chi0n-mean":6.5210705,"chi0v-mean":2.0210705,"chi1-mean":3.7023505,"chi1n-mean":3.0105355,"chi1v-mean":0.7605355,"chi2n-mean":0.4134415,"chi2v-mean":0.4134415,"chi3n-mean":0.0,"chi3v-mean":0.0,"chi4n-mean":0.0,"chi4v-mean":0.0,"e-valence-mean":28.0,"eccentricity-mean":0.5841,"hk-alpha-mean":-0.27,"hk-kappa1-mean":0.92021,"hk-kappa2-mean":0.962274,"hk-kappa3-mean":141.123827,"ipc-mean":42.4429335,"isf-mean":0.0107905,"labuteASA-mean":32.9380955,"logP-mean":1.08195,"molwt-mean":71.030275,"molwt-hvy-mean":66.524,"nheavy-mean":4.5,"npr1-mean":0.7230985,"npr2-mean":0.77382,"pbf-mean":0.482374,"pc+-mean":0.4134065,"pc--mean":-0.4134065,"pmi1-mean":73.695215,"pmi2-mean":78.803963,"pmi3-mean":101.519867,"rbonds-mean":1.0,"rg-mean":1.3367195,"rpc+-mean":0.57719,"rpc--mean":0.6475735,"spherocity-mean":0.5155625,"tpsa-mean":8.535,"vsa+-mean":15.5741315,"vsa--mean":15.834783,"vsa-fhyd-mean":0.8243725,"vsa-fneg-mean":0.5017995,"vsa-fpneg-mean":0.073748,"vsa-fpos-mean":0.4982005,"vsa-fppos-mean":0.1018795,"vsa-hyd-mean":25.9234965,"vsa-polar-mean":0.1756275,"vsa-polar+-mean":3.0881495,"vsa-polar--mean":2.3972685,"MR-min":11.729,"asphericity-min":0.000725,"balabanj-min":4.020392,"bertzct-min":67.509775,"chi0-min":7.0,"chi0n-min":5.133893,"chi0v-min":1.908248,"chi1-min":3.25,"chi1n-min":2.316947,"chi1v-min":0.704124,"chi2n-min":0.329124,"chi2v-min":0.329124,"chi3n-min":0.0,"chi3v-min":0.0,"chi4n-min":0.0,"chi4v-min":0.0,"e-valence-min":24.0,"eccentricity-min":0.297267,"hk-alpha-min":-0.33,"hk-kappa1-min":0.348057,"hk-kappa2-min":0.880016,"hk-kappa3-min":6.883958,"ipc-min":21.306059,"isf-min":0.009915,"labuteASA-min":31.815711,"logP-min":0.5953,"molwt-min":58.041865,"molwt-hvy-min":52.032,"nheavy-min":4.0,"npr1-min":0.491402,"npr2-min":0.574889,"pbf-min":0.411294,"pc+-min":0.312268,"pc--min":-0.514545,"pmi1-min":49.279787,"pmi2-min":57.652113,"pmi3-min":100.283966,"rbonds-min":0.0,"rg-min":1.335621,"rpc+-min":0.404357,"rpc--min":0.333333,"spherocity-min":0.339083,"tpsa-min":0.0,"vsa+-min":14.007796,"vsa--min":13.171245,"vsa-fhyd-min":0.796241,"vsa-fneg-min":0.434527,"vsa-fpneg-min":0.0,"vsa-fpos-min":0.430928,"vsa-fppos-min":0.0,"vsa-hyd-min":24.135413,"vsa-polar-min":0.147496,"vsa-polar+-min":0.0,"vsa-polar--min":0.0,"MR-max":16.355,"asphericity-max":0.20909,"balabanj-max":4.398991,"bertzct-max":124.052368,"chi0-max":8.57735,"chi0n-max":7.908248,"chi0v-max":2.133893,"chi1-max":4.154701,"chi1n-max":3.704124,"chi1v-max":0.816947,"chi2n-max":0.497759,"chi2v-max":0.497759,"chi3n-max":0.0,"chi3v-max":0.0,"chi4n-max":0.0,"chi4v-max":0.0,"e-valence-max":32.0,"eccentricity-max":0.870933,"hk-alpha-max":-0.21,"hk-kappa1-max":1.492363,"hk-kappa2-max":1.044532,"hk-kappa3-max":275.363696,"ipc-max":63.579808,"isf-max":0.011666,"labuteASA-max":34.06048,"logP-max":1.5686,"molwt-max":84.018685,"molwt-hvy-max":81.016,"nheavy-max":5.0,"npr1-max":0.954795,"npr2-max":0.972751,"pbf-max":0.553454,"pc+-max":0.514545,"pc--max":-0.312268,"pmi1-max":98.110643,"pmi2-max":99.955813,"pmi3-max":102.755768,"rbonds-max":2.0,"rg-max":1.337818,"rpc+-max":0.750023,"rpc--max":0.961814,"spherocity-max":0.692042,"tpsa-max":17.07,"vsa+-max":17.140467,"vsa--max":18.498321,"vsa-fhyd-max":0.852504,"vsa-fneg-max":0.569072,"vsa-fpneg-max":0.147496,"vsa-fpos-max":0.565473,"vsa-fppos-max":0.203759,"vsa-hyd-max":27.71158,"vsa-polar-max":0.203759,"vsa-polar+-max":6.176299,"vsa-polar--max":4.794537,"MR-diff":4.626,"asphericity-diff":0.208365,"balabanj-diff":0.378599,"bertzct-diff":56.542593,"chi0-diff":1.57735,"chi0n-diff":2.774355,"chi0v-diff":0.225645,"chi1-diff":0.904701,"chi1n-diff":1.387177,"chi1v-diff":0.112823,"chi2n-diff":0.168635,"chi2v-diff":0.168635,"chi3n-diff":0.0,"chi3v-diff":0.0,"chi4n-diff":0.0,"chi4v-diff":0.0,"e-valence-diff":8.0,"eccentricity-diff":0.573666,"hk-alpha-diff":0.12,"hk-kappa1-diff":1.144306,"hk-kappa2-diff":0.164516,"hk-kappa3-diff":268.479738,"ipc-diff":42.273749,"isf-diff":0.001751,"labuteASA-diff":2.244769,"logP-diff":0.9733,"molwt-diff":25.97682,"molwt-hvy-diff":28.984,"nheavy-diff":1.0,"npr1-diff":0.463393,"npr2-diff":0.397862,"pbf-diff":0.14216,"pc+-diff":0.202277,"pc--diff":0.202277,"pmi1-diff":48.830856,"pmi2-diff":42.3037,"pmi3-diff":2.471802,"rbonds-diff":2.0,"rg-diff":0.002197,"rpc+-diff":0.345666,"rpc--diff":0.628481,"spherocity-diff":0.352959,"tpsa-diff":17.07,"vsa+-diff":3.132671,"vsa--diff":5.327076,"vsa-fhyd-diff":0.056263,"vsa-fneg-diff":0.134545,"vsa-fpneg-diff":0.147496,"vsa-fpos-diff":0.134545,"vsa-fppos-diff":0.203759,"vsa-hyd-diff":3.576167,"vsa-polar-diff":0.056263,"vsa-polar+-diff":6.176299,"vsa-polar--diff":4.794537,"hbonds":0.0}