{"tilt_bottom": {"25nN": 40.63551463581691, "5nN": 35.89542331216585, "15nN": 37.590178750214896}, "shear_25nN-qq": [-89.63812077378097, 27.001050042727243], "S2_top": {"25nN": 0.9560957405138133, "5nN": 0.9645210208829236, "15nN": 0.9673566321842099}, "shear_5nN-qq": [-28.911105258193444, 16.579320103975416], "shear_15nN-Etotal": [-1478.9926175691446, 55.1285775562605], "S2_bottom": {"25nN": 0.9480338004801431, "5nN": 0.9708516969926068, "15nN": 0.9412905433871507}, "shear_25nN-lj": [-1522.607543172662, 48.0483335085903], "delta_molecular_weight": 25.961399999999998, "intercept": 0.6506719337090705, "avg_dipole_moment": 2.625, "COF": 0.1548712175874872, "shear_25nN-Etotal": [-1612.2456639464426, 55.66631127360172], "tilt_top": {"25nN": 39.82502350341638, "5nN": 34.283438198932544, "15nN": 37.77225092429523}, "status": {"1f180e3fbe1d6d3687f4893e88fd8c63-shear_15nN_rerun_grompp": 1, "1f180e3fbe1d6d3687f4893e88fd8c63-log_cof": 1, "1f180e3fbe1d6d3687f4893e88fd8c63-calc_tilt_shear": 1, "1f180e3fbe1d6d3687f4893e88fd8c63-minimize": 1, "1f180e3fbe1d6d3687f4893e88fd8c63-log_interaction_energy_25nN": 1, "1f180e3fbe1d6d3687f4893e88fd8c63-unwrap_shear_5nN": 1, "1f180e3fbe1d6d3687f4893e88fd8c63-shear_15nN_rerun": 1, "1f180e3fbe1d6d3687f4893e88fd8c63-initialize": 1, "1f180e3fbe1d6d3687f4893e88fd8c63-equilibrate_grompp": 1, "1f180e3fbe1d6d3687f4893e88fd8c63-shear_25nN_rerun_grompp": 1, "1f180e3fbe1d6d3687f4893e88fd8c63-log_interaction_energy_15nN": 1, "1f180e3fbe1d6d3687f4893e88fd8c63-top_to_mol2": 1, "1f180e3fbe1d6d3687f4893e88fd8c63-log_S2": 1, "1f180e3fbe1d6d3687f4893e88fd8c63-unwrap_shear_25nN": 1, "1f180e3fbe1d6d3687f4893e88fd8c63-get_interaction_energy_25nN": 1, "1f180e3fbe1d6d3687f4893e88fd8c63-get_interaction_energy_15nN": 1, "1f180e3fbe1d6d3687f4893e88fd8c63-calc_S2_shear": 1, "1f180e3fbe1d6d3687f4893e88fd8c63-shear_5nN_grompp": 1, "1f180e3fbe1d6d3687f4893e88fd8c63-compress_grompp": 1, "1f180e3fbe1d6d3687f4893e88fd8c63-shear_15nN": 1, "1f180e3fbe1d6d3687f4893e88fd8c63-lammps_to_gmx": 1, "1f180e3fbe1d6d3687f4893e88fd8c63-shear_25nN_rerun": 1, "1f180e3fbe1d6d3687f4893e88fd8c63-fix_overlaps": 1, "1f180e3fbe1d6d3687f4893e88fd8c63-shear_5nN": 1, "1f180e3fbe1d6d3687f4893e88fd8c63-unwrap_shear_15nN": 1, "1f180e3fbe1d6d3687f4893e88fd8c63-calc_friction": 1, "1f180e3fbe1d6d3687f4893e88fd8c63-shear_25nN": 1, "1f180e3fbe1d6d3687f4893e88fd8c63-get_interaction_energy_5nN": 1, "1f180e3fbe1d6d3687f4893e88fd8c63-log_interaction_energy_5nN": 1, "1f180e3fbe1d6d3687f4893e88fd8c63-equilibrate": 1, "1f180e3fbe1d6d3687f4893e88fd8c63-compress": 1, "1f180e3fbe1d6d3687f4893e88fd8c63-shear_5nN_rerun_grompp": 1, "1f180e3fbe1d6d3687f4893e88fd8c63-calc_interdigitation": 1, "1f180e3fbe1d6d3687f4893e88fd8c63-shear_25nN_grompp": 1, "1f180e3fbe1d6d3687f4893e88fd8c63-log_tilt": 1, "1f180e3fbe1d6d3687f4893e88fd8c63-shear_15nN_grompp": 1, "1f180e3fbe1d6d3687f4893e88fd8c63-minimize_grompp": 1, "1f180e3fbe1d6d3687f4893e88fd8c63-shear_5nN_rerun": 1}, "shear_15nN-qq": [-60.424931193445246, 21.347154337857642], "shear_5nN-Etotal": [-1196.924523148681, 51.577577893878434], "avg_molecular_weight": 56.0252, "delta_dipole_moment": 1.0700000000000003, "shear_15nN-lj": [-1418.5676863756996, 46.41432630475118], "shear_5nN-lj": [-1168.0134178904875, 46.59391601139745]}