{"shear_15nN-qq": [75.34221954516386, 10.17292314915844], "tilt_bottom": {"15nN": 38.67252904782907, "5nN": 35.66003696406734, "25nN": 41.142970122697406}, "delta_molecular_weight": 12.010700000000002, "status": {"912dd712993caa3d9cd07a81f1c1d814-log_tilt": 1, "912dd712993caa3d9cd07a81f1c1d814-get_interaction_energy_15nN": 1, "912dd712993caa3d9cd07a81f1c1d814-minimize": 1, "912dd712993caa3d9cd07a81f1c1d814-initialize": 1, "912dd712993caa3d9cd07a81f1c1d814-compress_grompp": 1, "912dd712993caa3d9cd07a81f1c1d814-shear_15nN_rerun": 1, "912dd712993caa3d9cd07a81f1c1d814-unwrap_shear_25nN": 1, "912dd712993caa3d9cd07a81f1c1d814-shear_15nN_rerun_grompp": 1, "912dd712993caa3d9cd07a81f1c1d814-log_cof": 1, "912dd712993caa3d9cd07a81f1c1d814-log_interaction_energy_15nN": 1, "912dd712993caa3d9cd07a81f1c1d814-calc_friction": 1, "912dd712993caa3d9cd07a81f1c1d814-log_S2": 1, "912dd712993caa3d9cd07a81f1c1d814-shear_5nN_rerun": 1, "912dd712993caa3d9cd07a81f1c1d814-unwrap_shear_15nN": 1, "912dd712993caa3d9cd07a81f1c1d814-top_to_mol2": 1, "912dd712993caa3d9cd07a81f1c1d814-shear_5nN": 1, "912dd712993caa3d9cd07a81f1c1d814-calc_S2_shear": 1, "912dd712993caa3d9cd07a81f1c1d814-fix_overlaps": 1, "912dd712993caa3d9cd07a81f1c1d814-log_interaction_energy_5nN": 1, "912dd712993caa3d9cd07a81f1c1d814-shear_25nN": 1, "912dd712993caa3d9cd07a81f1c1d814-get_interaction_energy_5nN": 1, "912dd712993caa3d9cd07a81f1c1d814-compress": 1, "912dd712993caa3d9cd07a81f1c1d814-calc_interdigitation": 1, "912dd712993caa3d9cd07a81f1c1d814-log_interaction_energy_25nN": 1, "912dd712993caa3d9cd07a81f1c1d814-shear_25nN_rerun": 1, "912dd712993caa3d9cd07a81f1c1d814-shear_25nN_rerun_grompp": 1, "912dd712993caa3d9cd07a81f1c1d814-calc_tilt_shear": 1, "912dd712993caa3d9cd07a81f1c1d814-lammps_to_gmx": 1, "912dd712993caa3d9cd07a81f1c1d814-shear_25nN_grompp": 1, "912dd712993caa3d9cd07a81f1c1d814-get_interaction_energy_25nN": 1, "912dd712993caa3d9cd07a81f1c1d814-equilibrate_grompp": 1, "912dd712993caa3d9cd07a81f1c1d814-unwrap_shear_5nN": 1, "912dd712993caa3d9cd07a81f1c1d814-equilibrate": 1, "912dd712993caa3d9cd07a81f1c1d814-shear_15nN_grompp": 1, "912dd712993caa3d9cd07a81f1c1d814-minimize_grompp": 1, "912dd712993caa3d9cd07a81f1c1d814-shear_5nN_rerun_grompp": 1, "912dd712993caa3d9cd07a81f1c1d814-shear_15nN": 1, "912dd712993caa3d9cd07a81f1c1d814-shear_5nN_grompp": 1}, "interdigitation": {"15nN": 0.15292614683338382, "5nN": 0.12190357027715537, "25nN": 0.1154256045102162}, "intercept": 0.7366086823864855, "delta_dipole_moment": 0.0, "S2_top": {"15nN": 0.9513775299473741, "5nN": 0.9702095524571851, "25nN": 0.9593981782929719}, "shear_25nN-Etotal": [-1451.336046782574, 45.757537358975135], "avg_dipole_moment": 0.0, "S2_bottom": {"15nN": 0.9627591192957468, "5nN": 0.9652398417079121, "25nN": 0.9550917978688861}, "avg_molecular_weight": 21.03975, "shear_15nN-lj": [-1481.4856421446843, 44.54600531557327], "tilt_top": {"15nN": 37.5312188261111, "5nN": 35.1028084701804, "25nN": 39.5925094859281}, "shear_5nN-Etotal": [-1205.3549267865706, 46.670897343059394], "shear_5nN-qq": [26.879823098321342, 9.916694621961948], "shear_5nN-lj": [-1232.2347498848922, 48.2436160728483], "COF": 0.11973991361667584, "shear_25nN-lj": [-1551.343535740208, 47.367033038010824], "shear_25nN-qq": [100.0074889576339, 9.09257262155776], "shear_15nN-Etotal": [-1406.1434225995204, 43.0862912107334]}