{"MR-mean":7.4369,"asphericity-mean":0.2619,"balabanj-mean":3.096103,"bertzct-mean":28.211192,"chi0-mean":4.8535535,"chi0n-mean":4.704124,"chi0v-mean":0.704124,"chi1-mean":2.28033,"chi1n-mean":2.056186,"chi1v-mean":0.102062,"chi2n-mean":0.0,"chi2v-mean":0.0,"chi3n-mean":0.0,"chi3v-mean":0.0,"chi4n-mean":0.0,"chi4v-mean":0.0,"e-valence-mean":11.0,"eccentricity-mean":0.6442475,"hk-alpha-mean":-0.02,"hk-kappa1-mean":0.036712,"hk-kappa2-mean":0.48,"hk-kappa3-mean":-13.52,"ipc-mean":7.8872185,"isf-mean":0.268089,"labuteASA-mean":16.799585,"logP-mean":0.1223,"molwt-mean":24.0287575,"molwt-hvy-mean":20.0105,"nheavy-mean":1.5,"npr1-mean":0.5754775,"npr2-mean":0.9604725,"pbf-mean":0.426187,"pc+-mean":0.238594,"pc--mean":-0.238594,"pmi1-mean":3.632281,"pmi2-mean":11.3511795,"pmi3-mean":11.833192,"rbonds-mean":0.5,"rg-mean":0.6901725,"rpc+-mean":0.3872795,"rpc--mean":1.0,"spherocity-mean":0.750675,"tpsa-mean":10.115,"vsa+-mean":9.032231,"vsa--mean":6.2198335,"vsa-fhyd-mean":0.815152,"vsa-fneg-mean":0.4304475,"vsa-fpneg-mean":0.1443965,"vsa-fpos-mean":0.5695525,"vsa-fppos-mean":0.0404515,"vsa-hyd-mean":11.9820605,"vsa-polar-mean":0.184848,"vsa-polar+-mean":0.7156,"vsa-polar--mean":2.554404,"MR-min":6.731,"asphericity-min":0.000928,"balabanj-min":3.023716,"bertzct-min":19.119415,"chi0-min":4.5,"chi0n-min":4.5,"chi0v-min":0.5,"chi1-min":2.0,"chi1n-min":2.0,"chi1v-min":0.0,"chi2n-min":0.0,"chi2v-min":0.0,"chi3n-min":0.0,"chi3v-min":0.0,"chi4n-min":0.0,"chi4v-min":0.0,"e-valence-min":8.0,"eccentricity-min":0.308654,"hk-alpha-min":-0.04,"hk-kappa1-min":0.0,"hk-kappa2-min":0.0,"hk-kappa3-min":-27.04,"ipc-min":3.60964,"isf-min":0.236521,"labuteASA-min":14.359133,"logP-min":-0.3915,"molwt-min":16.0313,"molwt-hvy-min":12.011,"nheavy-min":1.0,"npr1-min":0.199781,"npr2-min":0.958785,"pbf-min":0.371023,"pc+-min":0.077558,"pc--min":-0.39963,"pmi1-min":3.210868,"pmi2-min":3.247951,"pmi3-min":3.375689,"rbonds-min":0.0,"rg-min":0.553629,"rpc+-min":0.25,"rpc--min":1.0,"spherocity-min":0.560904,"tpsa-min":0.0,"vsa+-min":5.483034,"vsa--min":5.108808,"vsa-fhyd-min":0.630304,"vsa-fneg-min":0.288793,"vsa-fpneg-min":0.0,"vsa-fpos-min":0.427898,"vsa-fppos-min":0.0,"vsa-hyd-min":11.150228,"vsa-polar-min":0.0,"vsa-polar+-min":0.0,"vsa-polar--min":0.0,"MR-max":8.1428,"asphericity-max":0.522872,"balabanj-max":3.16849,"bertzct-max":37.302969,"chi0-max":5.207107,"chi0n-max":4.908248,"chi0v-max":0.908248,"chi1-max":2.56066,"chi1n-max":2.112372,"chi1v-max":0.204124,"chi2n-max":0.0,"chi2v-max":0.0,"chi3n-max":0.0,"chi3v-max":0.0,"chi4n-max":0.0,"chi4v-max":0.0,"e-valence-max":14.0,"eccentricity-max":0.979841,"hk-alpha-max":0.0,"hk-kappa1-max":0.073424,"hk-kappa2-max":0.96,"hk-kappa3-max":0.0,"ipc-max":12.164797,"isf-max":0.299657,"labuteASA-max":19.240037,"logP-max":0.6361,"molwt-max":32.026215,"molwt-hvy-max":28.01,"nheavy-max":2.0,"npr1-max":0.951174,"npr2-max":0.96216,"pbf-max":0.481351,"pc+-max":0.39963,"pc--max":-0.077558,"pmi1-max":4.053694,"pmi2-max":19.454408,"pmi3-max":20.290695,"rbonds-max":1.0,"rg-max":0.826716,"rpc+-max":0.524559,"rpc--max":1.0,"spherocity-max":0.940446,"tpsa-max":20.23,"vsa+-max":12.581428,"vsa--max":7.330859,"vsa-fhyd-max":1.0,"vsa-fneg-max":0.572102,"vsa-fpneg-max":0.288793,"vsa-fpos-max":0.711207,"vsa-fppos-max":0.080903,"vsa-hyd-max":12.813893,"vsa-polar-max":0.369696,"vsa-polar+-max":1.4312,"vsa-polar--max":5.108808,"MR-diff":1.4118,"asphericity-diff":0.521944,"balabanj-diff":0.144774,"bertzct-diff":18.183554,"chi0-diff":0.707107,"chi0n-diff":0.408248,"chi0v-diff":0.408248,"chi1-diff":0.56066,"chi1n-diff":0.112372,"chi1v-diff":0.204124,"chi2n-diff":0.0,"chi2v-diff":0.0,"chi3n-diff":0.0,"chi3v-diff":0.0,"chi4n-diff":0.0,"chi4v-diff":0.0,"e-valence-diff":6.0,"eccentricity-diff":0.671187,"hk-alpha-diff":0.04,"hk-kappa1-diff":0.073424,"hk-kappa2-diff":0.96,"hk-kappa3-diff":27.04,"ipc-diff":8.555157,"isf-diff":0.063136,"labuteASA-diff":4.880904,"logP-diff":1.0276,"molwt-diff":15.994915,"molwt-hvy-diff":15.999,"nheavy-diff":1.0,"npr1-diff":0.751393,"npr2-diff":0.003375,"pbf-diff":0.110328,"pc+-diff":0.322072,"pc--diff":0.322072,"pmi1-diff":0.842826,"pmi2-diff":16.206457,"pmi3-diff":16.915006,"rbonds-diff":1.0,"rg-diff":0.273087,"rpc+-diff":0.274559,"rpc--diff":0.0,"spherocity-diff":0.379542,"tpsa-diff":20.23,"vsa+-diff":7.098394,"vsa--diff":2.222051,"vsa-fhyd-diff":0.369696,"vsa-fneg-diff":0.283309,"vsa-fpneg-diff":0.288793,"vsa-fpos-diff":0.283309,"vsa-fppos-diff":0.080903,"vsa-hyd-diff":1.663665,"vsa-polar-diff":0.369696,"vsa-polar+-diff":1.4312,"vsa-polar--diff":5.108808,"hbonds":0.0}