{"shear_15nN-qq": [-22.949870317346125, 14.816399851185631], "tilt_bottom": {"15nN": 38.732275970626304, "5nN": 35.28566011367964, "25nN": 41.10216647174589}, "delta_molecular_weight": 37.9721, "status": {"e5f6da9c3ba538ceafd699f5287b2fae-get_interaction_energy_5nN": 1, "e5f6da9c3ba538ceafd699f5287b2fae-log_interaction_energy_15nN": 1, "e5f6da9c3ba538ceafd699f5287b2fae-compress_grompp": 1, "e5f6da9c3ba538ceafd699f5287b2fae-calc_interdigitation": 1, "e5f6da9c3ba538ceafd699f5287b2fae-lammps_to_gmx": 1, "e5f6da9c3ba538ceafd699f5287b2fae-shear_5nN_rerun_grompp": 1, "e5f6da9c3ba538ceafd699f5287b2fae-unwrap_shear_25nN": 1, "e5f6da9c3ba538ceafd699f5287b2fae-log_S2": 1, "e5f6da9c3ba538ceafd699f5287b2fae-shear_25nN_grompp": 1, "e5f6da9c3ba538ceafd699f5287b2fae-minimize": 1, "e5f6da9c3ba538ceafd699f5287b2fae-log_interaction_energy_5nN": 1, "e5f6da9c3ba538ceafd699f5287b2fae-shear_15nN_rerun": 1, "e5f6da9c3ba538ceafd699f5287b2fae-log_tilt": 1, "e5f6da9c3ba538ceafd699f5287b2fae-equilibrate": 1, "e5f6da9c3ba538ceafd699f5287b2fae-initialize": 1, "e5f6da9c3ba538ceafd699f5287b2fae-shear_15nN_rerun_grompp": 1, "e5f6da9c3ba538ceafd699f5287b2fae-shear_25nN_rerun_grompp": 1, "e5f6da9c3ba538ceafd699f5287b2fae-unwrap_shear_15nN": 1, "e5f6da9c3ba538ceafd699f5287b2fae-log_cof": 1, "e5f6da9c3ba538ceafd699f5287b2fae-shear_25nN_rerun": 1, "e5f6da9c3ba538ceafd699f5287b2fae-shear_15nN_grompp": 1, "e5f6da9c3ba538ceafd699f5287b2fae-get_interaction_energy_15nN": 1, "e5f6da9c3ba538ceafd699f5287b2fae-shear_5nN_grompp": 1, "e5f6da9c3ba538ceafd699f5287b2fae-unwrap_shear_5nN": 1, "e5f6da9c3ba538ceafd699f5287b2fae-equilibrate_grompp": 1, "e5f6da9c3ba538ceafd699f5287b2fae-shear_15nN": 1, "e5f6da9c3ba538ceafd699f5287b2fae-calc_S2_shear": 1, "e5f6da9c3ba538ceafd699f5287b2fae-top_to_mol2": 1, "e5f6da9c3ba538ceafd699f5287b2fae-shear_25nN": 1, "e5f6da9c3ba538ceafd699f5287b2fae-get_interaction_energy_25nN": 1, "e5f6da9c3ba538ceafd699f5287b2fae-log_interaction_energy_25nN": 1, "e5f6da9c3ba538ceafd699f5287b2fae-fix_overlaps": 1, "e5f6da9c3ba538ceafd699f5287b2fae-compress": 1, "e5f6da9c3ba538ceafd699f5287b2fae-shear_5nN_rerun": 1, "e5f6da9c3ba538ceafd699f5287b2fae-calc_tilt_shear": 1, "e5f6da9c3ba538ceafd699f5287b2fae-minimize_grompp": 1, "e5f6da9c3ba538ceafd699f5287b2fae-shear_5nN": 1, "e5f6da9c3ba538ceafd699f5287b2fae-calc_friction": 1}, "interdigitation": {"15nN": 0.12435157438639717, "5nN": 0.1177710599420202, "25nN": 0.1213783080262058}, "avg_molecular_weight": 50.01985, "delta_dipole_moment": 0.4099999999999999, "S2_top": {"15nN": 0.970553009167059, "5nN": 0.9613445155143138, "25nN": 0.9672345856872238}, "shear_25nN-Etotal": [-1470.4893856027177, 52.34110614951195], "shear_5nN-Etotal": [-1110.87958117506, 50.65951146446956], "S2_bottom": {"15nN": 0.9721553998455432, "5nN": 0.9734545332172294, "25nN": 0.9716836720952765}, "intercept": 0.5131630307540873, "shear_15nN-lj": [-1331.2051541390888, 48.68396089430663], "tilt_top": {"15nN": 38.47513800822966, "5nN": 35.55280424470078, "25nN": 40.05104457483558}, "avg_dipole_moment": 1.8849999999999998, "shear_5nN-qq": [-15.307857445243805, 14.40532029196726], "shear_5nN-lj": [-1095.571723729816, 46.379319759717646], "COF": 0.16381002720774707, "shear_25nN-lj": [-1433.2236581766585, 48.08455628507028], "shear_25nN-qq": [-37.26572742605915, 19.443566273253897], "shear_15nN-Etotal": [-1354.1550244564348, 51.99399193637615]}