{"avg_dipole_moment": 2.385, "max_dipole_moment": 2.89, "min_dipole_moment": 1.88, "max_molecular_weight": 66.0811, "shear_5nN-qq": [-760.3567326530776, 82.61784023279645], "intercept": 2.5363525231119075, "shear_15nN-qq": [-870.8421047290167, 90.89274704767313], "min_molecular_weight": 17.0073, "delta_molecular_weight": 49.073800000000006, "ch3-smiles-2": "C1=C(C)NC=C1", "chain-smiles-2": "CCCCCCCCCCCCCCCCCC1=CNC=C1", "tilt_bottom": {"25nN": 40.49297909072132, "5nN": 34.972684606569594, "15nN": 38.43724229780044}, "tilt_top": {"25nN": 40.98009168409691, "5nN": 36.89739003643226, "15nN": 38.83838353008219}, "shear_15nN-lj": [-1701.2122698377298, 55.84845482063097], "h-smiles-1": "O", "ch3-smiles-1": "CO", "S2_bottom": {"25nN": 0.961244720802774, "5nN": 0.9634241122277616, "15nN": 0.9620323205980529}, "h-smiles-2": "C1=CNC=C1", "shear_25nN-qq": [-894.0550714828138, 89.09959046029242], "COF": 0.14806697194483373, "shear_25nN-lj": [-1758.0873815555556, 57.15051553263305], "S2_top": {"25nN": 0.971129284048974, "5nN": 0.9791158017326901, "15nN": 0.9661679965256862}, "shear_15nN-Etotal": [-2572.054374566747, 107.50749012781685], "shear_5nN-Etotal": [-2282.857005964828, 107.94026019762072], "shear_25nN-Etotal": [-2652.1424530383692, 101.18117562998167], "avg_molecular_weight": 41.544200000000004, "shear_5nN-lj": [-1522.5002733117506, 53.69879520046982], "delta_dipole_moment": 1.0100000000000002, "status": {"dc1c5a1633d641bb1c31d0f9226f559e-shear_15nN_rerun": 1, "dc1c5a1633d641bb1c31d0f9226f559e-get_interaction_energy_25nN": 1, "dc1c5a1633d641bb1c31d0f9226f559e-fix_overlaps": 1, "dc1c5a1633d641bb1c31d0f9226f559e-shear_15nN_rerun_grompp": 1, "dc1c5a1633d641bb1c31d0f9226f559e-calc_interdigitation": 1, "dc1c5a1633d641bb1c31d0f9226f559e-shear_25nN_grompp": 1, "dc1c5a1633d641bb1c31d0f9226f559e-equilibrate": 1, "dc1c5a1633d641bb1c31d0f9226f559e-shear_25nN_rerun": 1, "dc1c5a1633d641bb1c31d0f9226f559e-shear_25nN": 1, "dc1c5a1633d641bb1c31d0f9226f559e-shear_15nN_grompp": 1, "dc1c5a1633d641bb1c31d0f9226f559e-shear_5nN_rerun_grompp": 1, "dc1c5a1633d641bb1c31d0f9226f559e-compress": 1, "dc1c5a1633d641bb1c31d0f9226f559e-log_interaction_energy_25nN": 1, "dc1c5a1633d641bb1c31d0f9226f559e-lammps_to_gmx": 1, "dc1c5a1633d641bb1c31d0f9226f559e-log_S2": 1, "dc1c5a1633d641bb1c31d0f9226f559e-top_to_mol2": 1, "dc1c5a1633d641bb1c31d0f9226f559e-get_interaction_energy_5nN": 1, "dc1c5a1633d641bb1c31d0f9226f559e-calc_tilt_shear": 1, "dc1c5a1633d641bb1c31d0f9226f559e-initialize": 1, "dc1c5a1633d641bb1c31d0f9226f559e-calc_S2_shear": 1, "dc1c5a1633d641bb1c31d0f9226f559e-calc_friction": 1, "dc1c5a1633d641bb1c31d0f9226f559e-shear_5nN_rerun": 1, "dc1c5a1633d641bb1c31d0f9226f559e-compress_grompp": 1, "dc1c5a1633d641bb1c31d0f9226f559e-unwrap_shear_5nN": 1, "dc1c5a1633d641bb1c31d0f9226f559e-equilibrate_grompp": 1, "dc1c5a1633d641bb1c31d0f9226f559e-log_interaction_energy_5nN": 1, "dc1c5a1633d641bb1c31d0f9226f559e-shear_5nN_grompp": 1, "dc1c5a1633d641bb1c31d0f9226f559e-log_tilt": 1, "dc1c5a1633d641bb1c31d0f9226f559e-minimize": 1, "dc1c5a1633d641bb1c31d0f9226f559e-count_hydrogen_bonds": 1, "dc1c5a1633d641bb1c31d0f9226f559e-log_cof": 1, "dc1c5a1633d641bb1c31d0f9226f559e-get_interaction_energy_15nN": 1, "dc1c5a1633d641bb1c31d0f9226f559e-unwrap_shear_15nN": 1, "dc1c5a1633d641bb1c31d0f9226f559e-shear_5nN": 1, "dc1c5a1633d641bb1c31d0f9226f559e-minimize_grompp": 1, "dc1c5a1633d641bb1c31d0f9226f559e-shear_25nN_rerun_grompp": 1, "dc1c5a1633d641bb1c31d0f9226f559e-log_interaction_energy_15nN": 1, "dc1c5a1633d641bb1c31d0f9226f559e-shear_15nN": 1, "dc1c5a1633d641bb1c31d0f9226f559e-unwrap_shear_25nN": 1}, "chain-smiles-1": "CCCCCCCCCCCCCCCCCO"}