{"MR-mean":17.634,"asphericity-mean":0.55837,"balabanj-mean":2.8955315,"bertzct-mean":120.233944,"chi0-mean":6.0856045,"chi0n-mean":4.820837,"chi0v-mean":2.320837,"chi1-mean":3.439158,"chi1n-mean":2.277065,"chi1v-mean":1.027065,"chi2n-mean":0.506759,"chi2v-mean":0.506759,"chi3n-mean":0.2347455,"chi3v-mean":0.2347455,"chi4n-mean":0.117373,"chi4v-mean":0.117373,"e-valence-mean":26.5,"eccentricity-mean":0.973111,"hk-alpha-mean":-0.725,"hk-kappa1-mean":1.856009,"hk-kappa2-mean":1.5674835,"hk-kappa3-mean":1.1997885,"ipc-mean":209.5346265,"isf-mean":0.1170355,"labuteASA-mean":32.719552,"logP-mean":0.70605,"molwt-mean":71.0152155,"molwt-hvy-mean":68.5345,"nheavy-mean":5.0,"npr1-mean":0.199732,"npr2-mean":0.800268,"pbf-mean":0.0000025,"pc+-mean":0.4138265,"pc--mean":-0.4138265,"pmi1-mean":46.1931835,"pmi2-mean":118.4334955,"pmi3-mean":164.626679,"rbonds-mean":0.0,"rg-mean":1.3590375,"rpc+-mean":0.6393,"rpc--mean":0.4850055,"spherocity-mean":0.0,"tpsa-mean":27.115,"vsa+-mean":9.005602,"vsa--mean":22.358413,"vsa-fhyd-mean":0.780792,"vsa-fneg-mean":0.6932105,"vsa-fpneg-mean":0.0464365,"vsa-fpos-mean":0.3067895,"vsa-fppos-mean":0.1727715,"vsa-hyd-mean":26.4987125,"vsa-polar-mean":0.219208,"vsa-polar+-mean":2.670095,"vsa-polar--mean":2.1952075,"MR-min":8.868,"asphericity-min":0.355906,"balabanj-min":2.187496,"bertzct-min":10.264663,"chi0-min":2.707107,"chi0n-min":1.26371,"chi0v-min":1.26371,"chi1-min":1.414214,"chi1n-min":0.365148,"chi1v-min":0.365148,"chi2n-min":0.074536,"chi2v-min":0.074536,"chi3n-min":0.0,"chi3v-min":0.0,"chi4n-min":0.0,"chi4v-min":0.0,"e-valence-min":17.0,"eccentricity-min":0.950045,"hk-alpha-min":-0.85,"hk-kappa1-min":1.312018,"hk-kappa2-min":1.4,"hk-kappa3-min":0.999577,"ipc-min":2.754888,"isf-min":0.007786,"labuteASA-min":16.817313,"logP-min":-0.4136,"molwt-min":45.992903,"molwt-hvy-min":46.005,"nheavy-min":3.0,"npr1-min":0.087352,"npr2-min":0.687888,"pbf-min":0.0,"pc+-min":0.387211,"pc--min":-0.440442,"pmi1-min":4.033169,"pmi2-min":42.13804,"pmi3-min":46.171208,"rbonds-min":0.0,"rg-min":1.001805,"rpc+-min":0.2786,"rpc--min":0.470011,"spherocity-min":0.0,"tpsa-min":0.0,"vsa+-min":5.34019,"vsa--min":10.114318,"vsa-fhyd-min":0.654457,"vsa-fneg-min":0.654457,"vsa-fpneg-min":0.0,"vsa-fpos-min":0.268036,"vsa-fppos-min":0.0,"vsa-hyd-min":10.114318,"vsa-polar-min":0.092873,"vsa-polar+-min":0.0,"vsa-polar--min":0.0,"MR-max":26.4,"asphericity-max":0.760834,"balabanj-max":3.603567,"bertzct-max":230.203225,"chi0-max":9.464102,"chi0n-max":8.377964,"chi0v-max":3.377964,"chi1-max":5.464102,"chi1n-max":4.188982,"chi1v-max":1.688982,"chi2n-max":0.938982,"chi2v-max":0.938982,"chi3n-max":0.469491,"chi3v-max":0.469491,"chi4n-max":0.234746,"chi4v-max":0.234746,"e-valence-max":36.0,"eccentricity-max":0.996177,"hk-alpha-max":-0.6,"hk-kappa1-max":2.4,"hk-kappa2-max":1.734967,"hk-kappa3-max":1.4,"ipc-max":416.314365,"isf-max":0.226285,"labuteASA-max":48.621791,"logP-max":1.8257,"molwt-max":96.037528,"molwt-hvy-max":91.064,"nheavy-max":7.0,"npr1-max":0.312112,"npr2-max":0.912648,"pbf-max":0.000005,"pc+-max":0.440442,"pc--max":-0.387211,"pmi1-max":88.353198,"pmi2-max":194.728951,"pmi3-max":283.08215,"rbonds-max":0.0,"rg-max":1.71627,"rpc+-max":1.0,"rpc--max":0.5,"spherocity-max":0.0,"tpsa-max":54.23,"vsa+-max":12.671014,"vsa--max":34.602508,"vsa-fhyd-max":0.907127,"vsa-fneg-max":0.731964,"vsa-fpneg-max":0.092873,"vsa-fpos-max":0.345543,"vsa-fppos-max":0.345543,"vsa-hyd-max":42.883107,"vsa-polar-max":0.345543,"vsa-polar+-max":5.34019,"vsa-polar--max":4.390415,"MR-diff":17.532,"asphericity-diff":0.404928,"balabanj-diff":1.416071,"bertzct-diff":219.938562,"chi0-diff":6.756995,"chi0n-diff":7.114254,"chi0v-diff":2.114254,"chi1-diff":4.049888,"chi1n-diff":3.823834,"chi1v-diff":1.323834,"chi2n-diff":0.864446,"chi2v-diff":0.864446,"chi3n-diff":0.469491,"chi3v-diff":0.469491,"chi4n-diff":0.234746,"chi4v-diff":0.234746,"e-valence-diff":19.0,"eccentricity-diff":0.046132,"hk-alpha-diff":0.25,"hk-kappa1-diff":1.087982,"hk-kappa2-diff":0.334967,"hk-kappa3-diff":0.400423,"ipc-diff":413.559477,"isf-diff":0.218499,"labuteASA-diff":31.804478,"logP-diff":2.2393,"molwt-diff":50.044625,"molwt-hvy-diff":45.059,"nheavy-diff":4.0,"npr1-diff":0.22476,"npr2-diff":0.22476,"pbf-diff":0.000005,"pc+-diff":0.053231,"pc--diff":0.053231,"pmi1-diff":84.320029,"pmi2-diff":152.590911,"pmi3-diff":236.910942,"rbonds-diff":0.0,"rg-diff":0.714465,"rpc+-diff":0.7214,"rpc--diff":0.029989,"spherocity-diff":0.0,"tpsa-diff":54.23,"vsa+-diff":7.330824,"vsa--diff":24.48819,"vsa-fhyd-diff":0.25267,"vsa-fneg-diff":0.077507,"vsa-fpneg-diff":0.092873,"vsa-fpos-diff":0.077507,"vsa-fppos-diff":0.345543,"vsa-hyd-diff":32.768789,"vsa-polar-diff":0.25267,"vsa-polar+-diff":5.34019,"vsa-polar--diff":4.390415,"hbonds":0.0}