{"MR-mean":13.8,"asphericity-mean":0.258003,"balabanj-mean":4.209954,"bertzct-mean":96.6191995,"chi0-mean":7.3273505,"chi0n-mean":6.3169465,"chi0v-mean":1.8169465,"chi1-mean":3.5520295,"chi1n-mean":2.9084735,"chi1v-mean":0.6584735,"chi2n-mean":0.3113795,"chi2v-mean":0.3113795,"chi3n-mean":0.0,"chi3v-mean":0.0,"chi4n-mean":0.0,"chi4v-mean":0.0,"e-valence-mean":25.0,"eccentricity-mean":0.6592695,"hk-alpha-mean":-0.235,"hk-kappa1-mean":0.8154185,"hk-kappa2-mean":1.310008,"hk-kappa3-mean":138.551848,"ipc-mean":35.688185,"isf-mean":0.0414615,"labuteASA-mean":30.512533,"logP-mean":1.38045,"molwt-mean":63.0328175,"molwt-hvy-mean":58.5245,"nheavy-mean":4.0,"npr1-mean":0.570804,"npr2-mean":0.909415,"pbf-mean":0.3967035,"pc+-mean":0.380023,"pc--mean":-0.380023,"pmi1-mean":54.6510545,"pmi2-mean":74.905409,"pmi3-mean":81.076525,"rbonds-mean":0.5,"rg-mean":1.2668675,"rpc+-mean":0.4904155,"rpc--mean":0.3771775,"spherocity-mean":0.4476595,"tpsa-mean":0.0,"vsa+-mean":12.6825095,"vsa--mean":16.303124,"vsa-fhyd-mean":0.8981205,"vsa-fneg-mean":0.568589,"vsa-fpneg-mean":0.0,"vsa-fpos-mean":0.431411,"vsa-fppos-mean":0.1018795,"vsa-hyd-mean":25.897484,"vsa-polar-mean":0.1018795,"vsa-polar+-mean":3.0881495,"vsa-polar--mean":0.0,"MR-min":11.729,"asphericity-min":0.001287,"balabanj-min":4.020392,"bertzct-min":67.509775,"chi0-min":7.0,"chi0n-min":5.133893,"chi0v-min":1.5,"chi1-min":3.25,"chi1n-min":2.316947,"chi1v-min":0.5,"chi2n-min":0.125,"chi2v-min":0.125,"chi3n-min":0.0,"chi3v-min":0.0,"chi4n-min":0.0,"chi4v-min":0.0,"e-valence-min":18.0,"eccentricity-min":0.338904,"hk-alpha-min":-0.26,"hk-kappa1-min":0.138474,"hk-kappa2-min":0.880016,"hk-kappa3-min":1.74,"ipc-min":21.306059,"isf-min":0.009852,"labuteASA-min":29.209355,"logP-min":1.1923,"molwt-min":42.04695,"molwt-hvy-min":36.033,"nheavy-min":3.0,"npr1-min":0.200787,"npr2-min":0.857565,"pbf-min":0.225653,"pc+-min":0.245501,"pc--min":-0.514545,"pmi1-min":11.736005,"pmi2-min":50.124567,"pmi3-min":58.449895,"rbonds-min":0.0,"rg-min":1.195621,"rpc+-min":0.230808,"rpc--min":0.333333,"spherocity-min":0.209854,"tpsa-min":0.0,"vsa+-min":8.224552,"vsa--min":13.171245,"vsa-fhyd-min":0.796241,"vsa-fneg-min":0.434527,"vsa-fpneg-min":0.0,"vsa-fpos-min":0.297349,"vsa-fppos-min":0.0,"vsa-hyd-min":24.135413,"vsa-polar-min":0.0,"vsa-polar+-min":0.0,"vsa-polar--min":0.0,"MR-max":15.871,"asphericity-max":0.514719,"balabanj-max":4.399516,"bertzct-max":125.728624,"chi0-max":7.654701,"chi0n-max":7.5,"chi0v-max":2.133893,"chi1-max":3.854059,"chi1n-max":3.5,"chi1v-max":0.816947,"chi2n-max":0.497759,"chi2v-max":0.497759,"chi3n-max":0.0,"chi3v-max":0.0,"chi4n-max":0.0,"chi4v-max":0.0,"e-valence-max":32.0,"eccentricity-max":0.979635,"hk-alpha-max":-0.21,"hk-kappa1-max":1.492363,"hk-kappa2-max":1.74,"hk-kappa3-max":275.363696,"ipc-max":50.070311,"isf-max":0.073071,"labuteASA-max":31.815711,"logP-max":1.5686,"molwt-max":84.018685,"molwt-hvy-max":81.016,"nheavy-max":5.0,"npr1-max":0.940821,"npr2-max":0.961265,"pbf-max":0.567754,"pc+-max":0.514545,"pc--max":-0.245501,"pmi1-max":97.566104,"pmi2-max":99.686251,"pmi3-max":103.703155,"rbonds-max":1.0,"rg-max":1.338114,"rpc+-max":0.750023,"rpc--max":0.421022,"spherocity-max":0.685465,"tpsa-max":0.0,"vsa+-max":17.140467,"vsa--max":19.435003,"vsa-fhyd-max":1.0,"vsa-fneg-max":0.702651,"vsa-fpneg-max":0.0,"vsa-fpos-max":0.565473,"vsa-fppos-max":0.203759,"vsa-hyd-max":27.659555,"vsa-polar-max":0.203759,"vsa-polar+-max":6.176299,"vsa-polar--max":0.0,"MR-diff":4.142,"asphericity-diff":0.513432,"balabanj-diff":0.379124,"bertzct-diff":58.218849,"chi0-diff":0.654701,"chi0n-diff":2.366107,"chi0v-diff":0.633893,"chi1-diff":0.604059,"chi1n-diff":1.183053,"chi1v-diff":0.316947,"chi2n-diff":0.372759,"chi2v-diff":0.372759,"chi3n-diff":0.0,"chi3v-diff":0.0,"chi4n-diff":0.0,"chi4v-diff":0.0,"e-valence-diff":14.0,"eccentricity-diff":0.640731,"hk-alpha-diff":0.05,"hk-kappa1-diff":1.353889,"hk-kappa2-diff":0.859984,"hk-kappa3-diff":273.623696,"ipc-diff":28.764252,"isf-diff":0.063219,"labuteASA-diff":2.606356,"logP-diff":0.3763,"molwt-diff":41.971735,"molwt-hvy-diff":44.983,"nheavy-diff":2.0,"npr1-diff":0.740034,"npr2-diff":0.1037,"pbf-diff":0.342101,"pc+-diff":0.269044,"pc--diff":0.269044,"pmi1-diff":85.830099,"pmi2-diff":49.561684,"pmi3-diff":45.25326,"rbonds-diff":1.0,"rg-diff":0.142493,"rpc+-diff":0.519215,"rpc--diff":0.087689,"spherocity-diff":0.475611,"tpsa-diff":0.0,"vsa+-diff":8.915915,"vsa--diff":6.263758,"vsa-fhyd-diff":0.203759,"vsa-fneg-diff":0.268124,"vsa-fpneg-diff":0.0,"vsa-fpos-diff":0.268124,"vsa-fppos-diff":0.203759,"vsa-hyd-diff":3.524142,"vsa-polar-diff":0.203759,"vsa-polar+-diff":6.176299,"vsa-polar--diff":0.0,"hbonds":0.0}