{"avg_dipole_moment": 1.045, "max_dipole_moment": 2.09, "min_dipole_moment": 0.0, "max_molecular_weight": 69.0059, "shear_5nN-qq": [-0.891592597122302, 10.09426943661492], "intercept": 0.6077410193292772, "shear_15nN-qq": [-0.32072518864908073, 11.129133212518154], "min_molecular_weight": 27.0451, "delta_molecular_weight": 41.96079999999999, "ch3-smiles-2": "CC(F)(F)F", "chain-smiles-2": "CCCCCCCCCCCCCCCCCC(F)(F)F", "tilt_bottom": {"25nN": 40.81258086042943, "5nN": 34.97017193923929, "15nN": 37.81270664906153}, "tilt_top": {"25nN": 38.27875014154912, "5nN": 34.442807595592825, "15nN": 36.09541301183771}, "shear_15nN-lj": [-1340.6204651590726, 43.81367591317838], "h-smiles-1": "C=C", "ch3-smiles-1": "CC=C", "S2_bottom": {"25nN": 0.9455535984727627, "5nN": 0.9589055357618413, "15nN": 0.9642679313169331}, "h-smiles-2": "C(F)(F)F", "shear_25nN-qq": [6.772608887290167, 13.011475538537619], "COF": 0.14090994433638335, "shear_25nN-lj": [-1454.7282547090329, 48.07317064010077], "S2_top": {"25nN": 0.9012860879466509, "5nN": 0.9197658669745977, "15nN": 0.9165731379587667}, "shear_15nN-Etotal": [-1340.9411903477217, 44.496833997914095], "shear_5nN-Etotal": [-1117.4713759440447, 46.56634703265792], "shear_25nN-Etotal": [-1447.9556458217426, 48.93350142849959], "avg_molecular_weight": 48.0255, "shear_5nN-lj": [-1116.5797833469223, 45.603457579636256], "delta_dipole_moment": 2.09, "status": {"e6b4afd113069e59dc370bac0945c8c1-top_to_mol2": 1, "e6b4afd113069e59dc370bac0945c8c1-shear_5nN": 1, "e6b4afd113069e59dc370bac0945c8c1-shear_5nN_rerun_grompp": 1, "e6b4afd113069e59dc370bac0945c8c1-log_interaction_energy_25nN": 1, "e6b4afd113069e59dc370bac0945c8c1-minimize": 1, "e6b4afd113069e59dc370bac0945c8c1-calc_interdigitation": 1, "e6b4afd113069e59dc370bac0945c8c1-compress_grompp": 1, "e6b4afd113069e59dc370bac0945c8c1-calc_S2_shear": 1, "e6b4afd113069e59dc370bac0945c8c1-log_S2": 1, "e6b4afd113069e59dc370bac0945c8c1-shear_25nN_rerun_grompp": 1, "e6b4afd113069e59dc370bac0945c8c1-initialize": 1, "e6b4afd113069e59dc370bac0945c8c1-lammps_to_gmx": 1, "e6b4afd113069e59dc370bac0945c8c1-log_tilt": 1, "e6b4afd113069e59dc370bac0945c8c1-equilibrate_grompp": 1, "e6b4afd113069e59dc370bac0945c8c1-compress": 1, "e6b4afd113069e59dc370bac0945c8c1-shear_5nN_rerun": 1, "e6b4afd113069e59dc370bac0945c8c1-get_interaction_energy_5nN": 1, "e6b4afd113069e59dc370bac0945c8c1-unwrap_shear_15nN": 1, "e6b4afd113069e59dc370bac0945c8c1-shear_25nN_rerun": 1, "e6b4afd113069e59dc370bac0945c8c1-calc_tilt_shear": 1, "e6b4afd113069e59dc370bac0945c8c1-get_interaction_energy_25nN": 1, "e6b4afd113069e59dc370bac0945c8c1-shear_15nN_grompp": 1, "e6b4afd113069e59dc370bac0945c8c1-fix_overlaps": 1, "e6b4afd113069e59dc370bac0945c8c1-shear_15nN": 1, "e6b4afd113069e59dc370bac0945c8c1-unwrap_shear_5nN": 1, "e6b4afd113069e59dc370bac0945c8c1-shear_25nN_grompp": 1, "e6b4afd113069e59dc370bac0945c8c1-log_interaction_energy_15nN": 1, "e6b4afd113069e59dc370bac0945c8c1-calc_friction": 1, "e6b4afd113069e59dc370bac0945c8c1-log_cof": 1, "e6b4afd113069e59dc370bac0945c8c1-get_interaction_energy_15nN": 1, "e6b4afd113069e59dc370bac0945c8c1-equilibrate": 1, "e6b4afd113069e59dc370bac0945c8c1-shear_15nN_rerun": 1, "e6b4afd113069e59dc370bac0945c8c1-shear_25nN": 1, "e6b4afd113069e59dc370bac0945c8c1-log_interaction_energy_5nN": 1, "e6b4afd113069e59dc370bac0945c8c1-minimize_grompp": 1, "e6b4afd113069e59dc370bac0945c8c1-shear_5nN_grompp": 1, "e6b4afd113069e59dc370bac0945c8c1-unwrap_shear_25nN": 1, "e6b4afd113069e59dc370bac0945c8c1-shear_15nN_rerun_grompp": 1}, "chain-smiles-1": "CCCCCCCCCCCCCCCCCC=C"}