{"shear_15nN-qq": [-47.62230780415667, 14.764810797807598], "tilt_bottom": {"25nN": 37.885847971795094, "5nN": 34.80333728516747, "15nN": 37.42468782925869}, "delta_molecular_weight": 68.0491, "status": {"083046022e4e5efa135c1b58d57fe76b-compress": 1, "083046022e4e5efa135c1b58d57fe76b-equilibrate": 1, "083046022e4e5efa135c1b58d57fe76b-equilibrate_grompp": 1, "083046022e4e5efa135c1b58d57fe76b-calc_tilt_shear": 1, "083046022e4e5efa135c1b58d57fe76b-unwrap_shear_5nN": 1, "083046022e4e5efa135c1b58d57fe76b-shear_25nN_grompp": 1, "083046022e4e5efa135c1b58d57fe76b-shear_15nN_rerun": 1, "083046022e4e5efa135c1b58d57fe76b-get_interaction_energy_25nN": 1, "083046022e4e5efa135c1b58d57fe76b-compress_grompp": 1, "083046022e4e5efa135c1b58d57fe76b-shear_15nN_rerun_grompp": 1, "083046022e4e5efa135c1b58d57fe76b-minimize_grompp": 1, "083046022e4e5efa135c1b58d57fe76b-shear_25nN_rerun": 1, "083046022e4e5efa135c1b58d57fe76b-log_interaction_energy_5nN": 1, "083046022e4e5efa135c1b58d57fe76b-initialize": 1, "083046022e4e5efa135c1b58d57fe76b-unwrap_shear_15nN": 1, "083046022e4e5efa135c1b58d57fe76b-calc_friction": 1, "083046022e4e5efa135c1b58d57fe76b-fix_overlaps": 1, "083046022e4e5efa135c1b58d57fe76b-get_interaction_energy_5nN": 1, "083046022e4e5efa135c1b58d57fe76b-shear_15nN": 1, "083046022e4e5efa135c1b58d57fe76b-shear_5nN_rerun": 1, "083046022e4e5efa135c1b58d57fe76b-shear_5nN": 1, "083046022e4e5efa135c1b58d57fe76b-unwrap_shear_25nN": 1, "083046022e4e5efa135c1b58d57fe76b-shear_25nN": 1, "083046022e4e5efa135c1b58d57fe76b-log_interaction_energy_25nN": 1, "083046022e4e5efa135c1b58d57fe76b-get_interaction_energy_15nN": 1, "083046022e4e5efa135c1b58d57fe76b-minimize": 1, "083046022e4e5efa135c1b58d57fe76b-log_cof": 1, "083046022e4e5efa135c1b58d57fe76b-log_tilt": 1, "083046022e4e5efa135c1b58d57fe76b-shear_5nN_grompp": 1, "083046022e4e5efa135c1b58d57fe76b-calc_S2_shear": 1, "083046022e4e5efa135c1b58d57fe76b-lammps_to_gmx": 1, "083046022e4e5efa135c1b58d57fe76b-top_to_mol2": 1, "083046022e4e5efa135c1b58d57fe76b-shear_5nN_rerun_grompp": 1, "083046022e4e5efa135c1b58d57fe76b-log_interaction_energy_15nN": 1, "083046022e4e5efa135c1b58d57fe76b-calc_interdigitation": 1, "083046022e4e5efa135c1b58d57fe76b-shear_15nN_grompp": 1, "083046022e4e5efa135c1b58d57fe76b-log_S2": 1, "083046022e4e5efa135c1b58d57fe76b-shear_25nN_rerun_grompp": 1}, "interdigitation": {"25nN": 0.16308485994612293, "5nN": 0.14136794219452342, "15nN": 0.12993458605126335}, "intercept": 0.9924594105356424, "delta_dipole_moment": 2.03, "S2_top": {"25nN": 0.839613230836425, "5nN": 0.8713656898839284, "15nN": 0.8801961078881749}, "shear_25nN-Etotal": [-1793.5777322669862, 45.9868125588398], "avg_dipole_moment": 1.015, "S2_bottom": {"25nN": 0.8805312149362138, "5nN": 0.9407347393082508, "15nN": 0.9263210370673639}, "avg_molecular_weight": 61.06965, "shear_15nN-lj": [-1608.470201877698, 44.06173246435111], "tilt_top": {"25nN": 36.294476222313925, "5nN": 30.807595958413817, "15nN": 34.71539260021656}, "shear_5nN-Etotal": [-1443.2287834460433, 49.781757673741616], "shear_5nN-qq": [-38.891709561950435, 12.72489822731333], "shear_5nN-lj": [-1404.3370738840927, 47.45998377845373], "COF": 0.11174159447450858, "shear_25nN-lj": [-1743.1246884308553, 44.201760459445694], "shear_25nN-qq": [-50.453043836131094, 15.336796843167177], "shear_15nN-Etotal": [-1656.0925096818544, 46.5464764284181]}