{"shear_15nN-qq": [-62.34570319344524, 16.420862401904714], "tilt_bottom": {"25nN": 38.0965212808594, "5nN": 33.38522690222792, "15nN": 37.16179236052659}, "delta_molecular_weight": 26.088300000000004, "status": {"657a68d8dd3c234cd90c1f11af5777e5-log_S2": 1, "657a68d8dd3c234cd90c1f11af5777e5-top_to_mol2": 1, "657a68d8dd3c234cd90c1f11af5777e5-get_interaction_energy_15nN": 1, "657a68d8dd3c234cd90c1f11af5777e5-shear_25nN_rerun": 1, "657a68d8dd3c234cd90c1f11af5777e5-get_interaction_energy_25nN": 1, "657a68d8dd3c234cd90c1f11af5777e5-shear_25nN_grompp": 1, "657a68d8dd3c234cd90c1f11af5777e5-log_interaction_energy_15nN": 1, "657a68d8dd3c234cd90c1f11af5777e5-calc_interdigitation": 1, "657a68d8dd3c234cd90c1f11af5777e5-shear_5nN": 1, "657a68d8dd3c234cd90c1f11af5777e5-get_interaction_energy_5nN": 1, "657a68d8dd3c234cd90c1f11af5777e5-unwrap_shear_15nN": 1, "657a68d8dd3c234cd90c1f11af5777e5-shear_15nN_rerun": 1, "657a68d8dd3c234cd90c1f11af5777e5-compress": 1, "657a68d8dd3c234cd90c1f11af5777e5-fix_overlaps": 1, "657a68d8dd3c234cd90c1f11af5777e5-calc_friction": 1, "657a68d8dd3c234cd90c1f11af5777e5-shear_25nN": 1, "657a68d8dd3c234cd90c1f11af5777e5-log_tilt": 1, "657a68d8dd3c234cd90c1f11af5777e5-shear_15nN_grompp": 1, "657a68d8dd3c234cd90c1f11af5777e5-unwrap_shear_25nN": 1, "657a68d8dd3c234cd90c1f11af5777e5-shear_15nN_rerun_grompp": 1, "657a68d8dd3c234cd90c1f11af5777e5-log_interaction_energy_25nN": 1, "657a68d8dd3c234cd90c1f11af5777e5-log_interaction_energy_5nN": 1, "657a68d8dd3c234cd90c1f11af5777e5-initialize": 1, "657a68d8dd3c234cd90c1f11af5777e5-lammps_to_gmx": 1, "657a68d8dd3c234cd90c1f11af5777e5-shear_15nN": 1, "657a68d8dd3c234cd90c1f11af5777e5-equilibrate_grompp": 1, "657a68d8dd3c234cd90c1f11af5777e5-shear_25nN_rerun_grompp": 1, "657a68d8dd3c234cd90c1f11af5777e5-shear_5nN_rerun_grompp": 1, "657a68d8dd3c234cd90c1f11af5777e5-calc_tilt_shear": 1, "657a68d8dd3c234cd90c1f11af5777e5-minimize_grompp": 1, "657a68d8dd3c234cd90c1f11af5777e5-shear_5nN_grompp": 1, "657a68d8dd3c234cd90c1f11af5777e5-compress_grompp": 1, "657a68d8dd3c234cd90c1f11af5777e5-calc_S2_shear": 1, "657a68d8dd3c234cd90c1f11af5777e5-unwrap_shear_5nN": 1, "657a68d8dd3c234cd90c1f11af5777e5-shear_5nN_rerun": 1, "657a68d8dd3c234cd90c1f11af5777e5-equilibrate": 1, "657a68d8dd3c234cd90c1f11af5777e5-log_cof": 1, "657a68d8dd3c234cd90c1f11af5777e5-minimize": 1}, "interdigitation": {"25nN": 0.16163860125681373, "5nN": 0.15549801795848148, "15nN": 0.1953210843796669}, "avg_molecular_weight": 82.05005, "delta_dipole_moment": 0.06000000000000005, "S2_top": {"25nN": 0.971978028564558, "5nN": 0.9754480086042289, "15nN": 0.9426046184561324}, "shear_25nN-Etotal": [-1559.2136416970425, 57.74603392785902], "avg_dipole_moment": 2.0599999999999996, "S2_bottom": {"25nN": 0.9400731048876645, "5nN": 0.9588660001240569, "15nN": 0.9562541252533419}, "intercept": 1.0036545887449435, "shear_15nN-lj": [-1394.888369292566, 48.48990358664783], "tilt_top": {"25nN": 40.58676433500888, "5nN": 35.52923763889079, "15nN": 37.48404504404757}, "shear_5nN-Etotal": [-1225.3129278593126, 55.59433223430727], "shear_5nN-qq": [-49.674049754596325, 14.94961203727585], "shear_5nN-lj": [-1175.6388781047162, 48.05828404448963], "COF": 0.13422550283243373, "shear_25nN-lj": [-1468.4189429656276, 49.92442620739242], "shear_25nN-qq": [-90.79469873141487, 17.771584575601093], "shear_15nN-Etotal": [-1457.234072486011, 54.953436533637834]}