{"MR-mean":12.3237,"asphericity-mean":0.1176185,"balabanj-mean":3.905755,"bertzct-mean":76.4678485,"chi0-mean":6.538675,"chi0n-mean":4.9488015,"chi0v-mean":1.9488015,"chi1-mean":3.096688,"chi1n-mean":2.202851,"chi1v-mean":0.702851,"chi2n-mean":0.3774345,"chi2v-mean":0.3774345,"chi3n-mean":0.0,"chi3v-mean":0.0,"chi4n-mean":0.0,"chi4v-mean":0.0,"e-valence-mean":28.0,"eccentricity-mean":0.600112,"hk-alpha-mean":-0.405,"hk-kappa1-mean":1.081984,"hk-kappa2-mean":0.8483415,"hk-kappa3-mean":137.992959,"ipc-mean":19.1961125,"isf-mean":0.0119945,"labuteASA-mean":29.7114245,"logP-mean":0.73075,"molwt-mean":72.5175315,"molwt-hvy-mean":69.516,"nheavy-mean":4.5,"npr1-mean":0.7045145,"npr2-mean":0.7834655,"pbf-mean":0.4182085,"pc+-mean":0.52211,"pc--mean":-0.52211,"pmi1-mean":69.428286,"pmi2-mean":76.8473065,"pmi3-mean":96.6649545,"rbonds-mean":0.5,"rg-mean":1.284934,"rpc+-mean":0.5581405,"rpc--mean":0.4166665,"spherocity-mean":0.5076925,"tpsa-mean":21.57,"vsa+-mean":16.5759405,"vsa--mean":11.6427815,"vsa-fhyd-mean":0.7045505,"vsa-fneg-mean":0.4108335,"vsa-fpneg-mean":0.19357,"vsa-fpos-mean":0.5891665,"vsa-fppos-mean":0.1018795,"vsa-hyd-mean":20.0734135,"vsa-polar-mean":0.2954495,"vsa-polar+-mean":3.0881495,"vsa-polar--mean":5.057159,"MR-min":11.729,"asphericity-min":0.000961,"balabanj-min":3.791118,"bertzct-min":67.509775,"chi0-min":6.07735,"chi0n-min":4.76371,"chi0v-min":1.76371,"chi1-min":2.943376,"chi1n-min":2.088755,"chi1v-min":0.588755,"chi2n-min":0.25711,"chi2v-min":0.25711,"chi3n-min":0.0,"chi3v-min":0.0,"chi4n-min":0.0,"chi4v-min":0.0,"e-valence-min":24.0,"eccentricity-min":0.311711,"hk-alpha-min":-0.6,"hk-kappa1-min":0.671605,"hk-kappa2-min":0.816667,"hk-kappa3-min":0.622222,"ipc-min":17.086166,"isf-min":0.010206,"labuteASA-min":27.607138,"logP-min":-0.1071,"molwt-min":61.016378,"molwt-hvy-min":58.016,"nheavy-min":4.0,"npr1-min":0.458852,"npr2-min":0.57721,"pbf-min":0.285419,"pc+-min":0.514545,"pc--min":-0.529675,"pmi1-min":41.87739,"pmi2-min":52.679355,"pmi3-min":91.265555,"rbonds-min":0.0,"rg-min":1.233749,"rpc+-min":0.366258,"rpc--min":0.333333,"spherocity-min":0.345975,"tpsa-min":0.0,"vsa+-min":16.011414,"vsa--min":10.114318,"vsa-fhyd-min":0.61286,"vsa-fneg-min":0.38714,"vsa-fpneg-min":0.0,"vsa-fpos-min":0.565473,"vsa-fppos-min":0.0,"vsa-hyd-min":16.011414,"vsa-polar-min":0.203759,"vsa-polar+-min":0.0,"vsa-polar--min":0.0,"MR-max":12.9184,"asphericity-max":0.234276,"balabanj-max":4.020392,"bertzct-max":85.425922,"chi0-max":7.0,"chi0n-max":5.133893,"chi0v-max":2.133893,"chi1-max":3.25,"chi1n-max":2.316947,"chi1v-max":0.816947,"chi2n-max":0.497759,"chi2v-max":0.497759,"chi3n-max":0.0,"chi3v-max":0.0,"chi4n-max":0.0,"chi4v-max":0.0,"e-valence-max":32.0,"eccentricity-max":0.888513,"hk-alpha-max":-0.21,"hk-kappa1-max":1.492363,"hk-kappa2-max":0.880016,"hk-kappa3-max":275.363696,"ipc-max":21.306059,"isf-max":0.013783,"labuteASA-max":31.815711,"logP-max":1.5686,"molwt-max":84.018685,"molwt-hvy-max":81.016,"nheavy-max":5.0,"npr1-max":0.950177,"npr2-max":0.989721,"pbf-max":0.550998,"pc+-max":0.529675,"pc--max":-0.514545,"pmi1-max":96.979182,"pmi2-max":101.015258,"pmi3-max":102.064354,"rbonds-max":1.0,"rg-max":1.336119,"rpc+-max":0.750023,"rpc--max":0.5,"spherocity-max":0.66941,"tpsa-max":43.14,"vsa+-max":17.140467,"vsa--max":13.171245,"vsa-fhyd-max":0.796241,"vsa-fneg-max":0.434527,"vsa-fpneg-max":0.38714,"vsa-fpos-max":0.61286,"vsa-fppos-max":0.203759,"vsa-hyd-max":24.135413,"vsa-polar-max":0.38714,"vsa-polar+-max":6.176299,"vsa-polar--max":10.114318,"MR-diff":1.1894,"asphericity-diff":0.233315,"balabanj-diff":0.229274,"bertzct-diff":17.916147,"chi0-diff":0.92265,"chi0n-diff":0.370183,"chi0v-diff":0.370183,"chi1-diff":0.306624,"chi1n-diff":0.228192,"chi1v-diff":0.228192,"chi2n-diff":0.240649,"chi2v-diff":0.240649,"chi3n-diff":0.0,"chi3v-diff":0.0,"chi4n-diff":0.0,"chi4v-diff":0.0,"e-valence-diff":8.0,"eccentricity-diff":0.576802,"hk-alpha-diff":0.39,"hk-kappa1-diff":0.820758,"hk-kappa2-diff":0.063349,"hk-kappa3-diff":274.741474,"ipc-diff":4.219893,"isf-diff":0.003577,"labuteASA-diff":4.208573,"logP-diff":1.6757,"molwt-diff":23.002307,"molwt-hvy-diff":23.0,"nheavy-diff":1.0,"npr1-diff":0.491325,"npr2-diff":0.412511,"pbf-diff":0.265579,"pc+-diff":0.01513,"pc--diff":0.01513,"pmi1-diff":55.101792,"pmi2-diff":48.335903,"pmi3-diff":10.798799,"rbonds-diff":1.0,"rg-diff":0.10237,"rpc+-diff":0.383765,"rpc--diff":0.166667,"spherocity-diff":0.323435,"tpsa-diff":43.14,"vsa+-diff":1.129053,"vsa--diff":3.056927,"vsa-fhyd-diff":0.183381,"vsa-fneg-diff":0.047387,"vsa-fpneg-diff":0.38714,"vsa-fpos-diff":0.047387,"vsa-fppos-diff":0.203759,"vsa-hyd-diff":8.123999,"vsa-polar-diff":0.183381,"vsa-polar+-diff":6.176299,"vsa-polar--diff":10.114318,"hbonds":0.0}