{"avg_dipole_moment": 2.95, "max_dipole_moment": 3.81, "min_dipole_moment": 2.09, "max_molecular_weight": 69.0059, "shear_5nN-qq": [-117.29453883533175, 22.195954856048573], "intercept": 0.8371198281541252, "shear_15nN-qq": [-181.38059324620306, 26.45933431615385], "min_molecular_weight": 46.0055, "delta_molecular_weight": 23.0004, "ch3-smiles-2": "CC(F)(F)F", "chain-smiles-2": "CCCCCCCCCCCCCCCCCC(F)(F)F", "tilt_bottom": {"25nN": 40.28906547143247, "5nN": 34.246687038174535, "15nN": 37.99233044297277}, "tilt_top": {"25nN": 39.57539983205206, "5nN": 34.42424332711877, "15nN": 37.377703605888}, "shear_15nN-lj": [-1617.2478259672262, 48.721015056477526], "h-smiles-1": "[N+](=O)[O-]", "ch3-smiles-1": "C[N+](=O)[O-]", "S2_bottom": {"25nN": 0.9499957682692819, "5nN": 0.9358667101159583, "15nN": 0.9493629246182984}, "h-smiles-2": "C(F)(F)F", "shear_25nN-qq": [-191.2836373972822, 28.79442133246845], "COF": 0.15528739449850687, "shear_25nN-lj": [-1724.4615221886488, 47.41974430607277], "S2_top": {"25nN": 0.885805915392921, "5nN": 0.9268615367891415, "15nN": 0.9168518241756766}, "shear_15nN-Etotal": [-1798.6284192134294, 60.15186781840184], "shear_5nN-Etotal": [-1488.3255587545964, 60.98668322420389], "shear_25nN-Etotal": [-1915.745159585931, 58.889616784668874], "avg_molecular_weight": 57.5057, "shear_5nN-lj": [-1371.0310199192647, 50.37794957569691], "delta_dipole_moment": 1.7200000000000002, "status": {"ea377b84e4d436531aecf0f17aad2446-unwrap_shear_5nN": 1, "ea377b84e4d436531aecf0f17aad2446-initialize": 1, "ea377b84e4d436531aecf0f17aad2446-compress": 1, "ea377b84e4d436531aecf0f17aad2446-get_interaction_energy_25nN": 1, "ea377b84e4d436531aecf0f17aad2446-shear_15nN_rerun_grompp": 1, "ea377b84e4d436531aecf0f17aad2446-equilibrate_grompp": 1, "ea377b84e4d436531aecf0f17aad2446-log_interaction_energy_15nN": 1, "ea377b84e4d436531aecf0f17aad2446-compress_grompp": 1, "ea377b84e4d436531aecf0f17aad2446-calc_friction": 1, "ea377b84e4d436531aecf0f17aad2446-get_interaction_energy_15nN": 1, "ea377b84e4d436531aecf0f17aad2446-shear_5nN_grompp": 1, "ea377b84e4d436531aecf0f17aad2446-log_interaction_energy_25nN": 1, "ea377b84e4d436531aecf0f17aad2446-log_tilt": 1, "ea377b84e4d436531aecf0f17aad2446-minimize": 1, "ea377b84e4d436531aecf0f17aad2446-log_S2": 1, "ea377b84e4d436531aecf0f17aad2446-shear_25nN_rerun": 1, "ea377b84e4d436531aecf0f17aad2446-lammps_to_gmx": 1, "ea377b84e4d436531aecf0f17aad2446-shear_5nN_rerun_grompp": 1, "ea377b84e4d436531aecf0f17aad2446-get_interaction_energy_5nN": 1, "ea377b84e4d436531aecf0f17aad2446-shear_15nN_grompp": 1, "ea377b84e4d436531aecf0f17aad2446-minimize_grompp": 1, "ea377b84e4d436531aecf0f17aad2446-calc_S2_shear": 1, "ea377b84e4d436531aecf0f17aad2446-unwrap_shear_15nN": 1, "ea377b84e4d436531aecf0f17aad2446-shear_5nN": 1, "ea377b84e4d436531aecf0f17aad2446-calc_interdigitation": 1, "ea377b84e4d436531aecf0f17aad2446-shear_5nN_rerun": 1, "ea377b84e4d436531aecf0f17aad2446-shear_15nN_rerun": 1, "ea377b84e4d436531aecf0f17aad2446-fix_overlaps": 1, "ea377b84e4d436531aecf0f17aad2446-log_interaction_energy_5nN": 1, "ea377b84e4d436531aecf0f17aad2446-log_cof": 1, "ea377b84e4d436531aecf0f17aad2446-top_to_mol2": 1, "ea377b84e4d436531aecf0f17aad2446-shear_25nN_rerun_grompp": 1, "ea377b84e4d436531aecf0f17aad2446-calc_tilt_shear": 1, "ea377b84e4d436531aecf0f17aad2446-shear_25nN": 1, "ea377b84e4d436531aecf0f17aad2446-shear_25nN_grompp": 1, "ea377b84e4d436531aecf0f17aad2446-shear_15nN": 1, "ea377b84e4d436531aecf0f17aad2446-equilibrate": 1, "ea377b84e4d436531aecf0f17aad2446-unwrap_shear_25nN": 1}, "chain-smiles-1": "CCCCCCCCCCCCCCCCC[N+](=O)[O-]"}