{"avg_dipole_moment": 0.845, "max_dipole_moment": 1.68, "min_dipole_moment": 0.01, "max_molecular_weight": 43.0874, "shear_5nN-qq": [-3.3837012238209434, 12.607922805720094], "intercept": 0.69107386590492, "shear_15nN-qq": [25.4763702206235, 11.040577731939429], "min_molecular_weight": 31.0338, "delta_molecular_weight": 12.053600000000003, "ch3-smiles-2": "COC", "chain-smiles-2": "CCCCCCCCCCCCCCCCCOC", "tilt_bottom": {"25nN": 38.4899943457328, "5nN": 33.994652290305666, "15nN": 36.57204387535203}, "tilt_top": {"25nN": 40.79945741459205, "5nN": 36.438870697133076, "15nN": 39.02505346480678}, "shear_15nN-lj": [-1471.846385297362, 50.3825364840914], "h-smiles-1": "C(C)C", "ch3-smiles-1": "CC(C)C", "S2_bottom": {"25nN": 0.9587503159651393, "5nN": 0.9763478765368127, "15nN": 0.965319780379101}, "h-smiles-2": "OC", "shear_25nN-qq": [41.99553994004796, 12.137615427678659], "COF": 0.1518917413998127, "shear_25nN-lj": [-1597.706429286171, 49.97226337568946], "S2_top": {"25nN": 0.9622340664793579, "5nN": 0.9714284372124254, "15nN": 0.9692346704319652}, "shear_15nN-Etotal": [-1446.3700150767386, 50.0944163297378], "shear_5nN-Etotal": [-1242.0636338433255, 50.41027637361755], "shear_25nN-Etotal": [-1555.7108893461232, 49.29351972411125], "avg_molecular_weight": 37.0606, "shear_5nN-lj": [-1238.6799326195041, 49.73850650815048], "delta_dipole_moment": 1.67, "status": {"abff80aa486c105bd6449a43614369b2-get_interaction_energy_15nN": 1, "abff80aa486c105bd6449a43614369b2-compress": 1, "abff80aa486c105bd6449a43614369b2-shear_5nN_rerun": 1, "abff80aa486c105bd6449a43614369b2-unwrap_shear_15nN": 1, "abff80aa486c105bd6449a43614369b2-log_S2": 1, "abff80aa486c105bd6449a43614369b2-shear_15nN_grompp": 1, "abff80aa486c105bd6449a43614369b2-equilibrate": 1, "abff80aa486c105bd6449a43614369b2-lammps_to_gmx": 1, "abff80aa486c105bd6449a43614369b2-initialize": 1, "abff80aa486c105bd6449a43614369b2-calc_S2_shear": 1, "abff80aa486c105bd6449a43614369b2-get_interaction_energy_25nN": 1, "abff80aa486c105bd6449a43614369b2-log_interaction_energy_25nN": 1, "abff80aa486c105bd6449a43614369b2-shear_15nN_rerun": 1, "abff80aa486c105bd6449a43614369b2-unwrap_shear_5nN": 1, "abff80aa486c105bd6449a43614369b2-compress_grompp": 1, "abff80aa486c105bd6449a43614369b2-minimize_grompp": 1, "abff80aa486c105bd6449a43614369b2-equilibrate_grompp": 1, "abff80aa486c105bd6449a43614369b2-log_interaction_energy_5nN": 1, "abff80aa486c105bd6449a43614369b2-calc_friction": 1, "abff80aa486c105bd6449a43614369b2-log_tilt": 1, "abff80aa486c105bd6449a43614369b2-shear_5nN": 1, "abff80aa486c105bd6449a43614369b2-get_interaction_energy_5nN": 1, "abff80aa486c105bd6449a43614369b2-shear_25nN_rerun": 1, "abff80aa486c105bd6449a43614369b2-shear_15nN_rerun_grompp": 1, "abff80aa486c105bd6449a43614369b2-shear_5nN_rerun_grompp": 1, "abff80aa486c105bd6449a43614369b2-shear_15nN": 1, "abff80aa486c105bd6449a43614369b2-top_to_mol2": 1, "abff80aa486c105bd6449a43614369b2-fix_overlaps": 1, "abff80aa486c105bd6449a43614369b2-shear_25nN_rerun_grompp": 1, "abff80aa486c105bd6449a43614369b2-calc_tilt_shear": 1, "abff80aa486c105bd6449a43614369b2-shear_25nN": 1, "abff80aa486c105bd6449a43614369b2-log_cof": 1, "abff80aa486c105bd6449a43614369b2-minimize": 1, "abff80aa486c105bd6449a43614369b2-log_interaction_energy_15nN": 1, "abff80aa486c105bd6449a43614369b2-shear_25nN_grompp": 1, "abff80aa486c105bd6449a43614369b2-unwrap_shear_25nN": 1, "abff80aa486c105bd6449a43614369b2-calc_interdigitation": 1, "abff80aa486c105bd6449a43614369b2-shear_5nN_grompp": 1}, "chain-smiles-1": "CCCCCCCCCCCCCCCCCC(C)C"}