{"avg_dipole_moment": 3.2199999999999998, "max_dipole_moment": 4.81, "min_dipole_moment": 1.63, "max_molecular_weight": 45.0174, "shear_5nN-qq": [-2578.9118198697042, 204.74412341572133], "intercept": 7.933314592151976, "shear_15nN-qq": [-2522.2537552845724, 206.68918994358654], "min_molecular_weight": 16.0225, "delta_molecular_weight": 28.9949, "ch3-smiles-2": "CC(=O)O", "chain-smiles-2": "CCCCCCCCCCCCCCCCCC(=O)O", "tilt_bottom": {"25nN": 42.10157627051411, "5nN": 37.28441475541456, "15nN": 40.839910189371814}, "tilt_top": {"25nN": 41.146005954812836, "5nN": 38.33031266843166, "15nN": 40.51846331619251}, "shear_15nN-lj": [-1486.790062973621, 72.55227823838537], "h-smiles-1": "N", "ch3-smiles-1": "CN", "S2_bottom": {"25nN": 0.95322578207991, "5nN": 0.9604760279910687, "15nN": 0.9568086623957491}, "h-smiles-2": "C(=O)O", "shear_25nN-qq": [-2462.253424327738, 203.6701054394426], "COF": 0.1520873536773591, "shear_25nN-lj": [-1536.380172027178, 68.86485613903274], "S2_top": {"25nN": 0.9592666355412559, "5nN": 0.971193258662491, "15nN": 0.9515831186316396}, "shear_15nN-Etotal": [-4009.0438182581934, 197.2482935096316], "shear_5nN-Etotal": [-3920.8834197290175, 198.35245822954653], "shear_25nN-Etotal": [-3998.633596354916, 185.7081336261818], "avg_molecular_weight": 30.51995, "shear_5nN-lj": [-1341.9715998593124, 71.94635007101047], "delta_dipole_moment": 3.1799999999999997, "status": {"b3aec31a380e967413f06dc6cae83b30-shear_5nN_rerun": 1, "b3aec31a380e967413f06dc6cae83b30-calc_S2_shear": 1, "b3aec31a380e967413f06dc6cae83b30-unwrap_shear_5nN": 1, "b3aec31a380e967413f06dc6cae83b30-lammps_to_gmx": 1, "b3aec31a380e967413f06dc6cae83b30-get_interaction_energy_5nN": 1, "b3aec31a380e967413f06dc6cae83b30-shear_5nN_rerun_grompp": 1, "b3aec31a380e967413f06dc6cae83b30-get_interaction_energy_25nN": 1, "b3aec31a380e967413f06dc6cae83b30-fix_overlaps": 1, "b3aec31a380e967413f06dc6cae83b30-log_interaction_energy_5nN": 1, "b3aec31a380e967413f06dc6cae83b30-shear_15nN_rerun_grompp": 1, "b3aec31a380e967413f06dc6cae83b30-log_cof": 1, "b3aec31a380e967413f06dc6cae83b30-unwrap_shear_25nN": 1, "b3aec31a380e967413f06dc6cae83b30-log_interaction_energy_25nN": 1, "b3aec31a380e967413f06dc6cae83b30-log_S2": 1, "b3aec31a380e967413f06dc6cae83b30-minimize_grompp": 1, "b3aec31a380e967413f06dc6cae83b30-shear_5nN_grompp": 1, "b3aec31a380e967413f06dc6cae83b30-shear_5nN": 1, "b3aec31a380e967413f06dc6cae83b30-get_interaction_energy_15nN": 1, "b3aec31a380e967413f06dc6cae83b30-minimize": 1, "b3aec31a380e967413f06dc6cae83b30-equilibrate_grompp": 1, "b3aec31a380e967413f06dc6cae83b30-calc_friction": 1, "b3aec31a380e967413f06dc6cae83b30-shear_25nN_rerun": 1, "b3aec31a380e967413f06dc6cae83b30-compress_grompp": 1, "b3aec31a380e967413f06dc6cae83b30-shear_25nN_rerun_grompp": 1, "b3aec31a380e967413f06dc6cae83b30-compress": 1, "b3aec31a380e967413f06dc6cae83b30-initialize": 1, "b3aec31a380e967413f06dc6cae83b30-calc_interdigitation": 1, "b3aec31a380e967413f06dc6cae83b30-shear_25nN": 1, "b3aec31a380e967413f06dc6cae83b30-unwrap_shear_15nN": 1, "b3aec31a380e967413f06dc6cae83b30-shear_15nN_rerun": 1, "b3aec31a380e967413f06dc6cae83b30-shear_25nN_grompp": 1, "b3aec31a380e967413f06dc6cae83b30-shear_15nN": 1, "b3aec31a380e967413f06dc6cae83b30-shear_15nN_grompp": 1, "b3aec31a380e967413f06dc6cae83b30-log_tilt": 1, "b3aec31a380e967413f06dc6cae83b30-log_interaction_energy_15nN": 1, "b3aec31a380e967413f06dc6cae83b30-count_hydrogen_bonds": 1, "b3aec31a380e967413f06dc6cae83b30-top_to_mol2": 1, "b3aec31a380e967413f06dc6cae83b30-equilibrate": 1, "b3aec31a380e967413f06dc6cae83b30-calc_tilt_shear": 1}, "chain-smiles-1": "CCCCCCCCCCCCCCCCCN"}