{"shear_15nN-qq": [-60.719581586730605, 27.783747563917036], "tilt_bottom": {"15nN": 36.724455396688846, "5nN": 34.062546516059776, "25nN": 38.48894788989472}, "delta_molecular_weight": 17.9723, "status": {"2ba400dd6a50f5e108abd82dbac22058-minimize": 1, "2ba400dd6a50f5e108abd82dbac22058-compress": 1, "2ba400dd6a50f5e108abd82dbac22058-get_interaction_energy_5nN": 1, "2ba400dd6a50f5e108abd82dbac22058-shear_15nN_grompp": 1, "2ba400dd6a50f5e108abd82dbac22058-shear_25nN": 1, "2ba400dd6a50f5e108abd82dbac22058-log_interaction_energy_5nN": 1, "2ba400dd6a50f5e108abd82dbac22058-count_hydrogen_bonds": 1, "2ba400dd6a50f5e108abd82dbac22058-initialize": 1, "2ba400dd6a50f5e108abd82dbac22058-shear_5nN_grompp": 1, "2ba400dd6a50f5e108abd82dbac22058-equilibrate_grompp": 1, "2ba400dd6a50f5e108abd82dbac22058-shear_5nN_rerun_grompp": 1, "2ba400dd6a50f5e108abd82dbac22058-shear_25nN_grompp": 1, "2ba400dd6a50f5e108abd82dbac22058-log_tilt": 1, "2ba400dd6a50f5e108abd82dbac22058-calc_interdigitation": 1, "2ba400dd6a50f5e108abd82dbac22058-shear_15nN": 1, "2ba400dd6a50f5e108abd82dbac22058-calc_friction": 1, "2ba400dd6a50f5e108abd82dbac22058-get_interaction_energy_15nN": 1, "2ba400dd6a50f5e108abd82dbac22058-calc_S2_shear": 1, "2ba400dd6a50f5e108abd82dbac22058-get_interaction_energy_25nN": 1, "2ba400dd6a50f5e108abd82dbac22058-calc_tilt_shear": 1, "2ba400dd6a50f5e108abd82dbac22058-shear_25nN_rerun_grompp": 1, "2ba400dd6a50f5e108abd82dbac22058-shear_5nN_rerun": 1, "2ba400dd6a50f5e108abd82dbac22058-compress_grompp": 1, "2ba400dd6a50f5e108abd82dbac22058-unwrap_shear_5nN": 1, "2ba400dd6a50f5e108abd82dbac22058-shear_15nN_rerun_grompp": 1, "2ba400dd6a50f5e108abd82dbac22058-fix_overlaps": 1, "2ba400dd6a50f5e108abd82dbac22058-log_interaction_energy_25nN": 1, "2ba400dd6a50f5e108abd82dbac22058-log_interaction_energy_15nN": 1, "2ba400dd6a50f5e108abd82dbac22058-minimize_grompp": 1, "2ba400dd6a50f5e108abd82dbac22058-equilibrate": 1, "2ba400dd6a50f5e108abd82dbac22058-shear_5nN": 1, "2ba400dd6a50f5e108abd82dbac22058-log_cof": 1, "2ba400dd6a50f5e108abd82dbac22058-shear_15nN_rerun": 1, "2ba400dd6a50f5e108abd82dbac22058-shear_25nN_rerun": 1, "2ba400dd6a50f5e108abd82dbac22058-log_S2": 1, "2ba400dd6a50f5e108abd82dbac22058-unwrap_shear_25nN": 1, "2ba400dd6a50f5e108abd82dbac22058-top_to_mol2": 1, "2ba400dd6a50f5e108abd82dbac22058-lammps_to_gmx": 1, "2ba400dd6a50f5e108abd82dbac22058-unwrap_shear_15nN": 1}, "interdigitation": {"15nN": 0.11971087386582073, "5nN": 0.11387655044275051, "25nN": 0.14899268921120176}, "intercept": 1.1147723323261824, "delta_dipole_moment": 4.81, "S2_top": {"15nN": 0.9272570054316049, "5nN": 0.9308127489632865, "25nN": 0.9152857993612236}, "shear_25nN-Etotal": [-1992.9046993181455, 53.77891948734614], "shear_5nN-Etotal": [-1705.6730458073544, 59.22954009704896], "S2_bottom": {"15nN": 0.9466060403660563, "5nN": 0.9552003143571647, "25nN": 0.931889321939354}, "avg_molecular_weight": 36.03125, "shear_15nN-lj": [-1871.195566691447, 52.78429718576062], "tilt_top": {"15nN": 36.7003048731588, "5nN": 34.092313058059126, "25nN": 40.44224974622449}, "avg_dipole_moment": 2.405, "shear_5nN-qq": [-82.34489484972023, 26.462929727464125], "shear_5nN-lj": [-1623.3281509576339, 52.208005192761895], "COF": 0.10457806341241765, "shear_25nN-lj": [-1956.1563690415667, 47.82473255050885], "shear_25nN-qq": [-36.74833027657874, 26.645823710768965], "shear_15nN-Etotal": [-1931.9151482781776, 59.31362853096198]}