{"shear_15nN-qq": [-5.4981005067945645, 11.370036212903276], "delta_molecular_weight": 41.96079999999999, "status": {"99f4d0582c7e233b20166e47c937079b-shear_15nN_grompp": 1, "99f4d0582c7e233b20166e47c937079b-calc_interdigitation": 1, "99f4d0582c7e233b20166e47c937079b-shear_15nN_rerun": 1, "99f4d0582c7e233b20166e47c937079b-get_interaction_energy_15nN": 1, "99f4d0582c7e233b20166e47c937079b-log_cof": 1, "99f4d0582c7e233b20166e47c937079b-shear_5nN_grompp": 1, "99f4d0582c7e233b20166e47c937079b-initialize": 1, "99f4d0582c7e233b20166e47c937079b-shear_5nN_rerun": 1, "99f4d0582c7e233b20166e47c937079b-calc_tilt_shear": 1, "99f4d0582c7e233b20166e47c937079b-compress": 1, "99f4d0582c7e233b20166e47c937079b-shear_25nN": 1, "99f4d0582c7e233b20166e47c937079b-get_interaction_energy_5nN": 1, "99f4d0582c7e233b20166e47c937079b-compress_grompp": 1, "99f4d0582c7e233b20166e47c937079b-lammps_to_gmx": 1, "99f4d0582c7e233b20166e47c937079b-shear_5nN_rerun_grompp": 1, "99f4d0582c7e233b20166e47c937079b-unwrap_shear_25nN": 1, "99f4d0582c7e233b20166e47c937079b-top_to_mol2": 1, "99f4d0582c7e233b20166e47c937079b-calc_friction": 1, "99f4d0582c7e233b20166e47c937079b-get_interaction_energy_25nN": 1, "99f4d0582c7e233b20166e47c937079b-shear_25nN_grompp": 1, "99f4d0582c7e233b20166e47c937079b-calc_S2_shear": 1, "99f4d0582c7e233b20166e47c937079b-log_interaction_energy_5nN": 1, "99f4d0582c7e233b20166e47c937079b-log_tilt": 1, "99f4d0582c7e233b20166e47c937079b-shear_25nN_rerun": 1, "99f4d0582c7e233b20166e47c937079b-shear_15nN": 1, "99f4d0582c7e233b20166e47c937079b-log_interaction_energy_15nN": 1, "99f4d0582c7e233b20166e47c937079b-fix_overlaps": 1, "99f4d0582c7e233b20166e47c937079b-minimize_grompp": 1, "99f4d0582c7e233b20166e47c937079b-shear_5nN": 1, "99f4d0582c7e233b20166e47c937079b-equilibrate_grompp": 1, "99f4d0582c7e233b20166e47c937079b-unwrap_shear_5nN": 1, "99f4d0582c7e233b20166e47c937079b-equilibrate": 1, "99f4d0582c7e233b20166e47c937079b-shear_15nN_rerun_grompp": 1, "99f4d0582c7e233b20166e47c937079b-minimize": 1, "99f4d0582c7e233b20166e47c937079b-shear_25nN_rerun_grompp": 1, "99f4d0582c7e233b20166e47c937079b-unwrap_shear_15nN": 1, "99f4d0582c7e233b20166e47c937079b-log_S2": 1, "99f4d0582c7e233b20166e47c937079b-log_interaction_energy_25nN": 1}, "interdigitation": {"15nN": 0.17308817459672762, "5nN": 0.1350555282695827, "25nN": 0.14911656440292587}, "intercept": 0.44444065921623377, "delta_dipole_moment": 2.09, "tilt_bottom": {"15nN": 38.846112613365634, "5nN": 35.71537975041663, "25nN": 40.68485257928757}, "S2_top": {"15nN": 0.9707352448435876, "5nN": 0.9700932807124706, "25nN": 0.9310776292098809}, "shear_25nN-Etotal": [-1445.9076589440447, 45.335917657120746], "avg_dipole_moment": 1.045, "S2_bottom": {"15nN": 0.9684617646650915, "5nN": 0.9677448971607912, "25nN": 0.9648344379396314}, "avg_molecular_weight": 48.0255, "shear_15nN-lj": [-1315.7218235019984, 42.74384260534347], "tilt_top": {"15nN": 37.41703772664735, "5nN": 34.097689510019094, "25nN": 37.87545517815869}, "shear_5nN-Etotal": [-1099.498401141487, 43.954090509541935], "shear_5nN-qq": [-9.44080547002398, 10.046032858981714], "shear_5nN-lj": [-1090.0575956714629, 42.16839529522253], "COF": 0.13549254760021928, "shear_25nN-lj": [-1444.229855394884, 45.49760298312628], "shear_25nN-qq": [-1.6778035491606715, 12.207139447129476], "shear_15nN-Etotal": [-1321.2199240087932, 42.91120593593925]}