{"avg_dipole_moment": 1.045, "max_dipole_moment": 2.09, "min_dipole_moment": 0.0, "max_molecular_weight": 69.0059, "shear_5nN-qq": [-9.44080547002398, 10.046032858981714], "intercept": 0.44444065921623377, "shear_15nN-qq": [-5.4981005067945645, 11.370036212903276], "min_molecular_weight": 27.0451, "delta_molecular_weight": 41.96079999999999, "ch3-smiles-2": "CC(F)(F)F", "chain-smiles-2": "CCCCCCCCCCCCCCCCCC(F)(F)F", "tilt_bottom": {"25nN": 40.68485257928757, "5nN": 35.71537975041663, "15nN": 38.846112613365634}, "interdigitation": {"25nN": 0.1488810196334616, "5nN": 0.1354867965514396, "15nN": 0.17312332727468713}, "tilt_top": {"25nN": 37.87545517815869, "5nN": 34.097689510019094, "15nN": 37.41703772664735}, "shear_15nN-lj": [-1315.7218235019984, 42.74384260534347], "h-smiles-1": "C=C", "S2_top": {"25nN": 0.9310776292098809, "5nN": 0.9700932807124706, "15nN": 0.9707352448435876}, "S2_bottom": {"25nN": 0.9648344379396314, "5nN": 0.9677448971607912, "15nN": 0.9684617646650915}, "h-smiles-2": "C(F)(F)F", "shear_25nN-qq": [-1.6778035491606715, 12.207139447129476], "COF": 0.13549254760021928, "shear_25nN-lj": [-1444.229855394884, 45.49760298312628], "ch3-smiles-1": "CC=C", "shear_15nN-Etotal": [-1321.2199240087932, 42.91120593593925], "shear_5nN-Etotal": [-1099.498401141487, 43.954090509541935], "shear_25nN-Etotal": [-1445.9076589440447, 45.335917657120746], "avg_molecular_weight": 48.0255, "shear_5nN-lj": [-1090.0575956714629, 42.16839529522253], "delta_dipole_moment": 2.09, "status": {"99f4d0582c7e233b20166e47c937079b-get_interaction_energy_15nN": 1, "99f4d0582c7e233b20166e47c937079b-equilibrate_grompp": 1, "99f4d0582c7e233b20166e47c937079b-shear_5nN_rerun": 1, "99f4d0582c7e233b20166e47c937079b-log_interaction_energy_15nN": 1, "99f4d0582c7e233b20166e47c937079b-log_interaction_energy_25nN": 1, "99f4d0582c7e233b20166e47c937079b-shear_25nN_rerun_grompp": 1, "99f4d0582c7e233b20166e47c937079b-lammps_to_gmx": 1, "99f4d0582c7e233b20166e47c937079b-shear_15nN": 1, "99f4d0582c7e233b20166e47c937079b-shear_15nN_grompp": 1, "99f4d0582c7e233b20166e47c937079b-get_interaction_energy_25nN": 1, "99f4d0582c7e233b20166e47c937079b-top_to_mol2": 1, "99f4d0582c7e233b20166e47c937079b-unwrap_shear_15nN": 1, "99f4d0582c7e233b20166e47c937079b-calc_interdigitation": 1, "99f4d0582c7e233b20166e47c937079b-calc_tilt_shear": 1, "99f4d0582c7e233b20166e47c937079b-unwrap_shear_25nN": 1, "99f4d0582c7e233b20166e47c937079b-minimize_grompp": 1, "99f4d0582c7e233b20166e47c937079b-shear_25nN_rerun": 1, "99f4d0582c7e233b20166e47c937079b-log_cof": 1, "99f4d0582c7e233b20166e47c937079b-shear_15nN_rerun_grompp": 1, "99f4d0582c7e233b20166e47c937079b-minimize": 1, "99f4d0582c7e233b20166e47c937079b-shear_5nN_rerun_grompp": 1, "99f4d0582c7e233b20166e47c937079b-shear_15nN_rerun": 1, "99f4d0582c7e233b20166e47c937079b-calc_S2_shear": 1, "99f4d0582c7e233b20166e47c937079b-log_interaction_energy_5nN": 1, "99f4d0582c7e233b20166e47c937079b-initialize": 1, "99f4d0582c7e233b20166e47c937079b-shear_5nN_grompp": 1, "99f4d0582c7e233b20166e47c937079b-shear_25nN_grompp": 1, "99f4d0582c7e233b20166e47c937079b-fix_overlaps": 1, "99f4d0582c7e233b20166e47c937079b-compress": 1, "99f4d0582c7e233b20166e47c937079b-log_S2": 1, "99f4d0582c7e233b20166e47c937079b-get_interaction_energy_5nN": 1, "99f4d0582c7e233b20166e47c937079b-equilibrate": 1, "99f4d0582c7e233b20166e47c937079b-unwrap_shear_5nN": 1, "99f4d0582c7e233b20166e47c937079b-compress_grompp": 1, "99f4d0582c7e233b20166e47c937079b-shear_25nN": 1, "99f4d0582c7e233b20166e47c937079b-shear_5nN": 1, "99f4d0582c7e233b20166e47c937079b-log_tilt": 1, "99f4d0582c7e233b20166e47c937079b-calc_friction": 1}, "chain-smiles-1": "CCCCCCCCCCCCCCCCCC=C"}