{"MR-mean":5.3629,"asphericity-mean":0.268445,"balabanj-mean":2.3283545,"bertzct-mean":12.559708,"chi0-mean":3.6035535,"chi0n-mean":2.5210705,"chi0v-mean":1.0210705,"chi1-mean":1.707107,"chi1n-mean":0.941722,"chi1v-mean":0.2834735,"chi2n-mean":0.107143,"chi2v-mean":0.107143,"chi3n-mean":0.0,"chi3v-mean":0.0,"chi4n-mean":0.0,"chi4v-mean":0.0,"e-valence-mean":17.0,"eccentricity-mean":0.895772,"hk-alpha-mean":-0.125,"hk-kappa1-mean":1.027126,"hk-kappa2-mean":-12.9457885,"hk-kappa3-mean":-39.354025,"ipc-mean":3.182264,"isf-mean":0.5501585,"labuteASA-mean":16.2366705,"logP-mean":0.1769,"molwt-mean":44.0068,"molwt-hvy-mean":42.502,"nheavy-mean":2.5,"npr1-mean":0.429413,"npr2-mean":0.610498,"pbf-mean":0.235278,"pc+-mean":0.467091,"pc--mean":-0.467091,"pmi1-mean":26.5418985,"pmi2-mean":27.5525515,"pmi3-mean":50.1658575,"rbonds-mean":0.0,"rg-mean":0.7668885,"rpc+-mean":0.612202,"rpc--mean":0.6666665,"spherocity-mean":0.3821685,"tpsa-mean":15.75,"vsa+-mean":5.444212,"vsa--mean":9.325999,"vsa-fhyd-mean":0.343016,"vsa-fneg-mean":0.6391405,"vsa-fpneg-mean":0.328458,"vsa-fpos-mean":0.3608595,"vsa-fppos-mean":0.328526,"vsa-hyd-mean":7.271002,"vsa-polar-mean":0.656984,"vsa-polar+-mean":4.7588325,"vsa-polar--mean":2.7403765,"MR-min":3.6138,"asphericity-min":0.195877,"balabanj-min":1.632993,"bertzct-min":2.754888,"chi0-min":2.707107,"chi0n-min":2.408248,"chi0v-min":0.408248,"chi1-min":1.414214,"chi1n-min":0.816497,"chi1v-min":0.0,"chi2n-min":0.0,"chi2v-min":0.0,"chi3n-min":0.0,"chi3v-min":0.0,"chi4n-min":0.0,"chi4v-min":0.0,"e-valence-min":8.0,"eccentricity-min":0.846113,"hk-alpha-min":-0.21,"hk-kappa1-min":0.0004,"hk-kappa2-min":-27.04,"hk-kappa3-min":-104.04,"ipc-min":2.754888,"isf-min":0.010423,"labuteASA-min":9.832513,"logP-min":-0.8247,"molwt-min":18.010565,"molwt-hvy-min":15.999,"nheavy-min":1.0,"npr1-min":0.325823,"npr2-min":0.546819,"pbf-min":0.0,"pc+-min":0.41151,"pc--min":-0.522672,"pmi1-min":0.618571,"pmi2-min":1.279915,"pmi3-min":1.898486,"rbonds-min":0.0,"rg-min":0.324628,"rpc+-min":0.5,"rpc--min":0.333333,"spherocity-min":0.0,"tpsa-min":0.0,"vsa+-min":2.862399,"vsa--min":5.480753,"vsa-fhyd-min":0.0,"vsa-fneg-min":0.621365,"vsa-fpneg-min":0.0,"vsa-fpos-min":0.343084,"vsa-fppos-min":0.313968,"vsa-hyd-min":0.0,"vsa-polar-min":0.313968,"vsa-polar+-min":2.862399,"vsa-polar--min":0.0,"MR-max":7.112,"asphericity-max":0.341013,"balabanj-max":3.023716,"bertzct-max":22.364528,"chi0-max":4.5,"chi0n-max":2.633893,"chi0v-max":1.633893,"chi1-max":2.0,"chi1n-max":1.066947,"chi1v-max":0.566947,"chi2n-max":0.214286,"chi2v-max":0.214286,"chi3n-max":0.0,"chi3v-max":0.0,"chi4n-max":0.0,"chi4v-max":0.0,"e-valence-max":26.0,"eccentricity-max":0.945431,"hk-alpha-max":-0.04,"hk-kappa1-max":2.053852,"hk-kappa2-max":1.148423,"hk-kappa3-max":25.33195,"ipc-max":3.60964,"isf-max":1.089894,"labuteASA-max":22.640828,"logP-max":1.1785,"molwt-max":70.003035,"molwt-hvy-max":69.005,"nheavy-max":4.0,"npr1-max":0.533003,"npr2-max":0.674177,"pbf-max":0.470556,"pc+-max":0.522672,"pc--max":-0.41151,"pmi1-max":52.465226,"pmi2-max":53.825188,"pmi3-max":98.433229,"rbonds-max":0.0,"rg-max":1.209149,"rpc+-max":0.724404,"rpc--max":1.0,"spherocity-max":0.764337,"tpsa-max":31.5,"vsa+-max":8.026025,"vsa--max":13.171245,"vsa-fhyd-max":0.686032,"vsa-fneg-max":0.656916,"vsa-fpneg-max":0.656916,"vsa-fpos-max":0.378635,"vsa-fppos-max":0.343084,"vsa-hyd-max":14.542004,"vsa-polar-max":1.0,"vsa-polar+-max":6.655266,"vsa-polar--max":5.480753,"MR-diff":3.4982,"asphericity-diff":0.145136,"balabanj-diff":1.390723,"bertzct-diff":19.60964,"chi0-diff":1.792893,"chi0n-diff":0.225645,"chi0v-diff":1.225645,"chi1-diff":0.585786,"chi1n-diff":0.25045,"chi1v-diff":0.566947,"chi2n-diff":0.214286,"chi2v-diff":0.214286,"chi3n-diff":0.0,"chi3v-diff":0.0,"chi4n-diff":0.0,"chi4v-diff":0.0,"e-valence-diff":18.0,"eccentricity-diff":0.099318,"hk-alpha-diff":0.17,"hk-kappa1-diff":2.053452,"hk-kappa2-diff":28.188423,"hk-kappa3-diff":129.37195,"ipc-diff":0.854752,"isf-diff":1.079471,"labuteASA-diff":12.808315,"logP-diff":2.0032,"molwt-diff":51.99247,"molwt-hvy-diff":53.006,"nheavy-diff":3.0,"npr1-diff":0.20718,"npr2-diff":0.127358,"pbf-diff":0.470556,"pc+-diff":0.111162,"pc--diff":0.111162,"pmi1-diff":51.846655,"pmi2-diff":52.545273,"pmi3-diff":96.534743,"rbonds-diff":0.0,"rg-diff":0.884521,"rpc+-diff":0.224404,"rpc--diff":0.666667,"spherocity-diff":0.764337,"tpsa-diff":31.5,"vsa+-diff":5.163626,"vsa--diff":7.690492,"vsa-fhyd-diff":0.686032,"vsa-fneg-diff":0.035551,"vsa-fpneg-diff":0.656916,"vsa-fpos-diff":0.035551,"vsa-fppos-diff":0.029116,"vsa-hyd-diff":14.542004,"vsa-polar-diff":0.686032,"vsa-polar+-diff":3.792867,"vsa-polar--diff":5.480753,"hbonds":0.0}