{"avg_dipole_moment": 1.9849999999999999, "max_dipole_moment": 2.09, "min_dipole_moment": 1.88, "max_molecular_weight": 69.0059, "shear_5nN-qq": [-92.77242562190249, 21.16319037442467], "intercept": 0.7328951471278558, "shear_15nN-qq": [-136.49056348601118, 24.281119474682658], "min_molecular_weight": 17.0073, "delta_molecular_weight": 51.998599999999996, "ch3-smiles-2": "CC(F)(F)F", "chain-smiles-2": "CCCCCCCCCCCCCCCCCC(F)(F)F", "tilt_bottom": {"25nN": 40.54612838594023, "5nN": 35.06278025859904, "15nN": 38.111040424128596}, "interdigitation": {"25nN": 0.11803923056273309, "5nN": 0.11241612062659148, "15nN": 0.10609817648371393}, "tilt_top": {"25nN": 40.20061602866668, "5nN": 34.34486270393468, "15nN": 38.656030499030464}, "shear_15nN-lj": [-1308.467393860112, 47.725489030563175], "h-smiles-1": "O", "S2_top": {"25nN": 0.9750496309916352, "5nN": 0.9634700049900792, "15nN": 0.9754839661774483}, "S2_bottom": {"25nN": 0.9683888909505834, "5nN": 0.9730305601855644, "15nN": 0.9706870266715911}, "h-smiles-2": "C(F)(F)F", "shear_25nN-qq": [-157.6023230471623, 27.96696036736645], "COF": 0.14316931688520224, "shear_25nN-lj": [-1401.8992887641884, 50.41114452377771], "ch3-smiles-1": "CO", "shear_15nN-Etotal": [-1444.957957346123, 56.2829445207991], "shear_5nN-Etotal": [-1203.8654055283773, 56.45464265968386], "shear_25nN-Etotal": [-1559.501611811351, 59.889415033797995], "avg_molecular_weight": 43.0066, "shear_5nN-lj": [-1111.092979906475, 47.905609723103325], "delta_dipole_moment": 0.20999999999999996, "status": {"ae6173c30a9a4657a94fd8c63ea42217-log_interaction_energy_5nN": 1, "ae6173c30a9a4657a94fd8c63ea42217-shear_25nN_rerun_grompp": 1, "ae6173c30a9a4657a94fd8c63ea42217-log_interaction_energy_15nN": 1, "ae6173c30a9a4657a94fd8c63ea42217-compress": 1, "ae6173c30a9a4657a94fd8c63ea42217-unwrap_shear_25nN": 1, "ae6173c30a9a4657a94fd8c63ea42217-lammps_to_gmx": 1, "ae6173c30a9a4657a94fd8c63ea42217-equilibrate_grompp": 1, "ae6173c30a9a4657a94fd8c63ea42217-log_tilt": 1, "ae6173c30a9a4657a94fd8c63ea42217-get_interaction_energy_5nN": 1, "ae6173c30a9a4657a94fd8c63ea42217-shear_15nN": 1, "ae6173c30a9a4657a94fd8c63ea42217-shear_25nN_rerun": 1, "ae6173c30a9a4657a94fd8c63ea42217-calc_interdigitation": 1, "ae6173c30a9a4657a94fd8c63ea42217-unwrap_shear_5nN": 1, "ae6173c30a9a4657a94fd8c63ea42217-log_interaction_energy_25nN": 1, "ae6173c30a9a4657a94fd8c63ea42217-fix_overlaps": 1, "ae6173c30a9a4657a94fd8c63ea42217-calc_friction": 1, "ae6173c30a9a4657a94fd8c63ea42217-shear_25nN_grompp": 1, "ae6173c30a9a4657a94fd8c63ea42217-minimize": 1, "ae6173c30a9a4657a94fd8c63ea42217-log_S2": 1, "ae6173c30a9a4657a94fd8c63ea42217-log_cof": 1, "ae6173c30a9a4657a94fd8c63ea42217-calc_S2_shear": 1, "ae6173c30a9a4657a94fd8c63ea42217-shear_15nN_grompp": 1, "ae6173c30a9a4657a94fd8c63ea42217-shear_5nN_grompp": 1, "ae6173c30a9a4657a94fd8c63ea42217-initialize": 1, "ae6173c30a9a4657a94fd8c63ea42217-shear_5nN_rerun": 1, "ae6173c30a9a4657a94fd8c63ea42217-equilibrate": 1, "ae6173c30a9a4657a94fd8c63ea42217-shear_25nN": 1, "ae6173c30a9a4657a94fd8c63ea42217-unwrap_shear_15nN": 1, "ae6173c30a9a4657a94fd8c63ea42217-top_to_mol2": 1, "ae6173c30a9a4657a94fd8c63ea42217-count_hydrogen_bonds": 1, "ae6173c30a9a4657a94fd8c63ea42217-shear_15nN_rerun": 1, "ae6173c30a9a4657a94fd8c63ea42217-get_interaction_energy_25nN": 1, "ae6173c30a9a4657a94fd8c63ea42217-shear_5nN": 1, "ae6173c30a9a4657a94fd8c63ea42217-shear_5nN_rerun_grompp": 1, "ae6173c30a9a4657a94fd8c63ea42217-shear_15nN_rerun_grompp": 1, "ae6173c30a9a4657a94fd8c63ea42217-minimize_grompp": 1, "ae6173c30a9a4657a94fd8c63ea42217-compress_grompp": 1, "ae6173c30a9a4657a94fd8c63ea42217-get_interaction_energy_15nN": 1, "ae6173c30a9a4657a94fd8c63ea42217-calc_tilt_shear": 1}, "chain-smiles-1": "CCCCCCCCCCCCCCCCCO"}