{"MR-mean":6.94505,"asphericity-mean":0.430895,"balabanj-mean":2.255643,"bertzct-mean":9.1323315,"chi0-mean":3.1422285,"chi0n-mean":2.355462,"chi0v-mean":0.855462,"chi1-mean":1.5731325,"chi1n-mean":0.8533945,"chi1v-mean":0.182574,"chi2n-mean":0.037268,"chi2v-mean":0.037268,"chi3n-mean":0.0,"chi3v-mean":0.0,"chi4n-mean":0.0,"chi4v-mean":0.0,"e-valence-mean":12.5,"eccentricity-mean":0.885194,"hk-alpha-mean":-0.32,"hk-kappa1-mean":1.2000875,"hk-kappa2-mean":-12.82,"hk-kappa3-mean":-51.32,"ipc-mean":3.0,"isf-mean":0.2974285,"labuteASA-mean":14.3553115,"logP-mean":-0.1258,"molwt-mean":31.509726,"molwt-hvy-mean":30.006,"nheavy-mean":2.0,"npr1-mean":0.359454,"npr2-mean":0.784492,"pbf-mean":0.076091,"pc+-mean":0.3655685,"pc--mean":-0.3655685,"pmi1-mean":2.876727,"pmi2-mean":21.9830925,"pmi3-mean":24.450304,"rbonds-mean":0.0,"rg-mean":0.7188445,"rpc+-mean":0.6666665,"rpc--mean":0.75,"spherocity-mean":0.062907,"tpsa-mean":44.615,"vsa+-mean":4.787858,"vsa--mean":8.1219695,"vsa-fhyd-mean":0.5315445,"vsa-fneg-mean":0.6229125,"vsa-fpneg-mean":0.295684,"vsa-fpos-mean":0.3770875,"vsa-fppos-mean":0.1727715,"vsa-hyd-mean":7.174922,"vsa-polar-mean":0.4684555,"vsa-polar+-mean":2.670095,"vsa-polar--mean":3.0648105,"MR-min":5.0221,"asphericity-min":0.097147,"balabanj-min":2.187496,"bertzct-min":8.0,"chi0-min":2.707107,"chi0n-min":1.26371,"chi0v-min":0.447214,"chi1-min":1.414214,"chi1n-min":0.365148,"chi1v-min":0.0,"chi2n-min":0.0,"chi2v-min":0.0,"chi3n-min":0.0,"chi3v-min":0.0,"chi4n-min":0.0,"chi4v-min":0.0,"e-valence-min":8.0,"eccentricity-min":0.774077,"hk-alpha-min":-0.6,"hk-kappa1-min":0.000175,"hk-kappa2-min":-27.04,"hk-kappa3-min":-104.04,"ipc-min":2.754888,"isf-min":0.231301,"labuteASA-min":11.89331,"logP-min":-0.4136,"molwt-min":17.026549,"molwt-hvy-min":14.007,"nheavy-min":1.0,"npr1-min":0.085817,"npr2-min":0.654801,"pbf-min":0.0,"pc+-min":0.343926,"pc--min":-0.387211,"pmi1-min":1.801099,"pmi2-min":1.86286,"pmi3-min":2.844927,"rbonds-min":0.0,"rg-min":0.437138,"rpc+-min":0.333333,"rpc--min":0.5,"spherocity-min":0.0,"tpsa-min":35.0,"vsa+-min":4.235526,"vsa--min":6.129621,"vsa-fhyd-min":0.408632,"vsa-fneg-min":0.591368,"vsa-fpneg-min":0.0,"vsa-fpos-min":0.345543,"vsa-fppos-min":0.0,"vsa-hyd-min":4.235526,"vsa-polar-min":0.345543,"vsa-polar+-min":0.0,"vsa-polar--min":0.0,"MR-max":8.868,"asphericity-max":0.764643,"balabanj-max":2.32379,"bertzct-max":10.264663,"chi0-max":3.57735,"chi0n-max":3.447214,"chi0v-max":1.26371,"chi1-max":1.732051,"chi1n-max":1.341641,"chi1v-max":0.365148,"chi2n-max":0.074536,"chi2v-max":0.074536,"chi3n-max":0.0,"chi3v-max":0.0,"chi4n-max":0.0,"chi4v-max":0.0,"e-valence-max":17.0,"eccentricity-max":0.996311,"hk-alpha-max":-0.04,"hk-kappa1-max":2.4,"hk-kappa2-max":1.4,"hk-kappa3-max":1.4,"ipc-max":3.245112,"isf-max":0.363556,"labuteASA-max":16.817313,"logP-max":0.162,"molwt-max":45.992903,"molwt-hvy-max":46.005,"nheavy-max":3.0,"npr1-max":0.633091,"npr2-max":0.914183,"pbf-max":0.152182,"pc+-max":0.387211,"pc--max":-0.343926,"pmi1-max":3.952355,"pmi2-max":42.103325,"pmi3-max":46.055681,"rbonds-max":0.0,"rg-max":1.000551,"rpc+-max":1.0,"rpc--max":1.0,"spherocity-max":0.125814,"tpsa-max":54.23,"vsa+-max":5.34019,"vsa--max":10.114318,"vsa-fhyd-max":0.654457,"vsa-fneg-max":0.654457,"vsa-fpneg-max":0.591368,"vsa-fpos-max":0.408632,"vsa-fppos-max":0.345543,"vsa-hyd-max":10.114318,"vsa-polar-max":0.591368,"vsa-polar+-max":5.34019,"vsa-polar--max":6.129621,"MR-diff":3.8459,"asphericity-diff":0.667496,"balabanj-diff":0.136294,"bertzct-diff":2.264663,"chi0-diff":0.870243,"chi0n-diff":2.183504,"chi0v-diff":0.816496,"chi1-diff":0.317837,"chi1n-diff":0.976493,"chi1v-diff":0.365148,"chi2n-diff":0.074536,"chi2v-diff":0.074536,"chi3n-diff":0.0,"chi3v-diff":0.0,"chi4n-diff":0.0,"chi4v-diff":0.0,"e-valence-diff":9.0,"eccentricity-diff":0.222234,"hk-alpha-diff":0.56,"hk-kappa1-diff":2.399825,"hk-kappa2-diff":28.44,"hk-kappa3-diff":105.44,"ipc-diff":0.490224,"isf-diff":0.132255,"labuteASA-diff":4.924003,"logP-diff":0.5756,"molwt-diff":28.966354,"molwt-hvy-diff":31.998,"nheavy-diff":2.0,"npr1-diff":0.547274,"npr2-diff":0.259382,"pbf-diff":0.152182,"pc+-diff":0.043285,"pc--diff":0.043285,"pmi1-diff":2.151256,"pmi2-diff":40.240465,"pmi3-diff":43.210754,"rbonds-diff":0.0,"rg-diff":0.563413,"rpc+-diff":0.666667,"rpc--diff":0.5,"spherocity-diff":0.125814,"tpsa-diff":19.23,"vsa+-diff":1.104664,"vsa--diff":3.984697,"vsa-fhyd-diff":0.245825,"vsa-fneg-diff":0.063089,"vsa-fpneg-diff":0.591368,"vsa-fpos-diff":0.063089,"vsa-fppos-diff":0.345543,"vsa-hyd-diff":5.878792,"vsa-polar-diff":0.245825,"vsa-polar+-diff":5.34019,"vsa-polar--diff":6.129621,"hbonds":2.0}