{"MR-mean":11.5149,"asphericity-mean":0.3645775,"balabanj-mean":3.6661575,"bertzct-mean":69.5083205,"chi0-mean":6.07735,"chi0n-mean":5.355462,"chi0v-mean":1.355462,"chi1-mean":2.943376,"chi1n-mean":2.3533945,"chi1v-mean":0.406181,"chi2n-mean":0.128555,"chi2v-mean":0.128555,"chi3n-mean":0.0,"chi3v-mean":0.0,"chi4n-mean":0.0,"chi4v-mean":0.0,"e-valence-mean":19.0,"eccentricity-mean":0.9299835,"hk-alpha-mean":-0.32,"hk-kappa1-mean":0.3612285,"hk-kappa2-mean":0.8883335,"hk-kappa3-mean":-13.208889,"ipc-mean":17.086166,"isf-mean":0.10387,"labuteASA-mean":24.4136225,"logP-mean":-0.2661,"molwt-mean":46.0292885,"molwt-hvy-mean":42.017,"nheavy-mean":3.0,"npr1-mean":0.341045,"npr2-mean":0.750371,"pbf-mean":0.2998195,"pc+-mean":0.441223,"pc--mean":-0.441223,"pmi1-mean":23.8714535,"pmi2-mean":36.418154,"pmi3-mean":57.0179255,"rbonds-mean":1.0,"rg-mean":1.0596395,"rpc+-mean":0.3505145,"rpc--mean":0.7223585,"spherocity-mean":0.36936,"tpsa-mean":34.58,"vsa+-mean":11.473687,"vsa--mean":11.404931,"vsa-fhyd-mean":0.660753,"vsa-fneg-mean":0.516916,"vsa-fpneg-mean":0.339247,"vsa-fpos-mean":0.483084,"vsa-fppos-mean":0.0,"vsa-hyd-mean":14.9616005,"vsa-polar-mean":0.339247,"vsa-polar+-mean":0.0,"vsa-polar--mean":7.9170175,"MR-min":10.1114,"asphericity-min":0.231482,"balabanj-min":3.541197,"bertzct-min":53.590719,"chi0-min":6.07735,"chi0n-min":4.76371,"chi0v-min":0.947214,"chi1-min":2.943376,"chi1n-min":2.088755,"chi1v-min":0.223607,"chi2n-min":0.0,"chi2v-min":0.0,"chi3n-min":0.0,"chi3v-min":0.0,"chi4n-min":0.0,"chi4v-min":0.0,"e-valence-min":14.0,"eccentricity-min":0.882751,"hk-alpha-min":-0.6,"hk-kappa1-min":0.050852,"hk-kappa2-min":0.816667,"hk-kappa3-min":-27.04,"ipc-min":17.086166,"isf-min":0.013162,"labuteASA-min":21.220107,"logP-min":-0.4251,"molwt-min":31.042199,"molwt-hvy-min":26.018,"nheavy-min":2.0,"npr1-min":0.212249,"npr2-min":0.565099,"pbf-min":0.298683,"pc+-min":0.352771,"pc--min":-0.529675,"pmi1-min":4.808564,"pmi2-min":21.197284,"pmi3-min":22.65532,"rbonds-min":1.0,"rg-min":0.885094,"rpc+-min":0.334771,"rpc--min":0.5,"spherocity-min":0.331392,"tpsa-min":26.02,"vsa+-min":6.93596,"vsa--min":10.114318,"vsa-fhyd-min":0.61286,"vsa-fneg-min":0.38714,"vsa-fpneg-min":0.291354,"vsa-fpos-min":0.353308,"vsa-fppos-min":0.0,"vsa-hyd-min":13.911787,"vsa-polar-min":0.291354,"vsa-polar+-min":0.0,"vsa-polar--min":5.719717,"MR-max":12.9184,"asphericity-max":0.497673,"balabanj-max":3.791118,"bertzct-max":85.425922,"chi0-max":6.07735,"chi0n-max":5.947214,"chi0v-max":1.76371,"chi1-max":2.943376,"chi1n-max":2.618034,"chi1v-max":0.588755,"chi2n-max":0.25711,"chi2v-max":0.25711,"chi3n-max":0.0,"chi3v-max":0.0,"chi4n-max":0.0,"chi4v-max":0.0,"e-valence-max":24.0,"eccentricity-max":0.977216,"hk-alpha-max":-0.04,"hk-kappa1-max":0.671605,"hk-kappa2-max":0.96,"hk-kappa3-max":0.622222,"ipc-max":17.086166,"isf-max":0.194578,"labuteASA-max":27.607138,"logP-max":-0.1071,"molwt-max":61.016378,"molwt-hvy-max":58.016,"nheavy-max":4.0,"npr1-max":0.469841,"npr2-max":0.935643,"pbf-max":0.300956,"pc+-max":0.529675,"pc--max":-0.352771,"pmi1-max":42.934343,"pmi2-max":51.639024,"pmi3-max":91.380531,"rbonds-max":1.0,"rg-max":1.234185,"rpc+-max":0.366258,"rpc--max":0.944717,"spherocity-max":0.407328,"tpsa-max":43.14,"vsa+-max":16.011414,"vsa--max":12.695544,"vsa-fhyd-max":0.708646,"vsa-fneg-max":0.646692,"vsa-fpneg-max":0.38714,"vsa-fpos-max":0.61286,"vsa-fppos-max":0.0,"vsa-hyd-max":16.011414,"vsa-polar-max":0.38714,"vsa-polar+-max":0.0,"vsa-polar--max":10.114318,"MR-diff":2.807,"asphericity-diff":0.266191,"balabanj-diff":0.249921,"bertzct-diff":31.835203,"chi0-diff":0.0,"chi0n-diff":1.183504,"chi0v-diff":0.816496,"chi1-diff":0.0,"chi1n-diff":0.529279,"chi1v-diff":0.365148,"chi2n-diff":0.25711,"chi2v-diff":0.25711,"chi3n-diff":0.0,"chi3v-diff":0.0,"chi4n-diff":0.0,"chi4v-diff":0.0,"e-valence-diff":10.0,"eccentricity-diff":0.094465,"hk-alpha-diff":0.56,"hk-kappa1-diff":0.620753,"hk-kappa2-diff":0.143333,"hk-kappa3-diff":27.662222,"ipc-diff":0.0,"isf-diff":0.181416,"labuteASA-diff":6.387031,"logP-diff":0.318,"molwt-diff":29.974179,"molwt-hvy-diff":31.998,"nheavy-diff":2.0,"npr1-diff":0.257592,"npr2-diff":0.370544,"pbf-diff":0.002273,"pc+-diff":0.176904,"pc--diff":0.176904,"pmi1-diff":38.125779,"pmi2-diff":30.44174,"pmi3-diff":68.725211,"rbonds-diff":0.0,"rg-diff":0.349091,"rpc+-diff":0.031487,"rpc--diff":0.444717,"spherocity-diff":0.075936,"tpsa-diff":17.12,"vsa+-diff":9.075454,"vsa--diff":2.581226,"vsa-fhyd-diff":0.095786,"vsa-fneg-diff":0.259552,"vsa-fpneg-diff":0.095786,"vsa-fpos-diff":0.259552,"vsa-fppos-diff":0.0,"vsa-hyd-diff":2.099627,"vsa-polar-diff":0.095786,"vsa-polar+-diff":0.0,"vsa-polar--diff":4.394601,"hbonds":2.0}