{"avg_dipole_moment": 2.7199999999999998, "max_dipole_moment": 3.81, "min_dipole_moment": 1.63, "max_molecular_weight": 46.0055, "shear_5nN-qq": [-1146.5842642446044, 76.56593145317726], "intercept": 2.708818975908837, "shear_15nN-qq": [-1254.2373023509192, 84.74977139894457], "min_molecular_weight": 16.0225, "delta_molecular_weight": 29.982999999999997, "ch3-smiles-2": "C[N+](=O)[O-]", "chain-smiles-2": "CCCCCCCCCCCCCCCCC[N+](=O)[O-]", "tilt_bottom": {"25nN": 42.23678944381621, "5nN": 37.834317460212425, "15nN": 40.34634671910055}, "interdigitation": {"25nN": 0.13364993624705537, "5nN": 0.12815151929039686, "15nN": 0.11627984986686939}, "tilt_top": {"25nN": 40.90091378183242, "5nN": 36.337200126244625, "15nN": 39.524906733904906}, "shear_15nN-lj": [-1701.8540192294165, 51.642194313940124], "h-smiles-1": "N", "S2_top": {"25nN": 0.9593736341111501, "5nN": 0.9658347261213838, "15nN": 0.9739499834665011}, "S2_bottom": {"25nN": 0.9722119502699331, "5nN": 0.9722812962387727, "15nN": 0.9743267239678609}, "h-smiles-2": "[N+](=O)[O-]", "shear_25nN-qq": [-1273.0355172885693, 88.4812217251312], "COF": 0.13442012259682454, "shear_25nN-lj": [-1784.1971885571547, 54.89929951646482], "ch3-smiles-1": "CN", "shear_15nN-Etotal": [-2956.0913215803357, 103.93028447437872], "shear_5nN-Etotal": [-2706.7619438816946, 103.11988959772087], "shear_25nN-Etotal": [-3057.2327058457236, 106.21263923401995], "avg_molecular_weight": 31.014, "shear_5nN-lj": [-1560.1776796370905, 54.31930982744618], "delta_dipole_moment": 2.18, "status": {"5212ddfc020c34739363c068074ef238-equilibrate": 1, "5212ddfc020c34739363c068074ef238-equilibrate_grompp": 1, "5212ddfc020c34739363c068074ef238-log_interaction_energy_25nN": 1, "5212ddfc020c34739363c068074ef238-count_hydrogen_bonds": 1, "5212ddfc020c34739363c068074ef238-shear_5nN_rerun_grompp": 1, "5212ddfc020c34739363c068074ef238-log_S2": 1, "5212ddfc020c34739363c068074ef238-calc_friction": 1, "5212ddfc020c34739363c068074ef238-shear_15nN_grompp": 1, "5212ddfc020c34739363c068074ef238-shear_25nN": 1, "5212ddfc020c34739363c068074ef238-minimize_grompp": 1, "5212ddfc020c34739363c068074ef238-log_cof": 1, "5212ddfc020c34739363c068074ef238-log_interaction_energy_5nN": 1, "5212ddfc020c34739363c068074ef238-shear_5nN_grompp": 1, "5212ddfc020c34739363c068074ef238-shear_5nN": 1, "5212ddfc020c34739363c068074ef238-get_interaction_energy_25nN": 1, "5212ddfc020c34739363c068074ef238-initialize": 1, "5212ddfc020c34739363c068074ef238-top_to_mol2": 1, "5212ddfc020c34739363c068074ef238-shear_15nN_rerun_grompp": 1, "5212ddfc020c34739363c068074ef238-calc_interdigitation": 1, "5212ddfc020c34739363c068074ef238-shear_15nN": 1, "5212ddfc020c34739363c068074ef238-calc_S2_shear": 1, "5212ddfc020c34739363c068074ef238-fix_overlaps": 1, "5212ddfc020c34739363c068074ef238-shear_25nN_grompp": 1, "5212ddfc020c34739363c068074ef238-minimize": 1, "5212ddfc020c34739363c068074ef238-unwrap_shear_5nN": 1, "5212ddfc020c34739363c068074ef238-shear_15nN_rerun": 1, "5212ddfc020c34739363c068074ef238-shear_5nN_rerun": 1, "5212ddfc020c34739363c068074ef238-calc_tilt_shear": 1, "5212ddfc020c34739363c068074ef238-compress": 1, "5212ddfc020c34739363c068074ef238-compress_grompp": 1, "5212ddfc020c34739363c068074ef238-log_tilt": 1, "5212ddfc020c34739363c068074ef238-get_interaction_energy_5nN": 1, "5212ddfc020c34739363c068074ef238-log_interaction_energy_15nN": 1, "5212ddfc020c34739363c068074ef238-shear_25nN_rerun": 1, "5212ddfc020c34739363c068074ef238-lammps_to_gmx": 1, "5212ddfc020c34739363c068074ef238-unwrap_shear_25nN": 1, "5212ddfc020c34739363c068074ef238-unwrap_shear_15nN": 1, "5212ddfc020c34739363c068074ef238-get_interaction_energy_15nN": 1, "5212ddfc020c34739363c068074ef238-shear_25nN_rerun_grompp": 1}, "chain-smiles-1": "CCCCCCCCCCCCCCCCCN"}