{"shear_15nN-qq": [-1254.2373023509192, 84.74977139894457], "tilt_bottom": {"15nN": 40.34634671910055, "5nN": 37.834317460212425, "25nN": 42.23678944381621}, "delta_molecular_weight": 29.982999999999997, "status": {"5212ddfc020c34739363c068074ef238-minimize": 1, "5212ddfc020c34739363c068074ef238-shear_5nN_rerun_grompp": 1, "5212ddfc020c34739363c068074ef238-shear_25nN_rerun": 1, "5212ddfc020c34739363c068074ef238-calc_tilt_shear": 1, "5212ddfc020c34739363c068074ef238-shear_15nN_rerun": 1, "5212ddfc020c34739363c068074ef238-lammps_to_gmx": 1, "5212ddfc020c34739363c068074ef238-minimize_grompp": 1, "5212ddfc020c34739363c068074ef238-unwrap_shear_5nN": 1, "5212ddfc020c34739363c068074ef238-get_interaction_energy_5nN": 1, "5212ddfc020c34739363c068074ef238-unwrap_shear_25nN": 1, "5212ddfc020c34739363c068074ef238-compress_grompp": 1, "5212ddfc020c34739363c068074ef238-shear_15nN": 1, "5212ddfc020c34739363c068074ef238-log_cof": 1, "5212ddfc020c34739363c068074ef238-shear_25nN": 1, "5212ddfc020c34739363c068074ef238-shear_5nN": 1, "5212ddfc020c34739363c068074ef238-compress": 1, "5212ddfc020c34739363c068074ef238-shear_15nN_rerun_grompp": 1, "5212ddfc020c34739363c068074ef238-log_tilt": 1, "5212ddfc020c34739363c068074ef238-get_interaction_energy_15nN": 1, "5212ddfc020c34739363c068074ef238-calc_friction": 1, "5212ddfc020c34739363c068074ef238-log_S2": 1, "5212ddfc020c34739363c068074ef238-calc_S2_shear": 1, "5212ddfc020c34739363c068074ef238-count_hydrogen_bonds": 1, "5212ddfc020c34739363c068074ef238-log_interaction_energy_5nN": 1, "5212ddfc020c34739363c068074ef238-fix_overlaps": 1, "5212ddfc020c34739363c068074ef238-log_interaction_energy_15nN": 1, "5212ddfc020c34739363c068074ef238-log_interaction_energy_25nN": 1, "5212ddfc020c34739363c068074ef238-unwrap_shear_15nN": 1, "5212ddfc020c34739363c068074ef238-shear_25nN_rerun_grompp": 1, "5212ddfc020c34739363c068074ef238-shear_15nN_grompp": 1, "5212ddfc020c34739363c068074ef238-equilibrate_grompp": 1, "5212ddfc020c34739363c068074ef238-shear_5nN_rerun": 1, "5212ddfc020c34739363c068074ef238-initialize": 1, "5212ddfc020c34739363c068074ef238-equilibrate": 1, "5212ddfc020c34739363c068074ef238-calc_interdigitation": 1, "5212ddfc020c34739363c068074ef238-shear_25nN_grompp": 1, "5212ddfc020c34739363c068074ef238-shear_5nN_grompp": 1, "5212ddfc020c34739363c068074ef238-top_to_mol2": 1, "5212ddfc020c34739363c068074ef238-get_interaction_energy_25nN": 1}, "interdigitation": {"15nN": 0.11599716578735933, "5nN": 0.12821237325062046, "25nN": 0.13365189853645898}, "intercept": 2.708818975908837, "delta_dipole_moment": 2.18, "S2_top": {"15nN": 0.9739499834665011, "5nN": 0.9658347261213838, "25nN": 0.9593736341111501}, "shear_25nN-Etotal": [-3057.2327058457236, 106.21263923401995], "shear_5nN-Etotal": [-2706.7619438816946, 103.11988959772087], "S2_bottom": {"15nN": 0.9743267239678609, "5nN": 0.9722812962387727, "25nN": 0.9722119502699331}, "avg_molecular_weight": 31.014, "shear_15nN-lj": [-1701.8540192294165, 51.642194313940124], "tilt_top": {"15nN": 39.524906733904906, "5nN": 36.337200126244625, "25nN": 40.90091378183242}, "avg_dipole_moment": 2.7199999999999998, "shear_5nN-qq": [-1146.5842642446044, 76.56593145317726], "shear_5nN-lj": [-1560.1776796370905, 54.31930982744618], "COF": 0.13442012259682454, "shear_25nN-lj": [-1784.1971885571547, 54.89929951646482], "shear_25nN-qq": [-1273.0355172885693, 88.4812217251312], "shear_15nN-Etotal": [-2956.0913215803357, 103.93028447437872]}