{"avg_dipole_moment": 3.4499999999999997, "max_dipole_moment": 4.81, "min_dipole_moment": 2.09, "max_molecular_weight": 69.0059, "shear_5nN-qq": [-60.63823891446843, 19.027003648219353], "intercept": 0.5986986537736456, "shear_15nN-qq": [-107.82150951398883, 25.200656727337705], "min_molecular_weight": 45.0174, "delta_molecular_weight": 23.988499999999995, "ch3-smiles-2": "CC(F)(F)F", "chain-smiles-2": "CCCCCCCCCCCCCCCCCC(F)(F)F", "tilt_bottom": {"25nN": 40.56810740254695, "5nN": 34.113066237854056, "15nN": 37.78603049337105}, "tilt_top": {"25nN": 39.15603271438999, "5nN": 34.18253376943442, "15nN": 37.72695370656574}, "shear_15nN-lj": [-1605.8278188041565, 49.4421393858625], "h-smiles-1": "C(=O)O", "ch3-smiles-1": "CC(=O)O", "S2_bottom": {"25nN": 0.9697600537285428, "5nN": 0.961902456939947, "15nN": 0.965978504641461}, "h-smiles-2": "C(F)(F)F", "shear_25nN-qq": [-126.07360057953636, 26.02066329859444], "COF": 0.12548714142257278, "shear_25nN-lj": [-1720.67569245004, 46.549827255597314], "S2_top": {"25nN": 0.9673612054537123, "5nN": 0.9720563237047245, "15nN": 0.9665988862165521}, "shear_15nN-Etotal": [-1713.6493283181453, 58.1138153495121], "shear_5nN-Etotal": [-1456.9260839408473, 54.16757358405641], "shear_25nN-Etotal": [-1846.7492930295764, 54.64268959157181], "avg_molecular_weight": 57.01165, "shear_5nN-lj": [-1396.287845026379, 47.53960543975056], "delta_dipole_moment": 2.7199999999999998, "status": {"d4ae5a1e92fd3f4d167487e4f54df0d6-log_interaction_energy_15nN": 1, "d4ae5a1e92fd3f4d167487e4f54df0d6-unwrap_shear_15nN": 1, "d4ae5a1e92fd3f4d167487e4f54df0d6-log_interaction_energy_5nN": 1, "d4ae5a1e92fd3f4d167487e4f54df0d6-get_interaction_energy_15nN": 1, "d4ae5a1e92fd3f4d167487e4f54df0d6-log_interaction_energy_25nN": 1, "d4ae5a1e92fd3f4d167487e4f54df0d6-compress": 1, "d4ae5a1e92fd3f4d167487e4f54df0d6-unwrap_shear_25nN": 1, "d4ae5a1e92fd3f4d167487e4f54df0d6-shear_15nN_rerun_grompp": 1, "d4ae5a1e92fd3f4d167487e4f54df0d6-shear_5nN_rerun_grompp": 1, "d4ae5a1e92fd3f4d167487e4f54df0d6-get_interaction_energy_5nN": 1, "d4ae5a1e92fd3f4d167487e4f54df0d6-calc_tilt_shear": 1, "d4ae5a1e92fd3f4d167487e4f54df0d6-shear_25nN_rerun_grompp": 1, "d4ae5a1e92fd3f4d167487e4f54df0d6-unwrap_shear_5nN": 1, "d4ae5a1e92fd3f4d167487e4f54df0d6-compress_grompp": 1, "d4ae5a1e92fd3f4d167487e4f54df0d6-initialize": 1, "d4ae5a1e92fd3f4d167487e4f54df0d6-get_interaction_energy_25nN": 1, "d4ae5a1e92fd3f4d167487e4f54df0d6-fix_overlaps": 1, "d4ae5a1e92fd3f4d167487e4f54df0d6-shear_25nN_rerun": 1, "d4ae5a1e92fd3f4d167487e4f54df0d6-count_hydrogen_bonds": 1, "d4ae5a1e92fd3f4d167487e4f54df0d6-equilibrate": 1, "d4ae5a1e92fd3f4d167487e4f54df0d6-lammps_to_gmx": 1, "d4ae5a1e92fd3f4d167487e4f54df0d6-shear_15nN": 1, "d4ae5a1e92fd3f4d167487e4f54df0d6-minimize": 1, "d4ae5a1e92fd3f4d167487e4f54df0d6-equilibrate_grompp": 1, "d4ae5a1e92fd3f4d167487e4f54df0d6-minimize_grompp": 1, "d4ae5a1e92fd3f4d167487e4f54df0d6-shear_5nN": 1, "d4ae5a1e92fd3f4d167487e4f54df0d6-log_S2": 1, "d4ae5a1e92fd3f4d167487e4f54df0d6-shear_25nN_grompp": 1, "d4ae5a1e92fd3f4d167487e4f54df0d6-calc_interdigitation": 1, "d4ae5a1e92fd3f4d167487e4f54df0d6-top_to_mol2": 1, "d4ae5a1e92fd3f4d167487e4f54df0d6-shear_5nN_rerun": 1, "d4ae5a1e92fd3f4d167487e4f54df0d6-shear_15nN_grompp": 1, "d4ae5a1e92fd3f4d167487e4f54df0d6-log_cof": 1, "d4ae5a1e92fd3f4d167487e4f54df0d6-calc_friction": 1, "d4ae5a1e92fd3f4d167487e4f54df0d6-shear_25nN": 1, "d4ae5a1e92fd3f4d167487e4f54df0d6-calc_S2_shear": 1, "d4ae5a1e92fd3f4d167487e4f54df0d6-shear_15nN_rerun": 1, "d4ae5a1e92fd3f4d167487e4f54df0d6-shear_5nN_grompp": 1, "d4ae5a1e92fd3f4d167487e4f54df0d6-log_tilt": 1}, "chain-smiles-1": "CCCCCCCCCCCCCCCCCC(=O)O"}