{"avg_dipole_moment": 2.7199999999999998, "max_dipole_moment": 3.41, "min_dipole_moment": 2.03, "max_molecular_weight": 95.0942, "shear_5nN-qq": [-489.9648146898481, 55.90411531234869], "intercept": 1.9747389446550705, "shear_15nN-qq": [-483.9208949584332, 58.63318741966634], "min_molecular_weight": 26.0174, "delta_molecular_weight": 69.0768, "ch3-smiles-2": "CC1=CC=C(F)C=C1", "chain-smiles-2": "CCCCCCCCCCCCCCCCCC1=CC=C(F)C=C1", "tilt_bottom": {"25nN": 40.683147319368466, "5nN": 36.39306903330085, "15nN": 39.10077803648237}, "interdigitation": {"25nN": 0.16116776081220444, "5nN": 0.17052512904683323, "15nN": 0.16093848762136626}, "tilt_top": {"25nN": 37.58126992775302, "5nN": 34.1054905472233, "15nN": 37.79803518486374}, "shear_15nN-lj": [-1592.4458642965628, 50.80982459664718], "h-smiles-1": "C#N", "S2_top": {"25nN": 0.9404777127989434, "5nN": 0.9610908559108933, "15nN": 0.9634626392852861}, "S2_bottom": {"25nN": 0.9642137191310941, "5nN": 0.9729688101584313, "15nN": 0.9568864984992125}, "h-smiles-2": "C1=CC=C(F)C=C1", "shear_25nN-qq": [-402.81700765227816, 54.247783461489774], "COF": 0.09693663762575626, "shear_25nN-lj": [-1663.8596997442046, 48.40613614067214], "ch3-smiles-1": "CC#N", "shear_15nN-Etotal": [-2076.366759254996, 87.48577373071403], "shear_5nN-Etotal": [-1899.1526279176662, 84.95506087806262], "shear_25nN-Etotal": [-2066.6767073964825, 80.2564843494253], "avg_molecular_weight": 60.5558, "shear_5nN-lj": [-1409.1878132278177, 46.63907902404144], "delta_dipole_moment": 1.3800000000000003, "status": {"33a91fed483bcae61f97af811e1a1e93-equilibrate": 1, "33a91fed483bcae61f97af811e1a1e93-compress_grompp": 1, "33a91fed483bcae61f97af811e1a1e93-compress": 1, "33a91fed483bcae61f97af811e1a1e93-shear_25nN": 1, "33a91fed483bcae61f97af811e1a1e93-fix_overlaps": 1, "33a91fed483bcae61f97af811e1a1e93-lammps_to_gmx": 1, "33a91fed483bcae61f97af811e1a1e93-get_interaction_energy_25nN": 1, "33a91fed483bcae61f97af811e1a1e93-log_interaction_energy_25nN": 1, "33a91fed483bcae61f97af811e1a1e93-shear_5nN_rerun_grompp": 1, "33a91fed483bcae61f97af811e1a1e93-unwrap_shear_5nN": 1, "33a91fed483bcae61f97af811e1a1e93-initialize": 1, "33a91fed483bcae61f97af811e1a1e93-top_to_mol2": 1, "33a91fed483bcae61f97af811e1a1e93-calc_tilt_shear": 1, "33a91fed483bcae61f97af811e1a1e93-log_interaction_energy_5nN": 1, "33a91fed483bcae61f97af811e1a1e93-get_interaction_energy_15nN": 1, "33a91fed483bcae61f97af811e1a1e93-log_tilt": 1, "33a91fed483bcae61f97af811e1a1e93-equilibrate_grompp": 1, "33a91fed483bcae61f97af811e1a1e93-shear_15nN_rerun": 1, "33a91fed483bcae61f97af811e1a1e93-shear_25nN_rerun_grompp": 1, "33a91fed483bcae61f97af811e1a1e93-shear_25nN_rerun": 1, "33a91fed483bcae61f97af811e1a1e93-log_cof": 1, "33a91fed483bcae61f97af811e1a1e93-shear_15nN": 1, "33a91fed483bcae61f97af811e1a1e93-shear_25nN_grompp": 1, "33a91fed483bcae61f97af811e1a1e93-calc_interdigitation": 1, "33a91fed483bcae61f97af811e1a1e93-unwrap_shear_25nN": 1, "33a91fed483bcae61f97af811e1a1e93-minimize_grompp": 1, "33a91fed483bcae61f97af811e1a1e93-shear_15nN_grompp": 1, "33a91fed483bcae61f97af811e1a1e93-minimize": 1, "33a91fed483bcae61f97af811e1a1e93-calc_friction": 1, "33a91fed483bcae61f97af811e1a1e93-log_interaction_energy_15nN": 1, "33a91fed483bcae61f97af811e1a1e93-log_S2": 1, "33a91fed483bcae61f97af811e1a1e93-unwrap_shear_15nN": 1, "33a91fed483bcae61f97af811e1a1e93-shear_5nN": 1, "33a91fed483bcae61f97af811e1a1e93-shear_5nN_rerun": 1, "33a91fed483bcae61f97af811e1a1e93-shear_15nN_rerun_grompp": 1, "33a91fed483bcae61f97af811e1a1e93-get_interaction_energy_5nN": 1, "33a91fed483bcae61f97af811e1a1e93-calc_S2_shear": 1, "33a91fed483bcae61f97af811e1a1e93-shear_5nN_grompp": 1}, "chain-smiles-1": "CCCCCCCCCCCCCCCCCC#N"}