{"interdigitation": {"25nN": 0.11323008293520391, "5nN": 0.10548471569033752, "15nN": 0.11643073714534757}, "shear_25nN-qq": [-277.98558479856115, 41.44535588452123], "S2_top": {"25nN": 0.9480373967800833, "5nN": 0.9572126584248808, "15nN": 0.9617573906775617}, "tilt_bottom": {"25nN": 40.591578607660786, "5nN": 35.72549755454477, "15nN": 38.5796218514144}, "shear_15nN-Etotal": [-1927.8990491390887, 72.77724498455113], "status": {"1755d73030b3d5bd1ee60a86db7fc414-log_interaction_energy_25nN": 1, "1755d73030b3d5bd1ee60a86db7fc414-compress": 1, "1755d73030b3d5bd1ee60a86db7fc414-shear_25nN_rerun_grompp": 1, "1755d73030b3d5bd1ee60a86db7fc414-fix_overlaps": 1, "1755d73030b3d5bd1ee60a86db7fc414-unwrap_shear_15nN": 1, "1755d73030b3d5bd1ee60a86db7fc414-calc_tilt_shear": 1, "1755d73030b3d5bd1ee60a86db7fc414-calc_interdigitation": 1, "1755d73030b3d5bd1ee60a86db7fc414-minimize": 1, "1755d73030b3d5bd1ee60a86db7fc414-lammps_to_gmx": 1, "1755d73030b3d5bd1ee60a86db7fc414-shear_15nN_rerun": 1, "1755d73030b3d5bd1ee60a86db7fc414-shear_5nN_rerun": 1, "1755d73030b3d5bd1ee60a86db7fc414-log_cof": 1, "1755d73030b3d5bd1ee60a86db7fc414-shear_25nN_rerun": 1, "1755d73030b3d5bd1ee60a86db7fc414-count_hydrogen_bonds": 1, "1755d73030b3d5bd1ee60a86db7fc414-equilibrate": 1, "1755d73030b3d5bd1ee60a86db7fc414-shear_5nN": 1, "1755d73030b3d5bd1ee60a86db7fc414-get_interaction_energy_25nN": 1, "1755d73030b3d5bd1ee60a86db7fc414-shear_25nN_grompp": 1, "1755d73030b3d5bd1ee60a86db7fc414-log_S2": 1, "1755d73030b3d5bd1ee60a86db7fc414-shear_15nN_rerun_grompp": 1, "1755d73030b3d5bd1ee60a86db7fc414-log_interaction_energy_5nN": 1, "1755d73030b3d5bd1ee60a86db7fc414-log_interaction_energy_15nN": 1, "1755d73030b3d5bd1ee60a86db7fc414-unwrap_shear_5nN": 1, "1755d73030b3d5bd1ee60a86db7fc414-equilibrate_grompp": 1, "1755d73030b3d5bd1ee60a86db7fc414-shear_15nN_grompp": 1, "1755d73030b3d5bd1ee60a86db7fc414-calc_friction": 1, "1755d73030b3d5bd1ee60a86db7fc414-get_interaction_energy_15nN": 1, "1755d73030b3d5bd1ee60a86db7fc414-compress_grompp": 1, "1755d73030b3d5bd1ee60a86db7fc414-shear_15nN": 1, "1755d73030b3d5bd1ee60a86db7fc414-shear_25nN": 1, "1755d73030b3d5bd1ee60a86db7fc414-top_to_mol2": 1, "1755d73030b3d5bd1ee60a86db7fc414-shear_5nN_rerun_grompp": 1, "1755d73030b3d5bd1ee60a86db7fc414-unwrap_shear_25nN": 1, "1755d73030b3d5bd1ee60a86db7fc414-minimize_grompp": 1, "1755d73030b3d5bd1ee60a86db7fc414-calc_S2_shear": 1, "1755d73030b3d5bd1ee60a86db7fc414-log_tilt": 1, "1755d73030b3d5bd1ee60a86db7fc414-shear_5nN_grompp": 1, "1755d73030b3d5bd1ee60a86db7fc414-get_interaction_energy_5nN": 1, "1755d73030b3d5bd1ee60a86db7fc414-initialize": 1}, "shear_25nN-lj": [-1757.7641975139888, 55.035624140932036], "delta_molecular_weight": 60.0964, "shear_15nN-qq": [-254.405327303757, 41.788293729521236], "avg_dipole_moment": 0.94, "COF": 0.14822360678826177, "shear_25nN-Etotal": [-2035.7497823125498, 71.43543970795848], "tilt_top": {"25nN": 39.83000514669675, "5nN": 34.68244268007446, "15nN": 38.49586604122644}, "S2_bottom": {"25nN": 0.9446690424378033, "5nN": 0.9669142074105483, "15nN": 0.9525174312815458}, "intercept": 1.6199812921903236, "shear_5nN-qq": [-246.43910244444442, 34.8134986473763], "shear_5nN-Etotal": [-1730.989373071143, 69.96041139103072], "avg_molecular_weight": 47.0555, "delta_dipole_moment": 1.88, "shear_15nN-lj": [-1673.4937218353316, 52.76131949464264], "shear_5nN-lj": [-1484.5502706266986, 53.430508132737465]}