{"MR-mean":8.7804,"asphericity-mean":0.6890735,"balabanj-mean":2.5174375,"bertzct-mean":26.588636,"chi0-mean":3.495782,"chi0n-mean":2.2901035,"chi0v-mean":1.2901035,"chi1-mean":1.842135,"chi1n-mean":0.8408225,"chi1v-mean":0.386698,"chi2n-mean":0.0789345,"chi2v-mean":0.0789345,"chi3n-mean":0.0,"chi3v-mean":0.0,"chi4n-mean":0.0,"chi4v-mean":0.0,"e-valence-mean":17.5,"eccentricity-mean":0.9924295,"hk-alpha-mean":-0.565,"hk-kappa1-mean":1.421637,"hk-kappa2-mean":1.435,"hk-kappa3-mean":1.435,"ipc-mean":6.203186,"isf-mean":0.17204,"labuteASA-mean":18.7044655,"logP-mean":-0.3564,"molwt-mean":45.999191,"molwt-hvy-mean":45.007,"nheavy-mean":3.0,"npr1-mean":0.118557,"npr2-mean":0.890425,"pbf-mean":0.076224,"pc+-mean":0.563501,"pc--mean":-0.563501,"pmi1-mean":5.787085,"pmi2-mean":42.841179,"pmi3-mean":48.1742265,"rbonds-mean":0.0,"rg-mean":1.025227,"rpc+-mean":0.700036,"rpc--mean":0.576759,"spherocity-mean":0.0353525,"tpsa-mean":45.765,"vsa+-mean":7.2952105,"vsa--mean":10.0088315,"vsa-fhyd-mean":0.363012,"vsa-fneg-mean":0.585753,"vsa-fpneg-mean":0.2585245,"vsa-fpos-mean":0.414247,"vsa-fppos-mean":0.3784635,"vsa-hyd-mean":5.7425385,"vsa-polar-mean":0.636988,"vsa-polar+-mean":6.609831,"vsa-polar--mean":4.9516725,"MR-min":8.6928,"asphericity-min":0.615736,"balabanj-min":2.187496,"bertzct-min":10.264663,"chi0-min":2.707107,"chi0n-min":1.26371,"chi0v-min":1.26371,"chi1-min":1.414214,"chi1n-min":0.365148,"chi1v-min":0.365148,"chi2n-min":0.074536,"chi2v-min":0.074536,"chi3n-min":0.0,"chi3v-min":0.0,"chi4n-min":0.0,"chi4v-min":0.0,"e-valence-min":17.0,"eccentricity-min":0.988626,"hk-alpha-min":-0.6,"hk-kappa1-min":0.443274,"hk-kappa2-min":1.4,"hk-kappa3-min":1.4,"ipc-min":2.754888,"isf-min":0.11411,"labuteASA-min":16.817313,"logP-min":-0.4136,"molwt-min":45.992903,"molwt-hvy-min":44.009,"nheavy-min":3.0,"npr1-min":0.086716,"npr2-min":0.867566,"pbf-min":0.0,"pc+-min":0.387211,"pc--min":-0.739791,"pmi1-min":3.971311,"pmi2-min":41.825388,"pmi3-min":45.7967,"rbonds-min":0.0,"rg-min":0.997734,"rpc+-min":0.400072,"rpc--min":0.5,"spherocity-min":0.0,"tpsa-min":37.3,"vsa+-min":5.34019,"vsa--min":9.903345,"vsa-fhyd-min":0.071567,"vsa-fneg-min":0.517049,"vsa-fpneg-min":0.0,"vsa-fpos-min":0.345543,"vsa-fppos-min":0.345543,"vsa-hyd-min":1.370759,"vsa-polar-min":0.345543,"vsa-polar+-min":5.34019,"vsa-polar--min":0.0,"MR-max":8.868,"asphericity-max":0.762411,"balabanj-max":2.847379,"bertzct-max":42.912609,"chi0-max":4.284457,"chi0n-max":3.316497,"chi0v-max":1.316497,"chi1-max":2.270056,"chi1n-max":1.316497,"chi1v-max":0.408248,"chi2n-max":0.083333,"chi2v-max":0.083333,"chi3n-max":0.0,"chi3v-max":0.0,"chi4n-max":0.0,"chi4v-max":0.0,"e-valence-max":18.0,"eccentricity-max":0.996233,"hk-alpha-max":-0.53,"hk-kappa1-max":2.4,"hk-kappa2-max":1.47,"hk-kappa3-max":1.47,"ipc-max":9.651484,"isf-max":0.22997,"labuteASA-max":20.591618,"logP-max":-0.2992,"molwt-max":46.005479,"molwt-hvy-max":46.005,"nheavy-max":3.0,"npr1-max":0.150398,"npr2-max":0.913284,"pbf-max":0.152448,"pc+-max":0.739791,"pc--max":-0.387211,"pmi1-max":7.602859,"pmi2-max":43.85697,"pmi3-max":50.551753,"rbonds-max":0.0,"rg-max":1.05272,"rpc+-max":1.0,"rpc--max":0.653518,"spherocity-max":0.070705,"tpsa-max":54.23,"vsa+-max":9.250231,"vsa--max":10.114318,"vsa-fhyd-max":0.654457,"vsa-fneg-max":0.654457,"vsa-fpneg-max":0.517049,"vsa-fpos-max":0.482951,"vsa-fppos-max":0.411384,"vsa-hyd-max":10.114318,"vsa-polar-max":0.928433,"vsa-polar+-max":7.879472,"vsa-polar--max":9.903345,"MR-diff":0.1752,"asphericity-diff":0.146675,"balabanj-diff":0.659883,"bertzct-diff":32.647946,"chi0-diff":1.57735,"chi0n-diff":2.052787,"chi0v-diff":0.052787,"chi1-diff":0.855842,"chi1n-diff":0.951349,"chi1v-diff":0.0431,"chi2n-diff":0.008797,"chi2v-diff":0.008797,"chi3n-diff":0.0,"chi3v-diff":0.0,"chi4n-diff":0.0,"chi4v-diff":0.0,"e-valence-diff":1.0,"eccentricity-diff":0.007607,"hk-alpha-diff":0.07,"hk-kappa1-diff":1.956726,"hk-kappa2-diff":0.07,"hk-kappa3-diff":0.07,"ipc-diff":6.896596,"isf-diff":0.11586,"labuteASA-diff":3.774305,"logP-diff":0.1144,"molwt-diff":0.012576,"molwt-hvy-diff":1.996,"nheavy-diff":0.0,"npr1-diff":0.063682,"npr2-diff":0.045718,"pbf-diff":0.152448,"pc+-diff":0.35258,"pc--diff":0.35258,"pmi1-diff":3.631548,"pmi2-diff":2.031582,"pmi3-diff":4.755053,"rbonds-diff":0.0,"rg-diff":0.054986,"rpc+-diff":0.599928,"rpc--diff":0.153518,"spherocity-diff":0.070705,"tpsa-diff":16.93,"vsa+-diff":3.910041,"vsa--diff":0.210973,"vsa-fhyd-diff":0.58289,"vsa-fneg-diff":0.137408,"vsa-fpneg-diff":0.517049,"vsa-fpos-diff":0.137408,"vsa-fppos-diff":0.065841,"vsa-hyd-diff":8.743559,"vsa-polar-diff":0.58289,"vsa-polar+-diff":2.539282,"vsa-polar--diff":9.903345,"hbonds":2.0}