{"tilt_bottom": {"25nN": 40.403857755475094, "5nN": 35.46765209452361, "15nN": 38.866536119011094}, "shear_25nN-qq": [15.270034808952836, 14.009899675275113], "S2_top": {"25nN": 0.92756999192044, "5nN": 0.9372468332858559, "15nN": 0.908032599141602}, "shear_5nN-qq": [-3.0455267913669064, 11.124034153053497], "shear_15nN-Etotal": [-1569.5360942078337, 49.84414425262342], "status": {"9a963a7a11c1111bdddee2cde498c4c4-shear_15nN_rerun": 1, "9a963a7a11c1111bdddee2cde498c4c4-shear_5nN": 1, "9a963a7a11c1111bdddee2cde498c4c4-log_interaction_energy_25nN": 1, "9a963a7a11c1111bdddee2cde498c4c4-unwrap_shear_15nN": 1, "9a963a7a11c1111bdddee2cde498c4c4-shear_5nN_rerun": 1, "9a963a7a11c1111bdddee2cde498c4c4-get_interaction_energy_5nN": 1, "9a963a7a11c1111bdddee2cde498c4c4-shear_25nN_rerun": 1, "9a963a7a11c1111bdddee2cde498c4c4-shear_15nN_rerun_grompp": 1, "9a963a7a11c1111bdddee2cde498c4c4-minimize_grompp": 1, "9a963a7a11c1111bdddee2cde498c4c4-calc_interdigitation": 1, "9a963a7a11c1111bdddee2cde498c4c4-fix_overlaps": 1, "9a963a7a11c1111bdddee2cde498c4c4-calc_friction": 1, "9a963a7a11c1111bdddee2cde498c4c4-get_interaction_energy_15nN": 1, "9a963a7a11c1111bdddee2cde498c4c4-log_S2": 1, "9a963a7a11c1111bdddee2cde498c4c4-unwrap_shear_5nN": 1, "9a963a7a11c1111bdddee2cde498c4c4-compress_grompp": 1, "9a963a7a11c1111bdddee2cde498c4c4-log_cof": 1, "9a963a7a11c1111bdddee2cde498c4c4-lammps_to_gmx": 1, "9a963a7a11c1111bdddee2cde498c4c4-shear_15nN": 1, "9a963a7a11c1111bdddee2cde498c4c4-initialize": 1, "9a963a7a11c1111bdddee2cde498c4c4-get_interaction_energy_25nN": 1, "9a963a7a11c1111bdddee2cde498c4c4-log_interaction_energy_5nN": 1, "9a963a7a11c1111bdddee2cde498c4c4-shear_25nN_rerun_grompp": 1, "9a963a7a11c1111bdddee2cde498c4c4-log_tilt": 1, "9a963a7a11c1111bdddee2cde498c4c4-shear_15nN_grompp": 1, "9a963a7a11c1111bdddee2cde498c4c4-unwrap_shear_25nN": 1, "9a963a7a11c1111bdddee2cde498c4c4-calc_tilt_shear": 1, "9a963a7a11c1111bdddee2cde498c4c4-shear_25nN": 1, "9a963a7a11c1111bdddee2cde498c4c4-top_to_mol2": 1, "9a963a7a11c1111bdddee2cde498c4c4-shear_5nN_rerun_grompp": 1, "9a963a7a11c1111bdddee2cde498c4c4-shear_25nN_grompp": 1, "9a963a7a11c1111bdddee2cde498c4c4-minimize": 1, "9a963a7a11c1111bdddee2cde498c4c4-shear_5nN_grompp": 1, "9a963a7a11c1111bdddee2cde498c4c4-equilibrate": 1, "9a963a7a11c1111bdddee2cde498c4c4-log_interaction_energy_15nN": 1, "9a963a7a11c1111bdddee2cde498c4c4-calc_S2_shear": 1, "9a963a7a11c1111bdddee2cde498c4c4-equilibrate_grompp": 1, "9a963a7a11c1111bdddee2cde498c4c4-compress": 1}, "shear_25nN-lj": [-1684.9568795203838, 49.98469182852521], "delta_molecular_weight": 28.0101, "interdigitation": {"25nN": 0.12254397737421048, "5nN": 0.10533929616242065, "15nN": 0.12510819990686622}, "shear_15nN-qq": [9.167680955235813, 13.46568826396261], "avg_dipole_moment": 1.58, "COF": 0.14680976301610532, "shear_25nN-Etotal": [-1669.686844711431, 51.575453793335164], "tilt_top": {"25nN": 39.81773155209418, "5nN": 33.46169435342352, "15nN": 37.790545869843484}, "S2_bottom": {"25nN": 0.9554935861489328, "5nN": 0.9724812212855545, "15nN": 0.9591888238062576}, "intercept": 0.8091575345188939, "shear_5nN-Etotal": [-1320.5113156794564, 50.35071884850617], "avg_molecular_weight": 29.03945, "delta_dipole_moment": 3.16, "shear_15nN-lj": [-1578.7037751630696, 49.2919288219598], "shear_5nN-lj": [-1317.4657888880895, 49.89531985376213]}