{"MR-mean":15.0069,"asphericity-mean":0.3590865,"balabanj-mean":2.61828,"bertzct-mean":116.4790565,"chi0-mean":6.0856045,"chi0n-mean":5.393106,"chi0v-mean":1.893106,"chi1-mean":3.439158,"chi1n-mean":2.5027395,"chi1v-mean":0.844491,"chi2n-mean":0.469491,"chi2v-mean":0.469491,"chi3n-mean":0.2347455,"chi3v-mean":0.2347455,"chi4n-mean":0.117373,"chi4v-mean":0.117373,"e-valence-mean":22.0,"eccentricity-mean":0.950952,"hk-alpha-mean":-0.445,"hk-kappa1-mean":0.656209,"hk-kappa2-mean":-12.6525165,"hk-kappa3-mean":-51.5202115,"ipc-mean":209.5346265,"isf-mean":0.5819835,"labuteASA-mean":29.227152,"logP-mean":0.5005,"molwt-mean":57.0240465,"molwt-hvy-mean":53.5315,"nheavy-mean":4.0,"npr1-mean":0.309328,"npr2-mean":0.690672,"pbf-mean":0.000002,"pc+-mean":0.425976,"pc--mean":-0.425976,"pmi1-mean":43.7465605,"pmi2-mean":98.824376,"pmi3-mean":142.5709365,"rbonds-mean":0.0,"rg-mean":1.0211225,"rpc+-mean":0.3893,"rpc--mean":0.7350055,"spherocity-mean":0.0,"tpsa-mean":15.75,"vsa+-mean":7.7667065,"vsa--mean":20.0416305,"vsa-fhyd-mean":0.4535635,"vsa-fneg-mean":0.69444,"vsa-fpneg-mean":0.3748945,"vsa-fpos-mean":0.30556,"vsa-fppos-mean":0.171542,"vsa-hyd-mean":21.4415535,"vsa-polar-mean":0.5464365,"vsa-polar+-mean":1.4311995,"vsa-polar--mean":4.935584,"MR-min":3.6138,"asphericity-min":0.356202,"balabanj-min":1.632993,"bertzct-min":2.754888,"chi0-min":2.707107,"chi0n-min":2.408248,"chi0v-min":0.408248,"chi1-min":1.414214,"chi1n-min":0.816497,"chi1v-min":0.0,"chi2n-min":0.0,"chi2v-min":0.0,"chi3n-min":0.0,"chi3v-min":0.0,"chi4n-min":0.0,"chi4v-min":0.0,"e-valence-min":8.0,"eccentricity-min":0.950132,"hk-alpha-min":-0.85,"hk-kappa1-min":0.0004,"hk-kappa2-min":-27.04,"hk-kappa3-min":-104.04,"ipc-min":2.754888,"isf-min":0.007977,"labuteASA-min":9.832513,"logP-min":-0.8247,"molwt-min":18.010565,"molwt-hvy-min":15.999,"nheavy-min":1.0,"npr1-min":0.306807,"npr2-min":0.688151,"pbf-min":0.0,"pc+-min":0.41151,"pc--min":-0.440442,"pmi1-min":0.595292,"pmi2-min":1.313619,"pmi3-min":1.908911,"rbonds-min":0.0,"rg-min":0.325518,"rpc+-min":0.2786,"rpc--min":0.470011,"spherocity-min":0.0,"tpsa-min":0.0,"vsa+-min":2.862399,"vsa--min":5.480753,"vsa-fhyd-min":0.0,"vsa-fneg-min":0.656916,"vsa-fpneg-min":0.092873,"vsa-fpos-min":0.268036,"vsa-fppos-min":0.0,"vsa-hyd-min":0.0,"vsa-polar-min":0.092873,"vsa-polar+-min":0.0,"vsa-polar--min":4.390415,"MR-max":26.4,"asphericity-max":0.361971,"balabanj-max":3.603567,"bertzct-max":230.203225,"chi0-max":9.464102,"chi0n-max":8.377964,"chi0v-max":3.377964,"chi1-max":5.464102,"chi1n-max":4.188982,"chi1v-max":1.688982,"chi2n-max":0.938982,"chi2v-max":0.938982,"chi3n-max":0.469491,"chi3v-max":0.469491,"chi4n-max":0.234746,"chi4v-max":0.234746,"e-valence-max":36.0,"eccentricity-max":0.951772,"hk-alpha-max":-0.04,"hk-kappa1-max":1.312018,"hk-kappa2-max":1.734967,"hk-kappa3-max":0.999577,"ipc-max":416.314365,"isf-max":1.15599,"labuteASA-max":48.621791,"logP-max":1.8257,"molwt-max":96.037528,"molwt-hvy-max":91.064,"nheavy-max":7.0,"npr1-max":0.311849,"npr2-max":0.693193,"pbf-max":0.000004,"pc+-max":0.440442,"pc--max":-0.41151,"pmi1-max":86.897829,"pmi2-max":196.335133,"pmi3-max":283.232962,"rbonds-max":0.0,"rg-max":1.716727,"rpc+-max":0.5,"rpc--max":1.0,"spherocity-max":0.0,"tpsa-max":31.5,"vsa+-max":12.671014,"vsa--max":34.602508,"vsa-fhyd-max":0.907127,"vsa-fneg-max":0.731964,"vsa-fpneg-max":0.656916,"vsa-fpos-max":0.343084,"vsa-fppos-max":0.343084,"vsa-hyd-max":42.883107,"vsa-polar-max":1.0,"vsa-polar+-max":2.862399,"vsa-polar--max":5.480753,"MR-diff":22.7862,"asphericity-diff":0.005769,"balabanj-diff":1.970574,"bertzct-diff":227.448337,"chi0-diff":6.756995,"chi0n-diff":5.969716,"chi0v-diff":2.969716,"chi1-diff":4.049888,"chi1n-diff":3.372485,"chi1v-diff":1.688982,"chi2n-diff":0.938982,"chi2v-diff":0.938982,"chi3n-diff":0.469491,"chi3v-diff":0.469491,"chi4n-diff":0.234746,"chi4v-diff":0.234746,"e-valence-diff":28.0,"eccentricity-diff":0.00164,"hk-alpha-diff":0.81,"hk-kappa1-diff":1.311618,"hk-kappa2-diff":28.774967,"hk-kappa3-diff":105.039577,"ipc-diff":413.559477,"isf-diff":1.148013,"labuteASA-diff":38.789278,"logP-diff":2.6504,"molwt-diff":78.026963,"molwt-hvy-diff":75.065,"nheavy-diff":6.0,"npr1-diff":0.005042,"npr2-diff":0.005042,"pbf-diff":0.000004,"pc+-diff":0.028932,"pc--diff":0.028932,"pmi1-diff":86.302537,"pmi2-diff":195.021514,"pmi3-diff":281.324051,"rbonds-diff":0.0,"rg-diff":1.391209,"rpc+-diff":0.2214,"rpc--diff":0.529989,"spherocity-diff":0.0,"tpsa-diff":31.5,"vsa+-diff":9.808615,"vsa--diff":29.121755,"vsa-fhyd-diff":0.907127,"vsa-fneg-diff":0.075048,"vsa-fpneg-diff":0.564043,"vsa-fpos-diff":0.075048,"vsa-fppos-diff":0.343084,"vsa-hyd-diff":42.883107,"vsa-polar-diff":0.907127,"vsa-polar+-diff":2.862399,"vsa-polar--diff":1.090338,"hbonds":0.0}