{"MR-mean":19.6399,"asphericity-mean":0.5149465,"balabanj-mean":3.424613,"bertzct-mean":208.5391505,"chi0-mean":8.5856045,"chi0n-mean":7.893106,"chi0v-mean":2.393106,"chi1-mean":4.618043,"chi1n-mean":3.775677,"chi1v-mean":1.071553,"chi2n-mean":0.594491,"chi2v-mean":0.594491,"chi3n-mean":0.2972455,"chi3v-mean":0.2972455,"chi4n-mean":0.148623,"chi4v-mean":0.148623,"e-valence-mean":28.0,"eccentricity-mean":0.9791305,"hk-alpha-mean":-0.445,"hk-kappa1-mean":0.712038,"hk-kappa2-mean":1.454131,"hk-kappa3-mean":-12.9902985,"ipc-mean":624.00111,"isf-mean":0.11674,"labuteASA-mean":38.5183555,"logP-mean":0.87131,"molwt-mean":71.0396965,"molwt-hvy-mean":65.5425,"nheavy-mean":5.0,"npr1-mean":0.2032065,"npr2-mean":0.8826055,"pbf-mean":0.2394235,"pc+-mean":0.431148,"pc--mean":-0.431148,"pmi1-mean":46.414915,"pmi2-mean":188.6264405,"pmi3-mean":231.671832,"rbonds-mean":1.0,"rg-mean":1.422215,"rpc+-mean":0.3949095,"rpc--mean":0.7237165,"spherocity-mean":0.3287495,"tpsa-mean":10.115,"vsa+-mean":13.9969795,"vsa--mean":23.042121,"vsa-fhyd-mean":0.7762215,"vsa-fneg-mean":0.5077315,"vsa-fpneg-mean":0.183327,"vsa-fpos-mean":0.4922685,"vsa-fppos-mean":0.0404515,"vsa-hyd-mean":31.573889,"vsa-polar-mean":0.2237785,"vsa-polar+-mean":0.7156,"vsa-polar--mean":4.7496115,"MR-min":8.1428,"asphericity-min":0.510865,"balabanj-min":3.16849,"bertzct-min":37.302969,"chi0-min":5.207107,"chi0n-min":4.908248,"chi0v-min":0.908248,"chi1-min":2.56066,"chi1n-min":2.112372,"chi1v-min":0.204124,"chi2n-min":0.0,"chi2v-min":0.0,"chi3n-min":0.0,"chi3v-min":0.0,"chi4n-min":0.0,"chi4v-min":0.0,"e-valence-min":14.0,"eccentricity-min":0.978479,"hk-alpha-min":-0.85,"hk-kappa1-min":0.073424,"hk-kappa2-min":0.96,"hk-kappa3-min":-27.04,"ipc-min":12.164797,"isf-min":0.009118,"labuteASA-min":19.240037,"logP-min":-0.3915,"molwt-min":32.026215,"molwt-hvy-min":28.01,"nheavy-min":2.0,"npr1-min":0.200067,"npr2-min":0.807489,"pbf-min":0.129199,"pc+-min":0.39963,"pc--min":-0.462666,"pmi1-min":4.26865,"pmi2-min":19.812232,"pmi3-min":20.686828,"rbonds-min":1.0,"rg-min":0.83581,"rpc+-min":0.26526,"rpc--min":0.447433,"spherocity-min":0.061887,"tpsa-min":0.0,"vsa+-min":12.581428,"vsa--min":5.108808,"vsa-fhyd-min":0.630304,"vsa-fneg-min":0.288793,"vsa-fpneg-min":0.077861,"vsa-fpos-min":0.27333,"vsa-fppos-min":0.0,"vsa-hyd-min":11.150228,"vsa-polar-min":0.077861,"vsa-polar+-min":0.0,"vsa-polar--min":4.390415,"MR-max":31.137,"asphericity-max":0.519028,"balabanj-max":3.680736,"bertzct-max":379.775332,"chi0-max":11.964102,"chi0n-max":10.877964,"chi0v-max":3.877964,"chi1-max":6.675426,"chi1n-max":5.438982,"chi1v-max":1.938982,"chi2n-max":1.188982,"chi2v-max":1.188982,"chi3n-max":0.594491,"chi3v-max":0.594491,"chi4n-max":0.297246,"chi4v-max":0.297246,"e-valence-max":42.0,"eccentricity-max":0.979782,"hk-alpha-max":-0.04,"hk-kappa1-max":1.350652,"hk-kappa2-max":1.948262,"hk-kappa3-max":1.059403,"ipc-max":1235.837423,"isf-max":0.224362,"labuteASA-max":57.796674,"logP-max":2.13412,"molwt-max":110.053178,"molwt-hvy-max":103.075,"nheavy-max":8.0,"npr1-max":0.206346,"npr2-max":0.957722,"pbf-max":0.349648,"pc+-max":0.462666,"pc--max":-0.39963,"pmi1-max":88.56118,"pmi2-max":357.440649,"pmi3-max":442.656836,"rbonds-max":1.0,"rg-max":2.00862,"rpc+-max":0.524559,"rpc--max":1.0,"spherocity-max":0.595612,"tpsa-max":20.23,"vsa+-max":15.412531,"vsa--max":40.975434,"vsa-fhyd-max":0.922139,"vsa-fneg-max":0.72667,"vsa-fpneg-max":0.288793,"vsa-fpos-max":0.711207,"vsa-fppos-max":0.080903,"vsa-hyd-max":51.99755,"vsa-polar-max":0.369696,"vsa-polar+-max":1.4312,"vsa-polar--max":5.108808,"MR-diff":22.9942,"asphericity-diff":0.008163,"balabanj-diff":0.512246,"bertzct-diff":342.472363,"chi0-diff":6.756995,"chi0n-diff":5.969716,"chi0v-diff":2.969716,"chi1-diff":4.114766,"chi1n-diff":3.32661,"chi1v-diff":1.734858,"chi2n-diff":1.188982,"chi2v-diff":1.188982,"chi3n-diff":0.594491,"chi3v-diff":0.594491,"chi4n-diff":0.297246,"chi4v-diff":0.297246,"e-valence-diff":28.0,"eccentricity-diff":0.001303,"hk-alpha-diff":0.81,"hk-kappa1-diff":1.277228,"hk-kappa2-diff":0.988262,"hk-kappa3-diff":28.099403,"ipc-diff":1223.672626,"isf-diff":0.215244,"labuteASA-diff":38.556637,"logP-diff":2.52562,"molwt-diff":78.026963,"molwt-hvy-diff":75.065,"nheavy-diff":6.0,"npr1-diff":0.006279,"npr2-diff":0.150233,"pbf-diff":0.220449,"pc+-diff":0.063036,"pc--diff":0.063036,"pmi1-diff":84.29253,"pmi2-diff":337.628417,"pmi3-diff":421.970008,"rbonds-diff":0.0,"rg-diff":1.17281,"rpc+-diff":0.259299,"rpc--diff":0.552567,"spherocity-diff":0.533725,"tpsa-diff":20.23,"vsa+-diff":2.831103,"vsa--diff":35.866626,"vsa-fhyd-diff":0.291835,"vsa-fneg-diff":0.437877,"vsa-fpneg-diff":0.210932,"vsa-fpos-diff":0.437877,"vsa-fppos-diff":0.080903,"vsa-hyd-diff":40.847322,"vsa-polar-diff":0.291835,"vsa-polar+-diff":1.4312,"vsa-polar--diff":0.718393,"hbonds":0.0}