{"avg_dipole_moment": 1.9549999999999998, "max_dipole_moment": 2.03, "min_dipole_moment": 1.88, "max_molecular_weight": 95.0942, "shear_5nN-qq": [-529.5243803988809, 56.23676474239495], "intercept": 1.8912749785914562, "shear_15nN-qq": [-595.29785958753, 57.833025185263566], "min_molecular_weight": 17.0073, "delta_molecular_weight": 78.0869, "ch3-smiles-2": "CO", "chain-smiles-2": "CCCCCCCCCCCCCCCCCO", "tilt_bottom": {"25nN": 38.82195828311398, "5nN": 34.79162241096634, "15nN": 37.515486754354555}, "tilt_top": {"25nN": 40.254704867776965, "5nN": 34.958368679274926, "15nN": 38.348754147338354}, "shear_15nN-lj": [-1598.6040955315748, 54.79520833538103], "h-smiles-1": "C1=CC=C(F)C=C1", "ch3-smiles-1": "CC1=CC=C(F)C=C1", "S2_bottom": {"25nN": 0.9306728349264224, "5nN": 0.9354793362184771, "15nN": 0.9366320933900032}, "h-smiles-2": "O", "shear_25nN-qq": [-608.450978039968, 56.778904364907085], "COF": 0.12883035487827604, "shear_25nN-lj": [-1678.7360895299757, 52.79874864204543], "S2_top": {"25nN": 0.9699181444614213, "5nN": 0.9676912762306011, "15nN": 0.968797777791746}, "shear_15nN-Etotal": [-2193.901955119105, 88.34769393056504], "shear_5nN-Etotal": [-1962.8030687609912, 86.84939629702957], "shear_25nN-Etotal": [-2287.1870675699442, 80.09891208064394], "avg_molecular_weight": 56.05075, "shear_5nN-lj": [-1433.2786883621102, 51.19285545618897], "delta_dipole_moment": 0.1499999999999999, "status": {"23738e0acd9edd11039da42a3d3a78fe-equilibrate": 1, "23738e0acd9edd11039da42a3d3a78fe-calc_tilt_shear": 1, "23738e0acd9edd11039da42a3d3a78fe-shear_25nN_rerun_grompp": 1, "23738e0acd9edd11039da42a3d3a78fe-unwrap_shear_15nN": 1, "23738e0acd9edd11039da42a3d3a78fe-lammps_to_gmx": 1, "23738e0acd9edd11039da42a3d3a78fe-shear_25nN": 1, "23738e0acd9edd11039da42a3d3a78fe-count_hydrogen_bonds": 1, "23738e0acd9edd11039da42a3d3a78fe-fix_overlaps": 1, "23738e0acd9edd11039da42a3d3a78fe-minimize": 1, "23738e0acd9edd11039da42a3d3a78fe-shear_15nN_rerun_grompp": 1, "23738e0acd9edd11039da42a3d3a78fe-compress": 1, "23738e0acd9edd11039da42a3d3a78fe-minimize_grompp": 1, "23738e0acd9edd11039da42a3d3a78fe-log_interaction_energy_25nN": 1, "23738e0acd9edd11039da42a3d3a78fe-calc_S2_shear": 1, "23738e0acd9edd11039da42a3d3a78fe-log_interaction_energy_5nN": 1, "23738e0acd9edd11039da42a3d3a78fe-shear_5nN": 1, "23738e0acd9edd11039da42a3d3a78fe-log_cof": 1, "23738e0acd9edd11039da42a3d3a78fe-unwrap_shear_25nN": 1, "23738e0acd9edd11039da42a3d3a78fe-log_interaction_energy_15nN": 1, "23738e0acd9edd11039da42a3d3a78fe-calc_interdigitation": 1, "23738e0acd9edd11039da42a3d3a78fe-shear_5nN_rerun_grompp": 1, "23738e0acd9edd11039da42a3d3a78fe-log_S2": 1, "23738e0acd9edd11039da42a3d3a78fe-log_tilt": 1, "23738e0acd9edd11039da42a3d3a78fe-calc_friction": 1, "23738e0acd9edd11039da42a3d3a78fe-equilibrate_grompp": 1, "23738e0acd9edd11039da42a3d3a78fe-get_interaction_energy_15nN": 1, "23738e0acd9edd11039da42a3d3a78fe-shear_15nN": 1, "23738e0acd9edd11039da42a3d3a78fe-get_interaction_energy_25nN": 1, "23738e0acd9edd11039da42a3d3a78fe-shear_25nN_grompp": 1, "23738e0acd9edd11039da42a3d3a78fe-initialize": 1, "23738e0acd9edd11039da42a3d3a78fe-compress_grompp": 1, "23738e0acd9edd11039da42a3d3a78fe-shear_5nN_grompp": 1, "23738e0acd9edd11039da42a3d3a78fe-get_interaction_energy_5nN": 1, "23738e0acd9edd11039da42a3d3a78fe-shear_25nN_rerun": 1, "23738e0acd9edd11039da42a3d3a78fe-unwrap_shear_5nN": 1, "23738e0acd9edd11039da42a3d3a78fe-shear_15nN_rerun": 1, "23738e0acd9edd11039da42a3d3a78fe-shear_15nN_grompp": 1, "23738e0acd9edd11039da42a3d3a78fe-top_to_mol2": 1, "23738e0acd9edd11039da42a3d3a78fe-shear_5nN_rerun": 1}, "chain-smiles-1": "CCCCCCCCCCCCCCCCCC1=CC=C(F)C=C1"}