{"avg_dipole_moment": 0.945, "max_dipole_moment": 1.88, "min_dipole_moment": 0.01, "max_molecular_weight": 43.0874, "shear_5nN-qq": [6.970030494804157, 10.40993167259567], "intercept": 0.6090290671058627, "shear_15nN-qq": [35.31762861231015, 13.839416726244737], "min_molecular_weight": 17.0073, "delta_molecular_weight": 26.0801, "ch3-smiles-2": "CC(C)C", "chain-smiles-2": "CCCCCCCCCCCCCCCCCC(C)C", "tilt_bottom": {"25nN": 39.5178543543182, "5nN": 33.61927018004664, "15nN": 38.050179916151606}, "tilt_top": {"25nN": 38.83026583103636, "5nN": 32.73477164885269, "15nN": 36.561927325655425}, "shear_15nN-lj": [-1502.5834690631493, 50.26205415869895], "h-smiles-1": "O", "ch3-smiles-1": "CO", "S2_bottom": {"25nN": 0.9344261886096971, "5nN": 0.9555634689987578, "15nN": 0.9590115661538315}, "h-smiles-2": "C(C)C", "shear_25nN-qq": [58.292507362110314, 13.853519085324127], "COF": 0.1679434010079429, "shear_25nN-lj": [-1602.0642198201438, 50.447054324249194], "S2_top": {"25nN": 0.9514133658566171, "5nN": 0.9477952048703872, "15nN": 0.9387925118702635}, "shear_15nN-Etotal": [-1467.2658404508393, 49.742452026712776], "shear_5nN-Etotal": [-1253.8617020695442, 49.855319328238686], "shear_25nN-Etotal": [-1543.7717124580336, 51.00191772558966], "avg_molecular_weight": 30.04735, "shear_5nN-lj": [-1260.8317325643486, 50.50756156520763], "delta_dipole_moment": 1.8699999999999999, "status": {"361340954626e379a9b996b590bca5e0-shear_15nN_grompp": 1, "361340954626e379a9b996b590bca5e0-shear_25nN_grompp": 1, "361340954626e379a9b996b590bca5e0-shear_25nN": 1, "361340954626e379a9b996b590bca5e0-log_interaction_energy_15nN": 1, "361340954626e379a9b996b590bca5e0-calc_S2_shear": 1, "361340954626e379a9b996b590bca5e0-initialize": 1, "361340954626e379a9b996b590bca5e0-shear_5nN": 1, "361340954626e379a9b996b590bca5e0-equilibrate_grompp": 1, "361340954626e379a9b996b590bca5e0-shear_15nN": 1, "361340954626e379a9b996b590bca5e0-get_interaction_energy_25nN": 1, "361340954626e379a9b996b590bca5e0-unwrap_shear_25nN": 1, "361340954626e379a9b996b590bca5e0-count_hydrogen_bonds": 1, "361340954626e379a9b996b590bca5e0-calc_friction": 1, "361340954626e379a9b996b590bca5e0-shear_15nN_rerun_grompp": 1, "361340954626e379a9b996b590bca5e0-minimize_grompp": 1, "361340954626e379a9b996b590bca5e0-shear_25nN_rerun_grompp": 1, "361340954626e379a9b996b590bca5e0-lammps_to_gmx": 1, "361340954626e379a9b996b590bca5e0-fix_overlaps": 1, "361340954626e379a9b996b590bca5e0-log_interaction_energy_25nN": 1, "361340954626e379a9b996b590bca5e0-log_tilt": 1, "361340954626e379a9b996b590bca5e0-equilibrate": 1, "361340954626e379a9b996b590bca5e0-shear_5nN_rerun_grompp": 1, "361340954626e379a9b996b590bca5e0-log_interaction_energy_5nN": 1, "361340954626e379a9b996b590bca5e0-get_interaction_energy_15nN": 1, "361340954626e379a9b996b590bca5e0-shear_5nN_rerun": 1, "361340954626e379a9b996b590bca5e0-unwrap_shear_5nN": 1, "361340954626e379a9b996b590bca5e0-compress": 1, "361340954626e379a9b996b590bca5e0-shear_5nN_grompp": 1, "361340954626e379a9b996b590bca5e0-get_interaction_energy_5nN": 1, "361340954626e379a9b996b590bca5e0-minimize": 1, "361340954626e379a9b996b590bca5e0-unwrap_shear_15nN": 1, "361340954626e379a9b996b590bca5e0-calc_interdigitation": 1, "361340954626e379a9b996b590bca5e0-shear_25nN_rerun": 1, "361340954626e379a9b996b590bca5e0-shear_15nN_rerun": 1, "361340954626e379a9b996b590bca5e0-calc_tilt_shear": 1, "361340954626e379a9b996b590bca5e0-log_S2": 1, "361340954626e379a9b996b590bca5e0-top_to_mol2": 1, "361340954626e379a9b996b590bca5e0-compress_grompp": 1, "361340954626e379a9b996b590bca5e0-log_cof": 1}, "chain-smiles-1": "CCCCCCCCCCCCCCCCCO"}