{"shear_15nN-qq": [-374.97571166746604, 49.82407941977319], "delta_molecular_weight": 69.0768, "status": {"b515a8cb42d5312a29bc7ba3369924ed-top_to_mol2": 1, "b515a8cb42d5312a29bc7ba3369924ed-calc_friction": 1, "b515a8cb42d5312a29bc7ba3369924ed-shear_5nN_rerun_grompp": 1, "b515a8cb42d5312a29bc7ba3369924ed-shear_5nN_rerun": 1, "b515a8cb42d5312a29bc7ba3369924ed-unwrap_shear_25nN": 1, "b515a8cb42d5312a29bc7ba3369924ed-log_interaction_energy_15nN": 1, "b515a8cb42d5312a29bc7ba3369924ed-log_interaction_energy_25nN": 1, "b515a8cb42d5312a29bc7ba3369924ed-unwrap_shear_15nN": 1, "b515a8cb42d5312a29bc7ba3369924ed-shear_25nN_grompp": 1, "b515a8cb42d5312a29bc7ba3369924ed-get_interaction_energy_5nN": 1, "b515a8cb42d5312a29bc7ba3369924ed-log_cof": 1, "b515a8cb42d5312a29bc7ba3369924ed-shear_5nN": 1, "b515a8cb42d5312a29bc7ba3369924ed-equilibrate": 1, "b515a8cb42d5312a29bc7ba3369924ed-log_tilt": 1, "b515a8cb42d5312a29bc7ba3369924ed-compress": 1, "b515a8cb42d5312a29bc7ba3369924ed-get_interaction_energy_15nN": 1, "b515a8cb42d5312a29bc7ba3369924ed-shear_25nN_rerun_grompp": 1, "b515a8cb42d5312a29bc7ba3369924ed-calc_interdigitation": 1, "b515a8cb42d5312a29bc7ba3369924ed-minimize": 1, "b515a8cb42d5312a29bc7ba3369924ed-log_interaction_energy_5nN": 1, "b515a8cb42d5312a29bc7ba3369924ed-initialize": 1, "b515a8cb42d5312a29bc7ba3369924ed-shear_15nN_rerun_grompp": 1, "b515a8cb42d5312a29bc7ba3369924ed-shear_15nN_grompp": 1, "b515a8cb42d5312a29bc7ba3369924ed-equilibrate_grompp": 1, "b515a8cb42d5312a29bc7ba3369924ed-shear_15nN": 1, "b515a8cb42d5312a29bc7ba3369924ed-minimize_grompp": 1, "b515a8cb42d5312a29bc7ba3369924ed-fix_overlaps": 1, "b515a8cb42d5312a29bc7ba3369924ed-shear_15nN_rerun": 1, "b515a8cb42d5312a29bc7ba3369924ed-shear_25nN": 1, "b515a8cb42d5312a29bc7ba3369924ed-get_interaction_energy_25nN": 1, "b515a8cb42d5312a29bc7ba3369924ed-unwrap_shear_5nN": 1, "b515a8cb42d5312a29bc7ba3369924ed-calc_S2_shear": 1, "b515a8cb42d5312a29bc7ba3369924ed-shear_25nN_rerun": 1, "b515a8cb42d5312a29bc7ba3369924ed-calc_tilt_shear": 1, "b515a8cb42d5312a29bc7ba3369924ed-lammps_to_gmx": 1, "b515a8cb42d5312a29bc7ba3369924ed-shear_5nN_grompp": 1, "b515a8cb42d5312a29bc7ba3369924ed-compress_grompp": 1, "b515a8cb42d5312a29bc7ba3369924ed-log_S2": 1}, "interdigitation": {"25nN": 0.17040536824040226, "5nN": 0.17262840250969155, "15nN": 0.16075560306484232}, "intercept": 1.6333366486879977, "delta_dipole_moment": 1.3800000000000003, "tilt_bottom": {"25nN": 38.73265912868303, "5nN": 34.228692358446644, "15nN": 37.315106778307836}, "S2_top": {"25nN": 0.8875440087304414, "5nN": 0.922227370465652, "15nN": 0.8708949618372882}, "shear_25nN-Etotal": [-2044.6265832541967, 77.47770493762376], "shear_5nN-Etotal": [-1827.4805516051158, 85.79122888454854], "S2_bottom": {"25nN": 0.9220456503433349, "5nN": 0.9425289071016165, "15nN": 0.9422922943345106}, "avg_molecular_weight": 60.5558, "shear_15nN-lj": [-1587.7279200079936, 45.440704737448556], "tilt_top": {"25nN": 38.14399438391856, "5nN": 32.83150009369006, "15nN": 37.1544786223949}, "avg_dipole_moment": 2.7199999999999998, "shear_5nN-qq": [-430.59997510551557, 53.523005335938365], "shear_5nN-lj": [-1396.8805764996005, 50.25818087451687], "COF": 0.10016655150978475, "shear_25nN-lj": [-1668.494794598721, 47.71456310736033], "shear_25nN-qq": [-376.1317886554756, 52.98236327786113], "shear_15nN-Etotal": [-1962.7036316754597, 71.59091003027669]}