{"shear_15nN-qq": [-2073.177801789768, 160.50336886028373], "delta_molecular_weight": 19.000000000000004, "status": {"bc9b72bd4b23b8146d08423fa1afa88b-calc_tilt_shear": 1, "bc9b72bd4b23b8146d08423fa1afa88b-shear_25nN_grompp": 1, "bc9b72bd4b23b8146d08423fa1afa88b-shear_5nN_rerun_grompp": 1, "bc9b72bd4b23b8146d08423fa1afa88b-get_interaction_energy_5nN": 1, "bc9b72bd4b23b8146d08423fa1afa88b-log_cof": 1, "bc9b72bd4b23b8146d08423fa1afa88b-log_interaction_energy_15nN": 1, "bc9b72bd4b23b8146d08423fa1afa88b-shear_15nN_grompp": 1, "bc9b72bd4b23b8146d08423fa1afa88b-get_interaction_energy_15nN": 1, "bc9b72bd4b23b8146d08423fa1afa88b-shear_25nN_rerun_grompp": 1, "bc9b72bd4b23b8146d08423fa1afa88b-log_interaction_energy_5nN": 1, "bc9b72bd4b23b8146d08423fa1afa88b-shear_25nN": 1, "bc9b72bd4b23b8146d08423fa1afa88b-equilibrate_grompp": 1, "bc9b72bd4b23b8146d08423fa1afa88b-unwrap_shear_15nN": 1, "bc9b72bd4b23b8146d08423fa1afa88b-shear_5nN_grompp": 1, "bc9b72bd4b23b8146d08423fa1afa88b-calc_S2_shear": 1, "bc9b72bd4b23b8146d08423fa1afa88b-shear_25nN_rerun": 1, "bc9b72bd4b23b8146d08423fa1afa88b-count_hydrogen_bonds": 1, "bc9b72bd4b23b8146d08423fa1afa88b-shear_15nN_rerun_grompp": 1, "bc9b72bd4b23b8146d08423fa1afa88b-minimize": 1, "bc9b72bd4b23b8146d08423fa1afa88b-lammps_to_gmx": 1, "bc9b72bd4b23b8146d08423fa1afa88b-compress_grompp": 1, "bc9b72bd4b23b8146d08423fa1afa88b-top_to_mol2": 1, "bc9b72bd4b23b8146d08423fa1afa88b-log_interaction_energy_25nN": 1, "bc9b72bd4b23b8146d08423fa1afa88b-log_tilt": 1, "bc9b72bd4b23b8146d08423fa1afa88b-initialize": 1, "bc9b72bd4b23b8146d08423fa1afa88b-compress": 1, "bc9b72bd4b23b8146d08423fa1afa88b-log_S2": 1, "bc9b72bd4b23b8146d08423fa1afa88b-calc_friction": 1, "bc9b72bd4b23b8146d08423fa1afa88b-fix_overlaps": 1, "bc9b72bd4b23b8146d08423fa1afa88b-unwrap_shear_5nN": 1, "bc9b72bd4b23b8146d08423fa1afa88b-equilibrate": 1, "bc9b72bd4b23b8146d08423fa1afa88b-minimize_grompp": 1, "bc9b72bd4b23b8146d08423fa1afa88b-get_interaction_energy_25nN": 1, "bc9b72bd4b23b8146d08423fa1afa88b-unwrap_shear_25nN": 1, "bc9b72bd4b23b8146d08423fa1afa88b-shear_5nN_rerun": 1, "bc9b72bd4b23b8146d08423fa1afa88b-shear_15nN": 1, "bc9b72bd4b23b8146d08423fa1afa88b-shear_15nN_rerun": 1, "bc9b72bd4b23b8146d08423fa1afa88b-calc_interdigitation": 1, "bc9b72bd4b23b8146d08423fa1afa88b-shear_5nN": 1}, "interdigitation": {"25nN": 0.1513849778338131, "5nN": 0.09931623694061392, "15nN": 0.1229291299223459}, "avg_molecular_weight": 35.5174, "delta_dipole_moment": 1.3999999999999995, "tilt_bottom": {"25nN": 42.45960396292879, "5nN": 38.86675830627005, "15nN": 41.20750342541194}, "S2_top": {"25nN": 0.9601484004638757, "5nN": 0.976187552127347, "15nN": 0.9688686299140936}, "shear_25nN-Etotal": [-3791.561442922462, 164.49518426799384], "shear_5nN-Etotal": [-3660.7990536514794, 167.18057984006265], "S2_bottom": {"25nN": 0.9771894741931226, "5nN": 0.9796055490640107, "15nN": 0.9808582139303004}, "intercept": 6.497647453427005, "shear_15nN-lj": [-1693.3216210215826, 57.318351111393454], "tilt_top": {"25nN": 42.2056664086037, "5nN": 38.72767816014728, "15nN": 41.12978860192229}, "avg_dipole_moment": 4.109999999999999, "shear_5nN-qq": [-2082.1764766115107, 168.07605714619245], "shear_5nN-lj": [-1578.622577039968, 59.39290178370716], "COF": 0.10633133326298952, "shear_25nN-lj": [-1733.4807053677057, 61.82935283425433], "shear_25nN-qq": [-2058.0807375547565, 171.39114728198265], "shear_15nN-Etotal": [-3766.4994228113505, 163.41163254926244]}