{"avg_dipole_moment": 2.75, "max_dipole_moment": 3.41, "min_dipole_moment": 2.09, "max_molecular_weight": 69.0059, "shear_5nN-qq": [-85.17606383852917, 22.62353141174539], "intercept": 0.5298803638056839, "shear_15nN-qq": [-138.24444151478818, 25.58626254854755], "min_molecular_weight": 26.0174, "delta_molecular_weight": 42.9885, "ch3-smiles-2": "CC(F)(F)F", "chain-smiles-2": "CCCCCCCCCCCCCCCCCC(F)(F)F", "tilt_bottom": {"25nN": 38.92908093825029, "5nN": 33.59019780543684, "15nN": 37.813689929303074}, "interdigitation": {"25nN": 0.13259649747899832, "5nN": 0.10242269131932313, "15nN": 0.11449360674381776}, "tilt_top": {"25nN": 39.158883452204364, "5nN": 33.960505490619724, "15nN": 36.84384923900796}, "shear_15nN-lj": [-1297.7626394052759, 42.92760710952122], "h-smiles-1": "C#N", "S2_top": {"25nN": 0.9698779625258426, "5nN": 0.9673514135479951, "15nN": 0.9556419872608182}, "S2_bottom": {"25nN": 0.9446713165729698, "5nN": 0.9558754336652137, "15nN": 0.9360844117807109}, "h-smiles-2": "C(F)(F)F", "shear_25nN-qq": [-194.93327575219823, 30.59615102067194], "COF": 0.11846914282289063, "shear_25nN-lj": [-1381.2248796690646, 45.56466395949243], "ch3-smiles-1": "CC#N", "shear_15nN-Etotal": [-1436.007080920064, 54.39931284872301], "shear_5nN-Etotal": [-1188.8266177753796, 53.19422406357915], "shear_25nN-Etotal": [-1576.158155421263, 58.00921817769095], "avg_molecular_weight": 47.511649999999996, "shear_5nN-lj": [-1103.6505539368504, 40.49371080816684], "delta_dipole_moment": 1.3200000000000003, "status": {"eda18340d8d0cf4271164040714e66e0-lammps_to_gmx": 1, "eda18340d8d0cf4271164040714e66e0-shear_15nN_rerun": 1, "eda18340d8d0cf4271164040714e66e0-unwrap_shear_25nN": 1, "eda18340d8d0cf4271164040714e66e0-unwrap_shear_5nN": 1, "eda18340d8d0cf4271164040714e66e0-compress": 1, "eda18340d8d0cf4271164040714e66e0-get_interaction_energy_25nN": 1, "eda18340d8d0cf4271164040714e66e0-shear_15nN_rerun_grompp": 1, "eda18340d8d0cf4271164040714e66e0-top_to_mol2": 1, "eda18340d8d0cf4271164040714e66e0-minimize": 1, "eda18340d8d0cf4271164040714e66e0-equilibrate": 1, "eda18340d8d0cf4271164040714e66e0-minimize_grompp": 1, "eda18340d8d0cf4271164040714e66e0-log_tilt": 1, "eda18340d8d0cf4271164040714e66e0-calc_tilt_shear": 1, "eda18340d8d0cf4271164040714e66e0-shear_25nN_rerun": 1, "eda18340d8d0cf4271164040714e66e0-initialize": 1, "eda18340d8d0cf4271164040714e66e0-shear_15nN_grompp": 1, "eda18340d8d0cf4271164040714e66e0-compress_grompp": 1, "eda18340d8d0cf4271164040714e66e0-get_interaction_energy_5nN": 1, "eda18340d8d0cf4271164040714e66e0-unwrap_shear_15nN": 1, "eda18340d8d0cf4271164040714e66e0-shear_25nN_grompp": 1, "eda18340d8d0cf4271164040714e66e0-shear_25nN_rerun_grompp": 1, "eda18340d8d0cf4271164040714e66e0-shear_5nN_rerun_grompp": 1, "eda18340d8d0cf4271164040714e66e0-shear_5nN": 1, "eda18340d8d0cf4271164040714e66e0-calc_interdigitation": 1, "eda18340d8d0cf4271164040714e66e0-shear_15nN": 1, "eda18340d8d0cf4271164040714e66e0-get_interaction_energy_15nN": 1, "eda18340d8d0cf4271164040714e66e0-equilibrate_grompp": 1, "eda18340d8d0cf4271164040714e66e0-shear_5nN_grompp": 1, "eda18340d8d0cf4271164040714e66e0-log_interaction_energy_5nN": 1, "eda18340d8d0cf4271164040714e66e0-log_cof": 1, "eda18340d8d0cf4271164040714e66e0-fix_overlaps": 1, "eda18340d8d0cf4271164040714e66e0-log_interaction_energy_25nN": 1, "eda18340d8d0cf4271164040714e66e0-log_interaction_energy_15nN": 1, "eda18340d8d0cf4271164040714e66e0-shear_5nN_rerun": 1, "eda18340d8d0cf4271164040714e66e0-log_S2": 1, "eda18340d8d0cf4271164040714e66e0-shear_25nN": 1, "eda18340d8d0cf4271164040714e66e0-calc_S2_shear": 1, "eda18340d8d0cf4271164040714e66e0-calc_friction": 1}, "chain-smiles-1": "CCCCCCCCCCCCCCCCCC#N"}