{"avg_dipole_moment": 3.3449999999999998, "max_dipole_moment": 4.81, "min_dipole_moment": 1.88, "max_molecular_weight": 45.0174, "shear_5nN-qq": [-2716.044665911271, 200.9090573160918], "intercept": 7.353051844562881, "shear_15nN-qq": [-2728.3375822805756, 194.01005623264825], "min_molecular_weight": 17.0073, "delta_molecular_weight": 28.0101, "ch3-smiles-2": "CO", "chain-smiles-2": "CCCCCCCCCCCCCCCCCO", "tilt_bottom": {"25nN": 43.086041710442174, "5nN": 39.870497352357965, "15nN": 41.65903688183518}, "tilt_top": {"25nN": 41.7515013929773, "5nN": 37.871165060487485, "15nN": 40.34682251068409}, "shear_15nN-lj": [-1604.119398904876, 66.99791688238876], "h-smiles-1": "C(=O)O", "ch3-smiles-1": "CC(=O)O", "S2_bottom": {"25nN": 0.9779864032662662, "5nN": 0.9824713676986, "15nN": 0.9816150046944409}, "h-smiles-2": "O", "shear_25nN-qq": [-2601.499873442047, 192.364159821609], "COF": 0.14389034407433707, "shear_25nN-lj": [-1684.4824764252596, 73.12012862981064], "S2_top": {"25nN": 0.9723197132376092, "5nN": 0.9697367105537549, "15nN": 0.9679677315610726}, "shear_15nN-Etotal": [-4332.456981185453, 189.50365742774437], "shear_5nN-Etotal": [-4225.876974569944, 193.2109313835087], "shear_25nN-Etotal": [-4285.982349867307, 177.54252138803596], "avg_molecular_weight": 31.01235, "shear_5nN-lj": [-1509.8323086586731, 71.6190200472587], "delta_dipole_moment": 2.9299999999999997, "status": {"1e913704dc02fb4e513993847abf6420-log_cof": 1, "1e913704dc02fb4e513993847abf6420-shear_5nN_rerun_grompp": 1, "1e913704dc02fb4e513993847abf6420-equilibrate": 1, "1e913704dc02fb4e513993847abf6420-log_tilt": 1, "1e913704dc02fb4e513993847abf6420-lammps_to_gmx": 1, "1e913704dc02fb4e513993847abf6420-unwrap_shear_15nN": 1, "1e913704dc02fb4e513993847abf6420-get_interaction_energy_5nN": 1, "1e913704dc02fb4e513993847abf6420-fix_overlaps": 1, "1e913704dc02fb4e513993847abf6420-calc_tilt_shear": 1, "1e913704dc02fb4e513993847abf6420-get_interaction_energy_25nN": 1, "1e913704dc02fb4e513993847abf6420-get_interaction_energy_15nN": 1, "1e913704dc02fb4e513993847abf6420-minimize": 1, "1e913704dc02fb4e513993847abf6420-unwrap_shear_25nN": 1, "1e913704dc02fb4e513993847abf6420-shear_15nN_rerun": 1, "1e913704dc02fb4e513993847abf6420-calc_S2_shear": 1, "1e913704dc02fb4e513993847abf6420-shear_25nN_grompp": 1, "1e913704dc02fb4e513993847abf6420-compress_grompp": 1, "1e913704dc02fb4e513993847abf6420-top_to_mol2": 1, "1e913704dc02fb4e513993847abf6420-initialize": 1, "1e913704dc02fb4e513993847abf6420-shear_15nN_rerun_grompp": 1, "1e913704dc02fb4e513993847abf6420-shear_25nN_rerun_grompp": 1, "1e913704dc02fb4e513993847abf6420-log_S2": 1, "1e913704dc02fb4e513993847abf6420-count_hydrogen_bonds": 1, "1e913704dc02fb4e513993847abf6420-unwrap_shear_5nN": 1, "1e913704dc02fb4e513993847abf6420-log_interaction_energy_5nN": 1, "1e913704dc02fb4e513993847abf6420-equilibrate_grompp": 1, "1e913704dc02fb4e513993847abf6420-shear_25nN": 1, "1e913704dc02fb4e513993847abf6420-log_interaction_energy_15nN": 1, "1e913704dc02fb4e513993847abf6420-shear_5nN": 1, "1e913704dc02fb4e513993847abf6420-shear_15nN_grompp": 1, "1e913704dc02fb4e513993847abf6420-log_interaction_energy_25nN": 1, "1e913704dc02fb4e513993847abf6420-shear_25nN_rerun": 1, "1e913704dc02fb4e513993847abf6420-shear_15nN": 1, "1e913704dc02fb4e513993847abf6420-minimize_grompp": 1, "1e913704dc02fb4e513993847abf6420-calc_friction": 1, "1e913704dc02fb4e513993847abf6420-compress": 1, "1e913704dc02fb4e513993847abf6420-shear_5nN_rerun": 1, "1e913704dc02fb4e513993847abf6420-calc_interdigitation": 1, "1e913704dc02fb4e513993847abf6420-shear_5nN_grompp": 1}, "chain-smiles-1": "CCCCCCCCCCCCCCCCCC(=O)O"}