{"avg_dipole_moment": 5.015, "max_dipole_moment": 6.22, "min_dipole_moment": 3.81, "max_molecular_weight": 122.1013, "shear_5nN-qq": [-730.2764834556355, 71.99623971991181], "intercept": 2.3894933831907528, "shear_15nN-qq": [-733.4250567314149, 73.90759804491869], "min_molecular_weight": 46.0055, "delta_molecular_weight": 76.0958, "ch3-smiles-2": "CC1=CC=C([N+](=O)[O-])C=C1", "chain-smiles-2": "CCCCCCCCCCCCCCCCCC1=CC=C([N+](=O)[O-])C=C1", "tilt_bottom": {"25nN": 41.16351045586347, "5nN": 35.59847344490326, "15nN": 38.760230556425924}, "interdigitation": {"25nN": 0.2004352318478237, "5nN": 0.19383617279246673, "15nN": 0.16810309825269693}, "tilt_top": {"25nN": 37.10313476263094, "5nN": 32.666618064287476, "15nN": 36.83899834946406}, "shear_15nN-lj": [-2340.3503952693845, 61.98152698618605], "h-smiles-1": "[N+](=O)[O-]", "S2_top": {"25nN": 0.9186791057783624, "5nN": 0.9211375751559042, "15nN": 0.9220342420338032}, "S2_bottom": {"25nN": 0.9594192377378916, "5nN": 0.9624762829793863, "15nN": 0.9558373991263677}, "h-smiles-2": "C1=CC=C([N+](=O)[O-])C=C1", "shear_25nN-qq": [-688.8110780855316, 78.74242254176612], "COF": 0.11864128817486838, "shear_25nN-lj": [-2412.7360193972822, 59.351113783393], "ch3-smiles-1": "C[N+](=O)[O-]", "shear_15nN-Etotal": [-3073.7754520007993, 107.4862197732874], "shear_5nN-Etotal": [-2896.0139855339726, 118.8134343733854], "shear_25nN-Etotal": [-3101.547097482814, 109.02212889395058], "avg_molecular_weight": 84.0534, "shear_5nN-lj": [-2165.7375020783375, 68.76098443058272], "delta_dipole_moment": 2.4099999999999997, "status": {"9bb6228d6132c4aa33d9bdb1dbbdfc0c-shear_5nN_rerun_grompp": 1, "9bb6228d6132c4aa33d9bdb1dbbdfc0c-shear_15nN": 1, "9bb6228d6132c4aa33d9bdb1dbbdfc0c-calc_S2_shear": 1, "9bb6228d6132c4aa33d9bdb1dbbdfc0c-fix_overlaps": 1, "9bb6228d6132c4aa33d9bdb1dbbdfc0c-calc_tilt_shear": 1, "9bb6228d6132c4aa33d9bdb1dbbdfc0c-minimize": 1, "9bb6228d6132c4aa33d9bdb1dbbdfc0c-get_interaction_energy_5nN": 1, "9bb6228d6132c4aa33d9bdb1dbbdfc0c-compress": 1, "9bb6228d6132c4aa33d9bdb1dbbdfc0c-unwrap_shear_25nN": 1, "9bb6228d6132c4aa33d9bdb1dbbdfc0c-shear_25nN_rerun_grompp": 1, "9bb6228d6132c4aa33d9bdb1dbbdfc0c-top_to_mol2": 1, "9bb6228d6132c4aa33d9bdb1dbbdfc0c-log_interaction_energy_15nN": 1, "9bb6228d6132c4aa33d9bdb1dbbdfc0c-get_interaction_energy_15nN": 1, "9bb6228d6132c4aa33d9bdb1dbbdfc0c-shear_15nN_rerun_grompp": 1, "9bb6228d6132c4aa33d9bdb1dbbdfc0c-log_tilt": 1, "9bb6228d6132c4aa33d9bdb1dbbdfc0c-shear_15nN_rerun": 1, "9bb6228d6132c4aa33d9bdb1dbbdfc0c-lammps_to_gmx": 1, "9bb6228d6132c4aa33d9bdb1dbbdfc0c-shear_25nN_rerun": 1, "9bb6228d6132c4aa33d9bdb1dbbdfc0c-unwrap_shear_5nN": 1, "9bb6228d6132c4aa33d9bdb1dbbdfc0c-equilibrate": 1, "9bb6228d6132c4aa33d9bdb1dbbdfc0c-log_interaction_energy_5nN": 1, "9bb6228d6132c4aa33d9bdb1dbbdfc0c-shear_5nN": 1, "9bb6228d6132c4aa33d9bdb1dbbdfc0c-unwrap_shear_15nN": 1, "9bb6228d6132c4aa33d9bdb1dbbdfc0c-shear_5nN_rerun": 1, "9bb6228d6132c4aa33d9bdb1dbbdfc0c-shear_25nN": 1, "9bb6228d6132c4aa33d9bdb1dbbdfc0c-shear_25nN_grompp": 1, "9bb6228d6132c4aa33d9bdb1dbbdfc0c-log_cof": 1, "9bb6228d6132c4aa33d9bdb1dbbdfc0c-equilibrate_grompp": 1, "9bb6228d6132c4aa33d9bdb1dbbdfc0c-calc_interdigitation": 1, "9bb6228d6132c4aa33d9bdb1dbbdfc0c-get_interaction_energy_25nN": 1, "9bb6228d6132c4aa33d9bdb1dbbdfc0c-minimize_grompp": 1, "9bb6228d6132c4aa33d9bdb1dbbdfc0c-log_S2": 1, "9bb6228d6132c4aa33d9bdb1dbbdfc0c-compress_grompp": 1, "9bb6228d6132c4aa33d9bdb1dbbdfc0c-calc_friction": 1, "9bb6228d6132c4aa33d9bdb1dbbdfc0c-log_interaction_energy_25nN": 1, "9bb6228d6132c4aa33d9bdb1dbbdfc0c-initialize": 1, "9bb6228d6132c4aa33d9bdb1dbbdfc0c-shear_15nN_grompp": 1, "9bb6228d6132c4aa33d9bdb1dbbdfc0c-shear_5nN_grompp": 1}, "chain-smiles-1": "CCCCCCCCCCCCCCCCC[N+](=O)[O-]"}