{"shear_15nN-qq": [7.998298567545963, 12.027031093573799], "delta_molecular_weight": 28.0101, "status": {"42a08ae83ddd869b3e40ffaf6c58103e-shear_15nN_rerun_grompp": 1, "42a08ae83ddd869b3e40ffaf6c58103e-equilibrate_grompp": 1, "42a08ae83ddd869b3e40ffaf6c58103e-get_interaction_energy_15nN": 1, "42a08ae83ddd869b3e40ffaf6c58103e-shear_15nN_grompp": 1, "42a08ae83ddd869b3e40ffaf6c58103e-minimize": 1, "42a08ae83ddd869b3e40ffaf6c58103e-unwrap_shear_5nN": 1, "42a08ae83ddd869b3e40ffaf6c58103e-initialize": 1, "42a08ae83ddd869b3e40ffaf6c58103e-compress_grompp": 1, "42a08ae83ddd869b3e40ffaf6c58103e-equilibrate": 1, "42a08ae83ddd869b3e40ffaf6c58103e-minimize_grompp": 1, "42a08ae83ddd869b3e40ffaf6c58103e-shear_5nN": 1, "42a08ae83ddd869b3e40ffaf6c58103e-unwrap_shear_15nN": 1, "42a08ae83ddd869b3e40ffaf6c58103e-log_interaction_energy_15nN": 1, "42a08ae83ddd869b3e40ffaf6c58103e-lammps_to_gmx": 1, "42a08ae83ddd869b3e40ffaf6c58103e-calc_interdigitation": 1, "42a08ae83ddd869b3e40ffaf6c58103e-fix_overlaps": 1, "42a08ae83ddd869b3e40ffaf6c58103e-shear_5nN_grompp": 1, "42a08ae83ddd869b3e40ffaf6c58103e-get_interaction_energy_5nN": 1, "42a08ae83ddd869b3e40ffaf6c58103e-shear_25nN": 1, "42a08ae83ddd869b3e40ffaf6c58103e-shear_15nN_rerun": 1, "42a08ae83ddd869b3e40ffaf6c58103e-shear_25nN_rerun_grompp": 1, "42a08ae83ddd869b3e40ffaf6c58103e-log_tilt": 1, "42a08ae83ddd869b3e40ffaf6c58103e-shear_25nN_grompp": 1, "42a08ae83ddd869b3e40ffaf6c58103e-shear_15nN": 1, "42a08ae83ddd869b3e40ffaf6c58103e-calc_S2_shear": 1, "42a08ae83ddd869b3e40ffaf6c58103e-shear_5nN_rerun": 1, "42a08ae83ddd869b3e40ffaf6c58103e-log_interaction_energy_5nN": 1, "42a08ae83ddd869b3e40ffaf6c58103e-compress": 1, "42a08ae83ddd869b3e40ffaf6c58103e-calc_friction": 1, "42a08ae83ddd869b3e40ffaf6c58103e-calc_tilt_shear": 1, "42a08ae83ddd869b3e40ffaf6c58103e-unwrap_shear_25nN": 1, "42a08ae83ddd869b3e40ffaf6c58103e-shear_25nN_rerun": 1, "42a08ae83ddd869b3e40ffaf6c58103e-log_S2": 1, "42a08ae83ddd869b3e40ffaf6c58103e-top_to_mol2": 1, "42a08ae83ddd869b3e40ffaf6c58103e-get_interaction_energy_25nN": 1, "42a08ae83ddd869b3e40ffaf6c58103e-log_cof": 1, "42a08ae83ddd869b3e40ffaf6c58103e-log_interaction_energy_25nN": 1, "42a08ae83ddd869b3e40ffaf6c58103e-shear_5nN_rerun_grompp": 1}, "interdigitation": {"25nN": 0.10821670221569134, "5nN": 0.10837282670332564, "15nN": 0.10078829084635252}, "avg_molecular_weight": 29.03945, "delta_dipole_moment": 3.16, "tilt_bottom": {"25nN": 40.88945993399117, "5nN": 36.24205040440166, "15nN": 39.32274314042576}, "S2_top": {"25nN": 0.9574303895704773, "5nN": 0.9529484505959549, "15nN": 0.9680325984167786}, "shear_25nN-Etotal": [-1645.0924285051958, 49.48334429844616], "shear_5nN-Etotal": [-1315.7888842853718, 47.15789740100324], "S2_bottom": {"25nN": 0.9767180835467215, "5nN": 0.9828546881600311, "15nN": 0.9829859799268943}, "intercept": 0.8463216489946845, "shear_15nN-lj": [-1544.430872196643, 50.63900471610183], "tilt_top": {"25nN": 39.03814395448352, "5nN": 34.66970191858, "15nN": 38.424007714193635}, "avg_dipole_moment": 1.58, "shear_5nN-qq": [-3.338084754596323, 11.279598667848312], "shear_5nN-lj": [-1312.4507995307756, 47.852236128481756], "COF": 0.12254175370470748, "shear_25nN-lj": [-1667.47995333733, 46.95527350086935], "shear_25nN-qq": [22.387524832134293, 16.187502526124472], "shear_15nN-Etotal": [-1536.4325736290966, 51.04921365100358]}