{"MR-mean":18.37885,"asphericity-mean":0.306206,"balabanj-mean":4.0922775,"bertzct-mean":152.597158,"chi0-mean":8.6933755,"chi0n-mean":8.473607,"chi0v-mean":1.973607,"chi1-mean":4.526709,"chi1n-mean":4.0722135,"chi1v-mean":0.848607,"chi2n-mean":0.355205,"chi2v-mean":0.355205,"chi3n-mean":0.1430535,"chi3v-mean":0.1430535,"chi4n-mean":0.069877,"chi4v-mean":0.069877,"e-valence-mean":23.0,"eccentricity-mean":0.9135795,"hk-alpha-mean":-0.36,"hk-kappa1-mean":0.327341,"hk-kappa2-mean":1.4653995,"hk-kappa3-mean":0.146682,"ipc-mean":131.327324,"isf-mean":0.027676,"labuteASA-mean":35.216186,"logP-mean":1.2155,"molwt-mean":55.5523995,"molwt-hvy-mean":49.042,"nheavy-mean":4.0,"npr1-mean":0.3922125,"npr2-mean":0.6851515,"pbf-mean":0.262099,"pc+-mean":0.323711,"pc--mean":-0.323711,"pmi1-mean":36.2730415,"pmi2-mean":55.4200635,"pmi3-mean":86.7456355,"rbonds-mean":1.0,"rg-mean":1.2638735,"rpc+-mean":0.249364,"rpc--mean":0.574599,"spherocity-mean":0.24697,"tpsa-mean":7.895,"vsa+-mean":15.103367,"vsa--mean":18.5692745,"vsa-fhyd-mean":0.931451,"vsa-fneg-mean":0.558367,"vsa-fpneg-mean":0.068549,"vsa-fpos-mean":0.441633,"vsa-fppos-mean":0.0,"vsa-hyd-mean":31.18414,"vsa-polar-mean":0.068549,"vsa-polar+-mean":0.0,"vsa-polar--mean":2.4885015,"MR-min":15.965,"asphericity-min":0.250247,"balabanj-min":3.436146,"bertzct-min":120.39661,"chi0-min":7.886751,"chi0n-min":7.447214,"chi0v-min":1.5,"chi1-min":4.5,"chi1n-min":3.644427,"chi1v-min":0.5,"chi2n-min":0.125,"chi2v-min":0.125,"chi3n-min":0.0,"chi3v-min":0.0,"chi4n-min":0.0,"chi4v-min":0.0,"e-valence-min":20.0,"eccentricity-min":0.871198,"hk-alpha-min":-0.72,"hk-kappa1-min":0.12,"hk-kappa2-min":0.930799,"hk-kappa3-min":0.0,"ipc-min":88.551982,"isf-min":0.009466,"labuteASA-min":32.708899,"logP-min":1.0147,"molwt-min":44.0626,"molwt-hvy-min":36.033,"nheavy-min":3.0,"npr1-min":0.293493,"npr2-min":0.509068,"pbf-min":0.000004,"pc+-min":0.190329,"pc--min":-0.457093,"pmi1-min":18.769072,"pmi2-min":55.076569,"pmi3-min":63.950703,"rbonds-min":0.0,"rg-min":1.249969,"rpc+-min":0.137072,"rpc--min":0.344905,"spherocity-min":0.0,"tpsa-min":0.0,"vsa+-min":10.966068,"vsa--min":17.06184,"vsa-fhyd-min":0.862902,"vsa-fneg-min":0.469991,"vsa-fpneg-min":0.0,"vsa-fpos-min":0.353257,"vsa-fppos-min":0.0,"vsa-hyd-min":31.042777,"vsa-polar-min":0.0,"vsa-polar+-min":0.0,"vsa-polar--min":0.0,"MR-max":20.7927,"asphericity-max":0.362165,"balabanj-max":4.748409,"bertzct-max":184.797706,"chi0-max":9.5,"chi0n-max":9.5,"chi0v-max":2.447214,"chi1-max":4.553418,"chi1n-max":4.5,"chi1v-max":1.197214,"chi2n-max":0.58541,"chi2v-max":0.58541,"chi3n-max":0.286107,"chi3v-max":0.286107,"chi4n-max":0.139754,"chi4v-max":0.139754,"e-valence-max":26.0,"eccentricity-max":0.955961,"hk-alpha-max":0.0,"hk-kappa1-max":0.534682,"hk-kappa2-max":2.0,"hk-kappa3-max":0.293364,"ipc-max":174.102666,"isf-max":0.045886,"labuteASA-max":37.723473,"logP-max":1.4163,"molwt-max":67.042199,"molwt-hvy-max":62.051,"nheavy-max":5.0,"npr1-max":0.490932,"npr2-max":0.861235,"pbf-max":0.524194,"pc+-max":0.457093,"pc--max":-0.190329,"pmi1-max":53.777011,"pmi2-max":55.763558,"pmi3-max":109.540568,"rbonds-max":2.0,"rg-max":1.277778,"rpc+-max":0.361656,"rpc--max":0.804293,"spherocity-max":0.49394,"tpsa-max":15.79,"vsa+-max":19.240666,"vsa--max":20.076709,"vsa-fhyd-max":1.0,"vsa-fneg-max":0.646743,"vsa-fpneg-max":0.137098,"vsa-fpos-max":0.530009,"vsa-fppos-max":0.0,"vsa-hyd-max":31.325503,"vsa-polar-max":0.137098,"vsa-polar+-max":0.0,"vsa-polar--max":4.977003,"MR-diff":4.8277,"asphericity-diff":0.111918,"balabanj-diff":1.312263,"bertzct-diff":64.401096,"chi0-diff":1.613249,"chi0n-diff":2.052786,"chi0v-diff":0.947214,"chi1-diff":0.053418,"chi1n-diff":0.855573,"chi1v-diff":0.697214,"chi2n-diff":0.46041,"chi2v-diff":0.46041,"chi3n-diff":0.286107,"chi3v-diff":0.286107,"chi4n-diff":0.139754,"chi4v-diff":0.139754,"e-valence-diff":6.0,"eccentricity-diff":0.084763,"hk-alpha-diff":0.72,"hk-kappa1-diff":0.414682,"hk-kappa2-diff":1.069201,"hk-kappa3-diff":0.293364,"ipc-diff":85.550684,"isf-diff":0.03642,"labuteASA-diff":5.014574,"logP-diff":0.4016,"molwt-diff":22.979599,"molwt-hvy-diff":26.018,"nheavy-diff":2.0,"npr1-diff":0.197439,"npr2-diff":0.352167,"pbf-diff":0.52419,"pc+-diff":0.266764,"pc--diff":0.266764,"pmi1-diff":35.007939,"pmi2-diff":0.686989,"pmi3-diff":45.589865,"rbonds-diff":2.0,"rg-diff":0.027809,"rpc+-diff":0.224584,"rpc--diff":0.459388,"spherocity-diff":0.49394,"tpsa-diff":15.79,"vsa+-diff":8.274598,"vsa--diff":3.014869,"vsa-fhyd-diff":0.137098,"vsa-fneg-diff":0.176752,"vsa-fpneg-diff":0.137098,"vsa-fpos-diff":0.176752,"vsa-fppos-diff":0.0,"vsa-hyd-diff":0.282726,"vsa-polar-diff":0.137098,"vsa-polar+-diff":0.0,"vsa-polar--diff":4.977003,"hbonds":0.0}