{"shear_15nN-qq": [-9.45994637889688, 14.439236638347582], "delta_molecular_weight": 22.993700000000004, "status": {"819a24a4279c49ee06ed3edc5e555978-equilibrate_grompp": 1, "819a24a4279c49ee06ed3edc5e555978-minimize": 1, "819a24a4279c49ee06ed3edc5e555978-fix_overlaps": 1, "819a24a4279c49ee06ed3edc5e555978-shear_5nN_grompp": 1, "819a24a4279c49ee06ed3edc5e555978-equilibrate": 1, "819a24a4279c49ee06ed3edc5e555978-shear_5nN_rerun": 1, "819a24a4279c49ee06ed3edc5e555978-shear_15nN_rerun": 1, "819a24a4279c49ee06ed3edc5e555978-compress": 1, "819a24a4279c49ee06ed3edc5e555978-shear_25nN": 1, "819a24a4279c49ee06ed3edc5e555978-minimize_grompp": 1, "819a24a4279c49ee06ed3edc5e555978-shear_15nN_grompp": 1, "819a24a4279c49ee06ed3edc5e555978-compress_grompp": 1, "819a24a4279c49ee06ed3edc5e555978-lammps_to_gmx": 1, "819a24a4279c49ee06ed3edc5e555978-log_interaction_energy_5nN": 1, "819a24a4279c49ee06ed3edc5e555978-top_to_mol2": 1, "819a24a4279c49ee06ed3edc5e555978-shear_25nN_grompp": 1, "819a24a4279c49ee06ed3edc5e555978-calc_tilt_shear": 1, "819a24a4279c49ee06ed3edc5e555978-calc_S2_shear": 1, "819a24a4279c49ee06ed3edc5e555978-get_interaction_energy_15nN": 1, "819a24a4279c49ee06ed3edc5e555978-shear_25nN_rerun_grompp": 1, "819a24a4279c49ee06ed3edc5e555978-log_interaction_energy_15nN": 1, "819a24a4279c49ee06ed3edc5e555978-unwrap_shear_25nN": 1, "819a24a4279c49ee06ed3edc5e555978-calc_interdigitation": 1, "819a24a4279c49ee06ed3edc5e555978-log_tilt": 1, "819a24a4279c49ee06ed3edc5e555978-get_interaction_energy_25nN": 1, "819a24a4279c49ee06ed3edc5e555978-log_interaction_energy_25nN": 1, "819a24a4279c49ee06ed3edc5e555978-log_cof": 1, "819a24a4279c49ee06ed3edc5e555978-initialize": 1, "819a24a4279c49ee06ed3edc5e555978-calc_friction": 1, "819a24a4279c49ee06ed3edc5e555978-shear_5nN_rerun_grompp": 1, "819a24a4279c49ee06ed3edc5e555978-unwrap_shear_5nN": 1, "819a24a4279c49ee06ed3edc5e555978-shear_5nN": 1, "819a24a4279c49ee06ed3edc5e555978-get_interaction_energy_5nN": 1, "819a24a4279c49ee06ed3edc5e555978-unwrap_shear_15nN": 1, "819a24a4279c49ee06ed3edc5e555978-shear_25nN_rerun": 1, "819a24a4279c49ee06ed3edc5e555978-shear_15nN": 1, "819a24a4279c49ee06ed3edc5e555978-log_S2": 1, "819a24a4279c49ee06ed3edc5e555978-shear_15nN_rerun_grompp": 1}, "interdigitation": {"15nN": 0.09969473461573673, "5nN": 0.08592578818867153, "25nN": 0.09425449279847352}, "intercept": 0.7832065325000546, "delta_dipole_moment": 2.8800000000000003, "tilt_bottom": {"15nN": 35.62001216652651, "5nN": 32.872919358756306, "25nN": 37.465972685679084}, "S2_top": {"15nN": 0.9669355726479797, "5nN": 0.9668437171299938, "25nN": 0.9600070794580563}, "shear_25nN-Etotal": [-1746.2639851366905, 49.69133234628393], "avg_dipole_moment": 1.45, "S2_bottom": {"15nN": 0.9417699053344583, "5nN": 0.9665409764724286, "25nN": 0.9215354514386697}, "avg_molecular_weight": 54.584250000000004, "shear_15nN-lj": [-1655.7296821670664, 48.102324599557136], "tilt_top": {"15nN": 37.1706035090453, "5nN": 34.570438886078904, "25nN": 38.36967992924082}, "shear_5nN-Etotal": [-1442.233091733813, 52.136611177988534], "shear_5nN-qq": [-26.621622427657876, 10.00271148184229], "shear_5nN-lj": [-1415.611469306155, 50.626310649998665], "COF": 0.12035661813661651, "shear_25nN-lj": [-1771.8655532597923, 49.736602231467245], "shear_25nN-qq": [25.601568123101522, 16.65765176389059], "shear_15nN-Etotal": [-1665.1896285459636, 48.355809774823285]}