{"tilt_bottom": {"25nN": 38.635049766055985, "5nN": 33.198806977286175, "15nN": 35.4233728825035}, "shear_25nN-qq": [-624.2837080143885, 61.86679332080555], "S2_top": {"25nN": 0.9534545554444526, "5nN": 0.9365921570198581, "15nN": 0.9452984570353673}, "shear_5nN-qq": [-526.8232205603517, 54.79836192530716], "shear_15nN-Etotal": [-2203.799784507594, 82.55972007559485], "status": {"3bcf84e2d2217dff3cf9a52784feb925-minimize_grompp": 1, "3bcf84e2d2217dff3cf9a52784feb925-log_interaction_energy_25nN": 1, "3bcf84e2d2217dff3cf9a52784feb925-fix_overlaps": 1, "3bcf84e2d2217dff3cf9a52784feb925-shear_25nN_grompp": 1, "3bcf84e2d2217dff3cf9a52784feb925-equilibrate_grompp": 1, "3bcf84e2d2217dff3cf9a52784feb925-shear_5nN": 1, "3bcf84e2d2217dff3cf9a52784feb925-shear_5nN_grompp": 1, "3bcf84e2d2217dff3cf9a52784feb925-compress": 1, "3bcf84e2d2217dff3cf9a52784feb925-shear_25nN_rerun": 1, "3bcf84e2d2217dff3cf9a52784feb925-shear_15nN_rerun": 1, "3bcf84e2d2217dff3cf9a52784feb925-log_interaction_energy_5nN": 1, "3bcf84e2d2217dff3cf9a52784feb925-shear_15nN": 1, "3bcf84e2d2217dff3cf9a52784feb925-log_S2": 1, "3bcf84e2d2217dff3cf9a52784feb925-get_interaction_energy_25nN": 1, "3bcf84e2d2217dff3cf9a52784feb925-log_interaction_energy_15nN": 1, "3bcf84e2d2217dff3cf9a52784feb925-unwrap_shear_5nN": 1, "3bcf84e2d2217dff3cf9a52784feb925-unwrap_shear_25nN": 1, "3bcf84e2d2217dff3cf9a52784feb925-calc_S2_shear": 1, "3bcf84e2d2217dff3cf9a52784feb925-calc_interdigitation": 1, "3bcf84e2d2217dff3cf9a52784feb925-calc_friction": 1, "3bcf84e2d2217dff3cf9a52784feb925-minimize": 1, "3bcf84e2d2217dff3cf9a52784feb925-shear_25nN_rerun_grompp": 1, "3bcf84e2d2217dff3cf9a52784feb925-equilibrate": 1, "3bcf84e2d2217dff3cf9a52784feb925-shear_15nN_rerun_grompp": 1, "3bcf84e2d2217dff3cf9a52784feb925-log_tilt": 1, "3bcf84e2d2217dff3cf9a52784feb925-unwrap_shear_15nN": 1, "3bcf84e2d2217dff3cf9a52784feb925-top_to_mol2": 1, "3bcf84e2d2217dff3cf9a52784feb925-count_hydrogen_bonds": 1, "3bcf84e2d2217dff3cf9a52784feb925-get_interaction_energy_15nN": 1, "3bcf84e2d2217dff3cf9a52784feb925-calc_tilt_shear": 1, "3bcf84e2d2217dff3cf9a52784feb925-shear_25nN": 1, "3bcf84e2d2217dff3cf9a52784feb925-get_interaction_energy_5nN": 1, "3bcf84e2d2217dff3cf9a52784feb925-log_cof": 1, "3bcf84e2d2217dff3cf9a52784feb925-initialize": 1, "3bcf84e2d2217dff3cf9a52784feb925-shear_5nN_rerun_grompp": 1, "3bcf84e2d2217dff3cf9a52784feb925-compress_grompp": 1, "3bcf84e2d2217dff3cf9a52784feb925-shear_15nN_grompp": 1, "3bcf84e2d2217dff3cf9a52784feb925-shear_5nN_rerun": 1, "3bcf84e2d2217dff3cf9a52784feb925-lammps_to_gmx": 1}, "shear_25nN-lj": [-1679.8058458505195, 55.67985103061091], "delta_molecular_weight": 78.0869, "shear_15nN-qq": [-597.7685435835332, 57.159058733284155], "avg_dipole_moment": 1.9549999999999998, "COF": 0.14470415855499177, "shear_25nN-Etotal": [-2304.089553864908, 89.06924807757675], "tilt_top": {"25nN": 39.96743873247732, "5nN": 35.14944095735117, "15nN": 37.77145074557388}, "S2_bottom": {"25nN": 0.9155763091789171, "5nN": 0.9155889696330078, "15nN": 0.9100088364170923}, "intercept": 1.8374870486288355, "shear_5nN-Etotal": [-1968.7327904468425, 91.1120050206812], "avg_molecular_weight": 56.05075, "delta_dipole_moment": 0.1499999999999999, "shear_15nN-lj": [-1606.031240924061, 51.081968001013195], "shear_5nN-lj": [-1441.9095698864908, 57.01304932818509]}