{"MR-mean":16.1205,"asphericity-mean":0.0717965,"balabanj-mean":4.781559,"bertzct-mean":116.551619,"chi0-mean":9.5,"chi0n-mean":8.5669465,"chi0v-mean":2.0669465,"chi1-mean":4.5,"chi1n-mean":4.0334735,"chi1v-mean":0.7834735,"chi2n-mean":0.4363795,"chi2v-mean":0.4363795,"chi3n-mean":0.0,"chi3v-mean":0.0,"chi4n-mean":0.0,"chi4v-mean":0.0,"e-valence-mean":29.0,"eccentricity-mean":0.5772495,"hk-alpha-mean":-0.105,"hk-kappa1-mean":0.8526905,"hk-kappa2-mean":1.1066745,"hk-kappa3-mean":137.681848,"ipc-mean":166.693285,"isf-mean":0.0102945,"labuteASA-mean":36.8497465,"logP-mean":1.61545,"molwt-mean":71.0484675,"molwt-hvy-mean":64.53,"nheavy-mean":4.5,"npr1-mean":0.7540425,"npr2-mean":0.8028895,"pbf-mean":0.5415765,"pc+-mean":0.3768215,"pc--mean":-0.3768215,"pmi1-mean":78.0342865,"pmi2-mean":83.131909,"pmi3-mean":104.0713385,"rbonds-mean":0.0,"rg-mean":1.3726985,"rpc+-mean":0.4365325,"rpc--mean":0.2984895,"spherocity-mean":0.581258,"tpsa-mean":0.0,"vsa+-mean":15.4240265,"vsa--mean":19.8104395,"vsa-fhyd-mean":0.8981205,"vsa-fneg-mean":0.5465895,"vsa-fpneg-mean":0.0,"vsa-fpos-mean":0.4534105,"vsa-fppos-mean":0.1018795,"vsa-hyd-mean":32.1463165,"vsa-polar-mean":0.1018795,"vsa-polar+-mean":3.0881495,"vsa-polar--mean":0.0,"MR-min":11.729,"asphericity-min":0.001179,"balabanj-min":4.020392,"bertzct-min":67.509775,"chi0-min":7.0,"chi0n-min":5.133893,"chi0v-min":2.0,"chi1-min":3.25,"chi1n-min":2.316947,"chi1v-min":0.75,"chi2n-min":0.375,"chi2v-min":0.375,"chi3n-min":0.0,"chi3v-min":0.0,"chi4n-min":0.0,"chi4v-min":0.0,"e-valence-min":26.0,"eccentricity-min":0.328419,"hk-alpha-min":-0.21,"hk-kappa1-min":0.213018,"hk-kappa2-min":0.880016,"hk-kappa3-min":0.0,"ipc-min":21.306059,"isf-min":0.010272,"labuteASA-min":31.815711,"logP-min":1.5686,"molwt-min":58.07825,"molwt-hvy-min":48.044,"nheavy-min":4.0,"npr1-min":0.563553,"npr2-min":0.618505,"pbf-min":0.533628,"pc+-min":0.239098,"pc--min":-0.514545,"pmi1-min":59.951347,"pmi2-min":65.797098,"pmi3-min":101.761744,"rbonds-min":0.0,"rg-min":1.332299,"rpc+-min":0.123042,"rpc--min":0.263646,"spherocity-min":0.471022,"tpsa-min":0.0,"vsa+-min":13.707586,"vsa--min":13.171245,"vsa-fhyd-min":0.796241,"vsa-fneg-min":0.434527,"vsa-fpneg-min":0.0,"vsa-fpos-min":0.341348,"vsa-fppos-min":0.0,"vsa-hyd-min":24.135413,"vsa-polar-min":0.0,"vsa-polar+-min":0.0,"vsa-polar--min":0.0,"MR-max":20.512,"asphericity-max":0.142414,"balabanj-max":5.542726,"bertzct-max":165.593463,"chi0-max":12.0,"chi0n-max":12.0,"chi0v-max":2.133893,"chi1-max":5.75,"chi1n-max":5.75,"chi1v-max":0.816947,"chi2n-max":0.497759,"chi2v-max":0.497759,"chi3n-max":0.0,"chi3v-max":0.0,"chi4n-max":0.0,"chi4v-max":0.0,"e-valence-max":32.0,"eccentricity-max":0.82608,"hk-alpha-max":0.0,"hk-kappa1-max":1.492363,"hk-kappa2-max":1.333333,"hk-kappa3-max":275.363696,"ipc-max":312.080511,"isf-max":0.010317,"labuteASA-max":41.883782,"logP-max":1.6623,"molwt-max":84.018685,"molwt-hvy-max":81.016,"nheavy-max":5.0,"npr1-max":0.944532,"npr2-max":0.987274,"pbf-max":0.549525,"pc+-max":0.514545,"pc--max":-0.239098,"pmi1-max":96.117226,"pmi2-max":100.46672,"pmi3-max":106.380933,"rbonds-max":0.0,"rg-max":1.413098,"rpc+-max":0.750023,"rpc--max":0.333333,"spherocity-max":0.691494,"tpsa-max":0.0,"vsa+-max":17.140467,"vsa--max":26.449634,"vsa-fhyd-max":1.0,"vsa-fneg-max":0.658652,"vsa-fpneg-max":0.0,"vsa-fpos-max":0.565473,"vsa-fppos-max":0.203759,"vsa-hyd-max":40.15722,"vsa-polar-max":0.203759,"vsa-polar+-max":6.176299,"vsa-polar--max":0.0,"MR-diff":8.783,"asphericity-diff":0.141235,"balabanj-diff":1.522334,"bertzct-diff":98.083688,"chi0-diff":5.0,"chi0n-diff":6.866107,"chi0v-diff":0.133893,"chi1-diff":2.5,"chi1n-diff":3.433053,"chi1v-diff":0.066947,"chi2n-diff":0.122759,"chi2v-diff":0.122759,"chi3n-diff":0.0,"chi3v-diff":0.0,"chi4n-diff":0.0,"chi4v-diff":0.0,"e-valence-diff":6.0,"eccentricity-diff":0.497661,"hk-alpha-diff":0.21,"hk-kappa1-diff":1.279345,"hk-kappa2-diff":0.453317,"hk-kappa3-diff":275.363696,"ipc-diff":290.774452,"isf-diff":0.000045,"labuteASA-diff":10.068071,"logP-diff":0.0937,"molwt-diff":25.940435,"molwt-hvy-diff":32.972,"nheavy-diff":1.0,"npr1-diff":0.380979,"npr2-diff":0.368769,"pbf-diff":0.015897,"pc+-diff":0.275447,"pc--diff":0.275447,"pmi1-diff":36.165879,"pmi2-diff":34.669622,"pmi3-diff":4.619189,"rbonds-diff":0.0,"rg-diff":0.080799,"rpc+-diff":0.626981,"rpc--diff":0.069687,"spherocity-diff":0.220472,"tpsa-diff":0.0,"vsa+-diff":3.432881,"vsa--diff":13.278389,"vsa-fhyd-diff":0.203759,"vsa-fneg-diff":0.224125,"vsa-fpneg-diff":0.0,"vsa-fpos-diff":0.224125,"vsa-fppos-diff":0.203759,"vsa-hyd-diff":16.021807,"vsa-polar-diff":0.203759,"vsa-polar+-diff":6.176299,"vsa-polar--diff":0.0,"hbonds":0.0}