{"avg_dipole_moment": 1.0499999999999998, "max_dipole_moment": 2.09, "min_dipole_moment": 0.01, "max_molecular_weight": 69.0059, "shear_5nN-qq": [-1.2651427434052758, 6.2946412267270775], "intercept": 0.3892106073751074, "shear_15nN-qq": [13.986523322941649, 8.269797720560032], "min_molecular_weight": 43.0874, "delta_molecular_weight": 25.918499999999995, "ch3-smiles-2": "CC(F)(F)F", "chain-smiles-2": "CCCCCCCCCCCCCCCCCC(F)(F)F", "tilt_bottom": {"25nN": 38.49520097609196, "5nN": 33.29641958663086, "15nN": 36.059175505462996}, "interdigitation": {"25nN": 0.14704667315815076, "5nN": 0.10993160561922802, "15nN": 0.12360250645974886}, "tilt_top": {"25nN": 41.06915370345021, "5nN": 35.23330015387659, "15nN": 38.8118145007947}, "shear_15nN-lj": [-1247.068213598721, 43.71914885361485], "h-smiles-1": "C(C)C", "S2_top": {"25nN": 0.9700952257036601, "5nN": 0.9684490459816366, "15nN": 0.9759370366747803}, "S2_bottom": {"25nN": 0.9551378705715623, "5nN": 0.9630245764606868, "15nN": 0.9590279916665005}, "h-smiles-2": "C(F)(F)F", "shear_25nN-qq": [22.34490563788969, 9.79433256161468], "COF": 0.14278588193178893, "shear_25nN-lj": [-1349.4050281231014, 44.75072204772435], "ch3-smiles-1": "CC(C)C", "shear_15nN-Etotal": [-1233.0816902757795, 44.6613090848306], "shear_5nN-Etotal": [-1073.3322714060753, 41.6001837158335], "shear_25nN-Etotal": [-1327.0601224852117, 45.010033299108905], "avg_molecular_weight": 56.04665, "shear_5nN-lj": [-1072.0671286626698, 41.45190186794199], "delta_dipole_moment": 2.08, "status": {"2f5de24e214d16ed2811be86d110a468-get_interaction_energy_15nN": 1, "2f5de24e214d16ed2811be86d110a468-unwrap_shear_15nN": 1, "2f5de24e214d16ed2811be86d110a468-shear_15nN_rerun": 1, "2f5de24e214d16ed2811be86d110a468-shear_5nN_rerun": 1, "2f5de24e214d16ed2811be86d110a468-unwrap_shear_5nN": 1, "2f5de24e214d16ed2811be86d110a468-shear_5nN_grompp": 1, "2f5de24e214d16ed2811be86d110a468-shear_15nN": 1, "2f5de24e214d16ed2811be86d110a468-top_to_mol2": 1, "2f5de24e214d16ed2811be86d110a468-calc_interdigitation": 1, "2f5de24e214d16ed2811be86d110a468-equilibrate_grompp": 1, "2f5de24e214d16ed2811be86d110a468-shear_5nN": 1, "2f5de24e214d16ed2811be86d110a468-calc_tilt_shear": 1, "2f5de24e214d16ed2811be86d110a468-lammps_to_gmx": 1, "2f5de24e214d16ed2811be86d110a468-shear_15nN_rerun_grompp": 1, "2f5de24e214d16ed2811be86d110a468-shear_25nN_grompp": 1, "2f5de24e214d16ed2811be86d110a468-calc_friction": 1, "2f5de24e214d16ed2811be86d110a468-log_interaction_energy_15nN": 1, "2f5de24e214d16ed2811be86d110a468-shear_25nN_rerun": 1, "2f5de24e214d16ed2811be86d110a468-shear_25nN": 1, "2f5de24e214d16ed2811be86d110a468-compress_grompp": 1, "2f5de24e214d16ed2811be86d110a468-minimize_grompp": 1, "2f5de24e214d16ed2811be86d110a468-log_interaction_energy_5nN": 1, "2f5de24e214d16ed2811be86d110a468-log_interaction_energy_25nN": 1, "2f5de24e214d16ed2811be86d110a468-minimize": 1, "2f5de24e214d16ed2811be86d110a468-log_cof": 1, "2f5de24e214d16ed2811be86d110a468-get_interaction_energy_25nN": 1, "2f5de24e214d16ed2811be86d110a468-compress": 1, "2f5de24e214d16ed2811be86d110a468-calc_S2_shear": 1, "2f5de24e214d16ed2811be86d110a468-shear_5nN_rerun_grompp": 1, "2f5de24e214d16ed2811be86d110a468-fix_overlaps": 1, "2f5de24e214d16ed2811be86d110a468-shear_25nN_rerun_grompp": 1, "2f5de24e214d16ed2811be86d110a468-log_tilt": 1, "2f5de24e214d16ed2811be86d110a468-initialize": 1, "2f5de24e214d16ed2811be86d110a468-get_interaction_energy_5nN": 1, "2f5de24e214d16ed2811be86d110a468-unwrap_shear_25nN": 1, "2f5de24e214d16ed2811be86d110a468-equilibrate": 1, "2f5de24e214d16ed2811be86d110a468-shear_15nN_grompp": 1, "2f5de24e214d16ed2811be86d110a468-log_S2": 1}, "chain-smiles-1": "CCCCCCCCCCCCCCCCCC(C)C"}