{"avg_dipole_moment": 3.35, "max_dipole_moment": 3.81, "min_dipole_moment": 2.89, "max_molecular_weight": 66.0811, "shear_5nN-qq": [-437.4519116722622, 54.60296871614428], "intercept": 1.8339389522962792, "shear_15nN-qq": [-475.4434517130295, 52.731002791380405], "min_molecular_weight": 46.0055, "delta_molecular_weight": 20.07560000000001, "ch3-smiles-2": "C1=C(C)NC=C1", "chain-smiles-2": "CCCCCCCCCCCCCCCCCC1=CNC=C1", "tilt_bottom": {"25nN": 40.801279505710234, "5nN": 36.29323196528284, "15nN": 39.210775213850845}, "interdigitation": {"25nN": 0.12697436871478351, "5nN": 0.13429140963795033, "15nN": 0.11526266421885316}, "tilt_top": {"25nN": 41.38591750588575, "5nN": 36.07451381858979, "15nN": 38.619996287700204}, "shear_15nN-lj": [-2034.5507335331736, 50.76411956614266], "h-smiles-1": "[N+](=O)[O-]", "S2_top": {"25nN": 0.9564882019370127, "5nN": 0.9553408058392813, "15nN": 0.9529046376743027}, "S2_bottom": {"25nN": 0.9576841056489863, "5nN": 0.9418380389999415, "15nN": 0.9612863494516006}, "h-smiles-2": "C1=CNC=C1", "shear_25nN-qq": [-499.7795564588329, 62.22824597963762], "COF": 0.13038455773627014, "shear_25nN-lj": [-2128.5114433836934, 51.24835228967252], "ch3-smiles-1": "C[N+](=O)[O-]", "shear_15nN-Etotal": [-2509.994185246203, 80.99558505976012], "shear_5nN-Etotal": [-2281.869104581135, 83.56291066740822], "shear_25nN-Etotal": [-2628.2909998425257, 85.90510582421419], "avg_molecular_weight": 56.0433, "shear_5nN-lj": [-1844.4171929088732, 53.894164688178634], "delta_dipole_moment": 0.9199999999999999, "status": {"ed254cd4e3e71ac6b8cbb9596d6d6715-log_tilt": 1, "ed254cd4e3e71ac6b8cbb9596d6d6715-log_interaction_energy_15nN": 1, "ed254cd4e3e71ac6b8cbb9596d6d6715-unwrap_shear_25nN": 1, "ed254cd4e3e71ac6b8cbb9596d6d6715-top_to_mol2": 1, "ed254cd4e3e71ac6b8cbb9596d6d6715-shear_5nN_rerun_grompp": 1, "ed254cd4e3e71ac6b8cbb9596d6d6715-shear_25nN": 1, "ed254cd4e3e71ac6b8cbb9596d6d6715-log_interaction_energy_25nN": 1, "ed254cd4e3e71ac6b8cbb9596d6d6715-calc_tilt_shear": 1, "ed254cd4e3e71ac6b8cbb9596d6d6715-get_interaction_energy_15nN": 1, "ed254cd4e3e71ac6b8cbb9596d6d6715-calc_friction": 1, "ed254cd4e3e71ac6b8cbb9596d6d6715-equilibrate_grompp": 1, "ed254cd4e3e71ac6b8cbb9596d6d6715-shear_5nN": 1, "ed254cd4e3e71ac6b8cbb9596d6d6715-log_cof": 1, "ed254cd4e3e71ac6b8cbb9596d6d6715-get_interaction_energy_5nN": 1, "ed254cd4e3e71ac6b8cbb9596d6d6715-shear_15nN_grompp": 1, "ed254cd4e3e71ac6b8cbb9596d6d6715-compress": 1, "ed254cd4e3e71ac6b8cbb9596d6d6715-get_interaction_energy_25nN": 1, "ed254cd4e3e71ac6b8cbb9596d6d6715-calc_interdigitation": 1, "ed254cd4e3e71ac6b8cbb9596d6d6715-unwrap_shear_5nN": 1, "ed254cd4e3e71ac6b8cbb9596d6d6715-compress_grompp": 1, "ed254cd4e3e71ac6b8cbb9596d6d6715-shear_5nN_rerun": 1, "ed254cd4e3e71ac6b8cbb9596d6d6715-log_interaction_energy_5nN": 1, "ed254cd4e3e71ac6b8cbb9596d6d6715-shear_15nN": 1, "ed254cd4e3e71ac6b8cbb9596d6d6715-fix_overlaps": 1, "ed254cd4e3e71ac6b8cbb9596d6d6715-shear_5nN_grompp": 1, "ed254cd4e3e71ac6b8cbb9596d6d6715-minimize_grompp": 1, "ed254cd4e3e71ac6b8cbb9596d6d6715-shear_25nN_rerun": 1, "ed254cd4e3e71ac6b8cbb9596d6d6715-shear_15nN_rerun": 1, "ed254cd4e3e71ac6b8cbb9596d6d6715-log_S2": 1, "ed254cd4e3e71ac6b8cbb9596d6d6715-equilibrate": 1, "ed254cd4e3e71ac6b8cbb9596d6d6715-minimize": 1, "ed254cd4e3e71ac6b8cbb9596d6d6715-calc_S2_shear": 1, "ed254cd4e3e71ac6b8cbb9596d6d6715-lammps_to_gmx": 1, "ed254cd4e3e71ac6b8cbb9596d6d6715-unwrap_shear_15nN": 1, "ed254cd4e3e71ac6b8cbb9596d6d6715-initialize": 1, "ed254cd4e3e71ac6b8cbb9596d6d6715-shear_25nN_grompp": 1, "ed254cd4e3e71ac6b8cbb9596d6d6715-shear_15nN_rerun_grompp": 1, "ed254cd4e3e71ac6b8cbb9596d6d6715-shear_25nN_rerun_grompp": 1}, "chain-smiles-1": "CCCCCCCCCCCCCCCCC[N+](=O)[O-]"}