{"MR-mean":7.6759,"asphericity-mean":0.4801245,"balabanj-mean":2.7120555,"bertzct-mean":42.4678485,"chi0-mean":4.3922285,"chi0n-mean":3.908248,"chi0v-mean":0.908248,"chi1-mean":2.178795,"chi1n-mean":1.6353105,"chi1v-mean":0.227062,"chi2n-mean":0.051031,"chi2v-mean":0.051031,"chi3n-mean":0.0,"chi3v-mean":0.0,"chi4n-mean":0.0,"chi4v-mean":0.0,"e-valence-mean":13.0,"eccentricity-mean":0.970497,"hk-alpha-mean":-0.185,"hk-kappa1-mean":0.1160105,"hk-kappa2-mean":-12.685,"hk-kappa3-mean":-51.185,"ipc-mean":9.920527,"isf-mean":0.673479,"labuteASA-mean":17.359055,"logP-mean":-0.30975,"molwt-mean":31.01839,"molwt-hvy-mean":28.01,"nheavy-mean":2.0,"npr1-mean":0.230904,"npr2-mean":0.800042,"pbf-mean":0.1396835,"pc+-mean":0.3619855,"pc--mean":-0.3619855,"pmi1-mean":4.7266595,"pmi2-mean":25.1089715,"pmi3-mean":28.1516705,"rbonds-mean":0.5,"rg-mean":0.7260585,"rpc+-mean":0.436272,"rpc--mean":0.986006,"spherocity-mean":0.185969,"tpsa-mean":24.285,"vsa+-mean":7.303823,"vsa--mean":8.563591,"vsa-fhyd-mean":0.397516,"vsa-fneg-mean":0.577402,"vsa-fpneg-mean":0.430942,"vsa-fpos-mean":0.422598,"vsa-fppos-mean":0.171542,"vsa-hyd-mean":9.2985695,"vsa-polar-mean":0.602484,"vsa-polar+-mean":1.4311995,"vsa-polar--mean":5.137645,"MR-min":3.6138,"asphericity-min":0.371887,"balabanj-min":1.632993,"bertzct-min":2.754888,"chi0-min":2.707107,"chi0n-min":2.408248,"chi0v-min":0.408248,"chi1-min":1.414214,"chi1n-min":0.816497,"chi1v-min":0.0,"chi2n-min":0.0,"chi2v-min":0.0,"chi3n-min":0.0,"chi3v-min":0.0,"chi4n-min":0.0,"chi4v-min":0.0,"e-valence-min":8.0,"eccentricity-min":0.95443,"hk-alpha-min":-0.33,"hk-kappa1-min":0.0004,"hk-kappa2-min":-27.04,"hk-kappa3-min":-104.04,"ipc-min":2.754888,"isf-min":0.101068,"labuteASA-min":9.832513,"logP-min":-0.8247,"molwt-min":18.010565,"molwt-hvy-min":15.999,"nheavy-min":1.0,"npr1-min":0.163374,"npr2-min":0.701566,"pbf-min":0.0,"pc+-min":0.312461,"pc--min":-0.41151,"pmi1-min":0.563105,"pmi2-min":1.323761,"pmi3-min":1.886866,"rbonds-min":0.0,"rg-min":0.323633,"rpc+-min":0.372544,"rpc--min":0.972012,"spherocity-min":0.0,"tpsa-min":17.07,"vsa+-min":2.862399,"vsa--min":5.480753,"vsa-fhyd-min":0.0,"vsa-fneg-min":0.497888,"vsa-fpneg-min":0.204968,"vsa-fpos-min":0.343084,"vsa-fppos-min":0.0,"vsa-hyd-min":0.0,"vsa-polar-min":0.204968,"vsa-polar+-min":0.0,"vsa-polar--min":4.794537,"MR-max":11.738,"asphericity-max":0.588362,"balabanj-max":3.791118,"bertzct-max":82.180809,"chi0-max":6.07735,"chi0n-max":5.408248,"chi0v-max":1.408248,"chi1-max":2.943376,"chi1n-max":2.454124,"chi1v-max":0.454124,"chi2n-max":0.102062,"chi2v-max":0.102062,"chi3n-max":0.0,"chi3v-max":0.0,"chi4n-max":0.0,"chi4v-max":0.0,"e-valence-max":18.0,"eccentricity-max":0.986564,"hk-alpha-max":-0.04,"hk-kappa1-max":0.231621,"hk-kappa2-max":1.67,"hk-kappa3-max":1.67,"ipc-max":17.086166,"isf-max":1.24589,"labuteASA-max":24.885597,"logP-max":0.2052,"molwt-max":44.026215,"molwt-hvy-max":40.021,"nheavy-max":3.0,"npr1-max":0.298434,"npr2-max":0.898518,"pbf-max":0.279367,"pc+-max":0.41151,"pc--max":-0.312461,"pmi1-max":8.890214,"pmi2-max":48.894182,"pmi3-max":54.416475,"rbonds-max":1.0,"rg-max":1.128484,"rpc+-max":0.5,"rpc--max":1.0,"spherocity-max":0.371938,"tpsa-max":31.5,"vsa+-max":11.745247,"vsa--max":11.646429,"vsa-fhyd-max":0.795032,"vsa-fneg-max":0.656916,"vsa-fpneg-max":0.656916,"vsa-fpos-max":0.502112,"vsa-fppos-max":0.343084,"vsa-hyd-max":18.597139,"vsa-polar-max":1.0,"vsa-polar+-max":2.862399,"vsa-polar--max":5.480753,"MR-diff":8.1242,"asphericity-diff":0.216475,"balabanj-diff":2.158125,"bertzct-diff":79.425921,"chi0-diff":3.370243,"chi0n-diff":3.0,"chi0v-diff":1.0,"chi1-diff":1.529162,"chi1n-diff":1.637627,"chi1v-diff":0.454124,"chi2n-diff":0.102062,"chi2v-diff":0.102062,"chi3n-diff":0.0,"chi3v-diff":0.0,"chi4n-diff":0.0,"chi4v-diff":0.0,"e-valence-diff":10.0,"eccentricity-diff":0.032134,"hk-alpha-diff":0.29,"hk-kappa1-diff":0.231221,"hk-kappa2-diff":28.71,"hk-kappa3-diff":105.71,"ipc-diff":14.331278,"isf-diff":1.144822,"labuteASA-diff":15.053084,"logP-diff":1.0299,"molwt-diff":26.01565,"molwt-hvy-diff":24.022,"nheavy-diff":2.0,"npr1-diff":0.13506,"npr2-diff":0.196952,"pbf-diff":0.279367,"pc+-diff":0.099049,"pc--diff":0.099049,"pmi1-diff":8.327109,"pmi2-diff":47.570421,"pmi3-diff":52.529609,"rbonds-diff":1.0,"rg-diff":0.804851,"rpc+-diff":0.127456,"rpc--diff":0.027988,"spherocity-diff":0.371938,"tpsa-diff":14.43,"vsa+-diff":8.882848,"vsa--diff":6.165676,"vsa-fhyd-diff":0.795032,"vsa-fneg-diff":0.159028,"vsa-fpneg-diff":0.451948,"vsa-fpos-diff":0.159028,"vsa-fppos-diff":0.343084,"vsa-hyd-diff":18.597139,"vsa-polar-diff":0.795032,"vsa-polar+-diff":2.862399,"vsa-polar--diff":0.686216,"hbonds":1.0}