{"avg_dipole_moment": 2.52, "max_dipole_moment": 3.16, "min_dipole_moment": 1.88, "max_molecular_weight": 43.0445, "shear_5nN-qq": [-906.1775091574741, 78.49351253089635], "intercept": 2.4194975559675416, "shear_15nN-qq": [-991.6704858369305, 85.40264686895246], "min_molecular_weight": 17.0073, "delta_molecular_weight": 26.0372, "ch3-smiles-2": "CO", "chain-smiles-2": "CCCCCCCCCCCCCCCCCO", "tilt_bottom": {"25nN": 41.321505835303256, "5nN": 37.002323792697716, "15nN": 39.64974739889106}, "interdigitation": {"25nN": 0.13344427986516091, "5nN": 0.1040558959220555, "15nN": 0.1289400018997697}, "tilt_top": {"25nN": 41.039950227574025, "5nN": 35.20280585900653, "15nN": 39.21132278645459}, "shear_15nN-lj": [-1609.585747326139, 53.248756622868186], "h-smiles-1": "C(=O)C", "S2_top": {"25nN": 0.9716164773787681, "5nN": 0.9537061707560492, "15nN": 0.9718924483923739}, "S2_bottom": {"25nN": 0.9748879578898522, "5nN": 0.9784478946286481, "15nN": 0.97675470408468}, "h-smiles-2": "O", "shear_25nN-qq": [-1062.7295756570743, 91.39098900137542], "COF": 0.13361617872331524, "shear_25nN-lj": [-1684.1275767314148, 54.76197147312718], "ch3-smiles-1": "CC(=O)C", "shear_15nN-Etotal": [-2601.2562331630697, 96.67125730136019], "shear_5nN-Etotal": [-2350.3351886786572, 99.25651533308688], "shear_25nN-Etotal": [-2746.8571523884893, 106.15061055851204], "avg_molecular_weight": 30.0259, "shear_5nN-lj": [-1444.1576795211831, 51.873300183707755], "delta_dipole_moment": 1.2800000000000002, "status": {"e72589ea2b5062dde7bfd58e65fa7b7c-shear_15nN_grompp": 1, "e72589ea2b5062dde7bfd58e65fa7b7c-log_interaction_energy_5nN": 1, "e72589ea2b5062dde7bfd58e65fa7b7c-calc_S2_shear": 1, "e72589ea2b5062dde7bfd58e65fa7b7c-shear_25nN_grompp": 1, "e72589ea2b5062dde7bfd58e65fa7b7c-compress": 1, "e72589ea2b5062dde7bfd58e65fa7b7c-calc_friction": 1, "e72589ea2b5062dde7bfd58e65fa7b7c-calc_tilt_shear": 1, "e72589ea2b5062dde7bfd58e65fa7b7c-shear_5nN_rerun_grompp": 1, "e72589ea2b5062dde7bfd58e65fa7b7c-get_interaction_energy_25nN": 1, "e72589ea2b5062dde7bfd58e65fa7b7c-top_to_mol2": 1, "e72589ea2b5062dde7bfd58e65fa7b7c-shear_5nN_rerun": 1, "e72589ea2b5062dde7bfd58e65fa7b7c-get_interaction_energy_5nN": 1, "e72589ea2b5062dde7bfd58e65fa7b7c-log_S2": 1, "e72589ea2b5062dde7bfd58e65fa7b7c-lammps_to_gmx": 1, "e72589ea2b5062dde7bfd58e65fa7b7c-log_interaction_energy_25nN": 1, "e72589ea2b5062dde7bfd58e65fa7b7c-minimize_grompp": 1, "e72589ea2b5062dde7bfd58e65fa7b7c-log_cof": 1, "e72589ea2b5062dde7bfd58e65fa7b7c-unwrap_shear_25nN": 1, "e72589ea2b5062dde7bfd58e65fa7b7c-fix_overlaps": 1, "e72589ea2b5062dde7bfd58e65fa7b7c-shear_15nN": 1, "e72589ea2b5062dde7bfd58e65fa7b7c-shear_25nN": 1, "e72589ea2b5062dde7bfd58e65fa7b7c-shear_25nN_rerun": 1, "e72589ea2b5062dde7bfd58e65fa7b7c-get_interaction_energy_15nN": 1, "e72589ea2b5062dde7bfd58e65fa7b7c-calc_interdigitation": 1, "e72589ea2b5062dde7bfd58e65fa7b7c-minimize": 1, "e72589ea2b5062dde7bfd58e65fa7b7c-shear_15nN_rerun": 1, "e72589ea2b5062dde7bfd58e65fa7b7c-log_interaction_energy_15nN": 1, "e72589ea2b5062dde7bfd58e65fa7b7c-compress_grompp": 1, "e72589ea2b5062dde7bfd58e65fa7b7c-shear_25nN_rerun_grompp": 1, "e72589ea2b5062dde7bfd58e65fa7b7c-equilibrate_grompp": 1, "e72589ea2b5062dde7bfd58e65fa7b7c-log_tilt": 1, "e72589ea2b5062dde7bfd58e65fa7b7c-shear_15nN_rerun_grompp": 1, "e72589ea2b5062dde7bfd58e65fa7b7c-unwrap_shear_5nN": 1, "e72589ea2b5062dde7bfd58e65fa7b7c-equilibrate": 1, "e72589ea2b5062dde7bfd58e65fa7b7c-shear_5nN_grompp": 1, "e72589ea2b5062dde7bfd58e65fa7b7c-shear_5nN": 1, "e72589ea2b5062dde7bfd58e65fa7b7c-count_hydrogen_bonds": 1, "e72589ea2b5062dde7bfd58e65fa7b7c-unwrap_shear_15nN": 1, "e72589ea2b5062dde7bfd58e65fa7b7c-initialize": 1}, "chain-smiles-1": "CCCCCCCCCCCCCCCCCC(=O)C"}