{"MR-mean":18.4335,"asphericity-mean":0.18029,"balabanj-mean":4.9708585,"bertzct-mean":144.8229155,"chi0-mean":10.288675,"chi0n-mean":9.954124,"chi0v-mean":1.954124,"chi1-mean":4.9523505,"chi1n-mean":4.727062,"chi1v-mean":0.727062,"chi2n-mean":0.352062,"chi2v-mean":0.352062,"chi3n-mean":0.0,"chi3v-mean":0.0,"chi4n-mean":0.0,"chi4v-mean":0.0,"e-valence-mean":25.0,"eccentricity-mean":0.8528875,"hk-alpha-mean":-0.165,"hk-kappa1-mean":0.2805375,"hk-kappa2-mean":1.1889325,"hk-kappa3-mean":3.441979,"ipc-mean":187.8301595,"isf-mean":0.011157,"labuteASA-mean":37.972131,"logP-mean":1.1288,"molwt-mean":58.0600575,"molwt-hvy-mean":50.038,"nheavy-mean":4.0,"npr1-mean":0.5197965,"npr2-mean":0.598184,"pbf-mean":0.4880585,"pc+-mean":0.275683,"pc--mean":-0.275683,"pmi1-mean":54.2686205,"pmi2-mean":62.300953,"pmi3-mean":104.0833955,"rbonds-mean":1.0,"rg-mean":1.377299,"rpc+-mean":0.2636995,"rpc--mean":0.61273,"spherocity-mean":0.3958705,"tpsa-mean":8.535,"vsa+-mean":13.857691,"vsa--mean":22.4739775,"vsa-fhyd-mean":0.926252,"vsa-fneg-mean":0.613862,"vsa-fpneg-mean":0.073748,"vsa-fpos-mean":0.386138,"vsa-fppos-mean":0.0,"vsa-hyd-mean":33.9344,"vsa-polar-mean":0.073748,"vsa-polar+-mean":0.0,"vsa-polar--mean":2.3972685,"MR-min":16.355,"asphericity-min":0.147788,"balabanj-min":4.398991,"bertzct-min":124.052368,"chi0-min":8.57735,"chi0n-min":7.908248,"chi0v-min":1.908248,"chi1-min":4.154701,"chi1n-min":3.704124,"chi1v-min":0.704124,"chi2n-min":0.329124,"chi2v-min":0.329124,"chi3n-min":0.0,"chi3v-min":0.0,"chi4n-min":0.0,"chi4v-min":0.0,"e-valence-min":24.0,"eccentricity-min":0.827423,"hk-alpha-min":-0.33,"hk-kappa1-min":0.213018,"hk-kappa2-min":1.044532,"hk-kappa3-min":0.0,"ipc-min":63.579808,"isf-min":0.010022,"labuteASA-min":34.06048,"logP-min":0.5953,"molwt-min":58.041865,"molwt-hvy-min":48.044,"nheavy-min":4.0,"npr1-min":0.478014,"npr2-min":0.588162,"pbf-min":0.413939,"pc+-min":0.239098,"pc--min":-0.312268,"pmi1-min":47.84903,"pmi2-min":58.874781,"pmi3-min":100.099611,"rbonds-min":0.0,"rg-min":1.334356,"rpc+-min":0.123042,"rpc--min":0.263646,"spherocity-min":0.332999,"tpsa-min":0.0,"vsa+-min":13.707586,"vsa--min":18.498321,"vsa-fhyd-min":0.852504,"vsa-fneg-min":0.569072,"vsa-fpneg-min":0.0,"vsa-fpos-min":0.341348,"vsa-fppos-min":0.0,"vsa-hyd-min":27.71158,"vsa-polar-min":0.0,"vsa-polar+-min":0.0,"vsa-polar--min":0.0,"MR-max":20.512,"asphericity-max":0.212792,"balabanj-max":5.542726,"bertzct-max":165.593463,"chi0-max":12.0,"chi0n-max":12.0,"chi0v-max":2.0,"chi1-max":5.75,"chi1n-max":5.75,"chi1v-max":0.75,"chi2n-max":0.375,"chi2v-max":0.375,"chi3n-max":0.0,"chi3v-max":0.0,"chi4n-max":0.0,"chi4v-max":0.0,"e-valence-max":26.0,"eccentricity-max":0.878352,"hk-alpha-max":0.0,"hk-kappa1-max":0.348057,"hk-kappa2-max":1.333333,"hk-kappa3-max":6.883958,"ipc-max":312.080511,"isf-max":0.012292,"labuteASA-max":41.883782,"logP-max":1.6623,"molwt-max":58.07825,"molwt-hvy-max":52.032,"nheavy-max":4.0,"npr1-max":0.561579,"npr2-max":0.608206,"pbf-max":0.562178,"pc+-max":0.312268,"pc--max":-0.239098,"pmi1-max":60.688211,"pmi2-max":65.727125,"pmi3-max":108.06718,"rbonds-max":2.0,"rg-max":1.420242,"rpc+-max":0.404357,"rpc--max":0.961814,"spherocity-max":0.458742,"tpsa-max":17.07,"vsa+-max":14.007796,"vsa--max":26.449634,"vsa-fhyd-max":1.0,"vsa-fneg-max":0.658652,"vsa-fpneg-max":0.147496,"vsa-fpos-max":0.430928,"vsa-fppos-max":0.0,"vsa-hyd-max":40.15722,"vsa-polar-max":0.147496,"vsa-polar+-max":0.0,"vsa-polar--max":4.794537,"MR-diff":4.157,"asphericity-diff":0.065004,"balabanj-diff":1.143735,"bertzct-diff":41.541095,"chi0-diff":3.42265,"chi0n-diff":4.091752,"chi0v-diff":0.091752,"chi1-diff":1.595299,"chi1n-diff":2.045876,"chi1v-diff":0.045876,"chi2n-diff":0.045876,"chi2v-diff":0.045876,"chi3n-diff":0.0,"chi3v-diff":0.0,"chi4n-diff":0.0,"chi4v-diff":0.0,"e-valence-diff":2.0,"eccentricity-diff":0.050929,"hk-alpha-diff":0.33,"hk-kappa1-diff":0.135039,"hk-kappa2-diff":0.288801,"hk-kappa3-diff":6.883958,"ipc-diff":248.500703,"isf-diff":0.00227,"labuteASA-diff":7.823302,"logP-diff":1.067,"molwt-diff":0.036385,"molwt-hvy-diff":3.988,"nheavy-diff":0.0,"npr1-diff":0.083565,"npr2-diff":0.020044,"pbf-diff":0.148239,"pc+-diff":0.07317,"pc--diff":0.07317,"pmi1-diff":12.839181,"pmi2-diff":6.852344,"pmi3-diff":7.967569,"rbonds-diff":2.0,"rg-diff":0.085886,"rpc+-diff":0.281315,"rpc--diff":0.698168,"spherocity-diff":0.125743,"tpsa-diff":17.07,"vsa+-diff":0.30021,"vsa--diff":7.951313,"vsa-fhyd-diff":0.147496,"vsa-fneg-diff":0.08958,"vsa-fpneg-diff":0.147496,"vsa-fpos-diff":0.08958,"vsa-fppos-diff":0.0,"vsa-hyd-diff":12.44564,"vsa-polar-diff":0.147496,"vsa-polar+-diff":0.0,"vsa-polar--diff":4.794537,"hbonds":0.0}