{"shear_15nN-qq": [0.24889635971223037, 13.876331861422214], "tilt_bottom": {"15nN": 36.54413240163714, "5nN": 33.438813980287186, "25nN": 37.560493761206}, "delta_molecular_weight": 4.933900000000001, "status": {"7a31ae4bcd468c13de36465a730ff04c-log_S2": 1, "7a31ae4bcd468c13de36465a730ff04c-shear_5nN_grompp": 1, "7a31ae4bcd468c13de36465a730ff04c-shear_15nN_rerun_grompp": 1, "7a31ae4bcd468c13de36465a730ff04c-shear_15nN_grompp": 1, "7a31ae4bcd468c13de36465a730ff04c-calc_S2_shear": 1, "7a31ae4bcd468c13de36465a730ff04c-calc_friction": 1, "7a31ae4bcd468c13de36465a730ff04c-shear_5nN_rerun": 1, "7a31ae4bcd468c13de36465a730ff04c-unwrap_shear_25nN": 1, "7a31ae4bcd468c13de36465a730ff04c-log_tilt": 1, "7a31ae4bcd468c13de36465a730ff04c-top_to_mol2": 1, "7a31ae4bcd468c13de36465a730ff04c-shear_25nN_rerun_grompp": 1, "7a31ae4bcd468c13de36465a730ff04c-log_interaction_energy_5nN": 1, "7a31ae4bcd468c13de36465a730ff04c-get_interaction_energy_15nN": 1, "7a31ae4bcd468c13de36465a730ff04c-log_cof": 1, "7a31ae4bcd468c13de36465a730ff04c-get_interaction_energy_5nN": 1, "7a31ae4bcd468c13de36465a730ff04c-calc_tilt_shear": 1, "7a31ae4bcd468c13de36465a730ff04c-shear_5nN_rerun_grompp": 1, "7a31ae4bcd468c13de36465a730ff04c-log_interaction_energy_25nN": 1, "7a31ae4bcd468c13de36465a730ff04c-unwrap_shear_5nN": 1, "7a31ae4bcd468c13de36465a730ff04c-shear_15nN_rerun": 1, "7a31ae4bcd468c13de36465a730ff04c-shear_5nN": 1, "7a31ae4bcd468c13de36465a730ff04c-equilibrate_grompp": 1, "7a31ae4bcd468c13de36465a730ff04c-shear_25nN_grompp": 1, "7a31ae4bcd468c13de36465a730ff04c-shear_25nN_rerun": 1, "7a31ae4bcd468c13de36465a730ff04c-initialize": 1, "7a31ae4bcd468c13de36465a730ff04c-shear_25nN": 1, "7a31ae4bcd468c13de36465a730ff04c-equilibrate": 1, "7a31ae4bcd468c13de36465a730ff04c-shear_15nN": 1, "7a31ae4bcd468c13de36465a730ff04c-get_interaction_energy_25nN": 1, "7a31ae4bcd468c13de36465a730ff04c-fix_overlaps": 1, "7a31ae4bcd468c13de36465a730ff04c-compress": 1, "7a31ae4bcd468c13de36465a730ff04c-calc_interdigitation": 1, "7a31ae4bcd468c13de36465a730ff04c-unwrap_shear_15nN": 1, "7a31ae4bcd468c13de36465a730ff04c-log_interaction_energy_15nN": 1, "7a31ae4bcd468c13de36465a730ff04c-lammps_to_gmx": 1, "7a31ae4bcd468c13de36465a730ff04c-minimize_grompp": 1, "7a31ae4bcd468c13de36465a730ff04c-compress_grompp": 1, "7a31ae4bcd468c13de36465a730ff04c-minimize": 1}, "interdigitation": {"15nN": 0.10579822534295723, "5nN": 0.10888420265338052, "25nN": 0.1167979861326663}, "intercept": 0.7571635902221856, "delta_dipole_moment": 3.81, "S2_top": {"15nN": 0.961433516507044, "5nN": 0.9626453044906673, "25nN": 0.9613173708187558}, "shear_25nN-Etotal": [-1915.4835613908876, 51.295223205688316], "shear_5nN-Etotal": [-1567.961135816147, 51.019074367737055], "S2_bottom": {"15nN": 0.8790966371223632, "5nN": 0.9359273080195154, "25nN": 0.8270692042116429}, "avg_molecular_weight": 43.53855, "shear_15nN-lj": [-1808.6260612517988, 47.499191473928235], "tilt_top": {"15nN": 38.41445679143985, "5nN": 35.11637912822676, "25nN": 40.45766533975002}, "avg_dipole_moment": 1.905, "shear_5nN-qq": [-6.885904197442046, 10.9870950939812], "shear_5nN-lj": [-1561.075231618705, 49.28101339328924], "COF": 0.12373961673290701, "shear_25nN-lj": [-1911.3988943669065, 49.8287968267241], "shear_25nN-qq": [-4.084667023980815, 14.428726860875496], "shear_15nN-Etotal": [-1808.3771648920863, 48.060922133519114]}