{"avg_dipole_moment": 1.905, "max_dipole_moment": 3.81, "min_dipole_moment": 0.0, "max_molecular_weight": 46.0055, "shear_5nN-qq": [-6.885904197442046, 10.9870950939812], "intercept": 0.7571635902221856, "shear_15nN-qq": [0.24889635971223037, 13.876331861422214], "min_molecular_weight": 41.0716, "delta_molecular_weight": 4.933900000000001, "ch3-smiles-2": "C[N+](=O)[O-]", "chain-smiles-2": "CCCCCCCCCCCCCCCCC[N+](=O)[O-]", "tilt_bottom": {"25nN": 37.560493761206, "5nN": 33.438813980287186, "15nN": 36.54413240163714}, "interdigitation": {"25nN": 0.11675625862560329, "5nN": 0.10859340615424896, "15nN": 0.10588046971856559}, "tilt_top": {"25nN": 40.45766533975002, "5nN": 35.11637912822676, "15nN": 38.41445679143985}, "shear_15nN-lj": [-1808.6260612517988, 47.499191473928235], "h-smiles-1": "C1CC1", "S2_top": {"25nN": 0.9613173708187558, "5nN": 0.9626453044906673, "15nN": 0.961433516507044}, "S2_bottom": {"25nN": 0.8270692042116429, "5nN": 0.9359273080195154, "15nN": 0.8790966371223632}, "h-smiles-2": "[N+](=O)[O-]", "shear_25nN-qq": [-4.084667023980815, 14.428726860875496], "COF": 0.12373961673290701, "shear_25nN-lj": [-1911.3988943669065, 49.8287968267241], "ch3-smiles-1": "CC1CC1", "shear_15nN-Etotal": [-1808.3771648920863, 48.060922133519114], "shear_5nN-Etotal": [-1567.961135816147, 51.019074367737055], "shear_25nN-Etotal": [-1915.4835613908876, 51.295223205688316], "avg_molecular_weight": 43.53855, "shear_5nN-lj": [-1561.075231618705, 49.28101339328924], "delta_dipole_moment": 3.81, "status": {"7a31ae4bcd468c13de36465a730ff04c-minimize_grompp": 1, "7a31ae4bcd468c13de36465a730ff04c-get_interaction_energy_5nN": 1, "7a31ae4bcd468c13de36465a730ff04c-equilibrate_grompp": 1, "7a31ae4bcd468c13de36465a730ff04c-unwrap_shear_5nN": 1, "7a31ae4bcd468c13de36465a730ff04c-shear_5nN": 1, "7a31ae4bcd468c13de36465a730ff04c-calc_friction": 1, "7a31ae4bcd468c13de36465a730ff04c-top_to_mol2": 1, "7a31ae4bcd468c13de36465a730ff04c-shear_15nN_rerun": 1, "7a31ae4bcd468c13de36465a730ff04c-compress_grompp": 1, "7a31ae4bcd468c13de36465a730ff04c-log_interaction_energy_25nN": 1, "7a31ae4bcd468c13de36465a730ff04c-calc_interdigitation": 1, "7a31ae4bcd468c13de36465a730ff04c-lammps_to_gmx": 1, "7a31ae4bcd468c13de36465a730ff04c-shear_25nN_grompp": 1, "7a31ae4bcd468c13de36465a730ff04c-shear_25nN": 1, "7a31ae4bcd468c13de36465a730ff04c-fix_overlaps": 1, "7a31ae4bcd468c13de36465a730ff04c-log_cof": 1, "7a31ae4bcd468c13de36465a730ff04c-log_interaction_energy_5nN": 1, "7a31ae4bcd468c13de36465a730ff04c-shear_15nN_grompp": 1, "7a31ae4bcd468c13de36465a730ff04c-shear_5nN_grompp": 1, "7a31ae4bcd468c13de36465a730ff04c-shear_25nN_rerun_grompp": 1, "7a31ae4bcd468c13de36465a730ff04c-shear_15nN_rerun_grompp": 1, "7a31ae4bcd468c13de36465a730ff04c-shear_5nN_rerun": 1, "7a31ae4bcd468c13de36465a730ff04c-shear_15nN": 1, "7a31ae4bcd468c13de36465a730ff04c-shear_25nN_rerun": 1, "7a31ae4bcd468c13de36465a730ff04c-initialize": 1, "7a31ae4bcd468c13de36465a730ff04c-log_S2": 1, "7a31ae4bcd468c13de36465a730ff04c-log_interaction_energy_15nN": 1, "7a31ae4bcd468c13de36465a730ff04c-compress": 1, "7a31ae4bcd468c13de36465a730ff04c-calc_S2_shear": 1, "7a31ae4bcd468c13de36465a730ff04c-unwrap_shear_25nN": 1, "7a31ae4bcd468c13de36465a730ff04c-calc_tilt_shear": 1, "7a31ae4bcd468c13de36465a730ff04c-get_interaction_energy_15nN": 1, "7a31ae4bcd468c13de36465a730ff04c-equilibrate": 1, "7a31ae4bcd468c13de36465a730ff04c-minimize": 1, "7a31ae4bcd468c13de36465a730ff04c-shear_5nN_rerun_grompp": 1, "7a31ae4bcd468c13de36465a730ff04c-unwrap_shear_15nN": 1, "7a31ae4bcd468c13de36465a730ff04c-get_interaction_energy_25nN": 1, "7a31ae4bcd468c13de36465a730ff04c-log_tilt": 1}, "chain-smiles-1": "CCCCCCCCCCCCCCCCCC1CC1"}