{"shear_15nN-qq": [-1196.0273762446043, 86.96416856904304], "delta_molecular_weight": 29.982999999999997, "status": {"425202a487f76bfa5d2850a6562a0ef7-calc_friction": 1, "425202a487f76bfa5d2850a6562a0ef7-get_interaction_energy_5nN": 1, "425202a487f76bfa5d2850a6562a0ef7-calc_interdigitation": 1, "425202a487f76bfa5d2850a6562a0ef7-shear_15nN_rerun_grompp": 1, "425202a487f76bfa5d2850a6562a0ef7-get_interaction_energy_15nN": 1, "425202a487f76bfa5d2850a6562a0ef7-unwrap_shear_5nN": 1, "425202a487f76bfa5d2850a6562a0ef7-equilibrate": 1, "425202a487f76bfa5d2850a6562a0ef7-compress_grompp": 1, "425202a487f76bfa5d2850a6562a0ef7-lammps_to_gmx": 1, "425202a487f76bfa5d2850a6562a0ef7-log_interaction_energy_15nN": 1, "425202a487f76bfa5d2850a6562a0ef7-log_cof": 1, "425202a487f76bfa5d2850a6562a0ef7-shear_25nN_rerun": 1, "425202a487f76bfa5d2850a6562a0ef7-shear_25nN_grompp": 1, "425202a487f76bfa5d2850a6562a0ef7-log_tilt": 1, "425202a487f76bfa5d2850a6562a0ef7-shear_5nN": 1, "425202a487f76bfa5d2850a6562a0ef7-fix_overlaps": 1, "425202a487f76bfa5d2850a6562a0ef7-unwrap_shear_15nN": 1, "425202a487f76bfa5d2850a6562a0ef7-equilibrate_grompp": 1, "425202a487f76bfa5d2850a6562a0ef7-initialize": 1, "425202a487f76bfa5d2850a6562a0ef7-unwrap_shear_25nN": 1, "425202a487f76bfa5d2850a6562a0ef7-top_to_mol2": 1, "425202a487f76bfa5d2850a6562a0ef7-calc_tilt_shear": 1, "425202a487f76bfa5d2850a6562a0ef7-minimize": 1, "425202a487f76bfa5d2850a6562a0ef7-get_interaction_energy_25nN": 1, "425202a487f76bfa5d2850a6562a0ef7-compress": 1, "425202a487f76bfa5d2850a6562a0ef7-shear_5nN_grompp": 1, "425202a487f76bfa5d2850a6562a0ef7-shear_5nN_rerun_grompp": 1, "425202a487f76bfa5d2850a6562a0ef7-count_hydrogen_bonds": 1, "425202a487f76bfa5d2850a6562a0ef7-shear_25nN_rerun_grompp": 1, "425202a487f76bfa5d2850a6562a0ef7-log_S2": 1, "425202a487f76bfa5d2850a6562a0ef7-shear_15nN_grompp": 1, "425202a487f76bfa5d2850a6562a0ef7-shear_25nN": 1, "425202a487f76bfa5d2850a6562a0ef7-shear_5nN_rerun": 1, "425202a487f76bfa5d2850a6562a0ef7-shear_15nN_rerun": 1, "425202a487f76bfa5d2850a6562a0ef7-shear_15nN": 1, "425202a487f76bfa5d2850a6562a0ef7-minimize_grompp": 1, "425202a487f76bfa5d2850a6562a0ef7-calc_S2_shear": 1, "425202a487f76bfa5d2850a6562a0ef7-log_interaction_energy_25nN": 1, "425202a487f76bfa5d2850a6562a0ef7-log_interaction_energy_5nN": 1}, "interdigitation": {"25nN": 0.14060024266971416, "5nN": 0.16295761256139432, "15nN": 0.17149363049873675}, "intercept": 2.817485026610505, "delta_dipole_moment": 2.18, "tilt_bottom": {"25nN": 40.74957741908661, "5nN": 35.601595788836875, "15nN": 38.643423257172294}, "S2_top": {"25nN": 0.9211732143926575, "5nN": 0.917823737125026, "15nN": 0.93816673526464}, "shear_25nN-Etotal": [-3055.8026348337326, 102.38367570999033], "avg_dipole_moment": 2.7199999999999998, "S2_bottom": {"25nN": 0.9577510772833986, "5nN": 0.9629978378861751, "15nN": 0.9430983913537286}, "avg_molecular_weight": 31.014, "shear_15nN-lj": [-1713.2984909896081, 53.590890160280544], "tilt_top": {"25nN": 39.59318236075328, "5nN": 33.96253614493512, "15nN": 37.82087920055335}, "shear_5nN-Etotal": [-2704.164947764988, 98.36029763615363], "shear_5nN-qq": [-1140.5588078784972, 78.30735002676484], "shear_5nN-lj": [-1563.6061398864908, 49.20806024097576], "COF": 0.13307254910692945, "shear_25nN-lj": [-1775.3011564244603, 49.96729718771278], "shear_25nN-qq": [-1280.5014784092725, 87.7524138037287], "shear_15nN-Etotal": [-2909.3258672342126, 108.47040414684658]}