{"shear_15nN-qq": [-712.3403734964029, 96.13024965590685], "delta_molecular_weight": 21.063700000000004, "status": {"05b182899ae9d903a05747536556b3d3-get_interaction_energy_5nN": 1, "05b182899ae9d903a05747536556b3d3-shear_15nN_rerun": 1, "05b182899ae9d903a05747536556b3d3-shear_25nN_rerun_grompp": 1, "05b182899ae9d903a05747536556b3d3-shear_5nN_rerun_grompp": 1, "05b182899ae9d903a05747536556b3d3-unwrap_shear_5nN": 1, "05b182899ae9d903a05747536556b3d3-log_tilt": 1, "05b182899ae9d903a05747536556b3d3-unwrap_shear_25nN": 1, "05b182899ae9d903a05747536556b3d3-log_S2": 1, "05b182899ae9d903a05747536556b3d3-shear_25nN_grompp": 1, "05b182899ae9d903a05747536556b3d3-minimize_grompp": 1, "05b182899ae9d903a05747536556b3d3-shear_15nN_grompp": 1, "05b182899ae9d903a05747536556b3d3-initialize": 1, "05b182899ae9d903a05747536556b3d3-count_hydrogen_bonds": 1, "05b182899ae9d903a05747536556b3d3-shear_25nN_rerun": 1, "05b182899ae9d903a05747536556b3d3-shear_5nN_rerun": 1, "05b182899ae9d903a05747536556b3d3-shear_15nN_rerun_grompp": 1, "05b182899ae9d903a05747536556b3d3-shear_25nN": 1, "05b182899ae9d903a05747536556b3d3-calc_interdigitation": 1, "05b182899ae9d903a05747536556b3d3-equilibrate_grompp": 1, "05b182899ae9d903a05747536556b3d3-log_interaction_energy_25nN": 1, "05b182899ae9d903a05747536556b3d3-calc_friction": 1, "05b182899ae9d903a05747536556b3d3-shear_15nN": 1, "05b182899ae9d903a05747536556b3d3-calc_tilt_shear": 1, "05b182899ae9d903a05747536556b3d3-equilibrate": 1, "05b182899ae9d903a05747536556b3d3-get_interaction_energy_25nN": 1, "05b182899ae9d903a05747536556b3d3-log_interaction_energy_5nN": 1, "05b182899ae9d903a05747536556b3d3-unwrap_shear_15nN": 1, "05b182899ae9d903a05747536556b3d3-get_interaction_energy_15nN": 1, "05b182899ae9d903a05747536556b3d3-compress_grompp": 1, "05b182899ae9d903a05747536556b3d3-calc_S2_shear": 1, "05b182899ae9d903a05747536556b3d3-shear_5nN": 1, "05b182899ae9d903a05747536556b3d3-top_to_mol2": 1, "05b182899ae9d903a05747536556b3d3-minimize": 1, "05b182899ae9d903a05747536556b3d3-shear_5nN_grompp": 1, "05b182899ae9d903a05747536556b3d3-fix_overlaps": 1, "05b182899ae9d903a05747536556b3d3-log_cof": 1, "05b182899ae9d903a05747536556b3d3-lammps_to_gmx": 1, "05b182899ae9d903a05747536556b3d3-log_interaction_energy_15nN": 1, "05b182899ae9d903a05747536556b3d3-compress": 1}, "interdigitation": {"25nN": 0.11971521651901648, "5nN": 0.09884968176509235, "15nN": 0.10926716569967977}, "intercept": 2.266978251223416, "delta_dipole_moment": 1.9199999999999995, "tilt_bottom": {"25nN": 39.22440228068864, "5nN": 35.42241247771405, "15nN": 38.606711079700105}, "S2_top": {"25nN": 0.9693621390142575, "5nN": 0.9727247853643376, "15nN": 0.9687913718522937}, "shear_25nN-Etotal": [-2867.9407711766585, 107.90769806717971], "shear_5nN-Etotal": [-2548.5210941926457, 116.06131562356248], "S2_bottom": {"25nN": 0.964660276076932, "5nN": 0.9577079582713045, "15nN": 0.9721818765512357}, "avg_molecular_weight": 55.54925, "shear_15nN-lj": [-2020.129790800959, 53.99735627145479], "tilt_top": {"25nN": 40.392399263320456, "5nN": 35.65655172338637, "15nN": 37.76652083384993}, "avg_dipole_moment": 3.8499999999999996, "shear_5nN-qq": [-727.5985420943246, 90.53579570006072], "shear_5nN-lj": [-1820.9225520983214, 59.4039805852808], "COF": 0.12326089510145008, "shear_25nN-lj": [-2124.079603993605, 59.14079010761486], "shear_25nN-qq": [-743.8611671830536, 93.80246405872508], "shear_15nN-Etotal": [-2732.4701642973623, 107.25467907172163]}