{"MR-mean":21.2425,"asphericity-mean":0.4724785,"balabanj-mean":3.850564,"bertzct-mean":220.6425535,"chi0-mean":9.482051,"chi0n-mean":8.938982,"chi0v-mean":2.438982,"chi1-mean":4.962713,"chi1n-mean":4.344491,"chi1v-mean":1.094491,"chi2n-mean":0.594491,"chi2v-mean":0.594491,"chi3n-mean":0.2972455,"chi3v-mean":0.2972455,"chi4n-mean":0.148623,"chi4v-mean":0.148623,"e-valence-mean":28.0,"eccentricity-mean":0.97237,"hk-alpha-mean":-0.425,"hk-kappa1-mean":0.695734,"hk-kappa2-mean":0.974131,"hk-kappa3-mean":0.5297015,"ipc-mean":628.571741,"isf-mean":0.0804655,"labuteASA-mean":40.665345,"logP-mean":1.58016,"molwt-mean":70.050064,"molwt-hvy-mean":63.5485,"nheavy-mean":5.0,"npr1-mean":0.2309915,"npr2-mean":0.903169,"pbf-mean":0.3245305,"pc+-mean":0.2995955,"pc--mean":-0.2995955,"pmi1-mean":47.0249835,"pmi2-mean":191.033706,"pmi3-mean":233.1960645,"rbonds-mean":1.0,"rg-mean":1.4868455,"rpc+-mean":0.2159635,"rpc--mean":0.4737165,"spherocity-mean":0.341407,"tpsa-mean":0.0,"vsa+-mean":11.818541,"vsa--mean":27.339609,"vsa-fhyd-mean":0.9610695,"vsa-fneg-mean":0.6758025,"vsa-fpneg-mean":0.0389305,"vsa-fpos-mean":0.3241975,"vsa-fppos-mean":0.0,"vsa-hyd-mean":36.9629425,"vsa-polar-mean":0.0389305,"vsa-polar+-mean":0.0,"vsa-polar--mean":2.1952075,"MR-min":11.348,"asphericity-min":0.422414,"balabanj-min":3.680736,"bertzct-min":61.509775,"chi0-min":7.0,"chi0n-min":7.0,"chi0v-min":1.0,"chi1-min":3.25,"chi1n-min":3.25,"chi1v-min":0.25,"chi2n-min":0.0,"chi2v-min":0.0,"chi3n-min":0.0,"chi3v-min":0.0,"chi4n-min":0.0,"chi4v-min":0.0,"e-valence-min":14.0,"eccentricity-min":0.964567,"hk-alpha-min":-0.85,"hk-kappa1-min":0.040816,"hk-kappa2-min":0.0,"hk-kappa3-min":0.0,"ipc-min":21.306059,"isf-min":0.00925,"labuteASA-min":23.534016,"logP-min":1.0262,"molwt-min":30.04695,"molwt-hvy-min":24.022,"nheavy-min":2.0,"npr1-min":0.198144,"npr2-min":0.809152,"pbf-min":0.14228,"pc+-min":0.136525,"pc--min":-0.462666,"pmi1-min":6.574239,"pmi2-min":24.847512,"pmi3-min":24.91763,"rbonds-min":1.0,"rg-min":0.967886,"rpc+-min":0.166667,"rpc--min":0.447433,"spherocity-min":0.059837,"tpsa-min":0.0,"vsa+-min":8.224551,"vsa--min":13.703784,"vsa-fhyd-min":0.922139,"vsa-fneg-min":0.624935,"vsa-fpneg-min":0.0,"vsa-fpos-min":0.27333,"vsa-fppos-min":0.0,"vsa-hyd-min":21.928335,"vsa-polar-min":0.0,"vsa-polar+-min":0.0,"vsa-polar--min":0.0,"MR-max":31.137,"asphericity-max":0.522543,"balabanj-max":4.020392,"bertzct-max":379.775332,"chi0-max":11.964102,"chi0n-max":10.877964,"chi0v-max":3.877964,"chi1-max":6.675426,"chi1n-max":5.438982,"chi1v-max":1.938982,"chi2n-max":1.188982,"chi2v-max":1.188982,"chi3n-max":0.594491,"chi3v-max":0.594491,"chi4n-max":0.297246,"chi4v-max":0.297246,"e-valence-max":42.0,"eccentricity-max":0.980173,"hk-alpha-max":0.0,"hk-kappa1-max":1.350652,"hk-kappa2-max":1.948262,"hk-kappa3-max":1.059403,"ipc-max":1235.837423,"isf-max":0.151681,"labuteASA-max":57.796674,"logP-max":2.13412,"molwt-max":110.053178,"molwt-hvy-max":103.075,"nheavy-max":8.0,"npr1-max":0.263839,"npr2-max":0.997186,"pbf-max":0.506781,"pc+-max":0.462666,"pc--max":-0.136525,"pmi1-max":87.475728,"pmi2-max":357.2199,"pmi3-max":441.474499,"rbonds-max":1.0,"rg-max":2.005805,"rpc+-max":0.26526,"rpc--max":0.5,"spherocity-max":0.622977,"tpsa-max":0.0,"vsa+-max":15.412531,"vsa--max":40.975434,"vsa-fhyd-max":1.0,"vsa-fneg-max":0.72667,"vsa-fpneg-max":0.077861,"vsa-fpos-max":0.375065,"vsa-fppos-max":0.0,"vsa-hyd-max":51.99755,"vsa-polar-max":0.077861,"vsa-polar+-max":0.0,"vsa-polar--max":4.390415,"MR-diff":19.789,"asphericity-diff":0.100129,"balabanj-diff":0.339656,"bertzct-diff":318.265557,"chi0-diff":4.964102,"chi0n-diff":3.877964,"chi0v-diff":2.877964,"chi1-diff":3.425426,"chi1n-diff":2.188982,"chi1v-diff":1.688982,"chi2n-diff":1.188982,"chi2v-diff":1.188982,"chi3n-diff":0.594491,"chi3v-diff":0.594491,"chi4n-diff":0.297246,"chi4v-diff":0.297246,"e-valence-diff":28.0,"eccentricity-diff":0.015606,"hk-alpha-diff":0.85,"hk-kappa1-diff":1.309836,"hk-kappa2-diff":1.948262,"hk-kappa3-diff":1.059403,"ipc-diff":1214.531364,"isf-diff":0.142431,"labuteASA-diff":34.262658,"logP-diff":1.10792,"molwt-diff":80.006228,"molwt-hvy-diff":79.053,"nheavy-diff":6.0,"npr1-diff":0.065695,"npr2-diff":0.188034,"pbf-diff":0.364501,"pc+-diff":0.326141,"pc--diff":0.326141,"pmi1-diff":80.901489,"pmi2-diff":332.372388,"pmi3-diff":416.556869,"rbonds-diff":0.0,"rg-diff":1.037919,"rpc+-diff":0.098593,"rpc--diff":0.052567,"spherocity-diff":0.56314,"tpsa-diff":0.0,"vsa+-diff":7.18798,"vsa--diff":27.27165,"vsa-fhyd-diff":0.077861,"vsa-fneg-diff":0.101735,"vsa-fpneg-diff":0.077861,"vsa-fpos-diff":0.101735,"vsa-fppos-diff":0.0,"vsa-hyd-diff":30.069215,"vsa-polar-diff":0.077861,"vsa-polar+-diff":0.0,"vsa-polar--diff":4.390415,"hbonds":0.0}