{"avg_dipole_moment": 1.015, "max_dipole_moment": 2.03, "min_dipole_moment": 0.0, "max_molecular_weight": 95.0942, "shear_5nN-qq": [-21.800470992006396, 9.683972593920913], "intercept": 1.1543369284835918, "shear_15nN-qq": [-34.03041945003997, 10.231377040687157], "min_molecular_weight": 15.0344, "delta_molecular_weight": 80.0598, "ch3-smiles-2": "CC", "chain-smiles-2": "CCCCCCCCCCCCCCCCCC", "tilt_bottom": {"25nN": 39.27061777492169, "5nN": 31.486931237052218, "15nN": 36.499831231306445}, "interdigitation": {"25nN": 0.1374236459952563, "5nN": 0.15324592732219697, "15nN": 0.15317719304168007}, "tilt_top": {"25nN": 38.36569011097767, "5nN": 32.9929295907433, "15nN": 36.821797783543836}, "shear_15nN-lj": [-1546.1554047729817, 56.063791964750635], "h-smiles-1": "C1=CC=C(F)C=C1", "S2_top": {"25nN": 0.8892653003378383, "5nN": 0.9229329717951541, "15nN": 0.9129230822605826}, "S2_bottom": {"25nN": 0.9180013749360333, "5nN": 0.898794305505464, "15nN": 0.939519350297151}, "h-smiles-2": "C", "shear_25nN-qq": [-43.629440282174265, 11.41810023250873], "COF": 0.126761937165046, "shear_25nN-lj": [-1658.6252036426858, 46.369309245904766], "ch3-smiles-1": "CC1=CC=C(F)C=C1", "shear_15nN-Etotal": [-1580.1858242230214, 58.451587426772], "shear_5nN-Etotal": [-1357.825614163869, 55.26119624643479], "shear_25nN-Etotal": [-1702.2546439248604, 48.793604078778436], "avg_molecular_weight": 55.0643, "shear_5nN-lj": [-1336.0251431718625, 53.53445703134513], "delta_dipole_moment": 2.03, "status": {"5bbbeefb6c94c3ac6c7733dbd86d3f85-fix_overlaps": 1, "5bbbeefb6c94c3ac6c7733dbd86d3f85-shear_25nN_grompp": 1, "5bbbeefb6c94c3ac6c7733dbd86d3f85-shear_15nN_grompp": 1, "5bbbeefb6c94c3ac6c7733dbd86d3f85-calc_interdigitation": 1, "5bbbeefb6c94c3ac6c7733dbd86d3f85-shear_15nN": 1, "5bbbeefb6c94c3ac6c7733dbd86d3f85-log_tilt": 1, "5bbbeefb6c94c3ac6c7733dbd86d3f85-log_interaction_energy_15nN": 1, "5bbbeefb6c94c3ac6c7733dbd86d3f85-shear_25nN_rerun_grompp": 1, "5bbbeefb6c94c3ac6c7733dbd86d3f85-calc_friction": 1, "5bbbeefb6c94c3ac6c7733dbd86d3f85-compress": 1, "5bbbeefb6c94c3ac6c7733dbd86d3f85-shear_15nN_rerun": 1, "5bbbeefb6c94c3ac6c7733dbd86d3f85-shear_5nN_rerun_grompp": 1, "5bbbeefb6c94c3ac6c7733dbd86d3f85-lammps_to_gmx": 1, "5bbbeefb6c94c3ac6c7733dbd86d3f85-equilibrate_grompp": 1, "5bbbeefb6c94c3ac6c7733dbd86d3f85-calc_tilt_shear": 1, "5bbbeefb6c94c3ac6c7733dbd86d3f85-get_interaction_energy_5nN": 1, "5bbbeefb6c94c3ac6c7733dbd86d3f85-shear_5nN_rerun": 1, "5bbbeefb6c94c3ac6c7733dbd86d3f85-unwrap_shear_25nN": 1, "5bbbeefb6c94c3ac6c7733dbd86d3f85-get_interaction_energy_25nN": 1, "5bbbeefb6c94c3ac6c7733dbd86d3f85-initialize": 1, "5bbbeefb6c94c3ac6c7733dbd86d3f85-top_to_mol2": 1, "5bbbeefb6c94c3ac6c7733dbd86d3f85-unwrap_shear_5nN": 1, "5bbbeefb6c94c3ac6c7733dbd86d3f85-get_interaction_energy_15nN": 1, "5bbbeefb6c94c3ac6c7733dbd86d3f85-log_interaction_energy_5nN": 1, "5bbbeefb6c94c3ac6c7733dbd86d3f85-log_cof": 1, "5bbbeefb6c94c3ac6c7733dbd86d3f85-calc_S2_shear": 1, "5bbbeefb6c94c3ac6c7733dbd86d3f85-compress_grompp": 1, "5bbbeefb6c94c3ac6c7733dbd86d3f85-shear_5nN": 1, "5bbbeefb6c94c3ac6c7733dbd86d3f85-equilibrate": 1, "5bbbeefb6c94c3ac6c7733dbd86d3f85-minimize_grompp": 1, "5bbbeefb6c94c3ac6c7733dbd86d3f85-shear_5nN_grompp": 1, "5bbbeefb6c94c3ac6c7733dbd86d3f85-unwrap_shear_15nN": 1, "5bbbeefb6c94c3ac6c7733dbd86d3f85-minimize": 1, "5bbbeefb6c94c3ac6c7733dbd86d3f85-shear_15nN_rerun_grompp": 1, "5bbbeefb6c94c3ac6c7733dbd86d3f85-log_interaction_energy_25nN": 1, "5bbbeefb6c94c3ac6c7733dbd86d3f85-shear_25nN": 1, "5bbbeefb6c94c3ac6c7733dbd86d3f85-log_S2": 1, "5bbbeefb6c94c3ac6c7733dbd86d3f85-shear_25nN_rerun": 1}, "chain-smiles-1": "CCCCCCCCCCCCCCCCCC1=CC=C(F)C=C1"}