{"tilt_bottom": {"25nN": 38.844129005901976, "5nN": 32.26822404427349, "15nN": 35.47343550789378}, "shear_25nN-qq": [52.2473091215028, 10.707390833347855], "S2_top": {"25nN": 0.9118146615430807, "5nN": 0.959089752607502, "15nN": 0.9238043366582727}, "shear_5nN-qq": [5.9567296906474825, 7.693002454582692], "shear_15nN-Etotal": [-1389.239915195044, 44.16352114648799], "S2_bottom": {"25nN": 0.9652095178542816, "5nN": 0.9433493082359317, "15nN": 0.9477425605537416}, "shear_25nN-lj": [-1518.468403, 47.77726567246593], "delta_molecular_weight": 28.053000000000004, "interdigitation": {"25nN": 0.110089232686342, "5nN": 0.09599960321321219, "15nN": 0.10332887548695624}, "intercept": 0.47205995099388165, "avg_dipole_moment": 0.005, "COF": 0.14102033598542568, "shear_25nN-Etotal": [-1466.2210938784972, 48.288918449291295], "tilt_top": {"25nN": 36.6708282958418, "5nN": 34.087769037211935, "15nN": 36.122907641038395}, "status": {"89241904fe830eaae2f1552403ccf6b9-log_interaction_energy_25nN": 1, "89241904fe830eaae2f1552403ccf6b9-shear_5nN_rerun_grompp": 1, "89241904fe830eaae2f1552403ccf6b9-get_interaction_energy_15nN": 1, "89241904fe830eaae2f1552403ccf6b9-compress": 1, "89241904fe830eaae2f1552403ccf6b9-unwrap_shear_25nN": 1, "89241904fe830eaae2f1552403ccf6b9-equilibrate": 1, "89241904fe830eaae2f1552403ccf6b9-shear_15nN_rerun": 1, "89241904fe830eaae2f1552403ccf6b9-calc_interdigitation": 1, "89241904fe830eaae2f1552403ccf6b9-get_interaction_energy_25nN": 1, "89241904fe830eaae2f1552403ccf6b9-calc_tilt_shear": 1, "89241904fe830eaae2f1552403ccf6b9-fix_overlaps": 1, "89241904fe830eaae2f1552403ccf6b9-equilibrate_grompp": 1, "89241904fe830eaae2f1552403ccf6b9-top_to_mol2": 1, "89241904fe830eaae2f1552403ccf6b9-shear_15nN_grompp": 1, "89241904fe830eaae2f1552403ccf6b9-minimize_grompp": 1, "89241904fe830eaae2f1552403ccf6b9-calc_S2_shear": 1, "89241904fe830eaae2f1552403ccf6b9-get_interaction_energy_5nN": 1, "89241904fe830eaae2f1552403ccf6b9-shear_25nN_rerun_grompp": 1, "89241904fe830eaae2f1552403ccf6b9-log_interaction_energy_15nN": 1, "89241904fe830eaae2f1552403ccf6b9-shear_25nN_grompp": 1, "89241904fe830eaae2f1552403ccf6b9-calc_friction": 1, "89241904fe830eaae2f1552403ccf6b9-shear_5nN": 1, "89241904fe830eaae2f1552403ccf6b9-shear_25nN_rerun": 1, "89241904fe830eaae2f1552403ccf6b9-lammps_to_gmx": 1, "89241904fe830eaae2f1552403ccf6b9-log_tilt": 1, "89241904fe830eaae2f1552403ccf6b9-shear_5nN_grompp": 1, "89241904fe830eaae2f1552403ccf6b9-minimize": 1, "89241904fe830eaae2f1552403ccf6b9-log_cof": 1, "89241904fe830eaae2f1552403ccf6b9-log_S2": 1, "89241904fe830eaae2f1552403ccf6b9-unwrap_shear_5nN": 1, "89241904fe830eaae2f1552403ccf6b9-shear_25nN": 1, "89241904fe830eaae2f1552403ccf6b9-initialize": 1, "89241904fe830eaae2f1552403ccf6b9-shear_5nN_rerun": 1, "89241904fe830eaae2f1552403ccf6b9-unwrap_shear_15nN": 1, "89241904fe830eaae2f1552403ccf6b9-log_interaction_energy_5nN": 1, "89241904fe830eaae2f1552403ccf6b9-compress_grompp": 1, "89241904fe830eaae2f1552403ccf6b9-shear_15nN_rerun_grompp": 1, "89241904fe830eaae2f1552403ccf6b9-shear_15nN": 1}, "shear_15nN-qq": [29.249232162270182, 7.720707204296566], "shear_5nN-Etotal": [-1176.7736895027977, 46.422545258042256], "avg_molecular_weight": 29.0609, "delta_dipole_moment": 0.01, "shear_15nN-lj": [-1418.489147357314, 44.215519315545556], "shear_5nN-lj": [-1182.7304191934452, 46.51111311155095]}