{"MR-mean":13.2704,"asphericity-mean":0.407214,"balabanj-mean":3.1296125,"bertzct-mean":117.445472,"chi0-mean":7.6035535,"chi0n-mean":7.454124,"chi0v-mean":1.454124,"chi1-mean":3.78033,"chi1n-mean":3.556186,"chi1v-mean":0.602062,"chi2n-mean":0.3125,"chi2v-mean":0.3125,"chi3n-mean":0.125,"chi3v-mean":0.125,"chi4n-mean":0.015625,"chi4v-mean":0.015625,"e-valence-mean":19.0,"eccentricity-mean":0.9572045,"hk-alpha-mean":-0.02,"hk-kappa1-mean":0.161712,"hk-kappa2-mean":0.72,"hk-kappa3-mean":-13.408889,"ipc-mean":133.3114345,"isf-mean":0.135293,"labuteASA-mean":28.6540235,"logP-mean":0.5124,"molwt-mean":44.0444075,"molwt-hvy-mean":38.027,"nheavy-mean":3.0,"npr1-mean":0.2758795,"npr2-mean":0.9180105,"pbf-mean":0.4686915,"pc+-mean":0.303657,"pc--mean":-0.303657,"pmi1-mean":18.2116685,"pmi2-mean":49.31783,"pmi3-mean":55.405703,"rbonds-mean":1.0,"rg-mean":1.0859915,"rpc+-mean":0.3344685,"rpc--mean":0.6504915,"spherocity-mean":0.553737,"tpsa-mean":10.115,"vsa+-mean":11.773748,"vsa--mean":15.300254,"vsa-fhyd-mean":0.815152,"vsa-fneg-mean":0.4940025,"vsa-fpneg-mean":0.1443965,"vsa-fpos-mean":0.5059975,"vsa-fppos-mean":0.0404515,"vsa-hyd-mean":23.803998,"vsa-polar-mean":0.184848,"vsa-polar+-mean":0.7156,"vsa-polar--mean":2.554404,"MR-min":8.1428,"asphericity-min":0.276443,"balabanj-min":3.090735,"bertzct-min":37.302969,"chi0-min":5.207107,"chi0n-min":4.908248,"chi0v-min":0.908248,"chi1-min":2.56066,"chi1n-min":2.112372,"chi1v-min":0.204124,"chi2n-min":0.0,"chi2v-min":0.0,"chi3n-min":0.0,"chi3v-min":0.0,"chi4n-min":0.0,"chi4v-min":0.0,"e-valence-min":14.0,"eccentricity-min":0.932981,"hk-alpha-min":-0.04,"hk-kappa1-min":0.073424,"hk-kappa2-min":0.48,"hk-kappa3-min":-27.04,"ipc-min":12.164797,"isf-min":0.026902,"labuteASA-min":19.240037,"logP-min":-0.3915,"molwt-min":32.026215,"molwt-hvy-min":28.01,"nheavy-min":2.0,"npr1-min":0.191833,"npr2-min":0.873632,"pbf-min":0.305372,"pc+-min":0.207684,"pc--min":-0.39963,"pmi1-min":3.949325,"pmi2-min":19.813009,"pmi3-min":20.587316,"rbonds-min":1.0,"rg-min":0.831898,"rpc+-min":0.144378,"rpc--min":0.300983,"spherocity-min":0.536563,"tpsa-min":0.0,"vsa+-min":10.966068,"vsa--min":5.108808,"vsa-fhyd-min":0.630304,"vsa-fneg-min":0.288793,"vsa-fpneg-min":0.0,"vsa-fpos-min":0.300788,"vsa-fppos-min":0.0,"vsa-hyd-min":11.150228,"vsa-polar-min":0.0,"vsa-polar+-min":0.0,"vsa-polar--min":0.0,"MR-max":18.398,"asphericity-max":0.537985,"balabanj-max":3.16849,"bertzct-max":197.587975,"chi0-max":10.0,"chi0n-max":10.0,"chi0v-max":2.0,"chi1-max":5.0,"chi1n-max":5.0,"chi1v-max":1.0,"chi2n-max":0.625,"chi2v-max":0.625,"chi3n-max":0.25,"chi3v-max":0.25,"chi4n-max":0.03125,"chi4v-max":0.03125,"e-valence-max":24.0,"eccentricity-max":0.981428,"hk-alpha-max":0.0,"hk-kappa1-max":0.25,"hk-kappa2-max":0.96,"hk-kappa3-max":0.222222,"ipc-max":254.458072,"isf-max":0.243684,"labuteASA-max":38.06801,"logP-max":1.4163,"molwt-max":56.0626,"molwt-hvy-max":48.044,"nheavy-max":4.0,"npr1-max":0.359926,"npr2-max":0.962389,"pbf-max":0.632011,"pc+-max":0.39963,"pc--max":-0.207684,"pmi1-max":32.474012,"pmi2-max":78.822651,"pmi3-max":90.22409,"rbonds-max":1.0,"rg-max":1.340085,"rpc+-max":0.524559,"rpc--max":1.0,"spherocity-max":0.570911,"tpsa-max":20.23,"vsa+-max":12.581428,"vsa--max":25.4917,"vsa-fhyd-max":1.0,"vsa-fneg-max":0.699212,"vsa-fpneg-max":0.288793,"vsa-fpos-max":0.711207,"vsa-fppos-max":0.080903,"vsa-hyd-max":36.457768,"vsa-polar-max":0.369696,"vsa-polar+-max":1.4312,"vsa-polar--max":5.108808,"MR-diff":10.2552,"asphericity-diff":0.261542,"balabanj-diff":0.077755,"bertzct-diff":160.285006,"chi0-diff":4.792893,"chi0n-diff":5.091752,"chi0v-diff":1.091752,"chi1-diff":2.43934,"chi1n-diff":2.887628,"chi1v-diff":0.795876,"chi2n-diff":0.625,"chi2v-diff":0.625,"chi3n-diff":0.25,"chi3v-diff":0.25,"chi4n-diff":0.03125,"chi4v-diff":0.03125,"e-valence-diff":10.0,"eccentricity-diff":0.048447,"hk-alpha-diff":0.04,"hk-kappa1-diff":0.176576,"hk-kappa2-diff":0.48,"hk-kappa3-diff":27.262222,"ipc-diff":242.293275,"isf-diff":0.216782,"labuteASA-diff":18.827973,"logP-diff":1.8078,"molwt-diff":24.036385,"molwt-hvy-diff":20.034,"nheavy-diff":2.0,"npr1-diff":0.168093,"npr2-diff":0.088757,"pbf-diff":0.326639,"pc+-diff":0.191946,"pc--diff":0.191946,"pmi1-diff":28.524687,"pmi2-diff":59.009642,"pmi3-diff":69.636774,"rbonds-diff":0.0,"rg-diff":0.508187,"rpc+-diff":0.380181,"rpc--diff":0.699017,"spherocity-diff":0.034348,"tpsa-diff":20.23,"vsa+-diff":1.61536,"vsa--diff":20.382892,"vsa-fhyd-diff":0.369696,"vsa-fneg-diff":0.410419,"vsa-fpneg-diff":0.288793,"vsa-fpos-diff":0.410419,"vsa-fppos-diff":0.080903,"vsa-hyd-diff":25.30754,"vsa-polar-diff":0.369696,"vsa-polar+-diff":1.4312,"vsa-polar--diff":5.108808,"hbonds":0.0}