{"MR-mean":19.069,"asphericity-mean":0.4517295,"balabanj-mean":3.6973425,"bertzct-mean":156.192017,"chi0-mean":7.770726,"chi0n-mean":6.893106,"chi0v-mean":2.393106,"chi1-mean":4.203739,"chi1n-mean":3.321553,"chi1v-mean":1.071553,"chi2n-mean":0.520522,"chi2v-mean":0.520522,"chi3n-mean":0.2347455,"chi3v-mean":0.2347455,"chi4n-mean":0.117373,"chi4v-mean":0.117373,"e-valence-mean":27.0,"eccentricity-mean":0.9677335,"hk-alpha-mean":-0.59,"hk-kappa1-mean":0.7718195,"hk-kappa2-mean":1.7024835,"hk-kappa3-mean":1.3347885,"ipc-mean":216.7002655,"isf-mean":0.0475165,"labuteASA-mean":36.753694,"logP-mean":1.01545,"molwt-mean":70.0318715,"molwt-hvy-mean":65.5425,"nheavy-mean":5.0,"npr1-mean":0.2455175,"npr2-mean":0.78667,"pbf-mean":0.150433,"pc+-mean":0.3764515,"pc--mean":-0.3764515,"pmi1-mean":47.306479,"pmi2-mean":121.5074565,"pmi3-mean":167.1129125,"rbonds-mean":0.5,"rg-mean":1.411929,"rpc+-mean":0.325572,"rpc--mean":0.7210115,"spherocity-mean":0.187852,"tpsa-mean":8.535,"vsa+-mean":12.2081305,"vsa--mean":23.1244685,"vsa-fhyd-mean":0.8510795,"vsa-fneg-mean":0.614926,"vsa-fpneg-mean":0.1489205,"vsa-fpos-mean":0.385074,"vsa-fppos-mean":0.0,"vsa-hyd-mean":30.740123,"vsa-polar-mean":0.1489205,"vsa-polar+-mean":0.0,"vsa-polar--mean":4.592476,"MR-min":11.738,"asphericity-min":0.369456,"balabanj-min":3.603567,"bertzct-min":82.180809,"chi0-min":6.07735,"chi0n-min":5.408248,"chi0v-min":1.408248,"chi1-min":2.943376,"chi1n-min":2.454124,"chi1v-min":0.454124,"chi2n-min":0.102062,"chi2v-min":0.102062,"chi3n-min":0.0,"chi3v-min":0.0,"chi4n-min":0.0,"chi4v-min":0.0,"e-valence-min":18.0,"eccentricity-min":0.953796,"hk-alpha-min":-0.85,"hk-kappa1-min":0.231621,"hk-kappa2-min":1.67,"hk-kappa3-min":0.999577,"ipc-min":17.086166,"isf-min":0.008275,"labuteASA-min":24.885597,"logP-min":0.2052,"molwt-min":44.026215,"molwt-hvy-min":40.021,"nheavy-min":3.0,"npr1-min":0.190581,"npr2-min":0.699546,"pbf-min":0.000003,"pc+-min":0.312461,"pc--min":-0.440442,"pmi1-min":10.071632,"pmi2-min":46.177286,"pmi3-min":52.846872,"rbonds-min":0.0,"rg-min":1.112759,"rpc+-min":0.2786,"rpc--min":0.470011,"spherocity-min":0.0,"tpsa-min":0.0,"vsa+-min":11.745247,"vsa--min":11.646429,"vsa-fhyd-min":0.795032,"vsa-fneg-min":0.497888,"vsa-fpneg-min":0.092873,"vsa-fpos-min":0.268036,"vsa-fppos-min":0.0,"vsa-hyd-min":18.597139,"vsa-polar-min":0.092873,"vsa-polar+-min":0.0,"vsa-polar--min":4.390415,"MR-max":26.4,"asphericity-max":0.534003,"balabanj-max":3.791118,"bertzct-max":230.203225,"chi0-max":9.464102,"chi0n-max":8.377964,"chi0v-max":3.377964,"chi1-max":5.464102,"chi1n-max":4.188982,"chi1v-max":1.688982,"chi2n-max":0.938982,"chi2v-max":0.938982,"chi3n-max":0.469491,"chi3v-max":0.469491,"chi4n-max":0.234746,"chi4v-max":0.234746,"e-valence-max":36.0,"eccentricity-max":0.981671,"hk-alpha-max":-0.33,"hk-kappa1-max":1.312018,"hk-kappa2-max":1.734967,"hk-kappa3-max":1.67,"ipc-max":416.314365,"isf-max":0.086758,"labuteASA-max":48.621791,"logP-max":1.8257,"molwt-max":96.037528,"molwt-hvy-max":91.064,"nheavy-max":7.0,"npr1-max":0.300454,"npr2-max":0.873794,"pbf-max":0.300863,"pc+-max":0.440442,"pc--max":-0.312461,"pmi1-max":84.541326,"pmi2-max":196.837627,"pmi3-max":281.378953,"rbonds-max":1.0,"rg-max":1.711099,"rpc+-max":0.372544,"rpc--max":0.972012,"spherocity-max":0.375704,"tpsa-max":17.07,"vsa+-max":12.671014,"vsa--max":34.602508,"vsa-fhyd-max":0.907127,"vsa-fneg-max":0.731964,"vsa-fpneg-max":0.204968,"vsa-fpos-max":0.502112,"vsa-fppos-max":0.0,"vsa-hyd-max":42.883107,"vsa-polar-max":0.204968,"vsa-polar+-max":0.0,"vsa-polar--max":4.794537,"MR-diff":14.662,"asphericity-diff":0.164547,"balabanj-diff":0.187551,"bertzct-diff":148.022416,"chi0-diff":3.386752,"chi0n-diff":2.969716,"chi0v-diff":1.969716,"chi1-diff":2.520726,"chi1n-diff":1.734858,"chi1v-diff":1.234858,"chi2n-diff":0.83692,"chi2v-diff":0.83692,"chi3n-diff":0.469491,"chi3v-diff":0.469491,"chi4n-diff":0.234746,"chi4v-diff":0.234746,"e-valence-diff":18.0,"eccentricity-diff":0.027875,"hk-alpha-diff":0.52,"hk-kappa1-diff":1.080397,"hk-kappa2-diff":0.064967,"hk-kappa3-diff":0.670423,"ipc-diff":399.228199,"isf-diff":0.078483,"labuteASA-diff":23.736194,"logP-diff":1.6205,"molwt-diff":52.011313,"molwt-hvy-diff":51.043,"nheavy-diff":4.0,"npr1-diff":0.109873,"npr2-diff":0.174248,"pbf-diff":0.30086,"pc+-diff":0.127981,"pc--diff":0.127981,"pmi1-diff":74.469694,"pmi2-diff":150.660341,"pmi3-diff":228.532081,"rbonds-diff":1.0,"rg-diff":0.59834,"rpc+-diff":0.093944,"rpc--diff":0.502001,"spherocity-diff":0.375704,"tpsa-diff":17.07,"vsa+-diff":0.925767,"vsa--diff":22.956079,"vsa-fhyd-diff":0.112095,"vsa-fneg-diff":0.234076,"vsa-fpneg-diff":0.112095,"vsa-fpos-diff":0.234076,"vsa-fppos-diff":0.0,"vsa-hyd-diff":24.285968,"vsa-polar-diff":0.112095,"vsa-polar+-diff":0.0,"vsa-polar--diff":0.404122,"hbonds":0.0}