{"shear_15nN-qq": [-248.7898529632294, 40.29687286648912], "tilt_bottom": {"25nN": 40.19684146874311, "5nN": 35.13681891418492, "15nN": 38.80119522360834}, "delta_molecular_weight": 52.0497, "status": {"a3d1ee9509f1cb06f26d82876d8c47d1-get_interaction_energy_15nN": 1, "a3d1ee9509f1cb06f26d82876d8c47d1-log_interaction_energy_15nN": 1, "a3d1ee9509f1cb06f26d82876d8c47d1-shear_15nN_rerun": 1, "a3d1ee9509f1cb06f26d82876d8c47d1-fix_overlaps": 1, "a3d1ee9509f1cb06f26d82876d8c47d1-shear_15nN_rerun_grompp": 1, "a3d1ee9509f1cb06f26d82876d8c47d1-compress_grompp": 1, "a3d1ee9509f1cb06f26d82876d8c47d1-shear_25nN_rerun": 1, "a3d1ee9509f1cb06f26d82876d8c47d1-minimize_grompp": 1, "a3d1ee9509f1cb06f26d82876d8c47d1-calc_S2_shear": 1, "a3d1ee9509f1cb06f26d82876d8c47d1-equilibrate": 1, "a3d1ee9509f1cb06f26d82876d8c47d1-shear_25nN_grompp": 1, "a3d1ee9509f1cb06f26d82876d8c47d1-log_tilt": 1, "a3d1ee9509f1cb06f26d82876d8c47d1-get_interaction_energy_25nN": 1, "a3d1ee9509f1cb06f26d82876d8c47d1-calc_friction": 1, "a3d1ee9509f1cb06f26d82876d8c47d1-shear_5nN_grompp": 1, "a3d1ee9509f1cb06f26d82876d8c47d1-unwrap_shear_15nN": 1, "a3d1ee9509f1cb06f26d82876d8c47d1-calc_tilt_shear": 1, "a3d1ee9509f1cb06f26d82876d8c47d1-shear_25nN_rerun_grompp": 1, "a3d1ee9509f1cb06f26d82876d8c47d1-shear_15nN_grompp": 1, "a3d1ee9509f1cb06f26d82876d8c47d1-get_interaction_energy_5nN": 1, "a3d1ee9509f1cb06f26d82876d8c47d1-top_to_mol2": 1, "a3d1ee9509f1cb06f26d82876d8c47d1-unwrap_shear_5nN": 1, "a3d1ee9509f1cb06f26d82876d8c47d1-log_S2": 1, "a3d1ee9509f1cb06f26d82876d8c47d1-shear_15nN": 1, "a3d1ee9509f1cb06f26d82876d8c47d1-initialize": 1, "a3d1ee9509f1cb06f26d82876d8c47d1-compress": 1, "a3d1ee9509f1cb06f26d82876d8c47d1-lammps_to_gmx": 1, "a3d1ee9509f1cb06f26d82876d8c47d1-equilibrate_grompp": 1, "a3d1ee9509f1cb06f26d82876d8c47d1-shear_5nN_rerun": 1, "a3d1ee9509f1cb06f26d82876d8c47d1-shear_5nN_rerun_grompp": 1, "a3d1ee9509f1cb06f26d82876d8c47d1-log_interaction_energy_25nN": 1, "a3d1ee9509f1cb06f26d82876d8c47d1-log_interaction_energy_5nN": 1, "a3d1ee9509f1cb06f26d82876d8c47d1-minimize": 1, "a3d1ee9509f1cb06f26d82876d8c47d1-shear_5nN": 1, "a3d1ee9509f1cb06f26d82876d8c47d1-calc_interdigitation": 1, "a3d1ee9509f1cb06f26d82876d8c47d1-log_cof": 1, "a3d1ee9509f1cb06f26d82876d8c47d1-unwrap_shear_25nN": 1, "a3d1ee9509f1cb06f26d82876d8c47d1-shear_25nN": 1}, "interdigitation": {"25nN": 0.20106880830811213, "5nN": 0.15697531300643033, "15nN": 0.14362034933376794}, "intercept": 1.4161789572178418, "delta_dipole_moment": 1.1300000000000003, "S2_top": {"25nN": 0.9470337282141683, "5nN": 0.9556924603061973, "15nN": 0.9570009143396817}, "shear_25nN-Etotal": [-2088.2427671534774, 70.59389890566489], "avg_dipole_moment": 2.5949999999999998, "S2_bottom": {"25nN": 0.9448491233899484, "5nN": 0.9644667804435932, "15nN": 0.9472822013042893}, "avg_molecular_weight": 69.06935, "shear_15nN-lj": [-1721.9996641358914, 49.77943364283966], "tilt_top": {"25nN": 39.489206754873386, "5nN": 33.75157138069167, "15nN": 37.17703427588584}, "shear_5nN-Etotal": [-1715.6883402853716, 71.02778168241892], "shear_5nN-qq": [-210.7265812685851, 37.53231521223654], "shear_5nN-lj": [-1504.9617590167866, 50.97281982504091], "COF": 0.11467854882199333, "shear_25nN-lj": [-1840.4984759192648, 51.02392323590378], "shear_25nN-qq": [-247.74429123421262, 43.34358201830993], "shear_15nN-Etotal": [-1970.7895170991208, 67.59114513002365]}