{"shear_15nN-qq": [-23.146091407673858, 9.690281980142393], "delta_molecular_weight": 53.9715, "tilt_bottom": {"25nN": 40.528889464365186, "5nN": 33.95495312823817, "15nN": 38.691207822382154}, "interdigitation": {"25nN": 0.1191321262119904, "5nN": 0.1318771429751657, "15nN": 0.1174930064668291}, "intercept": 0.5122217595781602, "delta_dipole_moment": 2.09, "S2_top": {"25nN": 0.9486361048851385, "5nN": 0.9654876299984055, "15nN": 0.9498605404995606}, "shear_25nN-Etotal": [-1363.3391094596323, 46.6588568202616], "avg_dipole_moment": 1.045, "S2_bottom": {"25nN": 0.9694128492938685, "5nN": 0.9566074222847427, "15nN": 0.970528064491628}, "status": {"515376ad9daadf719d6f8712ec46eac4-shear_5nN": 1, "515376ad9daadf719d6f8712ec46eac4-shear_15nN": 1, "515376ad9daadf719d6f8712ec46eac4-shear_5nN_grompp": 1, "515376ad9daadf719d6f8712ec46eac4-compress": 1, "515376ad9daadf719d6f8712ec46eac4-minimize_grompp": 1, "515376ad9daadf719d6f8712ec46eac4-shear_25nN_rerun": 1, "515376ad9daadf719d6f8712ec46eac4-shear_15nN_rerun": 1, "515376ad9daadf719d6f8712ec46eac4-calc_interdigitation": 1, "515376ad9daadf719d6f8712ec46eac4-shear_15nN_grompp": 1, "515376ad9daadf719d6f8712ec46eac4-calc_friction": 1, "515376ad9daadf719d6f8712ec46eac4-log_interaction_energy_15nN": 1, "515376ad9daadf719d6f8712ec46eac4-shear_25nN": 1, "515376ad9daadf719d6f8712ec46eac4-log_tilt": 1, "515376ad9daadf719d6f8712ec46eac4-equilibrate": 1, "515376ad9daadf719d6f8712ec46eac4-shear_5nN_rerun_grompp": 1, "515376ad9daadf719d6f8712ec46eac4-minimize": 1, "515376ad9daadf719d6f8712ec46eac4-unwrap_shear_25nN": 1, "515376ad9daadf719d6f8712ec46eac4-shear_15nN_rerun_grompp": 1, "515376ad9daadf719d6f8712ec46eac4-log_S2": 1, "515376ad9daadf719d6f8712ec46eac4-log_interaction_energy_5nN": 1, "515376ad9daadf719d6f8712ec46eac4-unwrap_shear_15nN": 1, "515376ad9daadf719d6f8712ec46eac4-shear_5nN_rerun": 1, "515376ad9daadf719d6f8712ec46eac4-compress_grompp": 1, "515376ad9daadf719d6f8712ec46eac4-get_interaction_energy_25nN": 1, "515376ad9daadf719d6f8712ec46eac4-shear_25nN_grompp": 1, "515376ad9daadf719d6f8712ec46eac4-shear_25nN_rerun_grompp": 1, "515376ad9daadf719d6f8712ec46eac4-calc_S2_shear": 1, "515376ad9daadf719d6f8712ec46eac4-top_to_mol2": 1, "515376ad9daadf719d6f8712ec46eac4-initialize": 1, "515376ad9daadf719d6f8712ec46eac4-get_interaction_energy_5nN": 1, "515376ad9daadf719d6f8712ec46eac4-log_cof": 1, "515376ad9daadf719d6f8712ec46eac4-unwrap_shear_5nN": 1, "515376ad9daadf719d6f8712ec46eac4-fix_overlaps": 1, "515376ad9daadf719d6f8712ec46eac4-get_interaction_energy_15nN": 1, "515376ad9daadf719d6f8712ec46eac4-log_interaction_energy_25nN": 1, "515376ad9daadf719d6f8712ec46eac4-calc_tilt_shear": 1, "515376ad9daadf719d6f8712ec46eac4-lammps_to_gmx": 1, "515376ad9daadf719d6f8712ec46eac4-equilibrate_grompp": 1}, "avg_molecular_weight": 42.02015, "shear_15nN-lj": [-1243.6990918944844, 44.01866241592677], "tilt_top": {"25nN": 39.18351904399191, "5nN": 34.013416684802756, "15nN": 37.77002207889323}, "shear_5nN-Etotal": [-1056.2349196043167, 48.72758704613882], "shear_5nN-qq": [-11.251351669864109, 8.537938309958593], "shear_5nN-lj": [-1044.9835679344524, 47.02123315107192], "COF": 0.15131092942899996, "shear_25nN-lj": [-1347.343226598721, 46.483308543766874], "shear_25nN-qq": [-15.99588286091127, 11.836815616897375], "shear_15nN-Etotal": [-1266.8451833021584, 45.0566559268464]}