{"shear_15nN-qq": [-508.54334339328545, 58.75186577311519], "tilt_bottom": {"25nN": 40.44706706294577, "5nN": 36.42907803501293, "15nN": 37.77061652321695}, "delta_molecular_weight": 20.07560000000001, "status": {"a0d96082f56fbb3a6bb2019235e504cd-shear_15nN": 1, "a0d96082f56fbb3a6bb2019235e504cd-shear_5nN_rerun_grompp": 1, "a0d96082f56fbb3a6bb2019235e504cd-calc_S2_shear": 1, "a0d96082f56fbb3a6bb2019235e504cd-calc_interdigitation": 1, "a0d96082f56fbb3a6bb2019235e504cd-log_interaction_energy_25nN": 1, "a0d96082f56fbb3a6bb2019235e504cd-initialize": 1, "a0d96082f56fbb3a6bb2019235e504cd-unwrap_shear_5nN": 1, "a0d96082f56fbb3a6bb2019235e504cd-shear_15nN_rerun_grompp": 1, "a0d96082f56fbb3a6bb2019235e504cd-unwrap_shear_25nN": 1, "a0d96082f56fbb3a6bb2019235e504cd-equilibrate_grompp": 1, "a0d96082f56fbb3a6bb2019235e504cd-log_interaction_energy_5nN": 1, "a0d96082f56fbb3a6bb2019235e504cd-fix_overlaps": 1, "a0d96082f56fbb3a6bb2019235e504cd-shear_25nN": 1, "a0d96082f56fbb3a6bb2019235e504cd-log_S2": 1, "a0d96082f56fbb3a6bb2019235e504cd-calc_tilt_shear": 1, "a0d96082f56fbb3a6bb2019235e504cd-unwrap_shear_15nN": 1, "a0d96082f56fbb3a6bb2019235e504cd-shear_15nN_grompp": 1, "a0d96082f56fbb3a6bb2019235e504cd-shear_5nN": 1, "a0d96082f56fbb3a6bb2019235e504cd-compress": 1, "a0d96082f56fbb3a6bb2019235e504cd-equilibrate": 1, "a0d96082f56fbb3a6bb2019235e504cd-shear_25nN_grompp": 1, "a0d96082f56fbb3a6bb2019235e504cd-log_tilt": 1, "a0d96082f56fbb3a6bb2019235e504cd-shear_25nN_rerun_grompp": 1, "a0d96082f56fbb3a6bb2019235e504cd-lammps_to_gmx": 1, "a0d96082f56fbb3a6bb2019235e504cd-shear_5nN_grompp": 1, "a0d96082f56fbb3a6bb2019235e504cd-minimize_grompp": 1, "a0d96082f56fbb3a6bb2019235e504cd-log_cof": 1, "a0d96082f56fbb3a6bb2019235e504cd-calc_friction": 1, "a0d96082f56fbb3a6bb2019235e504cd-get_interaction_energy_5nN": 1, "a0d96082f56fbb3a6bb2019235e504cd-shear_5nN_rerun": 1, "a0d96082f56fbb3a6bb2019235e504cd-get_interaction_energy_15nN": 1, "a0d96082f56fbb3a6bb2019235e504cd-shear_25nN_rerun": 1, "a0d96082f56fbb3a6bb2019235e504cd-get_interaction_energy_25nN": 1, "a0d96082f56fbb3a6bb2019235e504cd-minimize": 1, "a0d96082f56fbb3a6bb2019235e504cd-shear_15nN_rerun": 1, "a0d96082f56fbb3a6bb2019235e504cd-log_interaction_energy_15nN": 1, "a0d96082f56fbb3a6bb2019235e504cd-top_to_mol2": 1, "a0d96082f56fbb3a6bb2019235e504cd-compress_grompp": 1}, "interdigitation": {"25nN": 0.11619785974071783, "5nN": 0.10756907418052487, "15nN": 0.12226642728448638}, "avg_molecular_weight": 56.0433, "delta_dipole_moment": 0.9199999999999999, "S2_top": {"25nN": 0.9707397509649945, "5nN": 0.9745161433850644, "15nN": 0.952517889016911}, "shear_25nN-Etotal": [-2627.175548552358, 84.94874626057432], "shear_5nN-Etotal": [-2253.2645009480416, 91.26526728814062], "S2_bottom": {"25nN": 0.9503920435305837, "5nN": 0.970362985776471, "15nN": 0.9557365870508566}, "intercept": 2.0076648324286186, "shear_15nN-lj": [-2031.9993817394088, 54.98769047718499], "tilt_top": {"25nN": 40.61390398211029, "5nN": 35.65362960688691, "15nN": 38.57675389958683}, "avg_dipole_moment": 3.35, "shear_5nN-qq": [-434.120799609912, 56.96059498167168], "shear_5nN-lj": [-1819.1437013381296, 58.22584745903793], "COF": 0.11985030756840818, "shear_25nN-lj": [-2135.0727039344524, 50.095254803629075], "shear_25nN-qq": [-492.10284461790576, 63.86237996745104], "shear_15nN-Etotal": [-2540.5427251326937, 89.88820737416216]}