{"MR-mean":10.291,"asphericity-mean":0.053237,"balabanj-mean":2.9684175,"bertzct-mean":62.4860265,"chi0-mean":6.0,"chi0n-mean":6.0,"chi0v-mean":1.0,"chi1-mean":2.875,"chi1n-mean":2.875,"chi1v-mean":0.375,"chi2n-mean":0.1875,"chi2v-mean":0.1875,"chi3n-mean":0.0625,"chi3v-mean":0.0625,"chi4n-mean":0.0,"chi4v-mean":0.0,"e-valence-mean":13.0,"eccentricity-mean":0.5388955,"hk-alpha-mean":0.0,"hk-kappa1-mean":0.074074,"hk-kappa2-mean":0.111111,"hk-kappa3-mean":0.0,"ipc-mean":36.721455,"isf-mean":0.1660395,"labuteASA-mean":21.62613,"logP-mean":0.9032,"molwt-mean":29.039125,"molwt-hvy-mean":24.022,"nheavy-mean":2.0,"npr1-mean":0.792134,"npr2-mean":0.8063535,"pbf-mean":0.5286075,"pc+-mean":0.118738,"pc--mean":-0.118738,"pmi1-mean":14.131347,"pmi2-mean":14.2160185,"pmi3-mean":21.541328,"rbonds-mean":0.0,"rg-mean":0.7935825,"rpc+-mean":0.2083335,"rpc--mean":0.6666665,"spherocity-mean":0.864374,"tpsa-mean":0.0,"vsa+-mean":6.8537925,"vsa--mean":13.224817,"vsa-fhyd-mean":1.0,"vsa-fneg-mean":0.635657,"vsa-fpneg-mean":0.0,"vsa-fpos-mean":0.364343,"vsa-fppos-mean":0.0,"vsa-hyd-mean":20.0786095,"vsa-polar-mean":0.0,"vsa-polar+-mean":0.0,"vsa-polar--mean":0.0,"MR-min":6.731,"asphericity-min":0.000764,"balabanj-min":2.913119,"bertzct-min":19.119415,"chi0-min":4.5,"chi0n-min":4.5,"chi0v-min":0.5,"chi1-min":2.0,"chi1n-min":2.0,"chi1v-min":0.0,"chi2n-min":0.0,"chi2v-min":0.0,"chi3n-min":0.0,"chi3v-min":0.0,"chi4n-min":0.0,"chi4v-min":0.0,"e-valence-min":8.0,"eccentricity-min":0.301966,"hk-alpha-min":0.0,"hk-kappa1-min":0.0,"hk-kappa2-min":0.0,"hk-kappa3-min":0.0,"ipc-min":3.60964,"isf-min":0.025249,"labuteASA-min":14.359133,"logP-min":0.6361,"molwt-min":16.0313,"molwt-hvy-min":12.011,"nheavy-min":1.0,"npr1-min":0.630949,"npr2-min":0.632985,"pbf-min":0.430295,"pc+-min":0.077558,"pc--min":-0.159918,"pmi1-min":3.193046,"pmi2-min":3.28148,"pmi3-min":3.3494,"rbonds-min":0.0,"rg-min":0.553331,"rpc+-min":0.166667,"rpc--min":0.333333,"spherocity-min":0.774755,"tpsa-min":0.0,"vsa+-min":5.483034,"vsa--min":7.330859,"vsa-fhyd-min":1.0,"vsa-fneg-min":0.572102,"vsa-fpneg-min":0.0,"vsa-fpos-min":0.300788,"vsa-fppos-min":0.0,"vsa-hyd-min":12.813893,"vsa-polar-min":0.0,"vsa-polar+-min":0.0,"vsa-polar--min":0.0,"MR-max":13.851,"asphericity-max":0.10571,"balabanj-max":3.023716,"bertzct-max":105.852638,"chi0-max":7.5,"chi0n-max":7.5,"chi0v-max":1.5,"chi1-max":3.75,"chi1n-max":3.75,"chi1v-max":0.75,"chi2n-max":0.375,"chi2v-max":0.375,"chi3n-max":0.125,"chi3v-max":0.125,"chi4n-max":0.0,"chi4v-max":0.0,"e-valence-max":18.0,"eccentricity-max":0.775825,"hk-alpha-max":0.0,"hk-kappa1-max":0.148148,"hk-kappa2-max":0.222222,"hk-kappa3-max":0.0,"ipc-max":69.83327,"isf-max":0.30683,"labuteASA-max":28.893127,"logP-max":1.1703,"molwt-max":42.04695,"molwt-hvy-max":36.033,"nheavy-max":3.0,"npr1-max":0.953319,"npr2-max":0.979722,"pbf-max":0.62692,"pc+-max":0.159918,"pc--max":-0.077558,"pmi1-max":25.069648,"pmi2-max":25.150557,"pmi3-max":39.733256,"rbonds-max":0.0,"rg-max":1.033834,"rpc+-max":0.25,"rpc--max":1.0,"spherocity-max":0.953993,"tpsa-max":0.0,"vsa+-max":8.224551,"vsa--max":19.118775,"vsa-fhyd-max":1.0,"vsa-fneg-max":0.699212,"vsa-fpneg-max":0.0,"vsa-fpos-max":0.427898,"vsa-fppos-max":0.0,"vsa-hyd-max":27.343326,"vsa-polar-max":0.0,"vsa-polar+-max":0.0,"vsa-polar--max":0.0,"MR-diff":7.12,"asphericity-diff":0.104946,"balabanj-diff":0.110597,"bertzct-diff":86.733223,"chi0-diff":3.0,"chi0n-diff":3.0,"chi0v-diff":1.0,"chi1-diff":1.75,"chi1n-diff":1.75,"chi1v-diff":0.75,"chi2n-diff":0.375,"chi2v-diff":0.375,"chi3n-diff":0.125,"chi3v-diff":0.125,"chi4n-diff":0.0,"chi4v-diff":0.0,"e-valence-diff":10.0,"eccentricity-diff":0.473859,"hk-alpha-diff":0.0,"hk-kappa1-diff":0.148148,"hk-kappa2-diff":0.222222,"hk-kappa3-diff":0.0,"ipc-diff":66.22363,"isf-diff":0.281581,"labuteASA-diff":14.533994,"logP-diff":0.5342,"molwt-diff":26.01565,"molwt-hvy-diff":24.022,"nheavy-diff":2.0,"npr1-diff":0.32237,"npr2-diff":0.346737,"pbf-diff":0.196625,"pc+-diff":0.08236,"pc--diff":0.08236,"pmi1-diff":21.876602,"pmi2-diff":21.869077,"pmi3-diff":36.383856,"rbonds-diff":0.0,"rg-diff":0.480503,"rpc+-diff":0.083333,"rpc--diff":0.666667,"spherocity-diff":0.179238,"tpsa-diff":0.0,"vsa+-diff":2.741517,"vsa--diff":11.787916,"vsa-fhyd-diff":0.0,"vsa-fneg-diff":0.12711,"vsa-fpneg-diff":0.0,"vsa-fpos-diff":0.12711,"vsa-fppos-diff":0.0,"vsa-hyd-diff":14.529433,"vsa-polar-diff":0.0,"vsa-polar+-diff":0.0,"vsa-polar--diff":0.0,"hbonds":0.0}