{"avg_dipole_moment": 0.0, "max_dipole_moment": 0.0, "min_dipole_moment": 0.0, "max_molecular_weight": 41.0716, "shear_5nN-qq": [7.647501546762591, 9.639191445467148], "intercept": 0.4423053977191431, "shear_15nN-qq": [37.61038576658673, 11.28203332626232], "min_molecular_weight": 15.0344, "delta_molecular_weight": 26.0372, "ch3-smiles-2": "CC", "chain-smiles-2": "CCCCCCCCCCCCCCCCCC", "tilt_bottom": {"25nN": 40.105049697446084, "5nN": 34.90787698985021, "15nN": 37.62879629079136}, "interdigitation": {"25nN": 0.12200463910388341, "5nN": 0.12084327431790698, "15nN": 0.11824704270065516}, "tilt_top": {"25nN": 38.93429053749448, "5nN": 33.026484764569915, "15nN": 36.40053753540459}, "shear_15nN-lj": [-1443.1040677274182, 48.44916080944631], "h-smiles-1": "C1CC1", "S2_top": {"25nN": 0.932411518651287, "5nN": 0.9356211878756326, "15nN": 0.903340433119497}, "S2_bottom": {"25nN": 0.9194225481152731, "5nN": 0.9415995066487008, "15nN": 0.9107962477682153}, "h-smiles-2": "C", "shear_25nN-qq": [68.08869184652278, 12.877614612281015], "COF": 0.16452618237932723, "shear_25nN-lj": [-1542.3161864020783, 49.77617582042117], "ch3-smiles-1": "CC1CC1", "shear_15nN-Etotal": [-1405.4936819608315, 48.01832077380843], "shear_5nN-Etotal": [-1190.4426249928058, 47.823131807262335], "shear_25nN-Etotal": [-1474.2274945555557, 48.86760604827472], "avg_molecular_weight": 28.052999999999997, "shear_5nN-lj": [-1198.0901265395682, 47.77634001681066], "delta_dipole_moment": 0.0, "status": {"799e3861e58d106858760ed7adaad06f-top_to_mol2": 1, "799e3861e58d106858760ed7adaad06f-calc_S2_shear": 1, "799e3861e58d106858760ed7adaad06f-calc_friction": 1, "799e3861e58d106858760ed7adaad06f-fix_overlaps": 1, "799e3861e58d106858760ed7adaad06f-log_interaction_energy_15nN": 1, "799e3861e58d106858760ed7adaad06f-compress": 1, "799e3861e58d106858760ed7adaad06f-shear_25nN_grompp": 1, "799e3861e58d106858760ed7adaad06f-shear_5nN_rerun_grompp": 1, "799e3861e58d106858760ed7adaad06f-calc_tilt_shear": 1, "799e3861e58d106858760ed7adaad06f-equilibrate_grompp": 1, "799e3861e58d106858760ed7adaad06f-shear_25nN_rerun_grompp": 1, "799e3861e58d106858760ed7adaad06f-shear_15nN": 1, "799e3861e58d106858760ed7adaad06f-log_cof": 1, "799e3861e58d106858760ed7adaad06f-shear_25nN_rerun": 1, "799e3861e58d106858760ed7adaad06f-unwrap_shear_25nN": 1, "799e3861e58d106858760ed7adaad06f-shear_5nN_grompp": 1, "799e3861e58d106858760ed7adaad06f-shear_5nN": 1, "799e3861e58d106858760ed7adaad06f-log_tilt": 1, "799e3861e58d106858760ed7adaad06f-calc_interdigitation": 1, "799e3861e58d106858760ed7adaad06f-initialize": 1, "799e3861e58d106858760ed7adaad06f-lammps_to_gmx": 1, "799e3861e58d106858760ed7adaad06f-shear_15nN_rerun": 1, "799e3861e58d106858760ed7adaad06f-shear_25nN": 1, "799e3861e58d106858760ed7adaad06f-get_interaction_energy_5nN": 1, "799e3861e58d106858760ed7adaad06f-unwrap_shear_15nN": 1, "799e3861e58d106858760ed7adaad06f-minimize_grompp": 1, "799e3861e58d106858760ed7adaad06f-unwrap_shear_5nN": 1, "799e3861e58d106858760ed7adaad06f-equilibrate": 1, "799e3861e58d106858760ed7adaad06f-get_interaction_energy_15nN": 1, "799e3861e58d106858760ed7adaad06f-compress_grompp": 1, "799e3861e58d106858760ed7adaad06f-log_S2": 1, "799e3861e58d106858760ed7adaad06f-log_interaction_energy_25nN": 1, "799e3861e58d106858760ed7adaad06f-shear_15nN_grompp": 1, "799e3861e58d106858760ed7adaad06f-get_interaction_energy_25nN": 1, "799e3861e58d106858760ed7adaad06f-shear_5nN_rerun": 1, "799e3861e58d106858760ed7adaad06f-shear_15nN_rerun_grompp": 1, "799e3861e58d106858760ed7adaad06f-minimize": 1, "799e3861e58d106858760ed7adaad06f-log_interaction_energy_5nN": 1}, "chain-smiles-1": "CCCCCCCCCCCCCCCCCC1CC1"}