{"MR-mean":12.9257,"asphericity-mean":0.352414,"balabanj-mean":3.768768,"bertzct-mean":80.8186775,"chi0-mean":6.8922285,"chi0n-mean":6.085979,"chi0v-mean":1.585979,"chi1-mean":3.3252415,"chi1n-mean":2.7485015,"chi1v-mean":0.4985015,"chi2n-mean":0.179586,"chi2v-mean":0.179586,"chi3n-mean":0.0,"chi3v-mean":0.0,"chi4n-mean":0.0,"chi4v-mean":0.0,"e-valence-mean":22.0,"eccentricity-mean":0.9321135,"hk-alpha-mean":-0.32,"hk-kappa1-mean":0.4255345,"hk-kappa2-mean":1.3883335,"hk-kappa3-mean":1.291111,"ipc-mean":22.2609535,"isf-mean":0.0423555,"labuteASA-mean":28.1273495,"logP-mean":0.07775,"molwt-mean":53.5291215,"molwt-hvy-mean":49.0185,"nheavy-mean":3.5,"npr1-mean":0.341003,"npr2-mean":0.734876,"pbf-mean":0.3760885,"pc+-mean":0.4588015,"pc--mean":-0.4588015,"pmi1-mean":27.1425215,"pmi2-mean":51.244211,"pmi3-mean":73.533696,"rbonds-mean":1.5,"rg-mean":1.182313,"rpc+-mean":0.2513915,"rpc--mean":0.75,"spherocity-mean":0.367449,"tpsa-mean":26.185,"vsa+-mean":19.155935,"vsa--mean":7.4255905,"vsa-fhyd-mean":0.7188315,"vsa-fneg-mean":0.2811685,"vsa-fpneg-mean":0.2811685,"vsa-fpos-mean":0.7188315,"vsa-fppos-mean":0.0,"vsa-hyd-mean":19.155935,"vsa-polar-mean":0.2811685,"vsa-polar+-mean":0.0,"vsa-polar--mean":7.4255905,"MR-min":12.9184,"asphericity-min":0.235667,"balabanj-min":3.746418,"bertzct-min":76.211433,"chi0-min":6.07735,"chi0n-min":4.76371,"chi0v-min":1.408248,"chi1-min":2.943376,"chi1n-min":2.088755,"chi1v-min":0.408248,"chi2n-min":0.102062,"chi2v-min":0.102062,"chi3n-min":0.0,"chi3v-min":0.0,"chi4n-min":0.0,"chi4v-min":0.0,"e-valence-min":20.0,"eccentricity-min":0.890203,"hk-alpha-min":-0.6,"hk-kappa1-min":0.179464,"hk-kappa2-min":0.816667,"hk-kappa3-min":0.622222,"ipc-min":17.086166,"isf-min":0.013903,"labuteASA-min":27.607138,"logP-min":-0.1071,"molwt-min":46.041865,"molwt-hvy-min":40.021,"nheavy-min":3.0,"npr1-min":0.226443,"npr2-min":0.580048,"pbf-min":0.298844,"pc+-min":0.387928,"pc--min":-0.529675,"pmi1-min":12.564941,"pmi2-min":49.368095,"pmi3-min":55.488233,"rbonds-min":1.0,"rg-min":1.128896,"rpc+-min":0.136525,"rpc--min":0.5,"spherocity-min":0.33785,"tpsa-min":9.23,"vsa+-min":16.011414,"vsa--min":4.736863,"vsa-fhyd-min":0.61286,"vsa-fneg-min":0.175197,"vsa-fpneg-min":0.175197,"vsa-fpos-min":0.61286,"vsa-fppos-min":0.0,"vsa-hyd-min":16.011414,"vsa-polar-min":0.175197,"vsa-polar+-min":0.0,"vsa-polar--min":4.736863,"MR-max":12.933,"asphericity-max":0.469161,"balabanj-max":3.791118,"bertzct-max":85.425922,"chi0-max":7.707107,"chi0n-max":7.408248,"chi0v-max":1.76371,"chi1-max":3.707107,"chi1n-max":3.408248,"chi1v-max":0.588755,"chi2n-max":0.25711,"chi2v-max":0.25711,"chi3n-max":0.0,"chi3v-max":0.0,"chi4n-max":0.0,"chi4v-max":0.0,"e-valence-max":24.0,"eccentricity-max":0.974024,"hk-alpha-max":-0.04,"hk-kappa1-max":0.671605,"hk-kappa2-max":1.96,"hk-kappa3-max":1.96,"ipc-max":27.435741,"isf-max":0.070808,"labuteASA-max":28.647561,"logP-max":0.2626,"molwt-max":61.016378,"molwt-hvy-max":58.016,"nheavy-max":4.0,"npr1-max":0.455563,"npr2-max":0.889704,"pbf-max":0.453333,"pc+-max":0.529675,"pc--max":-0.387928,"pmi1-max":41.720102,"pmi2-max":53.120327,"pmi3-max":91.579159,"rbonds-max":2.0,"rg-max":1.23573,"rpc+-max":0.366258,"rpc--max":1.0,"spherocity-max":0.397048,"tpsa-max":43.14,"vsa+-max":22.300456,"vsa--max":10.114318,"vsa-fhyd-max":0.824803,"vsa-fneg-max":0.38714,"vsa-fpneg-max":0.38714,"vsa-fpos-max":0.824803,"vsa-fppos-max":0.0,"vsa-hyd-max":22.300456,"vsa-polar-max":0.38714,"vsa-polar+-max":0.0,"vsa-polar--max":10.114318,"MR-diff":0.0146,"asphericity-diff":0.233494,"balabanj-diff":0.0447,"bertzct-diff":9.214489,"chi0-diff":1.629757,"chi0n-diff":2.644538,"chi0v-diff":0.355462,"chi1-diff":0.763731,"chi1n-diff":1.319493,"chi1v-diff":0.180507,"chi2n-diff":0.155048,"chi2v-diff":0.155048,"chi3n-diff":0.0,"chi3v-diff":0.0,"chi4n-diff":0.0,"chi4v-diff":0.0,"e-valence-diff":4.0,"eccentricity-diff":0.083821,"hk-alpha-diff":0.56,"hk-kappa1-diff":0.492141,"hk-kappa2-diff":1.143333,"hk-kappa3-diff":1.337778,"ipc-diff":10.349575,"isf-diff":0.056905,"labuteASA-diff":1.040423,"logP-diff":0.3697,"molwt-diff":14.974513,"molwt-hvy-diff":17.995,"nheavy-diff":1.0,"npr1-diff":0.22912,"npr2-diff":0.309656,"pbf-diff":0.154489,"pc+-diff":0.141747,"pc--diff":0.141747,"pmi1-diff":29.155161,"pmi2-diff":3.752232,"pmi3-diff":36.090926,"rbonds-diff":1.0,"rg-diff":0.106834,"rpc+-diff":0.229733,"rpc--diff":0.5,"spherocity-diff":0.059198,"tpsa-diff":33.91,"vsa+-diff":6.289042,"vsa--diff":5.377455,"vsa-fhyd-diff":0.211943,"vsa-fneg-diff":0.211943,"vsa-fpneg-diff":0.211943,"vsa-fpos-diff":0.211943,"vsa-fppos-diff":0.0,"vsa-hyd-diff":6.289042,"vsa-polar-diff":0.211943,"vsa-polar+-diff":0.0,"vsa-polar--diff":5.377455,"hbonds":0.0}