{"shear_15nN-qq": [-408.6459528896882, 48.05879431451575], "tilt_bottom": {"15nN": 38.171740479465555, "5nN": 35.85228214315978, "25nN": 40.34571500765363}, "delta_molecular_weight": 14.971699999999998, "status": {"d6b00dea0078ac6e1f02958394e1cf7d-shear_15nN_grompp": 1, "d6b00dea0078ac6e1f02958394e1cf7d-log_tilt": 1, "d6b00dea0078ac6e1f02958394e1cf7d-compress_grompp": 1, "d6b00dea0078ac6e1f02958394e1cf7d-shear_5nN_rerun": 1, "d6b00dea0078ac6e1f02958394e1cf7d-fix_overlaps": 1, "d6b00dea0078ac6e1f02958394e1cf7d-log_interaction_energy_25nN": 1, "d6b00dea0078ac6e1f02958394e1cf7d-calc_interdigitation": 1, "d6b00dea0078ac6e1f02958394e1cf7d-log_interaction_energy_5nN": 1, "d6b00dea0078ac6e1f02958394e1cf7d-shear_5nN_rerun_grompp": 1, "d6b00dea0078ac6e1f02958394e1cf7d-get_interaction_energy_25nN": 1, "d6b00dea0078ac6e1f02958394e1cf7d-shear_15nN": 1, "d6b00dea0078ac6e1f02958394e1cf7d-get_interaction_energy_5nN": 1, "d6b00dea0078ac6e1f02958394e1cf7d-compress": 1, "d6b00dea0078ac6e1f02958394e1cf7d-initialize": 1, "d6b00dea0078ac6e1f02958394e1cf7d-shear_5nN_grompp": 1, "d6b00dea0078ac6e1f02958394e1cf7d-get_interaction_energy_15nN": 1, "d6b00dea0078ac6e1f02958394e1cf7d-top_to_mol2": 1, "d6b00dea0078ac6e1f02958394e1cf7d-shear_25nN_grompp": 1, "d6b00dea0078ac6e1f02958394e1cf7d-equilibrate": 1, "d6b00dea0078ac6e1f02958394e1cf7d-shear_25nN": 1, "d6b00dea0078ac6e1f02958394e1cf7d-lammps_to_gmx": 1, "d6b00dea0078ac6e1f02958394e1cf7d-log_S2": 1, "d6b00dea0078ac6e1f02958394e1cf7d-log_interaction_energy_15nN": 1, "d6b00dea0078ac6e1f02958394e1cf7d-unwrap_shear_25nN": 1, "d6b00dea0078ac6e1f02958394e1cf7d-shear_15nN_rerun": 1, "d6b00dea0078ac6e1f02958394e1cf7d-minimize": 1, "d6b00dea0078ac6e1f02958394e1cf7d-calc_friction": 1, "d6b00dea0078ac6e1f02958394e1cf7d-shear_25nN_rerun": 1, "d6b00dea0078ac6e1f02958394e1cf7d-minimize_grompp": 1, "d6b00dea0078ac6e1f02958394e1cf7d-equilibrate_grompp": 1, "d6b00dea0078ac6e1f02958394e1cf7d-shear_15nN_rerun_grompp": 1, "d6b00dea0078ac6e1f02958394e1cf7d-log_cof": 1, "d6b00dea0078ac6e1f02958394e1cf7d-calc_S2_shear": 1, "d6b00dea0078ac6e1f02958394e1cf7d-unwrap_shear_15nN": 1, "d6b00dea0078ac6e1f02958394e1cf7d-shear_25nN_rerun_grompp": 1, "d6b00dea0078ac6e1f02958394e1cf7d-unwrap_shear_5nN": 1, "d6b00dea0078ac6e1f02958394e1cf7d-shear_5nN": 1, "d6b00dea0078ac6e1f02958394e1cf7d-calc_tilt_shear": 1}, "interdigitation": {"15nN": 0.11486062438485711, "5nN": 0.10188319524694175, "25nN": 0.10432279856830746}, "avg_molecular_weight": 38.51965, "delta_dipole_moment": 2.13, "S2_top": {"15nN": 0.9688137284007228, "5nN": 0.9639058525545258, "25nN": 0.9728512277635937}, "shear_25nN-Etotal": [-2381.0858867897678, 79.58497661941779], "shear_5nN-Etotal": [-1968.9808184028775, 80.46296231198176], "S2_bottom": {"15nN": 0.9419231872030295, "5nN": 0.9396133349830156, "25nN": 0.949204706053216}, "intercept": 1.5766621850148699, "shear_15nN-lj": [-1868.5579163677057, 50.64685787905213], "tilt_top": {"15nN": 38.96225550126066, "5nN": 35.08609821622725, "25nN": 40.97315278229781}, "avg_dipole_moment": 2.745, "shear_5nN-qq": [-323.6024981998401, 43.08164828833427], "shear_5nN-lj": [-1645.3783202030377, 52.950742015113335], "COF": 0.13497423238161682, "shear_25nN-lj": [-1946.1663405523582, 52.436300196947094], "shear_25nN-qq": [-434.9195462374101, 53.22009688689888], "shear_15nN-Etotal": [-2277.203869257394, 77.1412491466877]}