{"shear_15nN-qq": [30.572599421262993, 12.815443063211942], "tilt_bottom": {"15nN": 37.96127407115371, "5nN": 34.67116312284897, "25nN": 40.03701438251171}, "delta_molecular_weight": 26.0801, "status": {"87309459be0ab1b6f6875e389c07864e-shear_15nN_grompp": 1, "87309459be0ab1b6f6875e389c07864e-get_interaction_energy_5nN": 1, "87309459be0ab1b6f6875e389c07864e-log_cof": 1, "87309459be0ab1b6f6875e389c07864e-calc_S2_shear": 1, "87309459be0ab1b6f6875e389c07864e-log_interaction_energy_25nN": 1, "87309459be0ab1b6f6875e389c07864e-count_hydrogen_bonds": 1, "87309459be0ab1b6f6875e389c07864e-compress_grompp": 1, "87309459be0ab1b6f6875e389c07864e-log_interaction_energy_15nN": 1, "87309459be0ab1b6f6875e389c07864e-log_interaction_energy_5nN": 1, "87309459be0ab1b6f6875e389c07864e-get_interaction_energy_15nN": 1, "87309459be0ab1b6f6875e389c07864e-compress": 1, "87309459be0ab1b6f6875e389c07864e-unwrap_shear_15nN": 1, "87309459be0ab1b6f6875e389c07864e-lammps_to_gmx": 1, "87309459be0ab1b6f6875e389c07864e-shear_15nN_rerun_grompp": 1, "87309459be0ab1b6f6875e389c07864e-get_interaction_energy_25nN": 1, "87309459be0ab1b6f6875e389c07864e-shear_25nN_grompp": 1, "87309459be0ab1b6f6875e389c07864e-shear_25nN_rerun_grompp": 1, "87309459be0ab1b6f6875e389c07864e-top_to_mol2": 1, "87309459be0ab1b6f6875e389c07864e-unwrap_shear_5nN": 1, "87309459be0ab1b6f6875e389c07864e-shear_15nN": 1, "87309459be0ab1b6f6875e389c07864e-minimize_grompp": 1, "87309459be0ab1b6f6875e389c07864e-shear_5nN_grompp": 1, "87309459be0ab1b6f6875e389c07864e-calc_friction": 1, "87309459be0ab1b6f6875e389c07864e-fix_overlaps": 1, "87309459be0ab1b6f6875e389c07864e-log_S2": 1, "87309459be0ab1b6f6875e389c07864e-minimize": 1, "87309459be0ab1b6f6875e389c07864e-log_tilt": 1, "87309459be0ab1b6f6875e389c07864e-equilibrate_grompp": 1, "87309459be0ab1b6f6875e389c07864e-shear_5nN_rerun": 1, "87309459be0ab1b6f6875e389c07864e-unwrap_shear_25nN": 1, "87309459be0ab1b6f6875e389c07864e-shear_5nN_rerun_grompp": 1, "87309459be0ab1b6f6875e389c07864e-shear_15nN_rerun": 1, "87309459be0ab1b6f6875e389c07864e-calc_interdigitation": 1, "87309459be0ab1b6f6875e389c07864e-initialize": 1, "87309459be0ab1b6f6875e389c07864e-shear_5nN": 1, "87309459be0ab1b6f6875e389c07864e-equilibrate": 1, "87309459be0ab1b6f6875e389c07864e-calc_tilt_shear": 1, "87309459be0ab1b6f6875e389c07864e-shear_25nN_rerun": 1, "87309459be0ab1b6f6875e389c07864e-shear_25nN": 1}, "interdigitation": {"15nN": 0.11118793867528624, "5nN": 0.10486631984733184, "25nN": 0.11720859193926428}, "avg_molecular_weight": 30.04735, "delta_dipole_moment": 1.8699999999999999, "S2_top": {"15nN": 0.9520985303485133, "5nN": 0.9651795975967304, "25nN": 0.963662150513435}, "shear_25nN-Etotal": [-1536.6251209432455, 48.51072860170352], "avg_dipole_moment": 0.945, "S2_bottom": {"15nN": 0.9606981305616428, "5nN": 0.9664025474028127, "25nN": 0.9580161489286617}, "intercept": 0.9075837084870237, "shear_15nN-lj": [-1490.546446252598, 48.56079613867737], "tilt_top": {"15nN": 35.841731568488825, "5nN": 32.703331210356495, "25nN": 38.449712275387235}, "shear_5nN-Etotal": [-1261.4573902565946, 49.96312329851812], "shear_5nN-qq": [4.956343398081535, 12.725334476375776], "shear_5nN-lj": [-1266.4137336546762, 48.94227675748923], "COF": 0.13233766992170734, "shear_25nN-lj": [-1592.663417509992, 47.1073575600785], "shear_25nN-qq": [56.038296566746595, 15.513922143928017], "shear_15nN-Etotal": [-1459.9738468313349, 49.3766299781588]}