{"tilt_bottom": {"25nN": 41.43789085498336, "5nN": 36.946636598436, "15nN": 39.832299859480905}, "shear_25nN-qq": [-101.54327224780175, 15.086607949642174], "S2_top": {"25nN": 0.9260498041711219, "5nN": 0.9220016571534018, "15nN": 0.9088987967350735}, "shear_5nN-qq": [-49.77483357553957, 12.77902140635678], "shear_15nN-Etotal": [-1914.0275355507595, 56.2329067769886], "status": {"d258114932bfb420194b862387a3b3c8-shear_15nN_rerun": 1, "d258114932bfb420194b862387a3b3c8-shear_25nN_rerun": 1, "d258114932bfb420194b862387a3b3c8-initialize": 1, "d258114932bfb420194b862387a3b3c8-shear_15nN_rerun_grompp": 1, "d258114932bfb420194b862387a3b3c8-shear_25nN_rerun_grompp": 1, "d258114932bfb420194b862387a3b3c8-calc_friction": 1, "d258114932bfb420194b862387a3b3c8-get_interaction_energy_25nN": 1, "d258114932bfb420194b862387a3b3c8-shear_25nN_grompp": 1, "d258114932bfb420194b862387a3b3c8-calc_tilt_shear": 1, "d258114932bfb420194b862387a3b3c8-equilibrate_grompp": 1, "d258114932bfb420194b862387a3b3c8-log_cof": 1, "d258114932bfb420194b862387a3b3c8-get_interaction_energy_15nN": 1, "d258114932bfb420194b862387a3b3c8-unwrap_shear_15nN": 1, "d258114932bfb420194b862387a3b3c8-unwrap_shear_25nN": 1, "d258114932bfb420194b862387a3b3c8-compress": 1, "d258114932bfb420194b862387a3b3c8-shear_15nN_grompp": 1, "d258114932bfb420194b862387a3b3c8-log_interaction_energy_25nN": 1, "d258114932bfb420194b862387a3b3c8-fix_overlaps": 1, "d258114932bfb420194b862387a3b3c8-calc_interdigitation": 1, "d258114932bfb420194b862387a3b3c8-log_interaction_energy_5nN": 1, "d258114932bfb420194b862387a3b3c8-calc_S2_shear": 1, "d258114932bfb420194b862387a3b3c8-shear_5nN_rerun": 1, "d258114932bfb420194b862387a3b3c8-compress_grompp": 1, "d258114932bfb420194b862387a3b3c8-get_interaction_energy_5nN": 1, "d258114932bfb420194b862387a3b3c8-equilibrate": 1, "d258114932bfb420194b862387a3b3c8-shear_5nN": 1, "d258114932bfb420194b862387a3b3c8-log_tilt": 1, "d258114932bfb420194b862387a3b3c8-top_to_mol2": 1, "d258114932bfb420194b862387a3b3c8-minimize": 1, "d258114932bfb420194b862387a3b3c8-minimize_grompp": 1, "d258114932bfb420194b862387a3b3c8-unwrap_shear_5nN": 1, "d258114932bfb420194b862387a3b3c8-shear_15nN": 1, "d258114932bfb420194b862387a3b3c8-shear_25nN": 1, "d258114932bfb420194b862387a3b3c8-shear_5nN_grompp": 1, "d258114932bfb420194b862387a3b3c8-shear_5nN_rerun_grompp": 1, "d258114932bfb420194b862387a3b3c8-log_S2": 1, "d258114932bfb420194b862387a3b3c8-lammps_to_gmx": 1, "d258114932bfb420194b862387a3b3c8-log_interaction_energy_15nN": 1}, "shear_25nN-lj": [-1944.0478857202236, 55.0820855249602], "delta_molecular_weight": 107.06689999999999, "interdigitation": {"25nN": 0.11749117304032182, "5nN": 0.12293420246434082, "15nN": 0.14173596057831317}, "intercept": 1.2003771578116453, "avg_dipole_moment": 3.11, "COF": 0.13167918176191787, "shear_25nN-Etotal": [-2045.5911579680258, 58.022563573811304], "tilt_top": {"25nN": 35.249599829803714, "5nN": 29.191788464739794, "15nN": 32.807831720824524}, "S2_bottom": {"25nN": 0.9623283482840158, "5nN": 0.9717235623294176, "15nN": 0.9696230941341927}, "shear_15nN-qq": [-79.00788838768985, 13.051553838204267], "shear_5nN-Etotal": [-1658.1941578768985, 63.87592273667858], "avg_molecular_weight": 68.56784999999999, "delta_dipole_moment": 6.22, "shear_15nN-lj": [-1835.0196471630695, 52.57352397766684], "shear_5nN-lj": [-1608.419324301359, 59.595821462975714]}