{"tilt_bottom": {"25nN": 35.15230021971454, "5nN": 31.632515391754847, "15nN": 35.20512877978008}, "interdigitation": {"25nN": 0.1381934756543652, "5nN": 0.105644834911698, "15nN": 0.11976116918508589}, "S2_top": {"25nN": 0.9030725678036601, "5nN": 0.9301237538782158, "15nN": 0.9308809551425359}, "shear_25nN-qq": [24.914608821742608, 9.175012650544515], "shear_5nN-qq": [2.3870117513988807, 7.423140492544756], "shear_15nN-Etotal": [-1279.1999962909672, 43.93761924251157], "status": {"a04e2998d729ea90cd1cfc00155f57d6-minimize_grompp": 1, "a04e2998d729ea90cd1cfc00155f57d6-log_interaction_energy_15nN": 1, "a04e2998d729ea90cd1cfc00155f57d6-compress": 1, "a04e2998d729ea90cd1cfc00155f57d6-calc_S2_shear": 1, "a04e2998d729ea90cd1cfc00155f57d6-log_interaction_energy_25nN": 1, "a04e2998d729ea90cd1cfc00155f57d6-minimize": 1, "a04e2998d729ea90cd1cfc00155f57d6-fix_overlaps": 1, "a04e2998d729ea90cd1cfc00155f57d6-log_S2": 1, "a04e2998d729ea90cd1cfc00155f57d6-log_cof": 1, "a04e2998d729ea90cd1cfc00155f57d6-shear_25nN_rerun": 1, "a04e2998d729ea90cd1cfc00155f57d6-calc_friction": 1, "a04e2998d729ea90cd1cfc00155f57d6-get_interaction_energy_15nN": 1, "a04e2998d729ea90cd1cfc00155f57d6-shear_15nN": 1, "a04e2998d729ea90cd1cfc00155f57d6-shear_5nN": 1, "a04e2998d729ea90cd1cfc00155f57d6-shear_15nN_rerun": 1, "a04e2998d729ea90cd1cfc00155f57d6-shear_5nN_grompp": 1, "a04e2998d729ea90cd1cfc00155f57d6-log_tilt": 1, "a04e2998d729ea90cd1cfc00155f57d6-calc_tilt_shear": 1, "a04e2998d729ea90cd1cfc00155f57d6-unwrap_shear_5nN": 1, "a04e2998d729ea90cd1cfc00155f57d6-lammps_to_gmx": 1, "a04e2998d729ea90cd1cfc00155f57d6-shear_15nN_rerun_grompp": 1, "a04e2998d729ea90cd1cfc00155f57d6-unwrap_shear_15nN": 1, "a04e2998d729ea90cd1cfc00155f57d6-shear_5nN_rerun": 1, "a04e2998d729ea90cd1cfc00155f57d6-shear_15nN_grompp": 1, "a04e2998d729ea90cd1cfc00155f57d6-shear_25nN": 1, "a04e2998d729ea90cd1cfc00155f57d6-get_interaction_energy_5nN": 1, "a04e2998d729ea90cd1cfc00155f57d6-top_to_mol2": 1, "a04e2998d729ea90cd1cfc00155f57d6-shear_25nN_grompp": 1, "a04e2998d729ea90cd1cfc00155f57d6-calc_interdigitation": 1, "a04e2998d729ea90cd1cfc00155f57d6-equilibrate_grompp": 1, "a04e2998d729ea90cd1cfc00155f57d6-compress_grompp": 1, "a04e2998d729ea90cd1cfc00155f57d6-shear_5nN_rerun_grompp": 1, "a04e2998d729ea90cd1cfc00155f57d6-log_interaction_energy_5nN": 1, "a04e2998d729ea90cd1cfc00155f57d6-shear_25nN_rerun_grompp": 1, "a04e2998d729ea90cd1cfc00155f57d6-get_interaction_energy_25nN": 1, "a04e2998d729ea90cd1cfc00155f57d6-unwrap_shear_25nN": 1, "a04e2998d729ea90cd1cfc00155f57d6-initialize": 1, "a04e2998d729ea90cd1cfc00155f57d6-equilibrate": 1}, "shear_25nN-lj": [-1395.0512511806555, 47.63991941098747], "delta_molecular_weight": 25.918499999999995, "intercept": 0.38847554867706613, "avg_dipole_moment": 1.0499999999999998, "COF": 0.16417871278021604, "shear_25nN-Etotal": [-1370.136642358913, 49.07049753382946], "tilt_top": {"25nN": 40.14949816098161, "5nN": 35.13963563755574, "15nN": 37.885513833319784}, "S2_bottom": {"25nN": 0.8929915711031593, "5nN": 0.9387008540055429, "15nN": 0.9027278220254482}, "shear_15nN-qq": [13.156707318944845, 8.350412724393147], "shear_5nN-Etotal": [-1063.6534349112708, 44.41222357937692], "avg_molecular_weight": 56.04665, "delta_dipole_moment": 2.08, "shear_15nN-lj": [-1292.3567036099118, 42.527465345761414], "shear_5nN-lj": [-1066.0404466626696, 44.57032358237794]}