{"avg_dipole_moment": 1.7799999999999998, "max_dipole_moment": 1.88, "min_dipole_moment": 1.68, "max_molecular_weight": 31.0338, "shear_5nN-qq": [-548.3414886986411, 65.26352302182895], "intercept": 2.1016045909969243, "shear_15nN-qq": [-643.086853272582, 74.309382719889], "min_molecular_weight": 17.0073, "delta_molecular_weight": 14.026499999999999, "ch3-smiles-2": "COC", "chain-smiles-2": "CCCCCCCCCCCCCCCCCOC", "tilt_bottom": {"25nN": 39.813221238602935, "5nN": 34.06434292459875, "15nN": 38.737899346787636}, "tilt_top": {"25nN": 40.456115375701515, "5nN": 35.80806473493693, "15nN": 39.0594590881988}, "shear_15nN-lj": [-1548.926898232614, 52.00892944072213], "h-smiles-1": "O", "ch3-smiles-1": "CO", "S2_bottom": {"25nN": 0.9296673842514072, "5nN": 0.9445880502197961, "15nN": 0.948316136199204}, "h-smiles-2": "OC", "shear_25nN-qq": [-667.1635908361311, 72.86458572665673], "COF": 0.17664041716995768, "shear_25nN-lj": [-1645.3175765147882, 57.294808604883364], "S2_top": {"25nN": 0.9306886541730274, "5nN": 0.9566662443250079, "15nN": 0.9564771870121441}, "shear_15nN-Etotal": [-2192.013751505196, 91.49315732699816], "shear_5nN-Etotal": [-1922.8499760575537, 97.89542625315633], "shear_25nN-Etotal": [-2312.4811673509193, 89.5664511868832], "avg_molecular_weight": 24.02055, "shear_5nN-lj": [-1374.5084873589128, 59.23004505704563], "delta_dipole_moment": 0.19999999999999996, "status": {"adb3ed17def5c2ea64ef7f0b3a81cedf-minimize_grompp": 1, "adb3ed17def5c2ea64ef7f0b3a81cedf-log_interaction_energy_25nN": 1, "adb3ed17def5c2ea64ef7f0b3a81cedf-count_hydrogen_bonds": 1, "adb3ed17def5c2ea64ef7f0b3a81cedf-shear_5nN_rerun": 1, "adb3ed17def5c2ea64ef7f0b3a81cedf-minimize": 1, "adb3ed17def5c2ea64ef7f0b3a81cedf-lammps_to_gmx": 1, "adb3ed17def5c2ea64ef7f0b3a81cedf-unwrap_shear_25nN": 1, "adb3ed17def5c2ea64ef7f0b3a81cedf-fix_overlaps": 1, "adb3ed17def5c2ea64ef7f0b3a81cedf-calc_tilt_shear": 1, "adb3ed17def5c2ea64ef7f0b3a81cedf-shear_5nN_rerun_grompp": 1, "adb3ed17def5c2ea64ef7f0b3a81cedf-log_tilt": 1, "adb3ed17def5c2ea64ef7f0b3a81cedf-shear_5nN": 1, "adb3ed17def5c2ea64ef7f0b3a81cedf-unwrap_shear_5nN": 1, "adb3ed17def5c2ea64ef7f0b3a81cedf-get_interaction_energy_25nN": 1, "adb3ed17def5c2ea64ef7f0b3a81cedf-shear_15nN_rerun": 1, "adb3ed17def5c2ea64ef7f0b3a81cedf-compress_grompp": 1, "adb3ed17def5c2ea64ef7f0b3a81cedf-calc_S2_shear": 1, "adb3ed17def5c2ea64ef7f0b3a81cedf-compress": 1, "adb3ed17def5c2ea64ef7f0b3a81cedf-shear_15nN": 1, "adb3ed17def5c2ea64ef7f0b3a81cedf-shear_25nN_grompp": 1, "adb3ed17def5c2ea64ef7f0b3a81cedf-unwrap_shear_15nN": 1, "adb3ed17def5c2ea64ef7f0b3a81cedf-equilibrate": 1, "adb3ed17def5c2ea64ef7f0b3a81cedf-get_interaction_energy_5nN": 1, "adb3ed17def5c2ea64ef7f0b3a81cedf-log_interaction_energy_15nN": 1, "adb3ed17def5c2ea64ef7f0b3a81cedf-get_interaction_energy_15nN": 1, "adb3ed17def5c2ea64ef7f0b3a81cedf-equilibrate_grompp": 1, "adb3ed17def5c2ea64ef7f0b3a81cedf-shear_25nN_rerun_grompp": 1, "adb3ed17def5c2ea64ef7f0b3a81cedf-shear_15nN_grompp": 1, "adb3ed17def5c2ea64ef7f0b3a81cedf-log_interaction_energy_5nN": 1, "adb3ed17def5c2ea64ef7f0b3a81cedf-shear_25nN": 1, "adb3ed17def5c2ea64ef7f0b3a81cedf-shear_15nN_rerun_grompp": 1, "adb3ed17def5c2ea64ef7f0b3a81cedf-log_S2": 1, "adb3ed17def5c2ea64ef7f0b3a81cedf-shear_5nN_grompp": 1, "adb3ed17def5c2ea64ef7f0b3a81cedf-top_to_mol2": 1, "adb3ed17def5c2ea64ef7f0b3a81cedf-initialize": 1, "adb3ed17def5c2ea64ef7f0b3a81cedf-calc_friction": 1, "adb3ed17def5c2ea64ef7f0b3a81cedf-log_cof": 1, "adb3ed17def5c2ea64ef7f0b3a81cedf-shear_25nN_rerun": 1, "adb3ed17def5c2ea64ef7f0b3a81cedf-calc_interdigitation": 1}, "chain-smiles-1": "CCCCCCCCCCCCCCCCCO"}