{"tilt_bottom": {"25nN": 40.08034653842232, "5nN": 36.652608878191394, "15nN": 39.09971886966401}, "shear_25nN-qq": [-677.835900920064, 93.49527108227386], "S2_top": {"25nN": 0.9288642017201775, "5nN": 0.9546228504001812, "15nN": 0.9257578249857554}, "shear_5nN-qq": [-757.6048450527577, 93.49860739783799], "shear_15nN-Etotal": [-2559.1312533213427, 117.79179566245257], "status": {"89c28318a54825b5d0c01e4e35f994ac-shear_5nN_rerun_grompp": 1, "89c28318a54825b5d0c01e4e35f994ac-shear_25nN_grompp": 1, "89c28318a54825b5d0c01e4e35f994ac-unwrap_shear_5nN": 1, "89c28318a54825b5d0c01e4e35f994ac-shear_5nN_grompp": 1, "89c28318a54825b5d0c01e4e35f994ac-log_cof": 1, "89c28318a54825b5d0c01e4e35f994ac-shear_25nN": 1, "89c28318a54825b5d0c01e4e35f994ac-lammps_to_gmx": 1, "89c28318a54825b5d0c01e4e35f994ac-shear_15nN_grompp": 1, "89c28318a54825b5d0c01e4e35f994ac-get_interaction_energy_5nN": 1, "89c28318a54825b5d0c01e4e35f994ac-log_interaction_energy_15nN": 1, "89c28318a54825b5d0c01e4e35f994ac-unwrap_shear_15nN": 1, "89c28318a54825b5d0c01e4e35f994ac-minimize_grompp": 1, "89c28318a54825b5d0c01e4e35f994ac-calc_tilt_shear": 1, "89c28318a54825b5d0c01e4e35f994ac-shear_15nN_rerun": 1, "89c28318a54825b5d0c01e4e35f994ac-get_interaction_energy_25nN": 1, "89c28318a54825b5d0c01e4e35f994ac-shear_5nN": 1, "89c28318a54825b5d0c01e4e35f994ac-compress": 1, "89c28318a54825b5d0c01e4e35f994ac-get_interaction_energy_15nN": 1, "89c28318a54825b5d0c01e4e35f994ac-shear_15nN_rerun_grompp": 1, "89c28318a54825b5d0c01e4e35f994ac-calc_S2_shear": 1, "89c28318a54825b5d0c01e4e35f994ac-initialize": 1, "89c28318a54825b5d0c01e4e35f994ac-shear_25nN_rerun_grompp": 1, "89c28318a54825b5d0c01e4e35f994ac-equilibrate": 1, "89c28318a54825b5d0c01e4e35f994ac-calc_friction": 1, "89c28318a54825b5d0c01e4e35f994ac-log_tilt": 1, "89c28318a54825b5d0c01e4e35f994ac-shear_5nN_rerun": 1, "89c28318a54825b5d0c01e4e35f994ac-log_interaction_energy_25nN": 1, "89c28318a54825b5d0c01e4e35f994ac-unwrap_shear_25nN": 1, "89c28318a54825b5d0c01e4e35f994ac-fix_overlaps": 1, "89c28318a54825b5d0c01e4e35f994ac-log_S2": 1, "89c28318a54825b5d0c01e4e35f994ac-top_to_mol2": 1, "89c28318a54825b5d0c01e4e35f994ac-shear_25nN_rerun": 1, "89c28318a54825b5d0c01e4e35f994ac-count_hydrogen_bonds": 1, "89c28318a54825b5d0c01e4e35f994ac-calc_interdigitation": 1, "89c28318a54825b5d0c01e4e35f994ac-compress_grompp": 1, "89c28318a54825b5d0c01e4e35f994ac-minimize": 1, "89c28318a54825b5d0c01e4e35f994ac-log_interaction_energy_5nN": 1, "89c28318a54825b5d0c01e4e35f994ac-equilibrate_grompp": 1, "89c28318a54825b5d0c01e4e35f994ac-shear_15nN": 1}, "shear_25nN-lj": [-1927.1698365851319, 54.672334077748175], "delta_molecular_weight": 13.983600000000003, "shear_15nN-qq": [-735.105762179856, 105.70113871821621], "avg_dipole_moment": 3.2449999999999997, "COF": 0.12902900145280136, "shear_25nN-Etotal": [-2605.0057375051956, 102.51784831614115], "tilt_top": {"25nN": 41.75926956409219, "5nN": 37.53891282097461, "15nN": 39.73861469816512}, "S2_bottom": {"25nN": 0.9388338607174982, "5nN": 0.9667951851664552, "15nN": 0.9651435318718756}, "intercept": 2.897960797014214, "shear_5nN-Etotal": [-2384.2506120295766, 114.4666359485545], "avg_molecular_weight": 38.0256, "delta_dipole_moment": 3.13, "shear_15nN-lj": [-1824.0254911414868, 54.5454805512268], "shear_5nN-lj": [-1626.6457669768188, 61.53543775254891]}