{"MR-mean":10.49355,"asphericity-mean":0.2692845,"balabanj-mean":3.5360995,"bertzct-mean":64.198305,"chi0-mean":6.538675,"chi0n-mean":6.473607,"chi0v-mean":0.973607,"chi1-mean":3.1160255,"chi1n-mean":2.9208205,"chi1v-mean":0.25,"chi2n-mean":0.0625,"chi2v-mean":0.0625,"chi3n-mean":0.0,"chi3v-mean":0.0,"chi4n-mean":0.0,"chi4v-mean":0.0,"e-valence-mean":14.0,"eccentricity-mean":0.886354,"hk-alpha-mean":-0.02,"hk-kappa1-mean":0.0600875,"hk-kappa2-mean":-12.52,"hk-kappa3-mean":-52.02,"ipc-mean":45.898547,"isf-mean":0.204282,"labuteASA-mean":22.3011045,"logP-mean":0.78915,"molwt-mean":30.5445745,"molwt-hvy-mean":25.02,"nheavy-mean":2.0,"npr1-mean":0.426067,"npr2-mean":0.756423,"pbf-mean":0.3364155,"pc+-mean":0.2671275,"pc--mean":-0.2671275,"pmi1-mean":9.513687,"pmi2-mean":30.30287,"pmi3-mean":34.3793195,"rbonds-mean":1.0,"rg-mean":0.8527365,"rpc+-mean":0.2352025,"rpc--mean":0.6724525,"spherocity-mean":0.2942895,"tpsa-mean":17.5,"vsa+-mean":7.600797,"vsa--mean":13.103165,"vsa-fhyd-mean":0.704316,"vsa-fneg-mean":0.6190555,"vsa-fpneg-mean":0.295684,"vsa-fpos-mean":0.3809445,"vsa-fppos-mean":0.0,"vsa-hyd-mean":17.6391515,"vsa-polar-mean":0.295684,"vsa-polar+-mean":0.0,"vsa-polar--mean":3.0648105,"MR-min":5.0221,"asphericity-min":0.128739,"balabanj-min":2.32379,"bertzct-min":8.0,"chi0-min":3.57735,"chi0n-min":3.447214,"chi0v-min":0.447214,"chi1-min":1.732051,"chi1n-min":1.341641,"chi1v-min":0.0,"chi2n-min":0.0,"chi2v-min":0.0,"chi3n-min":0.0,"chi3v-min":0.0,"chi4n-min":0.0,"chi4v-min":0.0,"e-valence-min":8.0,"eccentricity-min":0.807839,"hk-alpha-min":-0.04,"hk-kappa1-min":0.000175,"hk-kappa2-min":-27.04,"hk-kappa3-min":-104.04,"ipc-min":3.245112,"isf-min":0.051653,"labuteASA-min":11.89331,"logP-min":0.162,"molwt-min":17.026549,"molwt-hvy-min":14.007,"nheavy-min":1.0,"npr1-min":0.262731,"npr2-min":0.619704,"pbf-min":0.131987,"pc+-min":0.190329,"pc--min":-0.343926,"pmi1-min":1.736298,"pmi2-min":1.825562,"pmi3-min":2.94586,"rbonds-min":0.0,"rg-min":0.437099,"rpc+-min":0.137072,"rpc--min":0.344905,"spherocity-min":0.092474,"tpsa-min":0.0,"vsa+-min":4.235526,"vsa--min":6.129621,"vsa-fhyd-min":0.408632,"vsa-fneg-min":0.591368,"vsa-fpneg-min":0.0,"vsa-fpos-min":0.353257,"vsa-fppos-min":0.0,"vsa-hyd-min":4.235526,"vsa-polar-min":0.0,"vsa-polar+-min":0.0,"vsa-polar--min":0.0,"MR-max":15.965,"asphericity-max":0.40983,"balabanj-max":4.748409,"bertzct-max":120.39661,"chi0-max":9.5,"chi0n-max":9.5,"chi0v-max":1.5,"chi1-max":4.5,"chi1n-max":4.5,"chi1v-max":0.5,"chi2n-max":0.125,"chi2v-max":0.125,"chi3n-max":0.0,"chi3v-max":0.0,"chi4n-max":0.0,"chi4v-max":0.0,"e-valence-max":20.0,"eccentricity-max":0.964869,"hk-alpha-max":0.0,"hk-kappa1-max":0.12,"hk-kappa2-max":2.0,"hk-kappa3-max":0.0,"ipc-max":88.551982,"isf-max":0.356911,"labuteASA-max":32.708899,"logP-max":1.4163,"molwt-max":44.0626,"molwt-hvy-max":36.033,"nheavy-max":3.0,"npr1-max":0.589403,"npr2-max":0.893142,"pbf-max":0.540844,"pc+-max":0.343926,"pc--max":-0.190329,"pmi1-max":17.291076,"pmi2-max":58.780178,"pmi3-max":65.812779,"rbonds-max":2.0,"rg-max":1.268374,"rpc+-max":0.333333,"rpc--max":1.0,"spherocity-max":0.496105,"tpsa-max":35.0,"vsa+-max":10.966068,"vsa--max":20.076709,"vsa-fhyd-max":1.0,"vsa-fneg-max":0.646743,"vsa-fpneg-max":0.591368,"vsa-fpos-max":0.408632,"vsa-fppos-max":0.0,"vsa-hyd-max":31.042777,"vsa-polar-max":0.591368,"vsa-polar+-max":0.0,"vsa-polar--max":6.129621,"MR-diff":10.9429,"asphericity-diff":0.281091,"balabanj-diff":2.424619,"bertzct-diff":112.39661,"chi0-diff":5.92265,"chi0n-diff":6.052786,"chi0v-diff":1.052786,"chi1-diff":2.767949,"chi1n-diff":3.158359,"chi1v-diff":0.5,"chi2n-diff":0.125,"chi2v-diff":0.125,"chi3n-diff":0.0,"chi3v-diff":0.0,"chi4n-diff":0.0,"chi4v-diff":0.0,"e-valence-diff":12.0,"eccentricity-diff":0.15703,"hk-alpha-diff":0.04,"hk-kappa1-diff":0.119825,"hk-kappa2-diff":29.04,"hk-kappa3-diff":104.04,"ipc-diff":85.30687,"isf-diff":0.305258,"labuteASA-diff":20.815589,"logP-diff":1.2543,"molwt-diff":27.036051,"molwt-hvy-diff":22.026,"nheavy-diff":2.0,"npr1-diff":0.326672,"npr2-diff":0.273438,"pbf-diff":0.408857,"pc+-diff":0.153597,"pc--diff":0.153597,"pmi1-diff":15.554778,"pmi2-diff":56.954616,"pmi3-diff":62.866919,"rbonds-diff":2.0,"rg-diff":0.831275,"rpc+-diff":0.196261,"rpc--diff":0.655095,"spherocity-diff":0.403631,"tpsa-diff":35.0,"vsa+-diff":6.730542,"vsa--diff":13.947088,"vsa-fhyd-diff":0.591368,"vsa-fneg-diff":0.055375,"vsa-fpneg-diff":0.591368,"vsa-fpos-diff":0.055375,"vsa-fppos-diff":0.0,"vsa-hyd-diff":26.807251,"vsa-polar-diff":0.591368,"vsa-polar+-diff":0.0,"vsa-polar--diff":6.129621,"hbonds":0.0}