{"shear_15nN-qq": [40.18858144604316, 18.158740560080254], "delta_molecular_weight": 27.0649, "status": {"17f814d9327205ddfe871d7052383ee2-log_tilt": 1, "17f814d9327205ddfe871d7052383ee2-shear_5nN": 1, "17f814d9327205ddfe871d7052383ee2-lammps_to_gmx": 1, "17f814d9327205ddfe871d7052383ee2-get_interaction_energy_5nN": 1, "17f814d9327205ddfe871d7052383ee2-get_interaction_energy_15nN": 1, "17f814d9327205ddfe871d7052383ee2-calc_interdigitation": 1, "17f814d9327205ddfe871d7052383ee2-initialize": 1, "17f814d9327205ddfe871d7052383ee2-calc_tilt_shear": 1, "17f814d9327205ddfe871d7052383ee2-log_interaction_energy_25nN": 1, "17f814d9327205ddfe871d7052383ee2-count_hydrogen_bonds": 1, "17f814d9327205ddfe871d7052383ee2-log_interaction_energy_15nN": 1, "17f814d9327205ddfe871d7052383ee2-compress": 1, "17f814d9327205ddfe871d7052383ee2-unwrap_shear_5nN": 1, "17f814d9327205ddfe871d7052383ee2-shear_25nN_rerun_grompp": 1, "17f814d9327205ddfe871d7052383ee2-log_S2": 1, "17f814d9327205ddfe871d7052383ee2-top_to_mol2": 1, "17f814d9327205ddfe871d7052383ee2-shear_15nN_grompp": 1, "17f814d9327205ddfe871d7052383ee2-unwrap_shear_15nN": 1, "17f814d9327205ddfe871d7052383ee2-shear_15nN_rerun_grompp": 1, "17f814d9327205ddfe871d7052383ee2-shear_5nN_rerun": 1, "17f814d9327205ddfe871d7052383ee2-equilibrate_grompp": 1, "17f814d9327205ddfe871d7052383ee2-calc_S2_shear": 1, "17f814d9327205ddfe871d7052383ee2-shear_25nN_rerun": 1, "17f814d9327205ddfe871d7052383ee2-shear_15nN_rerun": 1, "17f814d9327205ddfe871d7052383ee2-minimize": 1, "17f814d9327205ddfe871d7052383ee2-equilibrate": 1, "17f814d9327205ddfe871d7052383ee2-compress_grompp": 1, "17f814d9327205ddfe871d7052383ee2-unwrap_shear_25nN": 1, "17f814d9327205ddfe871d7052383ee2-shear_15nN": 1, "17f814d9327205ddfe871d7052383ee2-fix_overlaps": 1, "17f814d9327205ddfe871d7052383ee2-calc_friction": 1, "17f814d9327205ddfe871d7052383ee2-shear_5nN_grompp": 1, "17f814d9327205ddfe871d7052383ee2-log_cof": 1, "17f814d9327205ddfe871d7052383ee2-shear_25nN": 1, "17f814d9327205ddfe871d7052383ee2-minimize_grompp": 1, "17f814d9327205ddfe871d7052383ee2-log_interaction_energy_5nN": 1, "17f814d9327205ddfe871d7052383ee2-shear_5nN_rerun_grompp": 1, "17f814d9327205ddfe871d7052383ee2-get_interaction_energy_25nN": 1, "17f814d9327205ddfe871d7052383ee2-shear_25nN_grompp": 1}, "interdigitation": {"15nN": 0.10988886825677527, "5nN": 0.103034340797617, "25nN": 0.13662400882582887}, "intercept": 0.602258287932592, "delta_dipole_moment": 1.6199999999999999, "tilt_bottom": {"15nN": 38.84621971291615, "5nN": 34.19326179605304, "25nN": 39.82749523671422}, "S2_top": {"15nN": 0.9484878473829025, "5nN": 0.9579680316497494, "25nN": 0.9492474449269985}, "shear_25nN-Etotal": [-1458.7792269152676, 49.71770526590032], "shear_5nN-Etotal": [-1236.2465018705036, 43.51798082185296], "S2_bottom": {"15nN": 0.9619814961872863, "5nN": 0.9570062575578167, "25nN": 0.954579616211297}, "avg_molecular_weight": 29.55495, "shear_15nN-lj": [-1431.8177219056754, 47.44966584766853], "tilt_top": {"15nN": 35.13627799297724, "5nN": 31.822670752186376, "25nN": 36.797063042965604}, "avg_dipole_moment": 0.82, "shear_5nN-qq": [-1.2927685523581136, 13.186073795477121], "shear_5nN-lj": [-1234.9537333181454, 42.80211651950474], "COF": 0.13206814406959924, "shear_25nN-lj": [-1535.200020840128, 46.57604831550064], "shear_25nN-qq": [76.42079392486012, 18.27077400864021], "shear_15nN-Etotal": [-1391.6291404596325, 50.67521997175019]}