{"avg_dipole_moment": 0.82, "max_dipole_moment": 1.63, "min_dipole_moment": 0.01, "max_molecular_weight": 43.0874, "shear_5nN-qq": [-1.2927685523581136, 13.186073795477121], "intercept": 0.602258287932592, "shear_15nN-qq": [40.18858144604316, 18.158740560080254], "min_molecular_weight": 16.0225, "delta_molecular_weight": 27.0649, "ch3-smiles-2": "CC(C)C", "chain-smiles-2": "CCCCCCCCCCCCCCCCCC(C)C", "tilt_bottom": {"25nN": 39.82749523671422, "5nN": 34.19326179605304, "15nN": 38.84621971291615}, "interdigitation": {"25nN": 0.1368118647967964, "5nN": 0.10411447038829579, "15nN": 0.11012635882643645}, "tilt_top": {"25nN": 36.797063042965604, "5nN": 31.822670752186376, "15nN": 35.13627799297724}, "shear_15nN-lj": [-1431.8177219056754, 47.44966584766853], "h-smiles-1": "N", "S2_top": {"25nN": 0.9492474449269985, "5nN": 0.9579680316497494, "15nN": 0.9484878473829025}, "S2_bottom": {"25nN": 0.954579616211297, "5nN": 0.9570062575578167, "15nN": 0.9619814961872863}, "h-smiles-2": "C(C)C", "shear_25nN-qq": [76.42079392486012, 18.27077400864021], "COF": 0.13206814406959924, "shear_25nN-lj": [-1535.200020840128, 46.57604831550064], "ch3-smiles-1": "CN", "shear_15nN-Etotal": [-1391.6291404596325, 50.67521997175019], "shear_5nN-Etotal": [-1236.2465018705036, 43.51798082185296], "shear_25nN-Etotal": [-1458.7792269152676, 49.71770526590032], "avg_molecular_weight": 29.55495, "shear_5nN-lj": [-1234.9537333181454, 42.80211651950474], "delta_dipole_moment": 1.6199999999999999, "status": {"17f814d9327205ddfe871d7052383ee2-log_cof": 1, "17f814d9327205ddfe871d7052383ee2-top_to_mol2": 1, "17f814d9327205ddfe871d7052383ee2-shear_5nN_rerun_grompp": 1, "17f814d9327205ddfe871d7052383ee2-shear_15nN_rerun_grompp": 1, "17f814d9327205ddfe871d7052383ee2-get_interaction_energy_15nN": 1, "17f814d9327205ddfe871d7052383ee2-get_interaction_energy_25nN": 1, "17f814d9327205ddfe871d7052383ee2-calc_friction": 1, "17f814d9327205ddfe871d7052383ee2-initialize": 1, "17f814d9327205ddfe871d7052383ee2-shear_5nN": 1, "17f814d9327205ddfe871d7052383ee2-fix_overlaps": 1, "17f814d9327205ddfe871d7052383ee2-shear_15nN_grompp": 1, "17f814d9327205ddfe871d7052383ee2-calc_tilt_shear": 1, "17f814d9327205ddfe871d7052383ee2-log_S2": 1, "17f814d9327205ddfe871d7052383ee2-compress": 1, "17f814d9327205ddfe871d7052383ee2-unwrap_shear_5nN": 1, "17f814d9327205ddfe871d7052383ee2-get_interaction_energy_5nN": 1, "17f814d9327205ddfe871d7052383ee2-calc_interdigitation": 1, "17f814d9327205ddfe871d7052383ee2-equilibrate": 1, "17f814d9327205ddfe871d7052383ee2-shear_15nN_rerun": 1, "17f814d9327205ddfe871d7052383ee2-equilibrate_grompp": 1, "17f814d9327205ddfe871d7052383ee2-shear_15nN": 1, "17f814d9327205ddfe871d7052383ee2-compress_grompp": 1, "17f814d9327205ddfe871d7052383ee2-shear_5nN_grompp": 1, "17f814d9327205ddfe871d7052383ee2-count_hydrogen_bonds": 1, "17f814d9327205ddfe871d7052383ee2-shear_5nN_rerun": 1, "17f814d9327205ddfe871d7052383ee2-log_tilt": 1, "17f814d9327205ddfe871d7052383ee2-log_interaction_energy_25nN": 1, "17f814d9327205ddfe871d7052383ee2-lammps_to_gmx": 1, "17f814d9327205ddfe871d7052383ee2-shear_25nN_rerun": 1, "17f814d9327205ddfe871d7052383ee2-calc_S2_shear": 1, "17f814d9327205ddfe871d7052383ee2-shear_25nN_rerun_grompp": 1, "17f814d9327205ddfe871d7052383ee2-unwrap_shear_25nN": 1, "17f814d9327205ddfe871d7052383ee2-shear_25nN": 1, "17f814d9327205ddfe871d7052383ee2-log_interaction_energy_5nN": 1, "17f814d9327205ddfe871d7052383ee2-minimize": 1, "17f814d9327205ddfe871d7052383ee2-log_interaction_energy_15nN": 1, "17f814d9327205ddfe871d7052383ee2-minimize_grompp": 1, "17f814d9327205ddfe871d7052383ee2-shear_25nN_grompp": 1, "17f814d9327205ddfe871d7052383ee2-unwrap_shear_15nN": 1}, "chain-smiles-1": "CCCCCCCCCCCCCCCCCN"}