{"MR-mean":6.06705,"asphericity-mean":0.1657835,"balabanj-mean":2.673753,"bertzct-mean":15.182264,"chi0-mean":4.038675,"chi0n-mean":3.0405535,"chi0v-mean":1.0405535,"chi1-mean":1.8660255,"chi1n-mean":1.204294,"chi1v-mean":0.2834735,"chi2n-mean":0.107143,"chi2v-mean":0.107143,"chi3n-mean":0.0,"chi3v-mean":0.0,"chi4n-mean":0.0,"chi4v-mean":0.0,"e-valence-mean":17.0,"eccentricity-mean":0.8306245,"hk-alpha-mean":-0.125,"hk-kappa1-mean":1.0270135,"hk-kappa2-mean":-12.9457885,"hk-kappa3-mean":-39.354025,"ipc-mean":3.427376,"isf-mean":0.1781635,"labuteASA-mean":17.267069,"logP-mean":0.67025,"molwt-mean":43.514792,"molwt-hvy-mean":41.506,"nheavy-mean":2.5,"npr1-mean":0.556075,"npr2-mean":0.578874,"pbf-mean":0.3070945,"pc+-mean":0.433299,"pc--mean":-0.433299,"pmi1-mean":26.401523,"pmi2-mean":27.797915,"pmi3-mean":49.497832,"rbonds-mean":0.0,"rg-mean":0.8171635,"rpc+-mean":0.5288685,"rpc--mean":0.6666665,"spherocity-mean":0.444435,"tpsa-mean":17.5,"vsa+-mean":6.1307755,"vsa--mean":9.650433,"vsa-fhyd-mean":0.547332,"vsa-fneg-mean":0.6063665,"vsa-fpneg-mean":0.295684,"vsa-fpos-mean":0.3936335,"vsa-fppos-mean":0.156984,"vsa-hyd-mean":9.388765,"vsa-polar-mean":0.452668,"vsa-polar+-mean":3.327633,"vsa-polar--mean":3.0648105,"MR-min":5.0221,"asphericity-min":0.142875,"balabanj-min":2.32379,"bertzct-min":8.0,"chi0-min":3.57735,"chi0n-min":2.633893,"chi0v-min":0.447214,"chi1-min":1.732051,"chi1n-min":1.066947,"chi1v-min":0.0,"chi2n-min":0.0,"chi2v-min":0.0,"chi3n-min":0.0,"chi3v-min":0.0,"chi4n-min":0.0,"chi4v-min":0.0,"e-valence-min":8.0,"eccentricity-min":0.814463,"hk-alpha-min":-0.21,"hk-kappa1-min":0.000175,"hk-kappa2-min":-27.04,"hk-kappa3-min":-104.04,"ipc-min":3.245112,"isf-min":0.010974,"labuteASA-min":11.89331,"logP-min":0.162,"molwt-min":17.026549,"molwt-hvy-min":14.007,"nheavy-min":1.0,"npr1-min":0.531934,"npr2-min":0.560492,"pbf-min":0.122303,"pc+-min":0.343926,"pc--min":-0.522672,"pmi1-min":1.72941,"pmi2-min":1.780201,"pmi3-min":2.980632,"rbonds-min":0.0,"rg-min":0.436511,"rpc+-min":0.333333,"rpc--min":0.333333,"spherocity-min":0.078832,"tpsa-min":0.0,"vsa+-min":4.235526,"vsa--min":6.129621,"vsa-fhyd-min":0.408632,"vsa-fneg-min":0.591368,"vsa-fpneg-min":0.0,"vsa-fpos-min":0.378635,"vsa-fppos-min":0.0,"vsa-hyd-min":4.235526,"vsa-polar-min":0.313968,"vsa-polar+-min":0.0,"vsa-polar--min":0.0,"MR-max":7.112,"asphericity-max":0.188692,"balabanj-max":3.023716,"bertzct-max":22.364528,"chi0-max":4.5,"chi0n-max":3.447214,"chi0v-max":1.633893,"chi1-max":2.0,"chi1n-max":1.341641,"chi1v-max":0.566947,"chi2n-max":0.214286,"chi2v-max":0.214286,"chi3n-max":0.0,"chi3v-max":0.0,"chi4n-max":0.0,"chi4v-max":0.0,"e-valence-max":26.0,"eccentricity-max":0.846786,"hk-alpha-max":-0.04,"hk-kappa1-max":2.053852,"hk-kappa2-max":1.148423,"hk-kappa3-max":25.33195,"ipc-max":3.60964,"isf-max":0.345353,"labuteASA-max":22.640828,"logP-max":1.1785,"molwt-max":70.003035,"molwt-hvy-max":69.005,"nheavy-max":4.0,"npr1-max":0.580216,"npr2-max":0.597256,"pbf-max":0.491886,"pc+-max":0.522672,"pc--max":-0.343926,"pmi1-max":51.073636,"pmi2-max":53.815629,"pmi3-max":96.015032,"rbonds-max":0.0,"rg-max":1.197816,"rpc+-max":0.724404,"rpc--max":1.0,"spherocity-max":0.810038,"tpsa-max":35.0,"vsa+-max":8.026025,"vsa--max":13.171245,"vsa-fhyd-max":0.686032,"vsa-fneg-max":0.621365,"vsa-fpneg-max":0.591368,"vsa-fpos-max":0.408632,"vsa-fppos-max":0.313968,"vsa-hyd-max":14.542004,"vsa-polar-max":0.591368,"vsa-polar+-max":6.655266,"vsa-polar--max":6.129621,"MR-diff":2.0899,"asphericity-diff":0.045817,"balabanj-diff":0.699926,"bertzct-diff":14.364528,"chi0-diff":0.92265,"chi0n-diff":0.813321,"chi0v-diff":1.186679,"chi1-diff":0.267949,"chi1n-diff":0.274694,"chi1v-diff":0.566947,"chi2n-diff":0.214286,"chi2v-diff":0.214286,"chi3n-diff":0.0,"chi3v-diff":0.0,"chi4n-diff":0.0,"chi4v-diff":0.0,"e-valence-diff":18.0,"eccentricity-diff":0.032323,"hk-alpha-diff":0.17,"hk-kappa1-diff":2.053677,"hk-kappa2-diff":28.188423,"hk-kappa3-diff":129.37195,"ipc-diff":0.364528,"isf-diff":0.334379,"labuteASA-diff":10.747518,"logP-diff":1.0165,"molwt-diff":52.976486,"molwt-hvy-diff":54.998,"nheavy-diff":3.0,"npr1-diff":0.048282,"npr2-diff":0.036764,"pbf-diff":0.369583,"pc+-diff":0.178746,"pc--diff":0.178746,"pmi1-diff":49.344226,"pmi2-diff":52.035428,"pmi3-diff":93.0344,"rbonds-diff":0.0,"rg-diff":0.761305,"rpc+-diff":0.391071,"rpc--diff":0.666667,"spherocity-diff":0.731206,"tpsa-diff":35.0,"vsa+-diff":3.790499,"vsa--diff":7.041624,"vsa-fhyd-diff":0.2774,"vsa-fneg-diff":0.029997,"vsa-fpneg-diff":0.591368,"vsa-fpos-diff":0.029997,"vsa-fppos-diff":0.313968,"vsa-hyd-diff":10.306478,"vsa-polar-diff":0.2774,"vsa-polar+-diff":6.655266,"vsa-polar--diff":6.129621,"hbonds":0.0}