{"tilt_bottom": {"25nN": 40.36761611916524, "5nN": 34.30947035394786, "15nN": 37.7327862404816}, "shear_25nN-qq": [-214.30511262509992, 40.172940863803234], "S2_top": {"25nN": 0.9364633899784583, "5nN": 0.9406885856681177, "15nN": 0.943682152170299}, "shear_5nN-qq": [-166.57728952198244, 34.32796615092439], "shear_15nN-Etotal": [-1965.5976442557956, 72.13816275159868], "status": {"198d34a6904e0c7986797c175c8aebbf-shear_5nN_grompp": 1, "198d34a6904e0c7986797c175c8aebbf-equilibrate_grompp": 1, "198d34a6904e0c7986797c175c8aebbf-shear_15nN_grompp": 1, "198d34a6904e0c7986797c175c8aebbf-minimize_grompp": 1, "198d34a6904e0c7986797c175c8aebbf-compress": 1, "198d34a6904e0c7986797c175c8aebbf-calc_tilt_shear": 1, "198d34a6904e0c7986797c175c8aebbf-log_interaction_energy_5nN": 1, "198d34a6904e0c7986797c175c8aebbf-fix_overlaps": 1, "198d34a6904e0c7986797c175c8aebbf-get_interaction_energy_15nN": 1, "198d34a6904e0c7986797c175c8aebbf-log_tilt": 1, "198d34a6904e0c7986797c175c8aebbf-shear_25nN_rerun_grompp": 1, "198d34a6904e0c7986797c175c8aebbf-shear_15nN": 1, "198d34a6904e0c7986797c175c8aebbf-unwrap_shear_25nN": 1, "198d34a6904e0c7986797c175c8aebbf-minimize": 1, "198d34a6904e0c7986797c175c8aebbf-unwrap_shear_15nN": 1, "198d34a6904e0c7986797c175c8aebbf-log_interaction_energy_25nN": 1, "198d34a6904e0c7986797c175c8aebbf-calc_friction": 1, "198d34a6904e0c7986797c175c8aebbf-shear_15nN_rerun": 1, "198d34a6904e0c7986797c175c8aebbf-shear_5nN_rerun": 1, "198d34a6904e0c7986797c175c8aebbf-equilibrate": 1, "198d34a6904e0c7986797c175c8aebbf-top_to_mol2": 1, "198d34a6904e0c7986797c175c8aebbf-lammps_to_gmx": 1, "198d34a6904e0c7986797c175c8aebbf-log_cof": 1, "198d34a6904e0c7986797c175c8aebbf-calc_S2_shear": 1, "198d34a6904e0c7986797c175c8aebbf-shear_5nN": 1, "198d34a6904e0c7986797c175c8aebbf-get_interaction_energy_25nN": 1, "198d34a6904e0c7986797c175c8aebbf-shear_25nN_rerun": 1, "198d34a6904e0c7986797c175c8aebbf-shear_25nN": 1, "198d34a6904e0c7986797c175c8aebbf-log_S2": 1, "198d34a6904e0c7986797c175c8aebbf-shear_5nN_rerun_grompp": 1, "198d34a6904e0c7986797c175c8aebbf-initialize": 1, "198d34a6904e0c7986797c175c8aebbf-log_interaction_energy_15nN": 1, "198d34a6904e0c7986797c175c8aebbf-calc_interdigitation": 1, "198d34a6904e0c7986797c175c8aebbf-shear_15nN_rerun_grompp": 1, "198d34a6904e0c7986797c175c8aebbf-unwrap_shear_5nN": 1, "198d34a6904e0c7986797c175c8aebbf-shear_25nN_grompp": 1, "198d34a6904e0c7986797c175c8aebbf-compress_grompp": 1, "198d34a6904e0c7986797c175c8aebbf-get_interaction_energy_5nN": 1}, "shear_25nN-lj": [-1882.2014497753796, 49.2853225881258], "delta_molecular_weight": 29.013099999999994, "interdigitation": {"25nN": 0.14330471216230584, "5nN": 0.15526585356208714, "15nN": 0.13891624587020635}, "shear_15nN-qq": [-194.87895388089527, 39.1992452552454], "avg_dipole_moment": 2.46, "COF": 0.11721021404727475, "shear_25nN-Etotal": [-2096.5065624004797, 64.19667286752085], "tilt_top": {"25nN": 39.74090106838736, "5nN": 34.651120912925734, "15nN": 37.66378314747951}, "S2_bottom": {"25nN": 0.9611612100029265, "5nN": 0.9390066592601819, "15nN": 0.9622684846474752}, "intercept": 1.636184400375676, "shear_5nN-Etotal": [-1733.2739867577939, 71.30089201608891], "avg_molecular_weight": 80.58765, "delta_dipole_moment": 0.8600000000000003, "shear_15nN-lj": [-1770.7186903749, 52.816502924583716], "shear_5nN-lj": [-1566.6966972358114, 56.94546308165732]}