{"avg_dipole_moment": 4.125, "max_dipole_moment": 6.22, "min_dipole_moment": 2.03, "max_molecular_weight": 122.1013, "shear_5nN-qq": [-283.391765627498, 35.34015527019253], "intercept": 2.1184132554864386, "shear_15nN-qq": [-269.9208709136691, 39.84718047513789], "min_molecular_weight": 95.0942, "delta_molecular_weight": 27.007099999999994, "ch3-smiles-2": "CC1=CC=C([N+](=O)[O-])C=C1", "chain-smiles-2": "CCCCCCCCCCCCCCCCCC1=CC=C([N+](=O)[O-])C=C1", "tilt_bottom": {"25nN": 40.15323434930833, "5nN": 35.55515701048429, "15nN": 37.33605273036194}, "interdigitation": {"25nN": 0.18860701620309384, "5nN": 0.2348171275524971, "15nN": 0.18691102024427855}, "tilt_top": {"25nN": 38.30734791068759, "5nN": 33.07928753212153, "15nN": 36.60552145837249}, "shear_15nN-lj": [-2060.396599119904, 62.27109204225609], "h-smiles-1": "C1=CC=C(F)C=C1", "S2_top": {"25nN": 0.908996340903658, "5nN": 0.9154420583115882, "15nN": 0.9053476411795693}, "S2_bottom": {"25nN": 0.9484844022270301, "5nN": 0.9498530462394118, "15nN": 0.9376218882835312}, "h-smiles-2": "C1=CC=C([N+](=O)[O-])C=C1", "shear_25nN-qq": [-259.99816255635494, 40.20827482320515], "COF": 0.1283003128946173, "shear_25nN-lj": [-2108.739575327738, 56.12734383251003], "ch3-smiles-1": "CC1=CC=C(F)C=C1", "shear_15nN-Etotal": [-2330.317470033573, 83.28429395638595], "shear_5nN-Etotal": [-2165.7478652270183, 84.87327421393692], "shear_25nN-Etotal": [-2368.737737884093, 76.96818631109267], "avg_molecular_weight": 108.59774999999999, "shear_5nN-lj": [-1882.3560995995206, 64.83385184211151], "delta_dipole_moment": 4.1899999999999995, "status": {"837333dc34e2b38048f32582ae3074ca-minimize": 1, "837333dc34e2b38048f32582ae3074ca-log_tilt": 1, "837333dc34e2b38048f32582ae3074ca-shear_5nN_grompp": 1, "837333dc34e2b38048f32582ae3074ca-compress_grompp": 1, "837333dc34e2b38048f32582ae3074ca-fix_overlaps": 1, "837333dc34e2b38048f32582ae3074ca-equilibrate": 1, "837333dc34e2b38048f32582ae3074ca-initialize": 1, "837333dc34e2b38048f32582ae3074ca-shear_25nN_rerun": 1, "837333dc34e2b38048f32582ae3074ca-calc_S2_shear": 1, "837333dc34e2b38048f32582ae3074ca-shear_15nN_rerun_grompp": 1, "837333dc34e2b38048f32582ae3074ca-shear_25nN": 1, "837333dc34e2b38048f32582ae3074ca-calc_tilt_shear": 1, "837333dc34e2b38048f32582ae3074ca-top_to_mol2": 1, "837333dc34e2b38048f32582ae3074ca-lammps_to_gmx": 1, "837333dc34e2b38048f32582ae3074ca-shear_5nN_rerun": 1, "837333dc34e2b38048f32582ae3074ca-unwrap_shear_15nN": 1, "837333dc34e2b38048f32582ae3074ca-calc_friction": 1, "837333dc34e2b38048f32582ae3074ca-log_S2": 1, "837333dc34e2b38048f32582ae3074ca-minimize_grompp": 1, "837333dc34e2b38048f32582ae3074ca-log_interaction_energy_25nN": 1, "837333dc34e2b38048f32582ae3074ca-shear_15nN_grompp": 1, "837333dc34e2b38048f32582ae3074ca-log_interaction_energy_15nN": 1, "837333dc34e2b38048f32582ae3074ca-calc_interdigitation": 1, "837333dc34e2b38048f32582ae3074ca-shear_25nN_grompp": 1, "837333dc34e2b38048f32582ae3074ca-log_interaction_energy_5nN": 1, "837333dc34e2b38048f32582ae3074ca-unwrap_shear_5nN": 1, "837333dc34e2b38048f32582ae3074ca-get_interaction_energy_25nN": 1, "837333dc34e2b38048f32582ae3074ca-unwrap_shear_25nN": 1, "837333dc34e2b38048f32582ae3074ca-compress": 1, "837333dc34e2b38048f32582ae3074ca-equilibrate_grompp": 1, "837333dc34e2b38048f32582ae3074ca-get_interaction_energy_5nN": 1, "837333dc34e2b38048f32582ae3074ca-shear_15nN": 1, "837333dc34e2b38048f32582ae3074ca-shear_5nN": 1, "837333dc34e2b38048f32582ae3074ca-get_interaction_energy_15nN": 1, "837333dc34e2b38048f32582ae3074ca-log_cof": 1, "837333dc34e2b38048f32582ae3074ca-shear_5nN_rerun_grompp": 1, "837333dc34e2b38048f32582ae3074ca-shear_25nN_rerun_grompp": 1, "837333dc34e2b38048f32582ae3074ca-shear_15nN_rerun": 1}, "chain-smiles-1": "CCCCCCCCCCCCCCCCCC1=CC=C(F)C=C1"}