{"avg_dipole_moment": 1.71, "max_dipole_moment": 3.41, "min_dipole_moment": 0.01, "max_molecular_weight": 43.0874, "shear_5nN-qq": [3.603305928057554, 10.231252891165894], "intercept": 0.4055905036668399, "shear_15nN-qq": [25.692042111910474, 10.80450857070916], "min_molecular_weight": 26.0174, "delta_molecular_weight": 17.070000000000004, "ch3-smiles-2": "CC(C)C", "chain-smiles-2": "CCCCCCCCCCCCCCCCCC(C)C", "tilt_bottom": {"25nN": 38.340020727938, "5nN": 33.55312120811506, "15nN": 37.006667195053204}, "interdigitation": {"25nN": 0.09339126593898286, "5nN": 0.07475264264827744, "15nN": 0.08114360276392742}, "tilt_top": {"25nN": 37.775117288924186, "5nN": 33.217268881172366, "15nN": 35.31892813887277}, "shear_15nN-lj": [-1465.7869548281374, 43.55493502256322], "h-smiles-1": "C#N", "S2_top": {"25nN": 0.956018595593682, "5nN": 0.9603171554878929, "15nN": 0.9529160648708516}, "S2_bottom": {"25nN": 0.934425814349935, "5nN": 0.9382274277587378, "15nN": 0.9558088674660885}, "h-smiles-2": "C(C)C", "shear_25nN-qq": [29.271303839328535, 12.105100555781299], "COF": 0.10189388353140086, "shear_25nN-lj": [-1549.4045523205436, 44.12754900722953], "ch3-smiles-1": "CC#N", "shear_15nN-Etotal": [-1440.094912716227, 43.96668022361171], "shear_5nN-Etotal": [-1244.3741765371703, 43.29879364429128], "shear_25nN-Etotal": [-1520.1332484812149, 45.179540904080774], "avg_molecular_weight": 34.5524, "shear_5nN-lj": [-1247.977482465228, 43.027523601043825], "delta_dipole_moment": 3.4000000000000004, "status": {"7fe8177d46f5e75ff5559889dc49e3c2-calc_tilt_shear": 1, "7fe8177d46f5e75ff5559889dc49e3c2-shear_25nN_rerun": 1, "7fe8177d46f5e75ff5559889dc49e3c2-equilibrate": 1, "7fe8177d46f5e75ff5559889dc49e3c2-compress": 1, "7fe8177d46f5e75ff5559889dc49e3c2-shear_15nN_rerun_grompp": 1, "7fe8177d46f5e75ff5559889dc49e3c2-minimize_grompp": 1, "7fe8177d46f5e75ff5559889dc49e3c2-log_interaction_energy_25nN": 1, "7fe8177d46f5e75ff5559889dc49e3c2-log_tilt": 1, "7fe8177d46f5e75ff5559889dc49e3c2-equilibrate_grompp": 1, "7fe8177d46f5e75ff5559889dc49e3c2-get_interaction_energy_25nN": 1, "7fe8177d46f5e75ff5559889dc49e3c2-shear_15nN": 1, "7fe8177d46f5e75ff5559889dc49e3c2-shear_5nN_grompp": 1, "7fe8177d46f5e75ff5559889dc49e3c2-minimize": 1, "7fe8177d46f5e75ff5559889dc49e3c2-calc_interdigitation": 1, "7fe8177d46f5e75ff5559889dc49e3c2-shear_5nN_rerun_grompp": 1, "7fe8177d46f5e75ff5559889dc49e3c2-initialize": 1, "7fe8177d46f5e75ff5559889dc49e3c2-shear_25nN_grompp": 1, "7fe8177d46f5e75ff5559889dc49e3c2-calc_S2_shear": 1, "7fe8177d46f5e75ff5559889dc49e3c2-log_cof": 1, "7fe8177d46f5e75ff5559889dc49e3c2-shear_25nN": 1, "7fe8177d46f5e75ff5559889dc49e3c2-shear_5nN": 1, "7fe8177d46f5e75ff5559889dc49e3c2-log_S2": 1, "7fe8177d46f5e75ff5559889dc49e3c2-log_interaction_energy_15nN": 1, "7fe8177d46f5e75ff5559889dc49e3c2-shear_25nN_rerun_grompp": 1, "7fe8177d46f5e75ff5559889dc49e3c2-compress_grompp": 1, "7fe8177d46f5e75ff5559889dc49e3c2-shear_15nN_grompp": 1, "7fe8177d46f5e75ff5559889dc49e3c2-fix_overlaps": 1, "7fe8177d46f5e75ff5559889dc49e3c2-calc_friction": 1, "7fe8177d46f5e75ff5559889dc49e3c2-unwrap_shear_15nN": 1, "7fe8177d46f5e75ff5559889dc49e3c2-get_interaction_energy_15nN": 1, "7fe8177d46f5e75ff5559889dc49e3c2-top_to_mol2": 1, "7fe8177d46f5e75ff5559889dc49e3c2-shear_5nN_rerun": 1, "7fe8177d46f5e75ff5559889dc49e3c2-unwrap_shear_5nN": 1, "7fe8177d46f5e75ff5559889dc49e3c2-log_interaction_energy_5nN": 1, "7fe8177d46f5e75ff5559889dc49e3c2-lammps_to_gmx": 1, "7fe8177d46f5e75ff5559889dc49e3c2-shear_15nN_rerun": 1, "7fe8177d46f5e75ff5559889dc49e3c2-get_interaction_energy_5nN": 1, "7fe8177d46f5e75ff5559889dc49e3c2-unwrap_shear_25nN": 1}, "chain-smiles-1": "CCCCCCCCCCCCCCCCCC#N"}