{"MR-mean":5.1724,"asphericity-mean":0.1864555,"balabanj-mean":2.3283545,"bertzct-mean":10.9371515,"chi0-mean":3.6035535,"chi0n-mean":3.454124,"chi0v-mean":0.454124,"chi1-mean":1.707107,"chi1n-mean":1.4082485,"chi1v-mean":0.0,"chi2n-mean":0.0,"chi2v-mean":0.0,"chi3n-mean":0.0,"chi3v-mean":0.0,"chi4n-mean":0.0,"chi4v-mean":0.0,"e-valence-mean":8.0,"eccentricity-mean":0.6001305,"hk-alpha-mean":-0.02,"hk-kappa1-mean":0.0002,"hk-kappa2-mean":-13.52,"hk-kappa3-mean":-52.02,"ipc-mean":3.182264,"isf-mean":0.7660265,"labuteASA-mean":12.095823,"logP-mean":-0.0943,"molwt-mean":17.0209325,"molwt-hvy-mean":14.005,"nheavy-mean":1.0,"npr1-mean":0.6336195,"npr2-mean":0.83926,"pbf-mean":0.2412685,"pc+-mean":0.244534,"pc--mean":-0.244534,"pmi1-mean":1.8989405,"pmi2-mean":2.298152,"pmi3-mean":2.622968,"rbonds-mean":0.0,"rg-mean":0.43952,"rpc+-mean":0.375,"rpc--mean":1.0,"spherocity-mean":0.4816,"tpsa-mean":15.75,"vsa+-mean":4.1727165,"vsa--mean":6.405806,"vsa-fhyd-mean":0.5,"vsa-fneg-mean":0.614509,"vsa-fpneg-mean":0.328458,"vsa-fpos-mean":0.385491,"vsa-fppos-mean":0.171542,"vsa-hyd-mean":6.4069465,"vsa-polar-mean":0.5,"vsa-polar+-mean":1.4311995,"vsa-polar--mean":2.7403765,"MR-min":3.6138,"asphericity-min":0.000356,"balabanj-min":1.632993,"bertzct-min":2.754888,"chi0-min":2.707107,"chi0n-min":2.408248,"chi0v-min":0.408248,"chi1-min":1.414214,"chi1n-min":0.816497,"chi1v-min":0.0,"chi2n-min":0.0,"chi2v-min":0.0,"chi3n-min":0.0,"chi3v-min":0.0,"chi4n-min":0.0,"chi4v-min":0.0,"e-valence-min":8.0,"eccentricity-min":0.245658,"hk-alpha-min":-0.04,"hk-kappa1-min":0.0,"hk-kappa2-min":-27.04,"hk-kappa3-min":-104.04,"ipc-min":2.754888,"isf-min":0.302591,"labuteASA-min":9.832513,"logP-min":-0.8247,"molwt-min":16.0313,"molwt-hvy-min":12.011,"nheavy-min":1.0,"npr1-min":0.297882,"npr2-min":0.702118,"pbf-min":0.0,"pc+-min":0.077558,"pc--min":-0.41151,"pmi1-min":0.571078,"pmi2-min":1.34605,"pmi3-min":1.917127,"rbonds-min":0.0,"rg-min":0.326218,"rpc+-min":0.25,"rpc--min":1.0,"spherocity-min":0.0,"tpsa-min":0.0,"vsa+-min":2.862399,"vsa--min":5.480753,"vsa-fhyd-min":0.0,"vsa-fneg-min":0.572102,"vsa-fpneg-min":0.0,"vsa-fpos-min":0.343084,"vsa-fppos-min":0.0,"vsa-hyd-min":0.0,"vsa-polar-min":0.0,"vsa-polar+-min":0.0,"vsa-polar--min":0.0,"MR-max":6.731,"asphericity-max":0.372555,"balabanj-max":3.023716,"bertzct-max":19.119415,"chi0-max":4.5,"chi0n-max":4.5,"chi0v-max":0.5,"chi1-max":2.0,"chi1n-max":2.0,"chi1v-max":0.0,"chi2n-max":0.0,"chi2v-max":0.0,"chi3n-max":0.0,"chi3v-max":0.0,"chi4n-max":0.0,"chi4v-max":0.0,"e-valence-max":8.0,"eccentricity-max":0.954603,"hk-alpha-max":0.0,"hk-kappa1-max":0.0004,"hk-kappa2-max":0.0,"hk-kappa3-max":0.0,"ipc-max":3.60964,"isf-max":1.229462,"labuteASA-max":14.359133,"logP-max":0.6361,"molwt-max":18.010565,"molwt-hvy-max":15.999,"nheavy-max":1.0,"npr1-max":0.969357,"npr2-max":0.976402,"pbf-max":0.482537,"pc+-max":0.41151,"pc--max":-0.077558,"pmi1-max":3.226803,"pmi2-max":3.250254,"pmi3-max":3.328809,"rbonds-max":0.0,"rg-max":0.552822,"rpc+-max":0.5,"rpc--max":1.0,"spherocity-max":0.9632,"tpsa-max":31.5,"vsa+-max":5.483034,"vsa--max":7.330859,"vsa-fhyd-max":1.0,"vsa-fneg-max":0.656916,"vsa-fpneg-max":0.656916,"vsa-fpos-max":0.427898,"vsa-fppos-max":0.343084,"vsa-hyd-max":12.813893,"vsa-polar-max":1.0,"vsa-polar+-max":2.862399,"vsa-polar--max":5.480753,"MR-diff":3.1172,"asphericity-diff":0.372199,"balabanj-diff":1.390723,"bertzct-diff":16.364527,"chi0-diff":1.792893,"chi0n-diff":2.091752,"chi0v-diff":0.091752,"chi1-diff":0.585786,"chi1n-diff":1.183503,"chi1v-diff":0.0,"chi2n-diff":0.0,"chi2v-diff":0.0,"chi3n-diff":0.0,"chi3v-diff":0.0,"chi4n-diff":0.0,"chi4v-diff":0.0,"e-valence-diff":0.0,"eccentricity-diff":0.708945,"hk-alpha-diff":0.04,"hk-kappa1-diff":0.0004,"hk-kappa2-diff":27.04,"hk-kappa3-diff":104.04,"ipc-diff":0.854752,"isf-diff":0.926871,"labuteASA-diff":4.52662,"logP-diff":1.4608,"molwt-diff":1.979265,"molwt-hvy-diff":3.988,"nheavy-diff":0.0,"npr1-diff":0.671475,"npr2-diff":0.274284,"pbf-diff":0.482537,"pc+-diff":0.333952,"pc--diff":0.333952,"pmi1-diff":2.655725,"pmi2-diff":1.904204,"pmi3-diff":1.411682,"rbonds-diff":0.0,"rg-diff":0.226604,"rpc+-diff":0.25,"rpc--diff":0.0,"spherocity-diff":0.9632,"tpsa-diff":31.5,"vsa+-diff":2.620635,"vsa--diff":1.850106,"vsa-fhyd-diff":1.0,"vsa-fneg-diff":0.084814,"vsa-fpneg-diff":0.656916,"vsa-fpos-diff":0.084814,"vsa-fppos-diff":0.343084,"vsa-hyd-diff":12.813893,"vsa-polar-diff":1.0,"vsa-polar+-diff":2.862399,"vsa-polar--diff":5.480753,"hbonds":0.0}