{"shear_15nN-qq": [68.40417000479617, 15.588232321996193], "delta_molecular_weight": 1.972900000000001, "tilt_bottom": {"25nN": 38.912896791256365, "5nN": 34.427951960335136, "15nN": 37.592270161341325}, "interdigitation": {"25nN": 0.11751649219659925, "5nN": 0.10843821910359519, "15nN": 0.11759389708622144}, "intercept": 0.8491416300039072, "delta_dipole_moment": 1.88, "S2_top": {"25nN": 0.9229909045603024, "5nN": 0.9308329644495316, "15nN": 0.9327188802462758}, "shear_25nN-Etotal": [-1510.683935042366, 53.12743216000173], "shear_5nN-Etotal": [-1214.887834161471, 54.72867290996216], "S2_bottom": {"25nN": 0.9425252565848973, "5nN": 0.9612845830434706, "15nN": 0.9428372238302265}, "status": {"df9db57ba8f494b33b70c2c6e47786c5-unwrap_shear_25nN": 1, "df9db57ba8f494b33b70c2c6e47786c5-shear_25nN": 1, "df9db57ba8f494b33b70c2c6e47786c5-get_interaction_energy_5nN": 1, "df9db57ba8f494b33b70c2c6e47786c5-get_interaction_energy_15nN": 1, "df9db57ba8f494b33b70c2c6e47786c5-fix_overlaps": 1, "df9db57ba8f494b33b70c2c6e47786c5-calc_tilt_shear": 1, "df9db57ba8f494b33b70c2c6e47786c5-shear_25nN_rerun_grompp": 1, "df9db57ba8f494b33b70c2c6e47786c5-get_interaction_energy_25nN": 1, "df9db57ba8f494b33b70c2c6e47786c5-unwrap_shear_5nN": 1, "df9db57ba8f494b33b70c2c6e47786c5-equilibrate_grompp": 1, "df9db57ba8f494b33b70c2c6e47786c5-initialize": 1, "df9db57ba8f494b33b70c2c6e47786c5-log_interaction_energy_5nN": 1, "df9db57ba8f494b33b70c2c6e47786c5-compress_grompp": 1, "df9db57ba8f494b33b70c2c6e47786c5-compress": 1, "df9db57ba8f494b33b70c2c6e47786c5-calc_interdigitation": 1, "df9db57ba8f494b33b70c2c6e47786c5-unwrap_shear_15nN": 1, "df9db57ba8f494b33b70c2c6e47786c5-shear_5nN_rerun": 1, "df9db57ba8f494b33b70c2c6e47786c5-shear_25nN_grompp": 1, "df9db57ba8f494b33b70c2c6e47786c5-shear_15nN": 1, "df9db57ba8f494b33b70c2c6e47786c5-log_interaction_energy_25nN": 1, "df9db57ba8f494b33b70c2c6e47786c5-log_cof": 1, "df9db57ba8f494b33b70c2c6e47786c5-shear_5nN_grompp": 1, "df9db57ba8f494b33b70c2c6e47786c5-minimize_grompp": 1, "df9db57ba8f494b33b70c2c6e47786c5-equilibrate": 1, "df9db57ba8f494b33b70c2c6e47786c5-log_S2": 1, "df9db57ba8f494b33b70c2c6e47786c5-minimize": 1, "df9db57ba8f494b33b70c2c6e47786c5-shear_15nN_rerun_grompp": 1, "df9db57ba8f494b33b70c2c6e47786c5-top_to_mol2": 1, "df9db57ba8f494b33b70c2c6e47786c5-shear_15nN_grompp": 1, "df9db57ba8f494b33b70c2c6e47786c5-calc_S2_shear": 1, "df9db57ba8f494b33b70c2c6e47786c5-shear_5nN": 1, "df9db57ba8f494b33b70c2c6e47786c5-lammps_to_gmx": 1, "df9db57ba8f494b33b70c2c6e47786c5-shear_25nN_rerun": 1, "df9db57ba8f494b33b70c2c6e47786c5-count_hydrogen_bonds": 1, "df9db57ba8f494b33b70c2c6e47786c5-log_tilt": 1, "df9db57ba8f494b33b70c2c6e47786c5-shear_5nN_rerun_grompp": 1, "df9db57ba8f494b33b70c2c6e47786c5-log_interaction_energy_15nN": 1, "df9db57ba8f494b33b70c2c6e47786c5-shear_15nN_rerun": 1, "df9db57ba8f494b33b70c2c6e47786c5-calc_friction": 1}, "avg_molecular_weight": 16.02085, "shear_15nN-lj": [-1473.2299972486012, 51.01205027287125], "tilt_top": {"25nN": 40.129428492516844, "5nN": 34.283210484449874, "15nN": 38.321733353026154}, "avg_dipole_moment": 0.94, "shear_5nN-qq": [28.781247473221423, 13.530818584665582], "shear_5nN-lj": [-1243.6690816346925, 55.69823082799971], "COF": 0.1514816807615602, "shear_25nN-lj": [-1604.230106528377, 53.88537141727405], "shear_25nN-qq": [93.54617148601119, 16.914129743465825], "shear_15nN-Etotal": [-1404.825827243805, 50.48721458659521]}