{"MR-mean":14.3947,"asphericity-mean":0.3908915,"balabanj-mean":4.095317,"bertzct-mean":105.577273,"chi0-mean":6.8660255,"chi0n-mean":6.131855,"chi0v-mean":1.631855,"chi1-mean":3.3987175,"chi1n-mean":2.7943775,"chi1v-mean":0.5443775,"chi2n-mean":0.191055,"chi2v-mean":0.191055,"chi3n-mean":0.0,"chi3v-mean":0.0,"chi4n-mean":0.0,"chi4v-mean":0.0,"e-valence-mean":21.0,"eccentricity-mean":0.9369595,"hk-alpha-mean":-0.43,"hk-kappa1-mean":0.4050395,"hk-kappa2-mean":1.2783335,"hk-kappa3-mean":1.181111,"ipc-mean":33.5782385,"isf-mean":0.0458805,"labuteASA-mean":28.4082465,"logP-mean":0.5426,"molwt-mean":51.531664,"molwt-hvy-mean":47.0245,"nheavy-mean":3.5,"npr1-mean":0.3192715,"npr2-mean":0.72597,"pbf-mean":0.270959,"pc+-mean":0.387588,"pc--mean":-0.387588,"pmi1-mean":26.4780725,"pmi2-mean":53.1007945,"pmi3-mean":76.289107,"rbonds-mean":1.0,"rg-mean":1.2272525,"rpc+-mean":0.298533,"rpc--mean":0.460511,"spherocity-mean":0.2644585,"tpsa-mean":21.57,"vsa+-mean":12.117983,"vsa--mean":14.7746605,"vsa-fhyd-mean":0.80643,"vsa-fneg-mean":0.5448955,"vsa-fpneg-mean":0.19357,"vsa-fpos-mean":0.4551045,"vsa-fppos-mean":0.0,"vsa-hyd-mean":21.8354845,"vsa-polar-mean":0.19357,"vsa-polar+-mean":0.0,"vsa-polar--mean":5.057159,"MR-min":12.9184,"asphericity-min":0.236662,"balabanj-min":3.791118,"bertzct-min":85.425922,"chi0-min":6.07735,"chi0n-min":4.76371,"chi0v-min":1.5,"chi1-min":2.943376,"chi1n-min":2.088755,"chi1v-min":0.5,"chi2n-min":0.125,"chi2v-min":0.125,"chi3n-min":0.0,"chi3v-min":0.0,"chi4n-min":0.0,"chi4v-min":0.0,"e-valence-min":18.0,"eccentricity-min":0.891149,"hk-alpha-min":-0.6,"hk-kappa1-min":0.138474,"hk-kappa2-min":0.816667,"hk-kappa3-min":0.622222,"ipc-min":17.086166,"isf-min":0.013916,"labuteASA-min":27.607138,"logP-min":-0.1071,"molwt-min":42.04695,"molwt-hvy-min":36.033,"nheavy-min":3.0,"npr1-min":0.184833,"npr2-min":0.581283,"pbf-min":0.239342,"pc+-min":0.245501,"pc--min":-0.529675,"pmi1-min":11.184552,"pmi2-min":52.684779,"pmi3-min":60.511518,"rbonds-min":1.0,"rg-min":1.215678,"rpc+-min":0.230808,"rpc--min":0.421022,"spherocity-min":0.199002,"tpsa-min":0.0,"vsa+-min":8.224552,"vsa--min":10.114318,"vsa-fhyd-min":0.61286,"vsa-fneg-min":0.38714,"vsa-fpneg-min":0.0,"vsa-fpos-min":0.297349,"vsa-fppos-min":0.0,"vsa-hyd-min":16.011414,"vsa-polar-min":0.0,"vsa-polar+-min":0.0,"vsa-polar--min":0.0,"MR-max":15.871,"asphericity-max":0.545121,"balabanj-max":4.399516,"bertzct-max":125.728624,"chi0-max":7.654701,"chi0n-max":7.5,"chi0v-max":1.76371,"chi1-max":3.854059,"chi1n-max":3.5,"chi1v-max":0.588755,"chi2n-max":0.25711,"chi2v-max":0.25711,"chi3n-max":0.0,"chi3v-max":0.0,"chi4n-max":0.0,"chi4v-max":0.0,"e-valence-max":24.0,"eccentricity-max":0.98277,"hk-alpha-max":-0.26,"hk-kappa1-max":0.671605,"hk-kappa2-max":1.74,"hk-kappa3-max":1.74,"ipc-max":50.070311,"isf-max":0.077845,"labuteASA-max":29.209355,"logP-max":1.1923,"molwt-max":61.016378,"molwt-hvy-max":58.016,"nheavy-max":4.0,"npr1-max":0.45371,"npr2-max":0.870657,"pbf-max":0.302576,"pc+-max":0.529675,"pc--max":-0.245501,"pmi1-max":41.771593,"pmi2-max":53.51681,"pmi3-max":92.066696,"rbonds-max":1.0,"rg-max":1.238827,"rpc+-max":0.366258,"rpc--max":0.5,"spherocity-max":0.329915,"tpsa-max":43.14,"vsa+-max":16.011414,"vsa--max":19.435003,"vsa-fhyd-max":1.0,"vsa-fneg-max":0.702651,"vsa-fpneg-max":0.38714,"vsa-fpos-max":0.61286,"vsa-fppos-max":0.0,"vsa-hyd-max":27.659555,"vsa-polar-max":0.38714,"vsa-polar+-max":0.0,"vsa-polar--max":10.114318,"MR-diff":2.9526,"asphericity-diff":0.308459,"balabanj-diff":0.608398,"bertzct-diff":40.302702,"chi0-diff":1.577351,"chi0n-diff":2.73629,"chi0v-diff":0.26371,"chi1-diff":0.910683,"chi1n-diff":1.411245,"chi1v-diff":0.088755,"chi2n-diff":0.13211,"chi2v-diff":0.13211,"chi3n-diff":0.0,"chi3v-diff":0.0,"chi4n-diff":0.0,"chi4v-diff":0.0,"e-valence-diff":6.0,"eccentricity-diff":0.091621,"hk-alpha-diff":0.34,"hk-kappa1-diff":0.533131,"hk-kappa2-diff":0.923333,"hk-kappa3-diff":1.117778,"ipc-diff":32.984145,"isf-diff":0.063929,"labuteASA-diff":1.602217,"logP-diff":1.2994,"molwt-diff":18.969428,"molwt-hvy-diff":21.983,"nheavy-diff":1.0,"npr1-diff":0.268877,"npr2-diff":0.289374,"pbf-diff":0.063234,"pc+-diff":0.284174,"pc--diff":0.284174,"pmi1-diff":30.587041,"pmi2-diff":0.832031,"pmi3-diff":31.555178,"rbonds-diff":0.0,"rg-diff":0.023149,"rpc+-diff":0.13545,"rpc--diff":0.078978,"spherocity-diff":0.130913,"tpsa-diff":43.14,"vsa+-diff":7.786862,"vsa--diff":9.320685,"vsa-fhyd-diff":0.38714,"vsa-fneg-diff":0.315511,"vsa-fpneg-diff":0.38714,"vsa-fpos-diff":0.315511,"vsa-fppos-diff":0.0,"vsa-hyd-diff":11.648141,"vsa-polar-diff":0.38714,"vsa-polar+-diff":0.0,"vsa-polar--diff":10.114318,"hbonds":0.0}