{"avg_dipole_moment": 3.6100000000000003, "max_dipole_moment": 3.81, "min_dipole_moment": 3.41, "max_molecular_weight": 46.0055, "shear_5nN-qq": [-1011.7011472422062, 110.06613149968287], "intercept": 2.0512097579162116, "shear_15nN-qq": [-1049.4902005131896, 109.33606865055683], "min_molecular_weight": 26.0174, "delta_molecular_weight": 19.9881, "ch3-smiles-2": "C[N+](=O)[O-]", "chain-smiles-2": "CCCCCCCCCCCCCCCCC[N+](=O)[O-]", "tilt_bottom": {"25nN": 39.86396259001705, "5nN": 34.932393396313735, "15nN": 37.94827768020259}, "tilt_top": {"25nN": 40.28463866533542, "5nN": 35.49586654715373, "15nN": 37.7824701045296}, "shear_15nN-lj": [-1771.1228903780977, 48.59631208248301], "h-smiles-1": "C#N", "ch3-smiles-1": "CC#N", "S2_bottom": {"25nN": 0.955441009859116, "5nN": 0.9625459373004445, "15nN": 0.9698246503406347}, "h-smiles-2": "[N+](=O)[O-]", "shear_25nN-qq": [-1048.906496006395, 113.55331699845513], "COF": 0.10452337737831326, "shear_25nN-lj": [-1839.96197291287, 47.03073868779177], "S2_top": {"25nN": 0.9544132490613497, "5nN": 0.9489136175683138, "15nN": 0.9200099274621464}, "shear_15nN-Etotal": [-2820.613090891287, 129.9389514373711], "shear_5nN-Etotal": [-2614.9544050967224, 138.7659436822644], "shear_25nN-Etotal": [-2888.868468919264, 128.99341315609323], "avg_molecular_weight": 36.011449999999996, "shear_5nN-lj": [-1603.2532578545163, 54.12589426324343], "delta_dipole_moment": 0.3999999999999999, "status": {"78c6c77398d3d20767f20c4643586127-initialize": 1, "78c6c77398d3d20767f20c4643586127-calc_friction": 1, "78c6c77398d3d20767f20c4643586127-compress": 1, "78c6c77398d3d20767f20c4643586127-shear_5nN_rerun_grompp": 1, "78c6c77398d3d20767f20c4643586127-get_interaction_energy_5nN": 1, "78c6c77398d3d20767f20c4643586127-fix_overlaps": 1, "78c6c77398d3d20767f20c4643586127-compress_grompp": 1, "78c6c77398d3d20767f20c4643586127-calc_tilt_shear": 1, "78c6c77398d3d20767f20c4643586127-log_interaction_energy_15nN": 1, "78c6c77398d3d20767f20c4643586127-log_interaction_energy_25nN": 1, "78c6c77398d3d20767f20c4643586127-shear_5nN_grompp": 1, "78c6c77398d3d20767f20c4643586127-unwrap_shear_15nN": 1, "78c6c77398d3d20767f20c4643586127-equilibrate_grompp": 1, "78c6c77398d3d20767f20c4643586127-equilibrate": 1, "78c6c77398d3d20767f20c4643586127-shear_25nN_rerun": 1, "78c6c77398d3d20767f20c4643586127-shear_5nN": 1, "78c6c77398d3d20767f20c4643586127-shear_15nN": 1, "78c6c77398d3d20767f20c4643586127-shear_15nN_rerun": 1, "78c6c77398d3d20767f20c4643586127-calc_interdigitation": 1, "78c6c77398d3d20767f20c4643586127-shear_25nN_rerun_grompp": 1, "78c6c77398d3d20767f20c4643586127-log_cof": 1, "78c6c77398d3d20767f20c4643586127-get_interaction_energy_25nN": 1, "78c6c77398d3d20767f20c4643586127-calc_S2_shear": 1, "78c6c77398d3d20767f20c4643586127-top_to_mol2": 1, "78c6c77398d3d20767f20c4643586127-shear_25nN": 1, "78c6c77398d3d20767f20c4643586127-log_S2": 1, "78c6c77398d3d20767f20c4643586127-log_tilt": 1, "78c6c77398d3d20767f20c4643586127-shear_15nN_rerun_grompp": 1, "78c6c77398d3d20767f20c4643586127-shear_5nN_rerun": 1, "78c6c77398d3d20767f20c4643586127-minimize_grompp": 1, "78c6c77398d3d20767f20c4643586127-unwrap_shear_5nN": 1, "78c6c77398d3d20767f20c4643586127-shear_25nN_grompp": 1, "78c6c77398d3d20767f20c4643586127-unwrap_shear_25nN": 1, "78c6c77398d3d20767f20c4643586127-lammps_to_gmx": 1, "78c6c77398d3d20767f20c4643586127-get_interaction_energy_15nN": 1, "78c6c77398d3d20767f20c4643586127-minimize": 1, "78c6c77398d3d20767f20c4643586127-shear_15nN_grompp": 1, "78c6c77398d3d20767f20c4643586127-log_interaction_energy_5nN": 1}, "chain-smiles-1": "CCCCCCCCCCCCCCCCCC#N"}