{"shear_15nN-qq": [-600.1827924052757, 71.24606227050933], "delta_molecular_weight": 2.9609999999999985, "tilt_bottom": {"25nN": 40.848526402841195, "5nN": 34.965930999695075, "15nN": 37.52624648406451}, "interdigitation": {"25nN": 0.1504763326555182, "5nN": 0.10662559902577694, "15nN": 0.13908766663761435}, "intercept": 1.52493211721877, "delta_dipole_moment": 0.6499999999999999, "S2_top": {"25nN": 0.9406138140459424, "5nN": 0.9659880844192297, "15nN": 0.9681115909326449}, "shear_25nN-Etotal": [-2679.7736214284573, 106.47340352524267], "shear_5nN-Etotal": [-2247.5659061278975, 93.96115892223351], "S2_bottom": {"25nN": 0.9728406549839119, "5nN": 0.9706379645839394, "15nN": 0.966605458527624}, "status": {"e9595e634b498adf2094bb13a092bdb8-log_interaction_energy_5nN": 1, "e9595e634b498adf2094bb13a092bdb8-shear_15nN_rerun_grompp": 1, "e9595e634b498adf2094bb13a092bdb8-shear_25nN": 1, "e9595e634b498adf2094bb13a092bdb8-log_interaction_energy_25nN": 1, "e9595e634b498adf2094bb13a092bdb8-unwrap_shear_25nN": 1, "e9595e634b498adf2094bb13a092bdb8-shear_5nN_grompp": 1, "e9595e634b498adf2094bb13a092bdb8-shear_5nN_rerun_grompp": 1, "e9595e634b498adf2094bb13a092bdb8-equilibrate_grompp": 1, "e9595e634b498adf2094bb13a092bdb8-shear_25nN_rerun": 1, "e9595e634b498adf2094bb13a092bdb8-log_interaction_energy_15nN": 1, "e9595e634b498adf2094bb13a092bdb8-minimize": 1, "e9595e634b498adf2094bb13a092bdb8-shear_15nN_grompp": 1, "e9595e634b498adf2094bb13a092bdb8-shear_15nN_rerun": 1, "e9595e634b498adf2094bb13a092bdb8-shear_5nN_rerun": 1, "e9595e634b498adf2094bb13a092bdb8-log_tilt": 1, "e9595e634b498adf2094bb13a092bdb8-lammps_to_gmx": 1, "e9595e634b498adf2094bb13a092bdb8-get_interaction_energy_5nN": 1, "e9595e634b498adf2094bb13a092bdb8-shear_15nN": 1, "e9595e634b498adf2094bb13a092bdb8-shear_25nN_rerun_grompp": 1, "e9595e634b498adf2094bb13a092bdb8-top_to_mol2": 1, "e9595e634b498adf2094bb13a092bdb8-compress_grompp": 1, "e9595e634b498adf2094bb13a092bdb8-unwrap_shear_15nN": 1, "e9595e634b498adf2094bb13a092bdb8-equilibrate": 1, "e9595e634b498adf2094bb13a092bdb8-fix_overlaps": 1, "e9595e634b498adf2094bb13a092bdb8-calc_tilt_shear": 1, "e9595e634b498adf2094bb13a092bdb8-get_interaction_energy_15nN": 1, "e9595e634b498adf2094bb13a092bdb8-shear_5nN": 1, "e9595e634b498adf2094bb13a092bdb8-compress": 1, "e9595e634b498adf2094bb13a092bdb8-initialize": 1, "e9595e634b498adf2094bb13a092bdb8-minimize_grompp": 1, "e9595e634b498adf2094bb13a092bdb8-calc_interdigitation": 1, "e9595e634b498adf2094bb13a092bdb8-unwrap_shear_5nN": 1, "e9595e634b498adf2094bb13a092bdb8-calc_friction": 1, "e9595e634b498adf2094bb13a092bdb8-log_cof": 1, "e9595e634b498adf2094bb13a092bdb8-log_S2": 1, "e9595e634b498adf2094bb13a092bdb8-get_interaction_energy_25nN": 1, "e9595e634b498adf2094bb13a092bdb8-calc_S2_shear": 1, "e9595e634b498adf2094bb13a092bdb8-shear_25nN_grompp": 1}, "avg_molecular_weight": 44.525, "shear_15nN-lj": [-1932.7478293852917, 51.87583802194848], "tilt_top": {"25nN": 41.41158799047305, "5nN": 35.3509635397618, "15nN": 39.096625433943665}, "avg_dipole_moment": 3.4850000000000003, "shear_5nN-qq": [-515.6935927458034, 63.139281453919835], "shear_5nN-lj": [-1731.8723133820943, 53.191397015011226], "COF": 0.13792226040873493, "shear_25nN-lj": [-2037.9673476027176, 54.05768923857898], "shear_25nN-qq": [-641.8062738257395, 76.72790770097413], "shear_15nN-Etotal": [-2532.9306217905673, 98.23450762489219]}