{"shear_15nN-qq": [14.444435710631499, 11.611961983800091], "delta_molecular_weight": 1.9299999999999997, "status": {"077007d5e49ebb5d633bfa138abf8094-initialize": 1, "077007d5e49ebb5d633bfa138abf8094-unwrap_shear_25nN": 1, "077007d5e49ebb5d633bfa138abf8094-shear_25nN_grompp": 1, "077007d5e49ebb5d633bfa138abf8094-log_tilt": 1, "077007d5e49ebb5d633bfa138abf8094-calc_tilt_shear": 1, "077007d5e49ebb5d633bfa138abf8094-calc_S2_shear": 1, "077007d5e49ebb5d633bfa138abf8094-shear_15nN_grompp": 1, "077007d5e49ebb5d633bfa138abf8094-log_interaction_energy_15nN": 1, "077007d5e49ebb5d633bfa138abf8094-fix_overlaps": 1, "077007d5e49ebb5d633bfa138abf8094-shear_25nN_rerun_grompp": 1, "077007d5e49ebb5d633bfa138abf8094-equilibrate_grompp": 1, "077007d5e49ebb5d633bfa138abf8094-shear_15nN_rerun": 1, "077007d5e49ebb5d633bfa138abf8094-shear_15nN": 1, "077007d5e49ebb5d633bfa138abf8094-shear_15nN_rerun_grompp": 1, "077007d5e49ebb5d633bfa138abf8094-shear_5nN_rerun_grompp": 1, "077007d5e49ebb5d633bfa138abf8094-minimize": 1, "077007d5e49ebb5d633bfa138abf8094-log_cof": 1, "077007d5e49ebb5d633bfa138abf8094-minimize_grompp": 1, "077007d5e49ebb5d633bfa138abf8094-log_S2": 1, "077007d5e49ebb5d633bfa138abf8094-get_interaction_energy_25nN": 1, "077007d5e49ebb5d633bfa138abf8094-shear_5nN_rerun": 1, "077007d5e49ebb5d633bfa138abf8094-top_to_mol2": 1, "077007d5e49ebb5d633bfa138abf8094-get_interaction_energy_15nN": 1, "077007d5e49ebb5d633bfa138abf8094-shear_5nN_grompp": 1, "077007d5e49ebb5d633bfa138abf8094-unwrap_shear_15nN": 1, "077007d5e49ebb5d633bfa138abf8094-shear_25nN": 1, "077007d5e49ebb5d633bfa138abf8094-unwrap_shear_5nN": 1, "077007d5e49ebb5d633bfa138abf8094-count_hydrogen_bonds": 1, "077007d5e49ebb5d633bfa138abf8094-shear_25nN_rerun": 1, "077007d5e49ebb5d633bfa138abf8094-equilibrate": 1, "077007d5e49ebb5d633bfa138abf8094-log_interaction_energy_5nN": 1, "077007d5e49ebb5d633bfa138abf8094-lammps_to_gmx": 1, "077007d5e49ebb5d633bfa138abf8094-log_interaction_energy_25nN": 1, "077007d5e49ebb5d633bfa138abf8094-compress": 1, "077007d5e49ebb5d633bfa138abf8094-shear_5nN": 1, "077007d5e49ebb5d633bfa138abf8094-get_interaction_energy_5nN": 1, "077007d5e49ebb5d633bfa138abf8094-calc_friction": 1, "077007d5e49ebb5d633bfa138abf8094-compress_grompp": 1, "077007d5e49ebb5d633bfa138abf8094-calc_interdigitation": 1}, "interdigitation": {"25nN": 0.11099534265775751, "5nN": 0.1163953169136844, "15nN": 0.12593505665103355}, "avg_molecular_weight": 44.052400000000006, "delta_dipole_moment": 4.8, "tilt_bottom": {"25nN": 37.8629283633085, "5nN": 31.93643202622733, "15nN": 35.49816499307705}, "S2_top": {"25nN": 0.8961210540098236, "5nN": 0.9303516740303945, "15nN": 0.9372110025832437}, "shear_25nN-Etotal": [-1886.647199953637, 51.18067698916465], "avg_dipole_moment": 2.4099999999999997, "S2_bottom": {"25nN": 0.9252297215145708, "5nN": 0.9139723862115742, "15nN": 0.8923121071064057}, "intercept": 0.672607603502734, "shear_15nN-lj": [-1804.6725187218226, 46.65896371065123], "tilt_top": {"25nN": 35.37631780770017, "5nN": 31.306070995922397, "15nN": 35.50222685146273}, "shear_5nN-Etotal": [-1553.3556837034373, 55.34603093560533], "shear_5nN-qq": [-1.176459306155076, 9.666731620531106], "shear_5nN-lj": [-1552.179224397282, 54.55666420944358], "COF": 0.12279474988337162, "shear_25nN-lj": [-1920.3127781838532, 49.99841227202895], "shear_25nN-qq": [33.66557823021583, 13.58424738494022], "shear_15nN-Etotal": [-1790.228083011191, 47.62580685541154]}