{"tilt_bottom": {"25nN": 39.75209369150199, "5nN": 35.42948715570577, "15nN": 38.6548384688369}, "shear_25nN-qq": [-661.1978031734611, 68.44029510626987], "S2_top": {"25nN": 0.9250697689033914, "5nN": 0.9326265739505397, "15nN": 0.9329126110250582}, "shear_5nN-qq": [-706.1465949928057, 70.94773343777808], "shear_15nN-Etotal": [-2972.7270243021585, 101.42408946236405], "S2_bottom": {"25nN": 0.9180873437028091, "5nN": 0.9537351939428015, "15nN": 0.9286966583056843}, "shear_25nN-lj": [-2405.8086466354916, 58.81110788429638], "delta_molecular_weight": 76.0958, "interdigitation": {"25nN": 0.17249073105604237, "5nN": 0.21159097531243376, "15nN": 0.19071029446572407}, "intercept": 2.44799098008823, "avg_dipole_moment": 5.015, "COF": 0.11191828954889105, "shear_25nN-Etotal": [-3067.0064498089528, 99.94357777804562], "tilt_top": {"25nN": 38.46836087442558, "5nN": 33.17066326084093, "15nN": 36.2274329886668}, "status": {"2c94b5722d4b58b7ce37f3237bc894f7-log_interaction_energy_15nN": 1, "2c94b5722d4b58b7ce37f3237bc894f7-calc_tilt_shear": 1, "2c94b5722d4b58b7ce37f3237bc894f7-log_interaction_energy_5nN": 1, "2c94b5722d4b58b7ce37f3237bc894f7-get_interaction_energy_5nN": 1, "2c94b5722d4b58b7ce37f3237bc894f7-log_tilt": 1, "2c94b5722d4b58b7ce37f3237bc894f7-equilibrate_grompp": 1, "2c94b5722d4b58b7ce37f3237bc894f7-calc_friction": 1, "2c94b5722d4b58b7ce37f3237bc894f7-minimize_grompp": 1, "2c94b5722d4b58b7ce37f3237bc894f7-shear_5nN_rerun_grompp": 1, "2c94b5722d4b58b7ce37f3237bc894f7-get_interaction_energy_25nN": 1, "2c94b5722d4b58b7ce37f3237bc894f7-minimize": 1, "2c94b5722d4b58b7ce37f3237bc894f7-shear_5nN_grompp": 1, "2c94b5722d4b58b7ce37f3237bc894f7-calc_S2_shear": 1, "2c94b5722d4b58b7ce37f3237bc894f7-log_cof": 1, "2c94b5722d4b58b7ce37f3237bc894f7-unwrap_shear_15nN": 1, "2c94b5722d4b58b7ce37f3237bc894f7-equilibrate": 1, "2c94b5722d4b58b7ce37f3237bc894f7-shear_15nN_grompp": 1, "2c94b5722d4b58b7ce37f3237bc894f7-shear_25nN_grompp": 1, "2c94b5722d4b58b7ce37f3237bc894f7-unwrap_shear_25nN": 1, "2c94b5722d4b58b7ce37f3237bc894f7-shear_25nN_rerun": 1, "2c94b5722d4b58b7ce37f3237bc894f7-get_interaction_energy_15nN": 1, "2c94b5722d4b58b7ce37f3237bc894f7-initialize": 1, "2c94b5722d4b58b7ce37f3237bc894f7-log_interaction_energy_25nN": 1, "2c94b5722d4b58b7ce37f3237bc894f7-compress": 1, "2c94b5722d4b58b7ce37f3237bc894f7-compress_grompp": 1, "2c94b5722d4b58b7ce37f3237bc894f7-shear_15nN_rerun_grompp": 1, "2c94b5722d4b58b7ce37f3237bc894f7-shear_25nN_rerun_grompp": 1, "2c94b5722d4b58b7ce37f3237bc894f7-calc_interdigitation": 1, "2c94b5722d4b58b7ce37f3237bc894f7-unwrap_shear_5nN": 1, "2c94b5722d4b58b7ce37f3237bc894f7-fix_overlaps": 1, "2c94b5722d4b58b7ce37f3237bc894f7-shear_15nN": 1, "2c94b5722d4b58b7ce37f3237bc894f7-lammps_to_gmx": 1, "2c94b5722d4b58b7ce37f3237bc894f7-top_to_mol2": 1, "2c94b5722d4b58b7ce37f3237bc894f7-shear_5nN_rerun": 1, "2c94b5722d4b58b7ce37f3237bc894f7-shear_15nN_rerun": 1, "2c94b5722d4b58b7ce37f3237bc894f7-shear_25nN": 1, "2c94b5722d4b58b7ce37f3237bc894f7-shear_5nN": 1, "2c94b5722d4b58b7ce37f3237bc894f7-log_S2": 1}, "shear_15nN-qq": [-650.8552672358114, 67.20450915452967], "shear_5nN-Etotal": [-2864.74744780016, 120.47812214821005], "avg_molecular_weight": 84.0534, "delta_dipole_moment": 2.4099999999999997, "shear_15nN-lj": [-2321.871757066347, 59.08939362963777], "shear_5nN-lj": [-2158.600852807354, 70.8900973372003]}