{"avg_dipole_moment": 0.0, "max_dipole_moment": 0.0, "min_dipole_moment": 0.0, "max_molecular_weight": 27.0451, "shear_5nN-qq": [27.928891679456438, 10.74833798564048], "intercept": 0.7806875708606369, "shear_15nN-qq": [71.24675813189448, 12.652434020119951], "min_molecular_weight": 15.0344, "delta_molecular_weight": 12.010700000000002, "ch3-smiles-2": "CC", "chain-smiles-2": "CCCCCCCCCCCCCCCCCC", "tilt_bottom": {"25nN": 40.267598663567746, "5nN": 35.197004860910454, "15nN": 38.399753628522376}, "interdigitation": {"25nN": 0.14989807474343939, "5nN": 0.15031498244064037, "15nN": 0.12760911009713483}, "tilt_top": {"25nN": 39.27693782813266, "5nN": 33.439838119874096, "15nN": 37.28890089840169}, "shear_15nN-lj": [-1474.0536434132694, 45.90139893410699], "h-smiles-1": "C=C", "S2_top": {"25nN": 0.9304604767358052, "5nN": 0.9358929202267159, "15nN": 0.9220804034922584}, "S2_bottom": {"25nN": 0.9560791934308062, "5nN": 0.961969149152462, "15nN": 0.9573960969865184}, "h-smiles-2": "C", "shear_25nN-qq": [105.3375030039968, 14.221379590699257], "COF": 0.1434613848323613, "shear_25nN-lj": [-1580.3847419192646, 49.7335080823041], "ch3-smiles-1": "CC=C", "shear_15nN-Etotal": [-1402.806885281375, 42.97067560250337], "shear_5nN-Etotal": [-1213.4639583908872, 50.07108213875703], "shear_25nN-Etotal": [-1475.0472389152678, 46.48172402975884], "avg_molecular_weight": 21.03975, "shear_5nN-lj": [-1241.392850070344, 51.9375543976929], "delta_dipole_moment": 0.0, "status": {"09d586917e774b0b966a47823aac9a91-minimize": 1, "09d586917e774b0b966a47823aac9a91-shear_25nN_grompp": 1, "09d586917e774b0b966a47823aac9a91-initialize": 1, "09d586917e774b0b966a47823aac9a91-get_interaction_energy_15nN": 1, "09d586917e774b0b966a47823aac9a91-equilibrate": 1, "09d586917e774b0b966a47823aac9a91-compress_grompp": 1, "09d586917e774b0b966a47823aac9a91-shear_15nN_grompp": 1, "09d586917e774b0b966a47823aac9a91-calc_friction": 1, "09d586917e774b0b966a47823aac9a91-log_cof": 1, "09d586917e774b0b966a47823aac9a91-calc_interdigitation": 1, "09d586917e774b0b966a47823aac9a91-unwrap_shear_5nN": 1, "09d586917e774b0b966a47823aac9a91-shear_15nN_rerun": 1, "09d586917e774b0b966a47823aac9a91-fix_overlaps": 1, "09d586917e774b0b966a47823aac9a91-equilibrate_grompp": 1, "09d586917e774b0b966a47823aac9a91-shear_15nN_rerun_grompp": 1, "09d586917e774b0b966a47823aac9a91-shear_25nN": 1, "09d586917e774b0b966a47823aac9a91-shear_25nN_rerun_grompp": 1, "09d586917e774b0b966a47823aac9a91-unwrap_shear_15nN": 1, "09d586917e774b0b966a47823aac9a91-shear_5nN_grompp": 1, "09d586917e774b0b966a47823aac9a91-top_to_mol2": 1, "09d586917e774b0b966a47823aac9a91-log_interaction_energy_15nN": 1, "09d586917e774b0b966a47823aac9a91-shear_5nN_rerun_grompp": 1, "09d586917e774b0b966a47823aac9a91-calc_tilt_shear": 1, "09d586917e774b0b966a47823aac9a91-calc_S2_shear": 1, "09d586917e774b0b966a47823aac9a91-log_tilt": 1, "09d586917e774b0b966a47823aac9a91-log_S2": 1, "09d586917e774b0b966a47823aac9a91-compress": 1, "09d586917e774b0b966a47823aac9a91-shear_5nN_rerun": 1, "09d586917e774b0b966a47823aac9a91-get_interaction_energy_5nN": 1, "09d586917e774b0b966a47823aac9a91-minimize_grompp": 1, "09d586917e774b0b966a47823aac9a91-shear_25nN_rerun": 1, "09d586917e774b0b966a47823aac9a91-shear_5nN": 1, "09d586917e774b0b966a47823aac9a91-log_interaction_energy_25nN": 1, "09d586917e774b0b966a47823aac9a91-log_interaction_energy_5nN": 1, "09d586917e774b0b966a47823aac9a91-shear_15nN": 1, "09d586917e774b0b966a47823aac9a91-unwrap_shear_25nN": 1, "09d586917e774b0b966a47823aac9a91-get_interaction_energy_25nN": 1, "09d586917e774b0b966a47823aac9a91-lammps_to_gmx": 1}, "chain-smiles-1": "CCCCCCCCCCCCCCCCCC=C"}