{"shear_15nN-qq": [-69.83764856195045, 12.984406226440331], "tilt_bottom": {"15nN": 39.01944377879945, "5nN": 35.70752286725998, "25nN": 39.89821088303557}, "delta_molecular_weight": 107.06689999999999, "status": {"624db00ea55178cf6bd63d7a190c64b4-compress_grompp": 1, "624db00ea55178cf6bd63d7a190c64b4-equilibrate": 1, "624db00ea55178cf6bd63d7a190c64b4-get_interaction_energy_5nN": 1, "624db00ea55178cf6bd63d7a190c64b4-log_interaction_energy_5nN": 1, "624db00ea55178cf6bd63d7a190c64b4-shear_5nN_grompp": 1, "624db00ea55178cf6bd63d7a190c64b4-log_interaction_energy_25nN": 1, "624db00ea55178cf6bd63d7a190c64b4-lammps_to_gmx": 1, "624db00ea55178cf6bd63d7a190c64b4-get_interaction_energy_25nN": 1, "624db00ea55178cf6bd63d7a190c64b4-shear_5nN_rerun_grompp": 1, "624db00ea55178cf6bd63d7a190c64b4-shear_25nN_rerun": 1, "624db00ea55178cf6bd63d7a190c64b4-fix_overlaps": 1, "624db00ea55178cf6bd63d7a190c64b4-calc_friction": 1, "624db00ea55178cf6bd63d7a190c64b4-unwrap_shear_5nN": 1, "624db00ea55178cf6bd63d7a190c64b4-shear_25nN_grompp": 1, "624db00ea55178cf6bd63d7a190c64b4-calc_S2_shear": 1, "624db00ea55178cf6bd63d7a190c64b4-calc_interdigitation": 1, "624db00ea55178cf6bd63d7a190c64b4-log_S2": 1, "624db00ea55178cf6bd63d7a190c64b4-shear_15nN_grompp": 1, "624db00ea55178cf6bd63d7a190c64b4-log_tilt": 1, "624db00ea55178cf6bd63d7a190c64b4-unwrap_shear_15nN": 1, "624db00ea55178cf6bd63d7a190c64b4-calc_tilt_shear": 1, "624db00ea55178cf6bd63d7a190c64b4-top_to_mol2": 1, "624db00ea55178cf6bd63d7a190c64b4-unwrap_shear_25nN": 1, "624db00ea55178cf6bd63d7a190c64b4-shear_5nN_rerun": 1, "624db00ea55178cf6bd63d7a190c64b4-log_cof": 1, "624db00ea55178cf6bd63d7a190c64b4-initialize": 1, "624db00ea55178cf6bd63d7a190c64b4-compress": 1, "624db00ea55178cf6bd63d7a190c64b4-shear_5nN": 1, "624db00ea55178cf6bd63d7a190c64b4-shear_25nN_rerun_grompp": 1, "624db00ea55178cf6bd63d7a190c64b4-shear_15nN": 1, "624db00ea55178cf6bd63d7a190c64b4-minimize": 1, "624db00ea55178cf6bd63d7a190c64b4-shear_15nN_rerun_grompp": 1, "624db00ea55178cf6bd63d7a190c64b4-shear_15nN_rerun": 1, "624db00ea55178cf6bd63d7a190c64b4-equilibrate_grompp": 1, "624db00ea55178cf6bd63d7a190c64b4-get_interaction_energy_15nN": 1, "624db00ea55178cf6bd63d7a190c64b4-shear_25nN": 1, "624db00ea55178cf6bd63d7a190c64b4-minimize_grompp": 1, "624db00ea55178cf6bd63d7a190c64b4-log_interaction_energy_15nN": 1}, "interdigitation": {"15nN": 0.13156792738414566, "5nN": 0.14544925963498556, "25nN": 0.15020506468311234}, "intercept": 1.2873918604886025, "delta_dipole_moment": 6.22, "S2_top": {"15nN": 0.9382291979539588, "5nN": 0.9309023678314639, "25nN": 0.9200808153827521}, "shear_25nN-Etotal": [-2060.039891183054, 60.419613414244594], "shear_5nN-Etotal": [-1654.4129652957633, 60.50650087568318], "S2_bottom": {"15nN": 0.9722391322685471, "5nN": 0.9766538615423761, "25nN": 0.9538858565097312}, "avg_molecular_weight": 68.56784999999999, "shear_15nN-lj": [-1822.0134168113507, 50.41364640346127], "tilt_top": {"15nN": 32.819057893586944, "5nN": 30.016441553297764, "25nN": 34.96620342684023}, "avg_dipole_moment": 3.11, "shear_5nN-qq": [-35.05545989768186, 11.555893249617933], "shear_5nN-lj": [-1619.3575053980815, 57.70385732889185], "COF": 0.13197126677049148, "shear_25nN-lj": [-1964.9171481167068, 56.10787069093422], "shear_25nN-qq": [-95.12274306634693, 14.972626459377137], "shear_15nN-Etotal": [-1891.8510653733013, 54.089886126404416]}