{"avg_dipole_moment": 4.125, "max_dipole_moment": 6.22, "min_dipole_moment": 2.03, "max_molecular_weight": 122.1013, "shear_5nN-qq": [-305.5657317338129, 37.817342110301475], "intercept": 2.4218840074877086, "shear_15nN-qq": [-287.76140416227014, 38.21018349605828], "min_molecular_weight": 95.0942, "delta_molecular_weight": 27.007099999999994, "ch3-smiles-2": "CC1=CC=C([N+](=O)[O-])C=C1", "chain-smiles-2": "CCCCCCCCCCCCCCCCCC1=CC=C([N+](=O)[O-])C=C1", "tilt_bottom": {"25nN": 37.95355088296781, "5nN": 33.925823283753, "15nN": 36.49860298871791}, "interdigitation": {"25nN": 0.22948057146559775, "5nN": 0.22100836082313516, "15nN": 0.21567747061321427}, "tilt_top": {"25nN": 37.28639643372106, "5nN": 30.43048711724895, "15nN": 34.625248779460485}, "shear_15nN-lj": [-2071.1813387282173, 58.628336148873096], "h-smiles-1": "C1=CC=C(F)C=C1", "S2_top": {"25nN": 0.9343150831021984, "5nN": 0.9285607419924458, "15nN": 0.9243875543707956}, "S2_bottom": {"25nN": 0.9226542113383038, "5nN": 0.9262947929433318, "15nN": 0.9274006220185804}, "h-smiles-2": "C1=CC=C([N+](=O)[O-])C=C1", "shear_25nN-qq": [-286.98133985291764, 41.32894902687099], "COF": 0.11487211775792111, "shear_25nN-lj": [-2154.0284548737013, 55.63726896861648], "ch3-smiles-1": "CC1=CC=C(F)C=C1", "shear_15nN-Etotal": [-2358.942742890488, 78.16389220618954], "shear_5nN-Etotal": [-2207.90204109992, 81.99557022110159], "shear_25nN-Etotal": [-2441.0097947266186, 73.7224040425705], "avg_molecular_weight": 108.59774999999999, "shear_5nN-lj": [-1902.336309366107, 59.08047668147262], "delta_dipole_moment": 4.1899999999999995, "status": {"77a47db86071228b3ec712811dd24804-unwrap_shear_15nN": 1, "77a47db86071228b3ec712811dd24804-log_S2": 1, "77a47db86071228b3ec712811dd24804-minimize_grompp": 1, "77a47db86071228b3ec712811dd24804-shear_5nN_grompp": 1, "77a47db86071228b3ec712811dd24804-top_to_mol2": 1, "77a47db86071228b3ec712811dd24804-shear_15nN_rerun_grompp": 1, "77a47db86071228b3ec712811dd24804-lammps_to_gmx": 1, "77a47db86071228b3ec712811dd24804-get_interaction_energy_25nN": 1, "77a47db86071228b3ec712811dd24804-shear_15nN_rerun": 1, "77a47db86071228b3ec712811dd24804-calc_friction": 1, "77a47db86071228b3ec712811dd24804-equilibrate": 1, "77a47db86071228b3ec712811dd24804-get_interaction_energy_5nN": 1, "77a47db86071228b3ec712811dd24804-shear_25nN_rerun_grompp": 1, "77a47db86071228b3ec712811dd24804-shear_25nN_grompp": 1, "77a47db86071228b3ec712811dd24804-shear_15nN": 1, "77a47db86071228b3ec712811dd24804-log_interaction_energy_25nN": 1, "77a47db86071228b3ec712811dd24804-equilibrate_grompp": 1, "77a47db86071228b3ec712811dd24804-shear_5nN": 1, "77a47db86071228b3ec712811dd24804-initialize": 1, "77a47db86071228b3ec712811dd24804-log_cof": 1, "77a47db86071228b3ec712811dd24804-compress_grompp": 1, "77a47db86071228b3ec712811dd24804-unwrap_shear_25nN": 1, "77a47db86071228b3ec712811dd24804-shear_25nN": 1, "77a47db86071228b3ec712811dd24804-compress": 1, "77a47db86071228b3ec712811dd24804-shear_15nN_grompp": 1, "77a47db86071228b3ec712811dd24804-calc_S2_shear": 1, "77a47db86071228b3ec712811dd24804-log_tilt": 1, "77a47db86071228b3ec712811dd24804-fix_overlaps": 1, "77a47db86071228b3ec712811dd24804-log_interaction_energy_15nN": 1, "77a47db86071228b3ec712811dd24804-minimize": 1, "77a47db86071228b3ec712811dd24804-shear_5nN_rerun": 1, "77a47db86071228b3ec712811dd24804-shear_25nN_rerun": 1, "77a47db86071228b3ec712811dd24804-calc_tilt_shear": 1, "77a47db86071228b3ec712811dd24804-get_interaction_energy_15nN": 1, "77a47db86071228b3ec712811dd24804-shear_5nN_rerun_grompp": 1, "77a47db86071228b3ec712811dd24804-calc_interdigitation": 1, "77a47db86071228b3ec712811dd24804-log_interaction_energy_5nN": 1, "77a47db86071228b3ec712811dd24804-unwrap_shear_5nN": 1}, "chain-smiles-1": "CCCCCCCCCCCCCCCCCC1=CC=C(F)C=C1"}