{"MR-mean":12.331,"asphericity-mean":0.236686,"balabanj-mean":3.883405,"bertzct-mean":71.860604,"chi0-mean":7.3535535,"chi0n-mean":6.2710705,"chi0v-mean":1.7710705,"chi1-mean":3.4785535,"chi1n-mean":2.8625975,"chi1v-mean":0.6125975,"chi2n-mean":0.2999105,"chi2v-mean":0.2999105,"chi3n-mean":0.0,"chi3v-mean":0.0,"chi4n-mean":0.0,"chi4v-mean":0.0,"e-valence-mean":26.0,"eccentricity-mean":0.646262,"hk-alpha-mean":-0.125,"hk-kappa1-mean":0.8359135,"hk-kappa2-mean":1.420008,"hk-kappa3-mean":138.661848,"ipc-mean":24.3709,"isf-mean":0.040787,"labuteASA-mean":30.231636,"logP-mean":0.9156,"molwt-mean":65.030275,"molwt-hvy-mean":60.5185,"nheavy-mean":4.0,"npr1-mean":0.586399,"npr2-mean":0.9392475,"pbf-mean":0.5448255,"pc+-mean":0.4512365,"pc--mean":-0.4512365,"pmi1-mean":54.736498,"pmi2-mean":75.2325635,"pmi3-mean":79.0039305,"rbonds-mean":1.0,"rg-mean":1.2340075,"rpc+-mean":0.443274,"rpc--mean":0.6666665,"spherocity-mean":0.528936,"tpsa-mean":4.615,"vsa+-mean":19.7204615,"vsa--mean":8.954054,"vsa-fhyd-mean":0.810522,"vsa-fneg-mean":0.304862,"vsa-fpneg-mean":0.0875985,"vsa-fpos-mean":0.695138,"vsa-fppos-mean":0.1018795,"vsa-hyd-mean":23.2179345,"vsa-polar-mean":0.189478,"vsa-polar+-mean":3.0881495,"vsa-polar--mean":2.3684315,"MR-min":11.729,"asphericity-min":0.000983,"balabanj-min":3.746418,"bertzct-min":67.509775,"chi0-min":7.0,"chi0n-min":5.133893,"chi0v-min":1.408248,"chi1-min":3.25,"chi1n-min":2.316947,"chi1v-min":0.408248,"chi2n-min":0.102062,"chi2v-min":0.102062,"chi3n-min":0.0,"chi3v-min":0.0,"chi4n-min":0.0,"chi4v-min":0.0,"e-valence-min":20.0,"eccentricity-min":0.318106,"hk-alpha-min":-0.21,"hk-kappa1-min":0.179464,"hk-kappa2-min":0.880016,"hk-kappa3-min":1.96,"ipc-min":21.306059,"isf-min":0.010145,"labuteASA-min":28.647561,"logP-min":0.2626,"molwt-min":46.041865,"molwt-hvy-min":40.021,"nheavy-min":3.0,"npr1-min":0.224743,"npr2-min":0.895019,"pbf-min":0.516576,"pc+-min":0.387928,"pc--min":-0.514545,"pmi1-min":12.53019,"pmi2-min":49.900392,"pmi3-min":55.753458,"rbonds-min":0.0,"rg-min":1.132557,"rpc+-min":0.136525,"rpc--min":0.333333,"spherocity-min":0.394092,"tpsa-min":0.0,"vsa+-min":17.140467,"vsa--min":4.736863,"vsa-fhyd-min":0.796241,"vsa-fneg-min":0.175197,"vsa-fpneg-min":0.0,"vsa-fpos-min":0.565473,"vsa-fppos-min":0.0,"vsa-hyd-min":22.300456,"vsa-polar-min":0.175197,"vsa-polar+-min":0.0,"vsa-polar--min":0.0,"MR-max":12.933,"asphericity-max":0.472389,"balabanj-max":4.020392,"bertzct-max":76.211433,"chi0-max":7.707107,"chi0n-max":7.408248,"chi0v-max":2.133893,"chi1-max":3.707107,"chi1n-max":3.408248,"chi1v-max":0.816947,"chi2n-max":0.497759,"chi2v-max":0.497759,"chi3n-max":0.0,"chi3v-max":0.0,"chi4n-max":0.0,"chi4v-max":0.0,"e-valence-max":32.0,"eccentricity-max":0.974418,"hk-alpha-max":-0.04,"hk-kappa1-max":1.492363,"hk-kappa2-max":1.96,"hk-kappa3-max":275.363696,"ipc-max":27.435741,"isf-max":0.071429,"labuteASA-max":31.815711,"logP-max":1.5686,"molwt-max":84.018685,"molwt-hvy-max":81.016,"nheavy-max":5.0,"npr1-max":0.948055,"npr2-max":0.983476,"pbf-max":0.573075,"pc+-max":0.514545,"pc--max":-0.387928,"pmi1-max":96.942806,"pmi2-max":100.564735,"pmi3-max":102.254403,"rbonds-max":2.0,"rg-max":1.335458,"rpc+-max":0.750023,"rpc--max":1.0,"spherocity-max":0.66378,"tpsa-max":9.23,"vsa+-max":22.300456,"vsa--max":13.171245,"vsa-fhyd-max":0.824803,"vsa-fneg-max":0.434527,"vsa-fpneg-max":0.175197,"vsa-fpos-max":0.824803,"vsa-fppos-max":0.203759,"vsa-hyd-max":24.135413,"vsa-polar-max":0.203759,"vsa-polar+-max":6.176299,"vsa-polar--max":4.736863,"MR-diff":1.204,"asphericity-diff":0.471406,"balabanj-diff":0.273974,"bertzct-diff":8.701658,"chi0-diff":0.707107,"chi0n-diff":2.274355,"chi0v-diff":0.725645,"chi1-diff":0.457107,"chi1n-diff":1.091301,"chi1v-diff":0.408699,"chi2n-diff":0.395697,"chi2v-diff":0.395697,"chi3n-diff":0.0,"chi3v-diff":0.0,"chi4n-diff":0.0,"chi4v-diff":0.0,"e-valence-diff":12.0,"eccentricity-diff":0.656312,"hk-alpha-diff":0.17,"hk-kappa1-diff":1.312899,"hk-kappa2-diff":1.079984,"hk-kappa3-diff":273.403696,"ipc-diff":6.129682,"isf-diff":0.061284,"labuteASA-diff":3.16815,"logP-diff":1.306,"molwt-diff":37.97682,"molwt-hvy-diff":40.995,"nheavy-diff":2.0,"npr1-diff":0.723312,"npr2-diff":0.088457,"pbf-diff":0.056499,"pc+-diff":0.126617,"pc--diff":0.126617,"pmi1-diff":84.412616,"pmi2-diff":50.664343,"pmi3-diff":46.500945,"rbonds-diff":2.0,"rg-diff":0.202901,"rpc+-diff":0.613498,"rpc--diff":0.666667,"spherocity-diff":0.269688,"tpsa-diff":9.23,"vsa+-diff":5.159989,"vsa--diff":8.434382,"vsa-fhyd-diff":0.028562,"vsa-fneg-diff":0.25933,"vsa-fpneg-diff":0.175197,"vsa-fpos-diff":0.25933,"vsa-fppos-diff":0.203759,"vsa-hyd-diff":1.834957,"vsa-polar-diff":0.028562,"vsa-polar+-diff":6.176299,"vsa-polar--diff":4.736863,"hbonds":0.0}