{"MR-mean":13.76185,"asphericity-mean":0.125496,"balabanj-mean":3.229931,"bertzct-mean":101.9585605,"chi0-mean":6.1933755,"chi0n-mean":5.973607,"chi0v-mean":1.473607,"chi1-mean":3.276709,"chi1n-mean":2.8222135,"chi1v-mean":0.598607,"chi2n-mean":0.292705,"chi2v-mean":0.292705,"chi3n-mean":0.1430535,"chi3v-mean":0.1430535,"chi4n-mean":0.069877,"chi4v-mean":0.069877,"e-valence-mean":17.0,"eccentricity-mean":0.5879755,"hk-alpha-mean":-0.36,"hk-kappa1-mean":0.267341,"hk-kappa2-mean":0.4653995,"hk-kappa3-mean":0.146682,"ipc-mean":88.856153,"isf-mean":0.154469,"labuteASA-mean":26.041303,"logP-mean":0.8254,"molwt-mean":41.5367495,"molwt-hvy-mean":37.031,"nheavy-mean":3.0,"npr1-mean":0.722287,"npr2-mean":0.7389675,"pbf-mean":0.2205785,"pc+-mean":0.2673255,"pc--mean":-0.2673255,"pmi1-mean":28.3198985,"pmi2-mean":29.1739345,"pmi3-mean":55.923989,"rbonds-mean":0.0,"rg-mean":0.914071,"rpc+-mean":0.305828,"rpc--mean":0.9021465,"spherocity-mean":0.4735265,"tpsa-mean":7.895,"vsa+-mean":12.36185,"vsa--mean":12.1963495,"vsa-fhyd-mean":0.931451,"vsa-fneg-mean":0.5210465,"vsa-fpneg-mean":0.068549,"vsa-fpos-mean":0.4789535,"vsa-fppos-mean":0.0,"vsa-hyd-mean":22.069698,"vsa-polar-mean":0.068549,"vsa-polar+-mean":0.0,"vsa-polar--mean":2.4885015,"MR-min":6.731,"asphericity-min":0.000819,"balabanj-min":3.023716,"bertzct-min":19.119415,"chi0-min":4.5,"chi0n-min":4.5,"chi0v-min":0.5,"chi1-min":2.0,"chi1n-min":2.0,"chi1v-min":0.0,"chi2n-min":0.0,"chi2v-min":0.0,"chi3n-min":0.0,"chi3v-min":0.0,"chi4n-min":0.0,"chi4v-min":0.0,"e-valence-min":8.0,"eccentricity-min":0.305588,"hk-alpha-min":-0.72,"hk-kappa1-min":0.0,"hk-kappa2-min":0.0,"hk-kappa3-min":0.0,"ipc-min":3.60964,"isf-min":0.009506,"labuteASA-min":14.359133,"logP-min":0.6361,"molwt-min":16.0313,"molwt-hvy-min":12.011,"nheavy-min":1.0,"npr1-min":0.49241,"npr2-min":0.50759,"pbf-min":0.000008,"pc+-min":0.077558,"pc--min":-0.457093,"pmi1-min":3.240618,"pmi2-min":3.302496,"pmi3-min":3.403425,"rbonds-min":0.0,"rg-min":0.556773,"rpc+-min":0.25,"rpc--min":0.804293,"spherocity-min":0.0,"tpsa-min":0.0,"vsa+-min":5.483034,"vsa--min":7.330859,"vsa-fhyd-min":0.862902,"vsa-fneg-min":0.469991,"vsa-fpneg-min":0.0,"vsa-fpos-min":0.427898,"vsa-fppos-min":0.0,"vsa-hyd-min":12.813893,"vsa-polar-min":0.0,"vsa-polar+-min":0.0,"vsa-polar--min":0.0,"MR-max":20.7927,"asphericity-max":0.250173,"balabanj-max":3.436146,"bertzct-max":184.797706,"chi0-max":7.886751,"chi0n-max":7.447214,"chi0v-max":2.447214,"chi1-max":4.553418,"chi1n-max":3.644427,"chi1v-max":1.197214,"chi2n-max":0.58541,"chi2v-max":0.58541,"chi3n-max":0.286107,"chi3v-max":0.286107,"chi4n-max":0.139754,"chi4v-max":0.139754,"e-valence-max":26.0,"eccentricity-max":0.870363,"hk-alpha-max":0.0,"hk-kappa1-max":0.534682,"hk-kappa2-max":0.930799,"hk-kappa3-max":0.293364,"ipc-max":174.102666,"isf-max":0.299432,"labuteASA-max":37.723473,"logP-max":1.0147,"molwt-max":67.042199,"molwt-hvy-max":62.051,"nheavy-max":5.0,"npr1-max":0.952164,"npr2-max":0.970345,"pbf-max":0.441149,"pc+-max":0.457093,"pc--max":-0.077558,"pmi1-max":53.399179,"pmi2-max":55.045373,"pmi3-max":108.444553,"rbonds-max":0.0,"rg-max":1.271369,"rpc+-max":0.361656,"rpc--max":1.0,"spherocity-max":0.947053,"tpsa-max":15.79,"vsa+-max":19.240666,"vsa--max":17.06184,"vsa-fhyd-max":1.0,"vsa-fneg-max":0.572102,"vsa-fpneg-max":0.137098,"vsa-fpos-max":0.530009,"vsa-fppos-max":0.0,"vsa-hyd-max":31.325503,"vsa-polar-max":0.137098,"vsa-polar+-max":0.0,"vsa-polar--max":4.977003,"MR-diff":14.0617,"asphericity-diff":0.249354,"balabanj-diff":0.41243,"bertzct-diff":165.678291,"chi0-diff":3.386751,"chi0n-diff":2.947214,"chi0v-diff":1.947214,"chi1-diff":2.553418,"chi1n-diff":1.644427,"chi1v-diff":1.197214,"chi2n-diff":0.58541,"chi2v-diff":0.58541,"chi3n-diff":0.286107,"chi3v-diff":0.286107,"chi4n-diff":0.139754,"chi4v-diff":0.139754,"e-valence-diff":18.0,"eccentricity-diff":0.564775,"hk-alpha-diff":0.72,"hk-kappa1-diff":0.534682,"hk-kappa2-diff":0.930799,"hk-kappa3-diff":0.293364,"ipc-diff":170.493026,"isf-diff":0.289926,"labuteASA-diff":23.36434,"logP-diff":0.3786,"molwt-diff":51.010899,"molwt-hvy-diff":50.04,"nheavy-diff":4.0,"npr1-diff":0.459754,"npr2-diff":0.462755,"pbf-diff":0.441141,"pc+-diff":0.379535,"pc--diff":0.379535,"pmi1-diff":50.158561,"pmi2-diff":51.742877,"pmi3-diff":105.041128,"rbonds-diff":0.0,"rg-diff":0.714596,"rpc+-diff":0.111656,"rpc--diff":0.195707,"spherocity-diff":0.947053,"tpsa-diff":15.79,"vsa+-diff":13.757632,"vsa--diff":9.730981,"vsa-fhyd-diff":0.137098,"vsa-fneg-diff":0.102111,"vsa-fpneg-diff":0.137098,"vsa-fpos-diff":0.102111,"vsa-fppos-diff":0.0,"vsa-hyd-diff":18.51161,"vsa-polar-diff":0.137098,"vsa-polar+-diff":0.0,"vsa-polar--diff":4.977003,"hbonds":0.0}