{"shear_15nN-qq": [65.94933250919264, 14.212430925977118], "tilt_bottom": {"15nN": 37.72280040380667, "5nN": 35.72162224801391, "25nN": 39.83594923600707}, "delta_molecular_weight": 51.04670000000001, "status": {"c5f5887e0f89f658e851b3103044365a-shear_15nN_grompp": 1, "c5f5887e0f89f658e851b3103044365a-shear_5nN_grompp": 1, "c5f5887e0f89f658e851b3103044365a-equilibrate_grompp": 1, "c5f5887e0f89f658e851b3103044365a-log_interaction_energy_15nN": 1, "c5f5887e0f89f658e851b3103044365a-minimize": 1, "c5f5887e0f89f658e851b3103044365a-log_S2": 1, "c5f5887e0f89f658e851b3103044365a-fix_overlaps": 1, "c5f5887e0f89f658e851b3103044365a-shear_25nN": 1, "c5f5887e0f89f658e851b3103044365a-shear_15nN": 1, "c5f5887e0f89f658e851b3103044365a-log_interaction_energy_25nN": 1, "c5f5887e0f89f658e851b3103044365a-calc_S2_shear": 1, "c5f5887e0f89f658e851b3103044365a-get_interaction_energy_5nN": 1, "c5f5887e0f89f658e851b3103044365a-unwrap_shear_5nN": 1, "c5f5887e0f89f658e851b3103044365a-shear_5nN": 1, "c5f5887e0f89f658e851b3103044365a-calc_friction": 1, "c5f5887e0f89f658e851b3103044365a-top_to_mol2": 1, "c5f5887e0f89f658e851b3103044365a-shear_5nN_rerun": 1, "c5f5887e0f89f658e851b3103044365a-initialize": 1, "c5f5887e0f89f658e851b3103044365a-get_interaction_energy_15nN": 1, "c5f5887e0f89f658e851b3103044365a-get_interaction_energy_25nN": 1, "c5f5887e0f89f658e851b3103044365a-shear_5nN_rerun_grompp": 1, "c5f5887e0f89f658e851b3103044365a-shear_25nN_rerun": 1, "c5f5887e0f89f658e851b3103044365a-compress_grompp": 1, "c5f5887e0f89f658e851b3103044365a-shear_25nN_grompp": 1, "c5f5887e0f89f658e851b3103044365a-shear_15nN_rerun": 1, "c5f5887e0f89f658e851b3103044365a-log_interaction_energy_5nN": 1, "c5f5887e0f89f658e851b3103044365a-unwrap_shear_15nN": 1, "c5f5887e0f89f658e851b3103044365a-log_tilt": 1, "c5f5887e0f89f658e851b3103044365a-equilibrate": 1, "c5f5887e0f89f658e851b3103044365a-shear_15nN_rerun_grompp": 1, "c5f5887e0f89f658e851b3103044365a-unwrap_shear_25nN": 1, "c5f5887e0f89f658e851b3103044365a-lammps_to_gmx": 1, "c5f5887e0f89f658e851b3103044365a-calc_interdigitation": 1, "c5f5887e0f89f658e851b3103044365a-compress": 1, "c5f5887e0f89f658e851b3103044365a-calc_tilt_shear": 1, "c5f5887e0f89f658e851b3103044365a-log_cof": 1, "c5f5887e0f89f658e851b3103044365a-shear_25nN_rerun_grompp": 1, "c5f5887e0f89f658e851b3103044365a-minimize_grompp": 1}, "interdigitation": {"15nN": 0.1262689285642572, "5nN": 0.10710846614047373, "25nN": 0.12217388852827608}, "intercept": 0.7950205344339545, "delta_dipole_moment": 2.89, "S2_top": {"15nN": 0.9509040161317066, "5nN": 0.9553616331656077, "25nN": 0.9588721466595841}, "shear_25nN-Etotal": [-1652.6268168657075, 53.13337267653149], "shear_5nN-Etotal": [-1357.336053505995, 53.68055698716664], "S2_bottom": {"15nN": 0.9593939731496276, "5nN": 0.9597477379977514, "25nN": 0.9548010937743285}, "avg_molecular_weight": 40.557750000000006, "shear_15nN-lj": [-1624.5535286690647, 48.68657674753245], "tilt_top": {"15nN": 37.38181352059671, "5nN": 34.313669725131135, "25nN": 40.6277003417639}, "avg_dipole_moment": 1.445, "shear_5nN-qq": [21.752133071143085, 16.374758427031896], "shear_5nN-lj": [-1379.0881865771385, 53.2449458469966], "COF": 0.15749954102499983, "shear_25nN-lj": [-1743.2182547889686, 54.1481095012866], "shear_25nN-qq": [90.59143792326141, 16.372576905107575], "shear_15nN-Etotal": [-1558.6041961598721, 49.28867423225058]}