{"interdigitation": {"25nN": 0.12247539974901557, "5nN": 0.1068851700117493, "15nN": 0.12640179318508538}, "shear_25nN-qq": [90.59143792326141, 16.372576905107575], "S2_top": {"25nN": 0.9588721466595841, "5nN": 0.9553616331656077, "15nN": 0.9509040161317066}, "tilt_bottom": {"25nN": 39.83594923600707, "5nN": 35.72162224801391, "15nN": 37.72280040380667}, "shear_15nN-Etotal": [-1558.6041961598721, 49.28867423225058], "S2_bottom": {"25nN": 0.9548010937743285, "5nN": 0.9597477379977514, "15nN": 0.9593939731496276}, "shear_25nN-lj": [-1743.2182547889686, 54.1481095012866], "delta_molecular_weight": 51.04670000000001, "shear_15nN-qq": [65.94933250919264, 14.212430925977118], "avg_dipole_moment": 1.445, "COF": 0.15749954102499983, "shear_25nN-Etotal": [-1652.6268168657075, 53.13337267653149], "tilt_top": {"25nN": 40.6277003417639, "5nN": 34.313669725131135, "15nN": 37.38181352059671}, "status": {"c5f5887e0f89f658e851b3103044365a-lammps_to_gmx": 1, "c5f5887e0f89f658e851b3103044365a-fix_overlaps": 1, "c5f5887e0f89f658e851b3103044365a-shear_25nN_rerun": 1, "c5f5887e0f89f658e851b3103044365a-log_interaction_energy_25nN": 1, "c5f5887e0f89f658e851b3103044365a-shear_5nN_rerun": 1, "c5f5887e0f89f658e851b3103044365a-calc_S2_shear": 1, "c5f5887e0f89f658e851b3103044365a-shear_25nN": 1, "c5f5887e0f89f658e851b3103044365a-log_cof": 1, "c5f5887e0f89f658e851b3103044365a-equilibrate_grompp": 1, "c5f5887e0f89f658e851b3103044365a-unwrap_shear_5nN": 1, "c5f5887e0f89f658e851b3103044365a-log_tilt": 1, "c5f5887e0f89f658e851b3103044365a-shear_25nN_rerun_grompp": 1, "c5f5887e0f89f658e851b3103044365a-shear_5nN_grompp": 1, "c5f5887e0f89f658e851b3103044365a-unwrap_shear_25nN": 1, "c5f5887e0f89f658e851b3103044365a-log_S2": 1, "c5f5887e0f89f658e851b3103044365a-get_interaction_energy_15nN": 1, "c5f5887e0f89f658e851b3103044365a-calc_tilt_shear": 1, "c5f5887e0f89f658e851b3103044365a-shear_5nN_rerun_grompp": 1, "c5f5887e0f89f658e851b3103044365a-calc_interdigitation": 1, "c5f5887e0f89f658e851b3103044365a-shear_15nN_rerun": 1, "c5f5887e0f89f658e851b3103044365a-unwrap_shear_15nN": 1, "c5f5887e0f89f658e851b3103044365a-initialize": 1, "c5f5887e0f89f658e851b3103044365a-shear_15nN_rerun_grompp": 1, "c5f5887e0f89f658e851b3103044365a-compress_grompp": 1, "c5f5887e0f89f658e851b3103044365a-shear_15nN_grompp": 1, "c5f5887e0f89f658e851b3103044365a-shear_25nN_grompp": 1, "c5f5887e0f89f658e851b3103044365a-log_interaction_energy_15nN": 1, "c5f5887e0f89f658e851b3103044365a-get_interaction_energy_5nN": 1, "c5f5887e0f89f658e851b3103044365a-get_interaction_energy_25nN": 1, "c5f5887e0f89f658e851b3103044365a-shear_15nN": 1, "c5f5887e0f89f658e851b3103044365a-log_interaction_energy_5nN": 1, "c5f5887e0f89f658e851b3103044365a-minimize_grompp": 1, "c5f5887e0f89f658e851b3103044365a-top_to_mol2": 1, "c5f5887e0f89f658e851b3103044365a-compress": 1, "c5f5887e0f89f658e851b3103044365a-minimize": 1, "c5f5887e0f89f658e851b3103044365a-calc_friction": 1, "c5f5887e0f89f658e851b3103044365a-equilibrate": 1, "c5f5887e0f89f658e851b3103044365a-shear_5nN": 1}, "intercept": 0.7950205344339545, "shear_5nN-qq": [21.752133071143085, 16.374758427031896], "shear_5nN-Etotal": [-1357.336053505995, 53.68055698716664], "avg_molecular_weight": 40.557750000000006, "delta_dipole_moment": 2.89, "shear_15nN-lj": [-1624.5535286690647, 48.68657674753245], "shear_5nN-lj": [-1379.0881865771385, 53.2449458469966]}