{"MR-mean":12.20325,"asphericity-mean":0.3141995,"balabanj-mean":2.5345695,"bertzct-mean":93.776297,"chi0-mean":5.296929,"chi0n-mean":4.927731,"chi0v-mean":1.427731,"chi1-mean":2.983816,"chi1n-mean":2.230462,"chi1v-mean":0.598607,"chi2n-mean":0.292705,"chi2v-mean":0.292705,"chi3n-mean":0.1430535,"chi3v-mean":0.1430535,"chi4n-mean":0.069877,"chi4v-mean":0.069877,"e-valence-mean":17.0,"eccentricity-mean":0.9144085,"hk-alpha-mean":-0.38,"hk-kappa1-mean":0.267541,"hk-kappa2-mean":-13.0546005,"hk-kappa3-mean":-51.873318,"ipc-mean":88.428777,"isf-mean":0.632303,"labuteASA-mean":23.777993,"logP-mean":0.095,"molwt-mean":42.526382,"molwt-hvy-mean":39.025,"nheavy-mean":3.0,"npr1-mean":0.390731,"npr2-mean":0.609269,"pbf-mean":0.000003,"pc+-mean":0.4343015,"pc--mean":-0.4343015,"pmi1-mean":26.8259135,"pmi2-mean":28.5283675,"pmi3-mean":55.354281,"rbonds-mean":0.0,"rg-mean":0.79986,"rpc+-mean":0.430828,"rpc--mean":0.9021465,"spherocity-mean":0.0,"tpsa-mean":23.645,"vsa+-mean":11.0515325,"vsa--mean":11.2712965,"vsa-fhyd-mean":0.431451,"vsa-fneg-mean":0.5634535,"vsa-fpneg-mean":0.397007,"vsa-fpos-mean":0.4365465,"vsa-fppos-mean":0.171542,"vsa-hyd-mean":15.6627515,"vsa-polar-mean":0.568549,"vsa-polar+-mean":1.4311995,"vsa-polar--mean":5.228878,"MR-min":3.6138,"asphericity-min":0.250433,"balabanj-min":1.632993,"bertzct-min":2.754888,"chi0-min":2.707107,"chi0n-min":2.408248,"chi0v-min":0.408248,"chi1-min":1.414214,"chi1n-min":0.816497,"chi1v-min":0.0,"chi2n-min":0.0,"chi2v-min":0.0,"chi3n-min":0.0,"chi3v-min":0.0,"chi4n-min":0.0,"chi4v-min":0.0,"e-valence-min":8.0,"eccentricity-min":0.872848,"hk-alpha-min":-0.72,"hk-kappa1-min":0.0004,"hk-kappa2-min":-27.04,"hk-kappa3-min":-104.04,"ipc-min":2.754888,"isf-min":0.009644,"labuteASA-min":9.832513,"logP-min":-0.8247,"molwt-min":18.010565,"molwt-hvy-min":15.999,"nheavy-min":1.0,"npr1-min":0.293469,"npr2-min":0.512007,"pbf-min":0.0,"pc+-min":0.41151,"pc--min":-0.457093,"pmi1-min":0.56299,"pmi2-min":1.355409,"pmi3-min":1.918399,"rbonds-min":0.0,"rg-min":0.326326,"rpc+-min":0.361656,"rpc--min":0.804293,"spherocity-min":0.0,"tpsa-min":15.79,"vsa+-min":2.862399,"vsa--min":5.480753,"vsa-fhyd-min":0.0,"vsa-fneg-min":0.469991,"vsa-fpneg-min":0.137098,"vsa-fpos-min":0.343084,"vsa-fppos-min":0.0,"vsa-hyd-min":0.0,"vsa-polar-min":0.137098,"vsa-polar+-min":0.0,"vsa-polar--min":4.977003,"MR-max":20.7927,"asphericity-max":0.377966,"balabanj-max":3.436146,"bertzct-max":184.797706,"chi0-max":7.886751,"chi0n-max":7.447214,"chi0v-max":2.447214,"chi1-max":4.553418,"chi1n-max":3.644427,"chi1v-max":1.197214,"chi2n-max":0.58541,"chi2v-max":0.58541,"chi3n-max":0.286107,"chi3v-max":0.286107,"chi4n-max":0.139754,"chi4v-max":0.139754,"e-valence-max":26.0,"eccentricity-max":0.955969,"hk-alpha-max":-0.04,"hk-kappa1-max":0.534682,"hk-kappa2-max":0.930799,"hk-kappa3-max":0.293364,"ipc-max":174.102666,"isf-max":1.254962,"labuteASA-max":37.723473,"logP-max":1.0147,"molwt-max":67.042199,"molwt-hvy-max":62.051,"nheavy-max":5.0,"npr1-max":0.487993,"npr2-max":0.706531,"pbf-max":0.000006,"pc+-max":0.457093,"pc--max":-0.41151,"pmi1-max":53.088837,"pmi2-max":55.701326,"pmi3-max":108.790163,"rbonds-max":0.0,"rg-max":1.273394,"rpc+-max":0.5,"rpc--max":1.0,"spherocity-max":0.0,"tpsa-max":31.5,"vsa+-max":19.240666,"vsa--max":17.06184,"vsa-fhyd-max":0.862902,"vsa-fneg-max":0.656916,"vsa-fpneg-max":0.656916,"vsa-fpos-max":0.530009,"vsa-fppos-max":0.343084,"vsa-hyd-max":31.325503,"vsa-polar-max":1.0,"vsa-polar+-max":2.862399,"vsa-polar--max":5.480753,"MR-diff":17.1789,"asphericity-diff":0.127533,"balabanj-diff":1.803153,"bertzct-diff":182.042818,"chi0-diff":5.179644,"chi0n-diff":5.038966,"chi0v-diff":2.038966,"chi1-diff":3.139204,"chi1n-diff":2.82793,"chi1v-diff":1.197214,"chi2n-diff":0.58541,"chi2v-diff":0.58541,"chi3n-diff":0.286107,"chi3v-diff":0.286107,"chi4n-diff":0.139754,"chi4v-diff":0.139754,"e-valence-diff":18.0,"eccentricity-diff":0.083121,"hk-alpha-diff":0.68,"hk-kappa1-diff":0.534282,"hk-kappa2-diff":27.970799,"hk-kappa3-diff":104.333364,"ipc-diff":171.347778,"isf-diff":1.245318,"labuteASA-diff":27.89096,"logP-diff":1.8394,"molwt-diff":49.031634,"molwt-hvy-diff":46.052,"nheavy-diff":4.0,"npr1-diff":0.194524,"npr2-diff":0.194524,"pbf-diff":0.000006,"pc+-diff":0.045583,"pc--diff":0.045583,"pmi1-diff":52.525847,"pmi2-diff":54.345917,"pmi3-diff":106.871764,"rbonds-diff":0.0,"rg-diff":0.947068,"rpc+-diff":0.138344,"rpc--diff":0.195707,"spherocity-diff":0.0,"tpsa-diff":15.71,"vsa+-diff":16.378267,"vsa--diff":11.581087,"vsa-fhyd-diff":0.862902,"vsa-fneg-diff":0.186925,"vsa-fpneg-diff":0.519818,"vsa-fpos-diff":0.186925,"vsa-fppos-diff":0.343084,"vsa-hyd-diff":31.325503,"vsa-polar-diff":0.862902,"vsa-polar+-diff":2.862399,"vsa-polar--diff":0.50375,"hbonds":1.0}