{"avg_dipole_moment": 0.94, "max_dipole_moment": 1.88, "min_dipole_moment": 0.0, "max_molecular_weight": 27.0451, "shear_5nN-qq": [-66.71548715827338, 24.13608763811326], "intercept": 0.9126531501434338, "shear_15nN-qq": [-45.31914577138289, 27.14459075246579], "min_molecular_weight": 17.0073, "delta_molecular_weight": 10.0378, "ch3-smiles-2": "CO", "chain-smiles-2": "CCCCCCCCCCCCCCCCCO", "tilt_bottom": {"25nN": 40.584388094748824, "5nN": 36.39937363788868, "15nN": 38.43164415700978}, "interdigitation": {"25nN": 0.12554539641023935, "5nN": 0.10941595970143854, "15nN": 0.12033369183215432}, "tilt_top": {"25nN": 39.370352256450275, "5nN": 34.89272167336466, "15nN": 37.750754477903634}, "shear_15nN-lj": [-1554.3679464484412, 46.40767627308626], "h-smiles-1": "C=C", "S2_top": {"25nN": 0.9212615092383666, "5nN": 0.9390502354417987, "15nN": 0.9418184648836317}, "S2_bottom": {"25nN": 0.9587950645646764, "5nN": 0.9724323418727099, "15nN": 0.9603929552051738}, "h-smiles-2": "O", "shear_25nN-qq": [-33.97891911350919, 27.663054018076078], "COF": 0.13800591733044562, "shear_25nN-lj": [-1655.7274156179058, 48.146388422351095], "ch3-smiles-1": "CC=C", "shear_15nN-Etotal": [-1599.687092219824, 53.98069806411105], "shear_5nN-Etotal": [-1406.5577051726618, 56.63113235693475], "shear_25nN-Etotal": [-1689.706334731415, 54.14424605397118], "avg_molecular_weight": 22.026200000000003, "shear_5nN-lj": [-1339.8422180143887, 50.44296346170479], "delta_dipole_moment": 1.88, "status": {"ff83878e88e7467ed8c0f464bf3a2a4b-minimize": 1, "ff83878e88e7467ed8c0f464bf3a2a4b-calc_interdigitation": 1, "ff83878e88e7467ed8c0f464bf3a2a4b-shear_15nN_rerun_grompp": 1, "ff83878e88e7467ed8c0f464bf3a2a4b-top_to_mol2": 1, "ff83878e88e7467ed8c0f464bf3a2a4b-unwrap_shear_15nN": 1, "ff83878e88e7467ed8c0f464bf3a2a4b-unwrap_shear_5nN": 1, "ff83878e88e7467ed8c0f464bf3a2a4b-shear_15nN_rerun": 1, "ff83878e88e7467ed8c0f464bf3a2a4b-fix_overlaps": 1, "ff83878e88e7467ed8c0f464bf3a2a4b-shear_15nN": 1, "ff83878e88e7467ed8c0f464bf3a2a4b-shear_5nN_grompp": 1, "ff83878e88e7467ed8c0f464bf3a2a4b-calc_friction": 1, "ff83878e88e7467ed8c0f464bf3a2a4b-shear_5nN_rerun": 1, "ff83878e88e7467ed8c0f464bf3a2a4b-compress": 1, "ff83878e88e7467ed8c0f464bf3a2a4b-log_interaction_energy_5nN": 1, "ff83878e88e7467ed8c0f464bf3a2a4b-shear_25nN_rerun": 1, "ff83878e88e7467ed8c0f464bf3a2a4b-shear_25nN": 1, "ff83878e88e7467ed8c0f464bf3a2a4b-calc_S2_shear": 1, "ff83878e88e7467ed8c0f464bf3a2a4b-equilibrate_grompp": 1, "ff83878e88e7467ed8c0f464bf3a2a4b-get_interaction_energy_5nN": 1, "ff83878e88e7467ed8c0f464bf3a2a4b-lammps_to_gmx": 1, "ff83878e88e7467ed8c0f464bf3a2a4b-log_interaction_energy_25nN": 1, "ff83878e88e7467ed8c0f464bf3a2a4b-shear_5nN_rerun_grompp": 1, "ff83878e88e7467ed8c0f464bf3a2a4b-get_interaction_energy_15nN": 1, "ff83878e88e7467ed8c0f464bf3a2a4b-log_S2": 1, "ff83878e88e7467ed8c0f464bf3a2a4b-calc_tilt_shear": 1, "ff83878e88e7467ed8c0f464bf3a2a4b-equilibrate": 1, "ff83878e88e7467ed8c0f464bf3a2a4b-shear_15nN_grompp": 1, "ff83878e88e7467ed8c0f464bf3a2a4b-log_interaction_energy_15nN": 1, "ff83878e88e7467ed8c0f464bf3a2a4b-get_interaction_energy_25nN": 1, "ff83878e88e7467ed8c0f464bf3a2a4b-log_tilt": 1, "ff83878e88e7467ed8c0f464bf3a2a4b-shear_5nN": 1, "ff83878e88e7467ed8c0f464bf3a2a4b-shear_25nN_rerun_grompp": 1, "ff83878e88e7467ed8c0f464bf3a2a4b-minimize_grompp": 1, "ff83878e88e7467ed8c0f464bf3a2a4b-compress_grompp": 1, "ff83878e88e7467ed8c0f464bf3a2a4b-log_cof": 1, "ff83878e88e7467ed8c0f464bf3a2a4b-count_hydrogen_bonds": 1, "ff83878e88e7467ed8c0f464bf3a2a4b-shear_25nN_grompp": 1, "ff83878e88e7467ed8c0f464bf3a2a4b-unwrap_shear_25nN": 1, "ff83878e88e7467ed8c0f464bf3a2a4b-initialize": 1}, "chain-smiles-1": "CCCCCCCCCCCCCCCCCC=C"}