{"tilt_bottom": {"25nN": 40.86714384897357, "5nN": 36.24060119945851, "15nN": 39.432683756319946}, "shear_25nN-qq": [-1403.669499368505, 97.59910635853247], "S2_top": {"25nN": 0.9516271093459184, "5nN": 0.9725401803457628, "15nN": 0.9660330507741212}, "shear_5nN-qq": [-1239.271304868905, 95.69011657180897], "shear_15nN-Etotal": [-3194.482583647482, 118.31703496914571], "status": {"5a6ec93c9f3d30f6d422141b141eccc6-compress": 1, "5a6ec93c9f3d30f6d422141b141eccc6-log_interaction_energy_15nN": 1, "5a6ec93c9f3d30f6d422141b141eccc6-shear_25nN_grompp": 1, "5a6ec93c9f3d30f6d422141b141eccc6-minimize_grompp": 1, "5a6ec93c9f3d30f6d422141b141eccc6-log_interaction_energy_5nN": 1, "5a6ec93c9f3d30f6d422141b141eccc6-get_interaction_energy_25nN": 1, "5a6ec93c9f3d30f6d422141b141eccc6-equilibrate_grompp": 1, "5a6ec93c9f3d30f6d422141b141eccc6-calc_friction": 1, "5a6ec93c9f3d30f6d422141b141eccc6-shear_5nN_rerun": 1, "5a6ec93c9f3d30f6d422141b141eccc6-count_hydrogen_bonds": 1, "5a6ec93c9f3d30f6d422141b141eccc6-top_to_mol2": 1, "5a6ec93c9f3d30f6d422141b141eccc6-shear_25nN_rerun_grompp": 1, "5a6ec93c9f3d30f6d422141b141eccc6-minimize": 1, "5a6ec93c9f3d30f6d422141b141eccc6-shear_25nN": 1, "5a6ec93c9f3d30f6d422141b141eccc6-unwrap_shear_25nN": 1, "5a6ec93c9f3d30f6d422141b141eccc6-get_interaction_energy_5nN": 1, "5a6ec93c9f3d30f6d422141b141eccc6-compress_grompp": 1, "5a6ec93c9f3d30f6d422141b141eccc6-initialize": 1, "5a6ec93c9f3d30f6d422141b141eccc6-shear_15nN_rerun_grompp": 1, "5a6ec93c9f3d30f6d422141b141eccc6-shear_15nN_rerun": 1, "5a6ec93c9f3d30f6d422141b141eccc6-shear_5nN": 1, "5a6ec93c9f3d30f6d422141b141eccc6-log_cof": 1, "5a6ec93c9f3d30f6d422141b141eccc6-shear_25nN_rerun": 1, "5a6ec93c9f3d30f6d422141b141eccc6-shear_15nN": 1, "5a6ec93c9f3d30f6d422141b141eccc6-fix_overlaps": 1, "5a6ec93c9f3d30f6d422141b141eccc6-log_tilt": 1, "5a6ec93c9f3d30f6d422141b141eccc6-get_interaction_energy_15nN": 1, "5a6ec93c9f3d30f6d422141b141eccc6-shear_5nN_grompp": 1, "5a6ec93c9f3d30f6d422141b141eccc6-unwrap_shear_15nN": 1, "5a6ec93c9f3d30f6d422141b141eccc6-calc_S2_shear": 1, "5a6ec93c9f3d30f6d422141b141eccc6-log_S2": 1, "5a6ec93c9f3d30f6d422141b141eccc6-shear_15nN_grompp": 1, "5a6ec93c9f3d30f6d422141b141eccc6-equilibrate": 1, "5a6ec93c9f3d30f6d422141b141eccc6-lammps_to_gmx": 1, "5a6ec93c9f3d30f6d422141b141eccc6-shear_5nN_rerun_grompp": 1, "5a6ec93c9f3d30f6d422141b141eccc6-unwrap_shear_5nN": 1, "5a6ec93c9f3d30f6d422141b141eccc6-calc_tilt_shear": 1, "5a6ec93c9f3d30f6d422141b141eccc6-calc_interdigitation": 1, "5a6ec93c9f3d30f6d422141b141eccc6-log_interaction_energy_25nN": 1}, "shear_25nN-lj": [-1901.784331697842, 57.28918514827817], "delta_molecular_weight": 28.998199999999997, "shear_15nN-qq": [-1362.5839759824141, 94.73945549977218], "avg_dipole_moment": 2.8449999999999998, "COF": 0.14674787468330014, "shear_25nN-Etotal": [-3305.4538310663465, 117.69576539153199], "tilt_top": {"25nN": 41.41088652884691, "5nN": 36.056894741954004, "15nN": 38.57446711355577}, "S2_bottom": {"25nN": 0.9653872171671395, "5nN": 0.9684813261620322, "15nN": 0.9693962112497618}, "intercept": 2.5476085421058845, "shear_5nN-Etotal": [-2900.3987288081535, 121.19048976058642], "avg_molecular_weight": 31.5064, "delta_dipole_moment": 1.9300000000000002, "shear_15nN-lj": [-1831.8986076650676, 56.36803254216597], "shear_5nN-lj": [-1661.1274239392485, 55.99348875939216]}