{"tilt_bottom": {"25nN": 40.45369177689809, "5nN": 35.711259098679704, "15nN": 37.29882680859338}, "shear_25nN-qq": [-37.377197276578734, 19.795324580837452], "S2_top": {"25nN": 0.9453888973218322, "5nN": 0.9541449767326506, "15nN": 0.9386881046521026}, "shear_5nN-qq": [-18.767223899280573, 13.64096764304946], "shear_15nN-Etotal": [-1375.600877792166, 55.438071885026375], "S2_bottom": {"25nN": 0.9601580954278524, "5nN": 0.9707503498416081, "15nN": 0.9544809927869398}, "shear_25nN-lj": [-1454.1291819080736, 49.493733491539466], "delta_molecular_weight": 37.9721, "intercept": 0.5005650361833753, "avg_dipole_moment": 1.8849999999999998, "COF": 0.17331501782374426, "shear_25nN-Etotal": [-1491.5063791846521, 54.03687445941737], "tilt_top": {"25nN": 39.56606821822065, "5nN": 34.048863547052726, "15nN": 38.09696190398843}, "status": {"c9992293ee7bd08a1c49e0a37a2fda1d-shear_5nN_rerun_grompp": 1, "c9992293ee7bd08a1c49e0a37a2fda1d-top_to_mol2": 1, "c9992293ee7bd08a1c49e0a37a2fda1d-compress": 1, "c9992293ee7bd08a1c49e0a37a2fda1d-log_interaction_energy_15nN": 1, "c9992293ee7bd08a1c49e0a37a2fda1d-shear_15nN_rerun": 1, "c9992293ee7bd08a1c49e0a37a2fda1d-shear_25nN_grompp": 1, "c9992293ee7bd08a1c49e0a37a2fda1d-minimize_grompp": 1, "c9992293ee7bd08a1c49e0a37a2fda1d-shear_15nN_rerun_grompp": 1, "c9992293ee7bd08a1c49e0a37a2fda1d-lammps_to_gmx": 1, "c9992293ee7bd08a1c49e0a37a2fda1d-log_S2": 1, "c9992293ee7bd08a1c49e0a37a2fda1d-fix_overlaps": 1, "c9992293ee7bd08a1c49e0a37a2fda1d-initialize": 1, "c9992293ee7bd08a1c49e0a37a2fda1d-log_cof": 1, "c9992293ee7bd08a1c49e0a37a2fda1d-unwrap_shear_15nN": 1, "c9992293ee7bd08a1c49e0a37a2fda1d-unwrap_shear_25nN": 1, "c9992293ee7bd08a1c49e0a37a2fda1d-shear_25nN_rerun": 1, "c9992293ee7bd08a1c49e0a37a2fda1d-get_interaction_energy_5nN": 1, "c9992293ee7bd08a1c49e0a37a2fda1d-get_interaction_energy_25nN": 1, "c9992293ee7bd08a1c49e0a37a2fda1d-calc_tilt_shear": 1, "c9992293ee7bd08a1c49e0a37a2fda1d-log_tilt": 1, "c9992293ee7bd08a1c49e0a37a2fda1d-shear_25nN": 1, "c9992293ee7bd08a1c49e0a37a2fda1d-compress_grompp": 1, "c9992293ee7bd08a1c49e0a37a2fda1d-shear_15nN_grompp": 1, "c9992293ee7bd08a1c49e0a37a2fda1d-shear_15nN": 1, "c9992293ee7bd08a1c49e0a37a2fda1d-calc_interdigitation": 1, "c9992293ee7bd08a1c49e0a37a2fda1d-shear_5nN_grompp": 1, "c9992293ee7bd08a1c49e0a37a2fda1d-get_interaction_energy_15nN": 1, "c9992293ee7bd08a1c49e0a37a2fda1d-calc_friction": 1, "c9992293ee7bd08a1c49e0a37a2fda1d-shear_25nN_rerun_grompp": 1, "c9992293ee7bd08a1c49e0a37a2fda1d-minimize": 1, "c9992293ee7bd08a1c49e0a37a2fda1d-calc_S2_shear": 1, "c9992293ee7bd08a1c49e0a37a2fda1d-unwrap_shear_5nN": 1, "c9992293ee7bd08a1c49e0a37a2fda1d-shear_5nN_rerun": 1, "c9992293ee7bd08a1c49e0a37a2fda1d-equilibrate": 1, "c9992293ee7bd08a1c49e0a37a2fda1d-shear_5nN": 1, "c9992293ee7bd08a1c49e0a37a2fda1d-log_interaction_energy_5nN": 1, "c9992293ee7bd08a1c49e0a37a2fda1d-equilibrate_grompp": 1, "c9992293ee7bd08a1c49e0a37a2fda1d-log_interaction_energy_25nN": 1}, "shear_15nN-qq": [-25.731011761790565, 16.85387674290358], "shear_5nN-Etotal": [-1131.982830816147, 50.98788639571489], "avg_molecular_weight": 50.01985, "delta_dipole_moment": 0.4099999999999999, "shear_15nN-lj": [-1349.8698660303755, 50.16501430101308], "shear_5nN-lj": [-1113.2156069168666, 47.33467205743501]}