{"MR-mean":21.454,"asphericity-mean":0.1787175,"balabanj-mean":3.850564,"bertzct-mean":221.4682955,"chi0-mean":9.482051,"chi0n-mean":8.3169465,"chi0v-mean":2.8169465,"chi1-mean":4.962713,"chi1n-mean":4.0334735,"chi1v-mean":1.2834735,"chi2n-mean":0.7488795,"chi2v-mean":0.7488795,"chi3n-mean":0.25,"chi3v-mean":0.25,"chi4n-mean":0.125,"chi4v-mean":0.125,"e-valence-mean":34.0,"eccentricity-mean":0.658811,"hk-alpha-mean":-0.495,"hk-kappa1-mean":1.1652665,"hk-kappa2-mean":1.331651,"hk-kappa3-mean":138.20098,"ipc-mean":628.571741,"isf-mean":0.0089965,"labuteASA-mean":43.42591,"logP-mean":1.78181,"molwt-mean":88.0406425,"molwt-hvy-mean":82.5465,"nheavy-mean":6.0,"npr1-mean":0.619907,"npr2-mean":0.834102,"pbf-mean":0.347355,"pc+-mean":0.455182,"pc--mean":-0.455182,"pmi1-mean":92.2303045,"pmi2-mean":149.855849,"pmi3-mean":193.915147,"rbonds-mean":0.5,"rg-mean":1.5490995,"rpc+-mean":0.4540245,"rpc--mean":0.2452995,"spherocity-mean":0.3665095,"tpsa-mean":0.0,"vsa+-mean":14.053268,"vsa--mean":27.899341,"vsa-fhyd-mean":0.8981205,"vsa-fneg-mean":0.6149555,"vsa-fpneg-mean":0.0,"vsa-fpos-mean":0.3850445,"vsa-fppos-mean":0.1018795,"vsa-hyd-mean":38.8644595,"vsa-polar-mean":0.1018795,"vsa-polar+-mean":3.0881495,"vsa-polar--mean":0.0,"MR-min":11.729,"asphericity-min":0.001736,"balabanj-min":3.680736,"bertzct-min":67.509775,"chi0-min":7.0,"chi0n-min":5.133893,"chi0v-min":2.133893,"chi1-min":3.25,"chi1n-min":2.316947,"chi1v-min":0.816947,"chi2n-min":0.497759,"chi2v-min":0.497759,"chi3n-min":0.0,"chi3v-min":0.0,"chi4n-min":0.0,"chi4v-min":0.0,"e-valence-min":32.0,"eccentricity-min":0.366717,"hk-alpha-min":-0.78,"hk-kappa1-min":0.83817,"hk-kappa2-min":0.880016,"hk-kappa3-min":1.038264,"ipc-min":21.306059,"isf-min":0.007988,"labuteASA-min":31.815711,"logP-min":1.5686,"molwt-min":84.018685,"molwt-hvy-min":81.016,"nheavy-min":5.0,"npr1-min":0.309482,"npr2-min":0.702192,"pbf-min":0.139148,"pc+-min":0.395819,"pc--min":-0.514545,"pmi1-min":87.907161,"pmi2-min":100.256459,"pmi3-min":103.783815,"rbonds-min":0.0,"rg-min":1.33731,"rpc+-min":0.158026,"rpc--min":0.157266,"spherocity-min":0.062803,"tpsa-min":0.0,"vsa+-min":10.966069,"vsa--min":13.171245,"vsa-fhyd-min":0.796241,"vsa-fneg-min":0.434527,"vsa-fpneg-min":0.0,"vsa-fpos-min":0.204616,"vsa-fppos-min":0.0,"vsa-hyd-min":24.135413,"vsa-polar-min":0.0,"vsa-polar+-min":0.0,"vsa-polar--min":0.0,"MR-max":31.179,"asphericity-max":0.355699,"balabanj-max":4.020392,"bertzct-max":375.426816,"chi0-max":11.964102,"chi0n-max":11.5,"chi0v-max":3.5,"chi1-max":6.675426,"chi1n-max":5.75,"chi1v-max":1.75,"chi2n-max":1.0,"chi2v-max":1.0,"chi3n-max":0.5,"chi3v-max":0.5,"chi4n-max":0.25,"chi4v-max":0.25,"e-valence-max":36.0,"eccentricity-max":0.950905,"hk-alpha-max":-0.21,"hk-kappa1-max":1.492363,"hk-kappa2-max":1.783286,"hk-kappa3-max":275.363696,"ipc-max":1235.837423,"isf-max":0.010005,"labuteASA-max":55.036109,"logP-max":1.99502,"molwt-max":92.0626,"molwt-hvy-max":84.077,"nheavy-max":7.0,"npr1-max":0.930332,"npr2-max":0.966012,"pbf-max":0.555562,"pc+-max":0.514545,"pc--max":-0.395819,"pmi1-max":96.553448,"pmi2-max":199.455239,"pmi3-max":284.046479,"rbonds-max":1.0,"rg-max":1.760889,"rpc+-max":0.750023,"rpc--max":0.333333,"spherocity-max":0.670216,"tpsa-max":0.0,"vsa+-max":17.140467,"vsa--max":42.627437,"vsa-fhyd-max":1.0,"vsa-fneg-max":0.795384,"vsa-fpneg-max":0.0,"vsa-fpos-max":0.565473,"vsa-fppos-max":0.203759,"vsa-hyd-max":53.593506,"vsa-polar-max":0.203759,"vsa-polar+-max":6.176299,"vsa-polar--max":0.0,"MR-diff":19.45,"asphericity-diff":0.353963,"balabanj-diff":0.339656,"bertzct-diff":307.917041,"chi0-diff":4.964102,"chi0n-diff":6.366107,"chi0v-diff":1.366107,"chi1-diff":3.425426,"chi1n-diff":3.433053,"chi1v-diff":0.933053,"chi2n-diff":0.502241,"chi2v-diff":0.502241,"chi3n-diff":0.5,"chi3v-diff":0.5,"chi4n-diff":0.25,"chi4v-diff":0.25,"e-valence-diff":4.0,"eccentricity-diff":0.584188,"hk-alpha-diff":0.57,"hk-kappa1-diff":0.654193,"hk-kappa2-diff":0.90327,"hk-kappa3-diff":274.325432,"ipc-diff":1214.531364,"isf-diff":0.002017,"labuteASA-diff":23.220398,"logP-diff":0.42642,"molwt-diff":8.043915,"molwt-hvy-diff":3.061,"nheavy-diff":2.0,"npr1-diff":0.62085,"npr2-diff":0.26382,"pbf-diff":0.416414,"pc+-diff":0.118726,"pc--diff":0.118726,"pmi1-diff":8.646287,"pmi2-diff":99.19878,"pmi3-diff":180.262664,"rbonds-diff":1.0,"rg-diff":0.423579,"rpc+-diff":0.591997,"rpc--diff":0.176067,"spherocity-diff":0.607413,"tpsa-diff":0.0,"vsa+-diff":6.174398,"vsa--diff":29.456192,"vsa-fhyd-diff":0.203759,"vsa-fneg-diff":0.360857,"vsa-fpneg-diff":0.0,"vsa-fpos-diff":0.360857,"vsa-fppos-diff":0.203759,"vsa-hyd-diff":29.458093,"vsa-polar-diff":0.203759,"vsa-polar+-diff":6.176299,"vsa-polar--diff":0.0,"hbonds":0.0}