{"avg_dipole_moment": 1.045, "max_dipole_moment": 2.09, "min_dipole_moment": 0.0, "max_molecular_weight": 77.1037, "shear_5nN-qq": [10.331063537969623, 12.03270975443474], "intercept": 0.8606834370434298, "shear_15nN-qq": [45.85331551878497, 14.371659555819509], "min_molecular_weight": 69.0059, "delta_molecular_weight": 8.097800000000007, "ch3-smiles-2": "CC1=CC=CC=C1", "chain-smiles-2": "CCCCCCCCCCCCCCCCCC1=CC=CC=C1", "tilt_bottom": {"25nN": 40.55863666370979, "5nN": 34.03680697249693, "15nN": 37.07566470175244}, "interdigitation": {"25nN": 0.14143326529924471, "5nN": 0.14066226281552482, "15nN": 0.11457517450396099}, "tilt_top": {"25nN": 39.43662246764565, "5nN": 35.03456667519324, "15nN": 38.82086583644838}, "shear_15nN-lj": [-1431.4763112326139, 48.55535414904129], "h-smiles-1": "C(F)(F)F", "S2_top": {"25nN": 0.9701990509633104, "5nN": 0.9702606602450118, "15nN": 0.980636526505852}, "S2_bottom": {"25nN": 0.947575860887487, "5nN": 0.9442585143010024, "15nN": 0.9240666779982926}, "h-smiles-2": "C1=CC=CC=C1", "shear_25nN-qq": [63.06337489288569, 14.112729345438462], "COF": 0.143663035436777, "shear_25nN-lj": [-1524.558050418865, 47.616291723213365], "ch3-smiles-1": "CC(F)(F)F", "shear_15nN-Etotal": [-1385.6229957138287, 48.29596513732737], "shear_5nN-Etotal": [-1212.668108008793, 53.833416370633216], "shear_25nN-Etotal": [-1461.4946755259793, 48.86458613471775], "avg_molecular_weight": 73.0548, "shear_5nN-lj": [-1222.9991715467625, 51.78615429548495], "delta_dipole_moment": 2.09, "status": {"372d1fc868fcf2a3e1439dba88194f8f-shear_5nN_rerun": 1, "372d1fc868fcf2a3e1439dba88194f8f-equilibrate_grompp": 1, "372d1fc868fcf2a3e1439dba88194f8f-compress": 1, "372d1fc868fcf2a3e1439dba88194f8f-shear_25nN_grompp": 1, "372d1fc868fcf2a3e1439dba88194f8f-minimize": 1, "372d1fc868fcf2a3e1439dba88194f8f-shear_15nN": 1, "372d1fc868fcf2a3e1439dba88194f8f-get_interaction_energy_5nN": 1, "372d1fc868fcf2a3e1439dba88194f8f-get_interaction_energy_15nN": 1, "372d1fc868fcf2a3e1439dba88194f8f-calc_tilt_shear": 1, "372d1fc868fcf2a3e1439dba88194f8f-log_interaction_energy_5nN": 1, "372d1fc868fcf2a3e1439dba88194f8f-shear_25nN_rerun_grompp": 1, "372d1fc868fcf2a3e1439dba88194f8f-compress_grompp": 1, "372d1fc868fcf2a3e1439dba88194f8f-shear_5nN_grompp": 1, "372d1fc868fcf2a3e1439dba88194f8f-calc_interdigitation": 1, "372d1fc868fcf2a3e1439dba88194f8f-equilibrate": 1, "372d1fc868fcf2a3e1439dba88194f8f-log_tilt": 1, "372d1fc868fcf2a3e1439dba88194f8f-log_interaction_energy_15nN": 1, "372d1fc868fcf2a3e1439dba88194f8f-log_interaction_energy_25nN": 1, "372d1fc868fcf2a3e1439dba88194f8f-lammps_to_gmx": 1, "372d1fc868fcf2a3e1439dba88194f8f-top_to_mol2": 1, "372d1fc868fcf2a3e1439dba88194f8f-minimize_grompp": 1, "372d1fc868fcf2a3e1439dba88194f8f-fix_overlaps": 1, "372d1fc868fcf2a3e1439dba88194f8f-shear_15nN_rerun_grompp": 1, "372d1fc868fcf2a3e1439dba88194f8f-shear_15nN_rerun": 1, "372d1fc868fcf2a3e1439dba88194f8f-calc_friction": 1, "372d1fc868fcf2a3e1439dba88194f8f-shear_25nN_rerun": 1, "372d1fc868fcf2a3e1439dba88194f8f-unwrap_shear_15nN": 1, "372d1fc868fcf2a3e1439dba88194f8f-shear_25nN": 1, "372d1fc868fcf2a3e1439dba88194f8f-unwrap_shear_5nN": 1, "372d1fc868fcf2a3e1439dba88194f8f-shear_5nN_rerun_grompp": 1, "372d1fc868fcf2a3e1439dba88194f8f-log_cof": 1, "372d1fc868fcf2a3e1439dba88194f8f-unwrap_shear_25nN": 1, "372d1fc868fcf2a3e1439dba88194f8f-calc_S2_shear": 1, "372d1fc868fcf2a3e1439dba88194f8f-shear_5nN": 1, "372d1fc868fcf2a3e1439dba88194f8f-shear_15nN_grompp": 1, "372d1fc868fcf2a3e1439dba88194f8f-initialize": 1, "372d1fc868fcf2a3e1439dba88194f8f-get_interaction_energy_25nN": 1, "372d1fc868fcf2a3e1439dba88194f8f-log_S2": 1}, "chain-smiles-1": "CCCCCCCCCCCCCCCCCC(F)(F)F"}