{"avg_dipole_moment": 1.8599999999999999, "max_dipole_moment": 2.09, "min_dipole_moment": 1.63, "max_molecular_weight": 69.0059, "shear_5nN-qq": [-109.52956190647483, 23.355375910422715], "intercept": 0.8142667827607468, "shear_15nN-qq": [-127.15266829896082, 28.282491123857223], "min_molecular_weight": 16.0225, "delta_molecular_weight": 52.983399999999996, "ch3-smiles-2": "CC(F)(F)F", "chain-smiles-2": "CCCCCCCCCCCCCCCCCC(F)(F)F", "tilt_bottom": {"25nN": 39.28698437066653, "5nN": 35.37674235839697, "15nN": 38.28105613097426}, "interdigitation": {"25nN": 0.11868338167667138, "5nN": 0.11776936847648592, "15nN": 0.13321848259476501}, "tilt_top": {"25nN": 39.37031787750634, "5nN": 34.217238805951105, "15nN": 37.5102073098733}, "shear_15nN-lj": [-1248.410831008793, 46.54435971086501], "h-smiles-1": "N", "S2_top": {"25nN": 0.9628476435375399, "5nN": 0.9513068925708512, "15nN": 0.9556276516230685}, "S2_bottom": {"25nN": 0.9526519286656104, "5nN": 0.9657171390263358, "15nN": 0.9603319929792496}, "h-smiles-2": "C(F)(F)F", "shear_25nN-qq": [-120.91341659312549, 28.202310257562164], "COF": 0.13573942042012552, "shear_25nN-lj": [-1352.7221054908073, 44.67004562357646], "ch3-smiles-1": "CN", "shear_15nN-Etotal": [-1375.5634993077538, 59.21690479055636], "shear_5nN-Etotal": [-1188.7044165571542, 53.52046627516714], "shear_25nN-Etotal": [-1473.6355220839328, 52.888647935287125], "avg_molecular_weight": 42.5142, "shear_5nN-lj": [-1079.1748546506797, 44.554908916703816], "delta_dipole_moment": 0.45999999999999996, "status": {"a80483fc6a0f6043d395b5dcb9370ebe-log_S2": 1, "a80483fc6a0f6043d395b5dcb9370ebe-get_interaction_energy_5nN": 1, "a80483fc6a0f6043d395b5dcb9370ebe-equilibrate_grompp": 1, "a80483fc6a0f6043d395b5dcb9370ebe-shear_5nN_rerun_grompp": 1, "a80483fc6a0f6043d395b5dcb9370ebe-minimize_grompp": 1, "a80483fc6a0f6043d395b5dcb9370ebe-initialize": 1, "a80483fc6a0f6043d395b5dcb9370ebe-unwrap_shear_15nN": 1, "a80483fc6a0f6043d395b5dcb9370ebe-calc_friction": 1, "a80483fc6a0f6043d395b5dcb9370ebe-unwrap_shear_5nN": 1, "a80483fc6a0f6043d395b5dcb9370ebe-count_hydrogen_bonds": 1, "a80483fc6a0f6043d395b5dcb9370ebe-shear_15nN_grompp": 1, "a80483fc6a0f6043d395b5dcb9370ebe-shear_25nN_rerun": 1, "a80483fc6a0f6043d395b5dcb9370ebe-lammps_to_gmx": 1, "a80483fc6a0f6043d395b5dcb9370ebe-shear_15nN": 1, "a80483fc6a0f6043d395b5dcb9370ebe-fix_overlaps": 1, "a80483fc6a0f6043d395b5dcb9370ebe-shear_5nN_grompp": 1, "a80483fc6a0f6043d395b5dcb9370ebe-calc_S2_shear": 1, "a80483fc6a0f6043d395b5dcb9370ebe-shear_15nN_rerun_grompp": 1, "a80483fc6a0f6043d395b5dcb9370ebe-shear_5nN": 1, "a80483fc6a0f6043d395b5dcb9370ebe-shear_25nN_rerun_grompp": 1, "a80483fc6a0f6043d395b5dcb9370ebe-calc_interdigitation": 1, "a80483fc6a0f6043d395b5dcb9370ebe-top_to_mol2": 1, "a80483fc6a0f6043d395b5dcb9370ebe-shear_25nN_grompp": 1, "a80483fc6a0f6043d395b5dcb9370ebe-shear_15nN_rerun": 1, "a80483fc6a0f6043d395b5dcb9370ebe-compress_grompp": 1, "a80483fc6a0f6043d395b5dcb9370ebe-unwrap_shear_25nN": 1, "a80483fc6a0f6043d395b5dcb9370ebe-get_interaction_energy_15nN": 1, "a80483fc6a0f6043d395b5dcb9370ebe-log_cof": 1, "a80483fc6a0f6043d395b5dcb9370ebe-log_interaction_energy_5nN": 1, "a80483fc6a0f6043d395b5dcb9370ebe-calc_tilt_shear": 1, "a80483fc6a0f6043d395b5dcb9370ebe-equilibrate": 1, "a80483fc6a0f6043d395b5dcb9370ebe-log_interaction_energy_25nN": 1, "a80483fc6a0f6043d395b5dcb9370ebe-shear_5nN_rerun": 1, "a80483fc6a0f6043d395b5dcb9370ebe-log_interaction_energy_15nN": 1, "a80483fc6a0f6043d395b5dcb9370ebe-minimize": 1, "a80483fc6a0f6043d395b5dcb9370ebe-get_interaction_energy_25nN": 1, "a80483fc6a0f6043d395b5dcb9370ebe-compress": 1, "a80483fc6a0f6043d395b5dcb9370ebe-shear_25nN": 1, "a80483fc6a0f6043d395b5dcb9370ebe-log_tilt": 1}, "chain-smiles-1": "CCCCCCCCCCCCCCCCCN"}