{"shear_15nN-qq": [-23.902099665067944, 9.633073747949034], "tilt_bottom": {"15nN": 38.882681504479905, "5nN": 35.443237701562474, "25nN": 40.31465962724102}, "delta_molecular_weight": 54.022600000000004, "status": {"a7e73e03192c94bc0737d84bc003378a-initialize": 1, "a7e73e03192c94bc0737d84bc003378a-shear_15nN": 1, "a7e73e03192c94bc0737d84bc003378a-get_interaction_energy_5nN": 1, "a7e73e03192c94bc0737d84bc003378a-log_interaction_energy_15nN": 1, "a7e73e03192c94bc0737d84bc003378a-equilibrate_grompp": 1, "a7e73e03192c94bc0737d84bc003378a-log_tilt": 1, "a7e73e03192c94bc0737d84bc003378a-get_interaction_energy_15nN": 1, "a7e73e03192c94bc0737d84bc003378a-shear_15nN_rerun_grompp": 1, "a7e73e03192c94bc0737d84bc003378a-minimize": 1, "a7e73e03192c94bc0737d84bc003378a-calc_S2_shear": 1, "a7e73e03192c94bc0737d84bc003378a-log_interaction_energy_25nN": 1, "a7e73e03192c94bc0737d84bc003378a-shear_5nN_rerun_grompp": 1, "a7e73e03192c94bc0737d84bc003378a-shear_25nN_rerun_grompp": 1, "a7e73e03192c94bc0737d84bc003378a-calc_tilt_shear": 1, "a7e73e03192c94bc0737d84bc003378a-minimize_grompp": 1, "a7e73e03192c94bc0737d84bc003378a-unwrap_shear_15nN": 1, "a7e73e03192c94bc0737d84bc003378a-shear_15nN_grompp": 1, "a7e73e03192c94bc0737d84bc003378a-shear_5nN_grompp": 1, "a7e73e03192c94bc0737d84bc003378a-fix_overlaps": 1, "a7e73e03192c94bc0737d84bc003378a-shear_25nN_grompp": 1, "a7e73e03192c94bc0737d84bc003378a-shear_5nN_rerun": 1, "a7e73e03192c94bc0737d84bc003378a-top_to_mol2": 1, "a7e73e03192c94bc0737d84bc003378a-log_interaction_energy_5nN": 1, "a7e73e03192c94bc0737d84bc003378a-log_cof": 1, "a7e73e03192c94bc0737d84bc003378a-unwrap_shear_25nN": 1, "a7e73e03192c94bc0737d84bc003378a-lammps_to_gmx": 1, "a7e73e03192c94bc0737d84bc003378a-get_interaction_energy_25nN": 1, "a7e73e03192c94bc0737d84bc003378a-shear_25nN_rerun": 1, "a7e73e03192c94bc0737d84bc003378a-shear_5nN": 1, "a7e73e03192c94bc0737d84bc003378a-calc_interdigitation": 1, "a7e73e03192c94bc0737d84bc003378a-unwrap_shear_5nN": 1, "a7e73e03192c94bc0737d84bc003378a-compress": 1, "a7e73e03192c94bc0737d84bc003378a-log_S2": 1, "a7e73e03192c94bc0737d84bc003378a-shear_15nN_rerun": 1, "a7e73e03192c94bc0737d84bc003378a-compress_grompp": 1, "a7e73e03192c94bc0737d84bc003378a-equilibrate": 1, "a7e73e03192c94bc0737d84bc003378a-calc_friction": 1, "a7e73e03192c94bc0737d84bc003378a-shear_25nN": 1}, "interdigitation": {"15nN": 0.13611840158038868, "5nN": 0.14473011791096246, "25nN": 0.13911702863122505}, "avg_molecular_weight": 68.0829, "delta_dipole_moment": 2.03, "S2_top": {"15nN": 0.9185524524617275, "5nN": 0.8900303166045693, "25nN": 0.8981178089996812}, "shear_25nN-Etotal": [-1691.0258875155876, 51.835222245755574], "shear_5nN-Etotal": [-1373.884757266187, 55.47318942167973], "S2_bottom": {"15nN": 0.9648172480091914, "5nN": 0.9636825116669292, "25nN": 0.9691963222228478}, "intercept": 0.8114727491507716, "shear_15nN-lj": [-1563.060219497202, 45.49033938716151], "tilt_top": {"15nN": 35.57545636534971, "5nN": 31.873459032017628, "25nN": 37.48477892379796}, "avg_dipole_moment": 1.015, "shear_5nN-qq": [-17.09099101358913, 9.823872595597518], "shear_5nN-lj": [-1356.7937662525978, 53.84685406092045], "COF": 0.13017238263033967, "shear_25nN-lj": [-1667.7532798009593, 50.488988521123154], "shear_25nN-qq": [-23.272607714628297, 10.017995690959948], "shear_15nN-Etotal": [-1586.9623191622702, 46.65233915775535]}