{"interdigitation": {"25nN": 0.13745010804582553, "5nN": 0.15644545009324462, "15nN": 0.17789830910534102}, "shear_25nN-qq": [-1091.1357926946441, 80.05776563649549], "S2_top": {"25nN": 0.9248219206062837, "5nN": 0.928442898584861, "15nN": 0.9557319337813774}, "tilt_bottom": {"25nN": 41.390678296107474, "5nN": 35.63139799728663, "15nN": 39.145469125945425}, "shear_15nN-Etotal": [-3080.4486515779377, 110.90307397668245], "S2_bottom": {"25nN": 0.9730151346932819, "5nN": 0.9631093424146604, "15nN": 0.9682475881187433}, "shear_25nN-lj": [-2036.4609214908073, 59.196087510591845], "delta_molecular_weight": 105.094, "intercept": 2.818824366914595, "avg_dipole_moment": 4.05, "COF": 0.1400612783280715, "shear_25nN-Etotal": [-3127.5967141854517, 103.64305587096898], "tilt_top": {"25nN": 37.99989116745126, "5nN": 32.58979181651573, "15nN": 36.03846137107211}, "status": {"5f3ec98830fdcc10df28a2ebbab7d3ad-get_interaction_energy_15nN": 1, "5f3ec98830fdcc10df28a2ebbab7d3ad-minimize_grompp": 1, "5f3ec98830fdcc10df28a2ebbab7d3ad-get_interaction_energy_25nN": 1, "5f3ec98830fdcc10df28a2ebbab7d3ad-lammps_to_gmx": 1, "5f3ec98830fdcc10df28a2ebbab7d3ad-shear_25nN_rerun_grompp": 1, "5f3ec98830fdcc10df28a2ebbab7d3ad-fix_overlaps": 1, "5f3ec98830fdcc10df28a2ebbab7d3ad-shear_5nN_rerun": 1, "5f3ec98830fdcc10df28a2ebbab7d3ad-shear_25nN": 1, "5f3ec98830fdcc10df28a2ebbab7d3ad-equilibrate_grompp": 1, "5f3ec98830fdcc10df28a2ebbab7d3ad-log_tilt": 1, "5f3ec98830fdcc10df28a2ebbab7d3ad-log_interaction_energy_5nN": 1, "5f3ec98830fdcc10df28a2ebbab7d3ad-compress": 1, "5f3ec98830fdcc10df28a2ebbab7d3ad-shear_15nN_grompp": 1, "5f3ec98830fdcc10df28a2ebbab7d3ad-compress_grompp": 1, "5f3ec98830fdcc10df28a2ebbab7d3ad-calc_S2_shear": 1, "5f3ec98830fdcc10df28a2ebbab7d3ad-log_cof": 1, "5f3ec98830fdcc10df28a2ebbab7d3ad-unwrap_shear_5nN": 1, "5f3ec98830fdcc10df28a2ebbab7d3ad-shear_15nN_rerun": 1, "5f3ec98830fdcc10df28a2ebbab7d3ad-shear_25nN_rerun": 1, "5f3ec98830fdcc10df28a2ebbab7d3ad-shear_15nN": 1, "5f3ec98830fdcc10df28a2ebbab7d3ad-shear_25nN_grompp": 1, "5f3ec98830fdcc10df28a2ebbab7d3ad-minimize": 1, "5f3ec98830fdcc10df28a2ebbab7d3ad-count_hydrogen_bonds": 1, "5f3ec98830fdcc10df28a2ebbab7d3ad-calc_tilt_shear": 1, "5f3ec98830fdcc10df28a2ebbab7d3ad-log_interaction_energy_25nN": 1, "5f3ec98830fdcc10df28a2ebbab7d3ad-shear_5nN_rerun_grompp": 1, "5f3ec98830fdcc10df28a2ebbab7d3ad-log_interaction_energy_15nN": 1, "5f3ec98830fdcc10df28a2ebbab7d3ad-get_interaction_energy_5nN": 1, "5f3ec98830fdcc10df28a2ebbab7d3ad-unwrap_shear_15nN": 1, "5f3ec98830fdcc10df28a2ebbab7d3ad-initialize": 1, "5f3ec98830fdcc10df28a2ebbab7d3ad-shear_5nN": 1, "5f3ec98830fdcc10df28a2ebbab7d3ad-equilibrate": 1, "5f3ec98830fdcc10df28a2ebbab7d3ad-calc_friction": 1, "5f3ec98830fdcc10df28a2ebbab7d3ad-unwrap_shear_25nN": 1, "5f3ec98830fdcc10df28a2ebbab7d3ad-shear_5nN_grompp": 1, "5f3ec98830fdcc10df28a2ebbab7d3ad-shear_15nN_rerun_grompp": 1, "5f3ec98830fdcc10df28a2ebbab7d3ad-log_S2": 1, "5f3ec98830fdcc10df28a2ebbab7d3ad-top_to_mol2": 1, "5f3ec98830fdcc10df28a2ebbab7d3ad-calc_interdigitation": 1}, "shear_15nN-qq": [-1107.321196022382, 82.43525167851026], "shear_5nN-qq": [-971.8078840135893, 73.93545455452283], "shear_5nN-Etotal": [-2783.887199673062, 110.90311929354267], "avg_molecular_weight": 69.5543, "delta_dipole_moment": 4.34, "shear_15nN-lj": [-1973.1274555555553, 61.138325941981925], "shear_5nN-lj": [-1812.0793156594725, 62.34787515371758]}