{"avg_dipole_moment": 2.75, "max_dipole_moment": 3.41, "min_dipole_moment": 2.09, "max_molecular_weight": 69.0059, "shear_5nN-qq": [-98.0902512997602, 22.553551031731057], "intercept": 0.5681649654045444, "shear_15nN-qq": [-152.04406081215026, 25.234689584222085], "min_molecular_weight": 26.0174, "delta_molecular_weight": 42.9885, "ch3-smiles-2": "CC(F)(F)F", "chain-smiles-2": "CCCCCCCCCCCCCCCCCC(F)(F)F", "tilt_bottom": {"25nN": 38.99413698100145, "5nN": 32.61374402420569, "15nN": 37.805579069835126}, "interdigitation": {"25nN": 0.17382316570644663, "5nN": 0.130202596012617, "15nN": 0.11754781082509583}, "tilt_top": {"25nN": 38.407656573118494, "5nN": 33.377878506109205, "15nN": 36.78454688160486}, "shear_15nN-lj": [-1300.9825218009594, 42.44713954181384], "h-smiles-1": "C#N", "S2_top": {"25nN": 0.9006233474516672, "5nN": 0.9316111557432337, "15nN": 0.9054180807183106}, "S2_bottom": {"25nN": 0.9043536998561478, "5nN": 0.9251674639789567, "15nN": 0.8967327463541994}, "h-smiles-2": "C(F)(F)F", "shear_25nN-qq": [-187.47653778337332, 30.75624489735951], "COF": 0.1219717175702258, "shear_25nN-lj": [-1396.7134637865706, 44.1384973263872], "ch3-smiles-1": "CC#N", "shear_15nN-Etotal": [-1453.0265826131094, 53.6799331271734], "shear_5nN-Etotal": [-1202.252007827338, 54.53171932968414], "shear_25nN-Etotal": [-1584.1900015699441, 55.27448876976575], "avg_molecular_weight": 47.511649999999996, "shear_5nN-lj": [-1104.1617565275778, 42.97875525781268], "delta_dipole_moment": 1.3200000000000003, "status": {"051922004072c9eb0c67fe520de14a01-log_interaction_energy_25nN": 1, "051922004072c9eb0c67fe520de14a01-calc_interdigitation": 1, "051922004072c9eb0c67fe520de14a01-minimize_grompp": 1, "051922004072c9eb0c67fe520de14a01-unwrap_shear_25nN": 1, "051922004072c9eb0c67fe520de14a01-unwrap_shear_15nN": 1, "051922004072c9eb0c67fe520de14a01-equilibrate": 1, "051922004072c9eb0c67fe520de14a01-get_interaction_energy_15nN": 1, "051922004072c9eb0c67fe520de14a01-log_interaction_energy_15nN": 1, "051922004072c9eb0c67fe520de14a01-shear_25nN": 1, "051922004072c9eb0c67fe520de14a01-shear_5nN": 1, "051922004072c9eb0c67fe520de14a01-calc_S2_shear": 1, "051922004072c9eb0c67fe520de14a01-shear_25nN_rerun_grompp": 1, "051922004072c9eb0c67fe520de14a01-shear_15nN_rerun": 1, "051922004072c9eb0c67fe520de14a01-calc_tilt_shear": 1, "051922004072c9eb0c67fe520de14a01-top_to_mol2": 1, "051922004072c9eb0c67fe520de14a01-compress": 1, "051922004072c9eb0c67fe520de14a01-log_S2": 1, "051922004072c9eb0c67fe520de14a01-minimize": 1, "051922004072c9eb0c67fe520de14a01-shear_15nN_rerun_grompp": 1, "051922004072c9eb0c67fe520de14a01-unwrap_shear_5nN": 1, "051922004072c9eb0c67fe520de14a01-log_cof": 1, "051922004072c9eb0c67fe520de14a01-shear_5nN_grompp": 1, "051922004072c9eb0c67fe520de14a01-shear_25nN_rerun": 1, "051922004072c9eb0c67fe520de14a01-shear_5nN_rerun": 1, "051922004072c9eb0c67fe520de14a01-shear_15nN": 1, "051922004072c9eb0c67fe520de14a01-equilibrate_grompp": 1, "051922004072c9eb0c67fe520de14a01-get_interaction_energy_5nN": 1, "051922004072c9eb0c67fe520de14a01-initialize": 1, "051922004072c9eb0c67fe520de14a01-compress_grompp": 1, "051922004072c9eb0c67fe520de14a01-shear_5nN_rerun_grompp": 1, "051922004072c9eb0c67fe520de14a01-lammps_to_gmx": 1, "051922004072c9eb0c67fe520de14a01-shear_15nN_grompp": 1, "051922004072c9eb0c67fe520de14a01-shear_25nN_grompp": 1, "051922004072c9eb0c67fe520de14a01-log_tilt": 1, "051922004072c9eb0c67fe520de14a01-get_interaction_energy_25nN": 1, "051922004072c9eb0c67fe520de14a01-calc_friction": 1, "051922004072c9eb0c67fe520de14a01-fix_overlaps": 1, "051922004072c9eb0c67fe520de14a01-log_interaction_energy_5nN": 1}, "chain-smiles-1": "CCCCCCCCCCCCCCCCCC#N"}