{"shear_15nN-qq": [-152.04406081215026, 25.234689584222085], "tilt_bottom": {"15nN": 37.805579069835126, "5nN": 32.61374402420569, "25nN": 38.99413698100145}, "delta_molecular_weight": 42.9885, "status": {"051922004072c9eb0c67fe520de14a01-get_interaction_energy_25nN": 1, "051922004072c9eb0c67fe520de14a01-top_to_mol2": 1, "051922004072c9eb0c67fe520de14a01-calc_friction": 1, "051922004072c9eb0c67fe520de14a01-equilibrate_grompp": 1, "051922004072c9eb0c67fe520de14a01-shear_15nN_grompp": 1, "051922004072c9eb0c67fe520de14a01-shear_15nN": 1, "051922004072c9eb0c67fe520de14a01-shear_25nN_rerun": 1, "051922004072c9eb0c67fe520de14a01-compress_grompp": 1, "051922004072c9eb0c67fe520de14a01-shear_5nN_rerun_grompp": 1, "051922004072c9eb0c67fe520de14a01-log_S2": 1, "051922004072c9eb0c67fe520de14a01-minimize": 1, "051922004072c9eb0c67fe520de14a01-equilibrate": 1, "051922004072c9eb0c67fe520de14a01-initialize": 1, "051922004072c9eb0c67fe520de14a01-shear_5nN_rerun": 1, "051922004072c9eb0c67fe520de14a01-calc_tilt_shear": 1, "051922004072c9eb0c67fe520de14a01-shear_25nN_rerun_grompp": 1, "051922004072c9eb0c67fe520de14a01-get_interaction_energy_15nN": 1, "051922004072c9eb0c67fe520de14a01-unwrap_shear_15nN": 1, "051922004072c9eb0c67fe520de14a01-calc_S2_shear": 1, "051922004072c9eb0c67fe520de14a01-log_interaction_energy_25nN": 1, "051922004072c9eb0c67fe520de14a01-get_interaction_energy_5nN": 1, "051922004072c9eb0c67fe520de14a01-calc_interdigitation": 1, "051922004072c9eb0c67fe520de14a01-shear_15nN_rerun": 1, "051922004072c9eb0c67fe520de14a01-shear_5nN_grompp": 1, "051922004072c9eb0c67fe520de14a01-log_interaction_energy_5nN": 1, "051922004072c9eb0c67fe520de14a01-log_interaction_energy_15nN": 1, "051922004072c9eb0c67fe520de14a01-shear_15nN_rerun_grompp": 1, "051922004072c9eb0c67fe520de14a01-shear_5nN": 1, "051922004072c9eb0c67fe520de14a01-shear_25nN_grompp": 1, "051922004072c9eb0c67fe520de14a01-lammps_to_gmx": 1, "051922004072c9eb0c67fe520de14a01-compress": 1, "051922004072c9eb0c67fe520de14a01-unwrap_shear_5nN": 1, "051922004072c9eb0c67fe520de14a01-minimize_grompp": 1, "051922004072c9eb0c67fe520de14a01-log_tilt": 1, "051922004072c9eb0c67fe520de14a01-shear_25nN": 1, "051922004072c9eb0c67fe520de14a01-unwrap_shear_25nN": 1, "051922004072c9eb0c67fe520de14a01-log_cof": 1, "051922004072c9eb0c67fe520de14a01-fix_overlaps": 1}, "interdigitation": {"15nN": 0.11776636623154609, "5nN": 0.1296915045234462, "25nN": 0.17408992129448017}, "avg_molecular_weight": 47.511649999999996, "delta_dipole_moment": 1.3200000000000003, "S2_top": {"15nN": 0.9054180807183106, "5nN": 0.9316111557432337, "25nN": 0.9006233474516672}, "shear_25nN-Etotal": [-1584.1900015699441, 55.27448876976575], "avg_dipole_moment": 2.75, "S2_bottom": {"15nN": 0.8967327463541994, "5nN": 0.9251674639789567, "25nN": 0.9043536998561478}, "intercept": 0.5681649654045444, "shear_15nN-lj": [-1300.9825218009594, 42.44713954181384], "tilt_top": {"15nN": 36.78454688160486, "5nN": 33.377878506109205, "25nN": 38.407656573118494}, "shear_5nN-Etotal": [-1202.252007827338, 54.53171932968414], "shear_5nN-qq": [-98.0902512997602, 22.553551031731057], "shear_5nN-lj": [-1104.1617565275778, 42.97875525781268], "COF": 0.1219717175702258, "shear_25nN-lj": [-1396.7134637865706, 44.1384973263872], "shear_25nN-qq": [-187.47653778337332, 30.75624489735951], "shear_15nN-Etotal": [-1453.0265826131094, 53.6799331271734]}