{"MR-mean":14.873,"asphericity-mean":0.3473555,"balabanj-mean":3.5555635,"bertzct-mean":129.548875,"chi0-mean":8.5,"chi0n-mean":8.5,"chi0v-mean":1.5,"chi1-mean":4.125,"chi1n-mean":4.125,"chi1v-mean":0.625,"chi2n-mean":0.3125,"chi2v-mean":0.3125,"chi3n-mean":0.125,"chi3v-mean":0.125,"chi4n-mean":0.015625,"chi4v-mean":0.015625,"e-valence-mean":19.0,"eccentricity-mean":0.947893,"hk-alpha-mean":0.0,"hk-kappa1-mean":0.145408,"hk-kappa2-mean":0.24,"hk-kappa3-mean":0.111111,"ipc-mean":137.8820655,"isf-mean":0.089981,"labuteASA-mean":30.801013,"logP-mean":1.22125,"molwt-mean":43.054775,"molwt-hvy-mean":36.033,"nheavy-mean":3.0,"npr1-mean":0.3141275,"npr2-mean":0.9418085,"pbf-mean":0.5801565,"pc+-mean":0.1721045,"pc--mean":-0.1721045,"pmi1-mean":19.5293005,"pmi2-mean":51.8674685,"pmi3-mean":56.997834,"rbonds-mean":1.0,"rg-mean":1.1514445,"rpc+-mean":0.1555225,"rpc--mean":0.4004915,"spherocity-mean":0.6064545,"tpsa-mean":0.0,"vsa+-mean":9.5953095,"vsa--mean":19.597742,"vsa-fhyd-mean":1.0,"vsa-fneg-mean":0.6620735,"vsa-fpneg-mean":0.0,"vsa-fpos-mean":0.3379265,"vsa-fppos-mean":0.0,"vsa-hyd-mean":29.1930515,"vsa-polar-mean":0.0,"vsa-polar+-mean":0.0,"vsa-polar--mean":0.0,"MR-min":11.348,"asphericity-min":0.271898,"balabanj-min":3.090735,"bertzct-min":61.509775,"chi0-min":7.0,"chi0n-min":7.0,"chi0v-min":1.0,"chi1-min":3.25,"chi1n-min":3.25,"chi1v-min":0.25,"chi2n-min":0.0,"chi2v-min":0.0,"chi3n-min":0.0,"chi3v-min":0.0,"chi4n-min":0.0,"chi4v-min":0.0,"e-valence-min":14.0,"eccentricity-min":0.93118,"hk-alpha-min":0.0,"hk-kappa1-min":0.040816,"hk-kappa2-min":0.0,"hk-kappa3-min":0.0,"ipc-min":21.306059,"isf-min":0.027227,"labuteASA-min":23.534016,"logP-min":1.0262,"molwt-min":30.04695,"molwt-hvy-min":24.022,"nheavy-min":2.0,"npr1-min":0.263696,"npr2-min":0.885514,"pbf-min":0.507396,"pc+-min":0.136525,"pc--min":-0.207684,"pmi1-min":6.53486,"pmi2-min":24.734767,"pmi3-min":24.781771,"rbonds-min":1.0,"rg-min":0.965409,"rpc+-min":0.144378,"rpc--min":0.300983,"spherocity-min":0.58798,"tpsa-min":0.0,"vsa+-min":8.224551,"vsa--min":13.703784,"vsa-fhyd-min":1.0,"vsa-fneg-min":0.624935,"vsa-fpneg-min":0.0,"vsa-fpos-min":0.300788,"vsa-fppos-min":0.0,"vsa-hyd-min":21.928335,"vsa-polar-min":0.0,"vsa-polar+-min":0.0,"vsa-polar--min":0.0,"MR-max":18.398,"asphericity-max":0.422813,"balabanj-max":4.020392,"bertzct-max":197.587975,"chi0-max":10.0,"chi0n-max":10.0,"chi0v-max":2.0,"chi1-max":5.0,"chi1n-max":5.0,"chi1v-max":1.0,"chi2n-max":0.625,"chi2v-max":0.625,"chi3n-max":0.25,"chi3v-max":0.25,"chi4n-max":0.03125,"chi4v-max":0.03125,"e-valence-max":24.0,"eccentricity-max":0.964606,"hk-alpha-max":0.0,"hk-kappa1-max":0.25,"hk-kappa2-max":0.48,"hk-kappa3-max":0.222222,"ipc-max":254.458072,"isf-max":0.152735,"labuteASA-max":38.06801,"logP-max":1.4163,"molwt-max":56.0626,"molwt-hvy-max":48.044,"nheavy-max":4.0,"npr1-max":0.364559,"npr2-max":0.998103,"pbf-max":0.652917,"pc+-max":0.207684,"pc--max":-0.136525,"pmi1-max":32.523741,"pmi2-max":79.00017,"pmi3-max":89.213897,"rbonds-max":1.0,"rg-max":1.33748,"rpc+-max":0.166667,"rpc--max":0.5,"spherocity-max":0.624929,"tpsa-max":0.0,"vsa+-max":10.966068,"vsa--max":25.4917,"vsa-fhyd-max":1.0,"vsa-fneg-max":0.699212,"vsa-fpneg-max":0.0,"vsa-fpos-max":0.375065,"vsa-fppos-max":0.0,"vsa-hyd-max":36.457768,"vsa-polar-max":0.0,"vsa-polar+-max":0.0,"vsa-polar--max":0.0,"MR-diff":7.05,"asphericity-diff":0.150915,"balabanj-diff":0.929657,"bertzct-diff":136.0782,"chi0-diff":3.0,"chi0n-diff":3.0,"chi0v-diff":1.0,"chi1-diff":1.75,"chi1n-diff":1.75,"chi1v-diff":0.75,"chi2n-diff":0.625,"chi2v-diff":0.625,"chi3n-diff":0.25,"chi3v-diff":0.25,"chi4n-diff":0.03125,"chi4v-diff":0.03125,"e-valence-diff":10.0,"eccentricity-diff":0.033426,"hk-alpha-diff":0.0,"hk-kappa1-diff":0.209184,"hk-kappa2-diff":0.48,"hk-kappa3-diff":0.222222,"ipc-diff":233.152013,"isf-diff":0.125508,"labuteASA-diff":14.533994,"logP-diff":0.3901,"molwt-diff":26.01565,"molwt-hvy-diff":24.022,"nheavy-diff":2.0,"npr1-diff":0.100863,"npr2-diff":0.112589,"pbf-diff":0.145521,"pc+-diff":0.071159,"pc--diff":0.071159,"pmi1-diff":25.988881,"pmi2-diff":54.265403,"pmi3-diff":64.432126,"rbonds-diff":0.0,"rg-diff":0.372071,"rpc+-diff":0.022289,"rpc--diff":0.199017,"spherocity-diff":0.036949,"tpsa-diff":0.0,"vsa+-diff":2.741517,"vsa--diff":11.787916,"vsa-fhyd-diff":0.0,"vsa-fneg-diff":0.074277,"vsa-fpneg-diff":0.0,"vsa-fpos-diff":0.074277,"vsa-fppos-diff":0.0,"vsa-hyd-diff":14.529433,"vsa-polar-diff":0.0,"vsa-polar+-diff":0.0,"vsa-polar--diff":0.0,"hbonds":0.0}