{"shear_15nN-qq": [41.3934105931255, 10.802459137421351], "tilt_bottom": {"25nN": 39.666583005104826, "5nN": 34.63039991165268, "15nN": 38.35770813843038}, "delta_molecular_weight": 26.0372, "status": {"e127a3eac5cac7814bf689213f18fea3-equilibrate": 1, "e127a3eac5cac7814bf689213f18fea3-shear_25nN_rerun": 1, "e127a3eac5cac7814bf689213f18fea3-get_interaction_energy_15nN": 1, "e127a3eac5cac7814bf689213f18fea3-shear_5nN_grompp": 1, "e127a3eac5cac7814bf689213f18fea3-top_to_mol2": 1, "e127a3eac5cac7814bf689213f18fea3-shear_5nN_rerun": 1, "e127a3eac5cac7814bf689213f18fea3-unwrap_shear_15nN": 1, "e127a3eac5cac7814bf689213f18fea3-compress": 1, "e127a3eac5cac7814bf689213f18fea3-unwrap_shear_5nN": 1, "e127a3eac5cac7814bf689213f18fea3-log_interaction_energy_15nN": 1, "e127a3eac5cac7814bf689213f18fea3-calc_interdigitation": 1, "e127a3eac5cac7814bf689213f18fea3-shear_5nN_rerun_grompp": 1, "e127a3eac5cac7814bf689213f18fea3-fix_overlaps": 1, "e127a3eac5cac7814bf689213f18fea3-shear_15nN": 1, "e127a3eac5cac7814bf689213f18fea3-initialize": 1, "e127a3eac5cac7814bf689213f18fea3-shear_15nN_rerun": 1, "e127a3eac5cac7814bf689213f18fea3-shear_5nN": 1, "e127a3eac5cac7814bf689213f18fea3-log_S2": 1, "e127a3eac5cac7814bf689213f18fea3-minimize": 1, "e127a3eac5cac7814bf689213f18fea3-log_tilt": 1, "e127a3eac5cac7814bf689213f18fea3-get_interaction_energy_25nN": 1, "e127a3eac5cac7814bf689213f18fea3-shear_15nN_rerun_grompp": 1, "e127a3eac5cac7814bf689213f18fea3-shear_25nN_grompp": 1, "e127a3eac5cac7814bf689213f18fea3-shear_25nN": 1, "e127a3eac5cac7814bf689213f18fea3-calc_S2_shear": 1, "e127a3eac5cac7814bf689213f18fea3-shear_15nN_grompp": 1, "e127a3eac5cac7814bf689213f18fea3-lammps_to_gmx": 1, "e127a3eac5cac7814bf689213f18fea3-shear_25nN_rerun_grompp": 1, "e127a3eac5cac7814bf689213f18fea3-get_interaction_energy_5nN": 1, "e127a3eac5cac7814bf689213f18fea3-calc_friction": 1, "e127a3eac5cac7814bf689213f18fea3-minimize_grompp": 1, "e127a3eac5cac7814bf689213f18fea3-compress_grompp": 1, "e127a3eac5cac7814bf689213f18fea3-unwrap_shear_25nN": 1, "e127a3eac5cac7814bf689213f18fea3-log_cof": 1, "e127a3eac5cac7814bf689213f18fea3-equilibrate_grompp": 1, "e127a3eac5cac7814bf689213f18fea3-calc_tilt_shear": 1, "e127a3eac5cac7814bf689213f18fea3-log_interaction_energy_25nN": 1, "e127a3eac5cac7814bf689213f18fea3-log_interaction_energy_5nN": 1}, "interdigitation": {"25nN": 0.11656598611342028, "5nN": 0.08388727685514927, "15nN": 0.09456023620165248}, "intercept": 0.42336522085238704, "delta_dipole_moment": 0.0, "S2_top": {"25nN": 0.949573738600644, "5nN": 0.9722413925647673, "15nN": 0.9640576767653499}, "shear_25nN-Etotal": [-1460.7320167657872, 45.2018892477264], "avg_dipole_moment": 0.0, "S2_bottom": {"25nN": 0.9375231040625781, "5nN": 0.9578115710031485, "15nN": 0.95528894190914}, "avg_molecular_weight": 28.052999999999997, "shear_15nN-lj": [-1423.2482036882493, 44.649182233981335], "tilt_top": {"25nN": 38.9931550213558, "5nN": 34.43072285018482, "15nN": 37.10420175819256}, "shear_5nN-Etotal": [-1186.4395437154276, 44.359040087701864], "shear_5nN-qq": [10.336528433253397, 8.181124512991925], "shear_5nN-lj": [-1196.7760721486811, 43.95844898338456], "COF": 0.14122774204010255, "shear_25nN-lj": [-1527.6833191590729, 45.898997850765866], "shear_25nN-qq": [66.95130239328537, 10.980787845316025], "shear_15nN-Etotal": [-1381.8547930951238, 45.530517161803594]}