{"avg_dipole_moment": 3.2199999999999998, "max_dipole_moment": 4.81, "min_dipole_moment": 1.63, "max_molecular_weight": 45.0174, "shear_5nN-qq": [-2695.183297497202, 221.05368771178937], "intercept": 8.171064695150326, "shear_15nN-qq": [-2624.9499198417266, 224.63276315698639], "min_molecular_weight": 16.0225, "delta_molecular_weight": 28.9949, "ch3-smiles-2": "CC(=O)O", "chain-smiles-2": "CCCCCCCCCCCCCCCCCC(=O)O", "tilt_bottom": {"25nN": 42.60525297412711, "5nN": 39.207513912310084, "15nN": 41.06343602142016}, "tilt_top": {"25nN": 42.98184845401958, "5nN": 39.51147696413605, "15nN": 41.50318666576312}, "shear_15nN-lj": [-1472.6372021438851, 72.99770744685618], "h-smiles-1": "N", "ch3-smiles-1": "CN", "S2_bottom": {"25nN": 0.9658492708824037, "5nN": 0.9763825322543932, "15nN": 0.9661614618469226}, "h-smiles-2": "C(=O)O", "shear_25nN-qq": [-2555.189549135092, 201.53226733030084], "COF": 0.12411538121089123, "shear_25nN-lj": [-1524.377019973621, 70.97382633524488], "S2_top": {"25nN": 0.9802506278719061, "5nN": 0.9811127207595824, "15nN": 0.9775982757348753}, "shear_15nN-Etotal": [-4097.587121985612, 212.70243997901335], "shear_5nN-Etotal": [-4083.971745925659, 210.305181766858], "shear_25nN-Etotal": [-4079.5665691087124, 184.87408501928317], "avg_molecular_weight": 30.51995, "shear_5nN-lj": [-1388.7884484284573, 68.52646790022779], "delta_dipole_moment": 3.1799999999999997, "status": {"8b90c1bba6525d1f9076a21713ec2b07-log_tilt": 1, "8b90c1bba6525d1f9076a21713ec2b07-shear_5nN_grompp": 1, "8b90c1bba6525d1f9076a21713ec2b07-shear_25nN_rerun": 1, "8b90c1bba6525d1f9076a21713ec2b07-compress": 1, "8b90c1bba6525d1f9076a21713ec2b07-log_cof": 1, "8b90c1bba6525d1f9076a21713ec2b07-minimize_grompp": 1, "8b90c1bba6525d1f9076a21713ec2b07-count_hydrogen_bonds": 1, "8b90c1bba6525d1f9076a21713ec2b07-log_S2": 1, "8b90c1bba6525d1f9076a21713ec2b07-unwrap_shear_5nN": 1, "8b90c1bba6525d1f9076a21713ec2b07-unwrap_shear_25nN": 1, "8b90c1bba6525d1f9076a21713ec2b07-shear_25nN": 1, "8b90c1bba6525d1f9076a21713ec2b07-calc_S2_shear": 1, "8b90c1bba6525d1f9076a21713ec2b07-get_interaction_energy_15nN": 1, "8b90c1bba6525d1f9076a21713ec2b07-shear_15nN": 1, "8b90c1bba6525d1f9076a21713ec2b07-top_to_mol2": 1, "8b90c1bba6525d1f9076a21713ec2b07-equilibrate_grompp": 1, "8b90c1bba6525d1f9076a21713ec2b07-shear_15nN_rerun": 1, "8b90c1bba6525d1f9076a21713ec2b07-lammps_to_gmx": 1, "8b90c1bba6525d1f9076a21713ec2b07-get_interaction_energy_5nN": 1, "8b90c1bba6525d1f9076a21713ec2b07-get_interaction_energy_25nN": 1, "8b90c1bba6525d1f9076a21713ec2b07-minimize": 1, "8b90c1bba6525d1f9076a21713ec2b07-initialize": 1, "8b90c1bba6525d1f9076a21713ec2b07-shear_5nN_rerun": 1, "8b90c1bba6525d1f9076a21713ec2b07-calc_friction": 1, "8b90c1bba6525d1f9076a21713ec2b07-calc_tilt_shear": 1, "8b90c1bba6525d1f9076a21713ec2b07-calc_interdigitation": 1, "8b90c1bba6525d1f9076a21713ec2b07-shear_5nN_rerun_grompp": 1, "8b90c1bba6525d1f9076a21713ec2b07-shear_25nN_grompp": 1, "8b90c1bba6525d1f9076a21713ec2b07-equilibrate": 1, "8b90c1bba6525d1f9076a21713ec2b07-shear_5nN": 1, "8b90c1bba6525d1f9076a21713ec2b07-shear_25nN_rerun_grompp": 1, "8b90c1bba6525d1f9076a21713ec2b07-shear_15nN_rerun_grompp": 1, "8b90c1bba6525d1f9076a21713ec2b07-compress_grompp": 1, "8b90c1bba6525d1f9076a21713ec2b07-shear_15nN_grompp": 1, "8b90c1bba6525d1f9076a21713ec2b07-log_interaction_energy_15nN": 1, "8b90c1bba6525d1f9076a21713ec2b07-log_interaction_energy_25nN": 1, "8b90c1bba6525d1f9076a21713ec2b07-unwrap_shear_15nN": 1, "8b90c1bba6525d1f9076a21713ec2b07-fix_overlaps": 1, "8b90c1bba6525d1f9076a21713ec2b07-log_interaction_energy_5nN": 1}, "chain-smiles-1": "CCCCCCCCCCCCCCCCCN"}