{"MR-mean":18.1915,"asphericity-mean":0.338179,"balabanj-mean":4.971121,"bertzct-mean":145.6610435,"chi0-mean":9.8273505,"chi0n-mean":9.75,"chi0v-mean":1.75,"chi1-mean":4.8020295,"chi1n-mean":4.625,"chi1v-mean":0.625,"chi2n-mean":0.25,"chi2v-mean":0.25,"chi3n-mean":0.0,"chi3v-mean":0.0,"chi4n-mean":0.0,"chi4v-mean":0.0,"e-valence-mean":22.0,"eccentricity-mean":0.903794,"hk-alpha-mean":-0.13,"hk-kappa1-mean":0.175746,"hk-kappa2-mean":1.5366665,"hk-kappa3-mean":0.87,"ipc-mean":181.075411,"isf-mean":0.0428495,"labuteASA-mean":35.5465685,"logP-mean":1.4273,"molwt-mean":50.0626,"molwt-hvy-mean":42.0385,"nheavy-mean":3.5,"npr1-mean":0.378004,"npr2-mean":0.7356135,"pbf-mean":0.4070265,"pc+-mean":0.2422995,"pc--mean":-0.2422995,"pmi1-mean":36.2271,"pmi2-mean":58.469724,"pmi3-mean":83.7435465,"rbonds-mean":0.5,"rg-mean":1.312112,"rpc+-mean":0.176925,"rpc--mean":0.342334,"spherocity-mean":0.3264095,"tpsa-mean":0.0,"vsa+-mean":10.966069,"vsa--mean":22.9423185,"vsa-fhyd-mean":1.0,"vsa-fneg-mean":0.6806515,"vsa-fpneg-mean":0.0,"vsa-fpos-mean":0.3193485,"vsa-fppos-mean":0.0,"vsa-hyd-mean":33.9083875,"vsa-polar-mean":0.0,"vsa-polar+-mean":0.0,"vsa-polar--mean":0.0,"MR-min":15.871,"asphericity-min":0.14671,"balabanj-min":4.399516,"bertzct-min":125.728624,"chi0-min":7.654701,"chi0n-min":7.5,"chi0v-min":1.5,"chi1-min":3.854059,"chi1n-min":3.5,"chi1v-min":0.5,"chi2n-min":0.125,"chi2v-min":0.125,"chi3n-min":0.0,"chi3v-min":0.0,"chi4n-min":0.0,"chi4v-min":0.0,"e-valence-min":18.0,"eccentricity-min":0.826364,"hk-alpha-min":-0.26,"hk-kappa1-min":0.138474,"hk-kappa2-min":1.333333,"hk-kappa3-min":0.0,"ipc-min":50.070311,"isf-min":0.009969,"labuteASA-min":29.209355,"logP-min":1.1923,"molwt-min":42.04695,"molwt-hvy-min":36.033,"nheavy-min":3.0,"npr1-min":0.192872,"npr2-min":0.608735,"pbf-min":0.23623,"pc+-min":0.239098,"pc--min":-0.245501,"pmi1-min":11.388967,"pmi2-min":50.929537,"pmi3-min":59.049298,"rbonds-min":0.0,"rg-min":1.200864,"rpc+-min":0.123042,"rpc--min":0.263646,"spherocity-min":0.199323,"tpsa-min":0.0,"vsa+-min":8.224552,"vsa--min":19.435003,"vsa-fhyd-min":1.0,"vsa-fneg-min":0.658652,"vsa-fpneg-min":0.0,"vsa-fpos-min":0.297349,"vsa-fppos-min":0.0,"vsa-hyd-min":27.659555,"vsa-polar-min":0.0,"vsa-polar+-min":0.0,"vsa-polar--min":0.0,"MR-max":20.512,"asphericity-max":0.529648,"balabanj-max":5.542726,"bertzct-max":165.593463,"chi0-max":12.0,"chi0n-max":12.0,"chi0v-max":2.0,"chi1-max":5.75,"chi1n-max":5.75,"chi1v-max":0.75,"chi2n-max":0.375,"chi2v-max":0.375,"chi3n-max":0.0,"chi3v-max":0.0,"chi4n-max":0.0,"chi4v-max":0.0,"e-valence-max":26.0,"eccentricity-max":0.981224,"hk-alpha-max":0.0,"hk-kappa1-max":0.213018,"hk-kappa2-max":1.74,"hk-kappa3-max":1.74,"ipc-max":312.080511,"isf-max":0.07573,"labuteASA-max":41.883782,"logP-max":1.6623,"molwt-max":58.07825,"molwt-hvy-max":48.044,"nheavy-max":4.0,"npr1-max":0.563136,"npr2-max":0.862492,"pbf-max":0.577823,"pc+-max":0.245501,"pc--max":-0.239098,"pmi1-max":61.065233,"pmi2-max":66.009911,"pmi3-max":108.437795,"rbonds-max":1.0,"rg-max":1.42336,"rpc+-max":0.230808,"rpc--max":0.421022,"spherocity-max":0.453496,"tpsa-max":0.0,"vsa+-max":13.707586,"vsa--max":26.449634,"vsa-fhyd-max":1.0,"vsa-fneg-max":0.702651,"vsa-fpneg-max":0.0,"vsa-fpos-max":0.341348,"vsa-fppos-max":0.0,"vsa-hyd-max":40.15722,"vsa-polar-max":0.0,"vsa-polar+-max":0.0,"vsa-polar--max":0.0,"MR-diff":4.641,"asphericity-diff":0.382938,"balabanj-diff":1.14321,"bertzct-diff":39.864839,"chi0-diff":4.345299,"chi0n-diff":4.5,"chi0v-diff":0.5,"chi1-diff":1.895941,"chi1n-diff":2.25,"chi1v-diff":0.25,"chi2n-diff":0.25,"chi2v-diff":0.25,"chi3n-diff":0.0,"chi3v-diff":0.0,"chi4n-diff":0.0,"chi4v-diff":0.0,"e-valence-diff":8.0,"eccentricity-diff":0.15486,"hk-alpha-diff":0.26,"hk-kappa1-diff":0.074544,"hk-kappa2-diff":0.406667,"hk-kappa3-diff":1.74,"ipc-diff":262.0102,"isf-diff":0.065761,"labuteASA-diff":12.674427,"logP-diff":0.47,"molwt-diff":16.0313,"molwt-hvy-diff":12.011,"nheavy-diff":1.0,"npr1-diff":0.370264,"npr2-diff":0.253757,"pbf-diff":0.341593,"pc+-diff":0.006403,"pc--diff":0.006403,"pmi1-diff":49.676266,"pmi2-diff":15.080374,"pmi3-diff":49.388497,"rbonds-diff":1.0,"rg-diff":0.222496,"rpc+-diff":0.107766,"rpc--diff":0.157376,"spherocity-diff":0.254173,"tpsa-diff":0.0,"vsa+-diff":5.483034,"vsa--diff":7.014631,"vsa-fhyd-diff":0.0,"vsa-fneg-diff":0.043999,"vsa-fpneg-diff":0.0,"vsa-fpos-diff":0.043999,"vsa-fppos-diff":0.0,"vsa-hyd-diff":12.497665,"vsa-polar-diff":0.0,"vsa-polar+-diff":0.0,"vsa-polar--diff":0.0,"hbonds":0.0}