{"shear_15nN-qq": [26.566085879296566, 8.619250330684775], "delta_molecular_weight": 16.0423, "status": {"9803417b1cf381fa9a991638cbec09e4-shear_5nN_rerun": 1, "9803417b1cf381fa9a991638cbec09e4-lammps_to_gmx": 1, "9803417b1cf381fa9a991638cbec09e4-shear_25nN_rerun": 1, "9803417b1cf381fa9a991638cbec09e4-shear_25nN": 1, "9803417b1cf381fa9a991638cbec09e4-shear_25nN_rerun_grompp": 1, "9803417b1cf381fa9a991638cbec09e4-log_interaction_energy_15nN": 1, "9803417b1cf381fa9a991638cbec09e4-equilibrate_grompp": 1, "9803417b1cf381fa9a991638cbec09e4-log_cof": 1, "9803417b1cf381fa9a991638cbec09e4-shear_25nN_grompp": 1, "9803417b1cf381fa9a991638cbec09e4-calc_S2_shear": 1, "9803417b1cf381fa9a991638cbec09e4-log_interaction_energy_5nN": 1, "9803417b1cf381fa9a991638cbec09e4-calc_tilt_shear": 1, "9803417b1cf381fa9a991638cbec09e4-shear_15nN_rerun": 1, "9803417b1cf381fa9a991638cbec09e4-log_interaction_energy_25nN": 1, "9803417b1cf381fa9a991638cbec09e4-get_interaction_energy_5nN": 1, "9803417b1cf381fa9a991638cbec09e4-log_tilt": 1, "9803417b1cf381fa9a991638cbec09e4-minimize": 1, "9803417b1cf381fa9a991638cbec09e4-shear_15nN_rerun_grompp": 1, "9803417b1cf381fa9a991638cbec09e4-calc_interdigitation": 1, "9803417b1cf381fa9a991638cbec09e4-compress_grompp": 1, "9803417b1cf381fa9a991638cbec09e4-unwrap_shear_25nN": 1, "9803417b1cf381fa9a991638cbec09e4-equilibrate": 1, "9803417b1cf381fa9a991638cbec09e4-top_to_mol2": 1, "9803417b1cf381fa9a991638cbec09e4-minimize_grompp": 1, "9803417b1cf381fa9a991638cbec09e4-unwrap_shear_5nN": 1, "9803417b1cf381fa9a991638cbec09e4-compress": 1, "9803417b1cf381fa9a991638cbec09e4-shear_15nN_grompp": 1, "9803417b1cf381fa9a991638cbec09e4-get_interaction_energy_25nN": 1, "9803417b1cf381fa9a991638cbec09e4-fix_overlaps": 1, "9803417b1cf381fa9a991638cbec09e4-calc_friction": 1, "9803417b1cf381fa9a991638cbec09e4-shear_5nN": 1, "9803417b1cf381fa9a991638cbec09e4-log_S2": 1, "9803417b1cf381fa9a991638cbec09e4-unwrap_shear_15nN": 1, "9803417b1cf381fa9a991638cbec09e4-initialize": 1, "9803417b1cf381fa9a991638cbec09e4-shear_15nN": 1, "9803417b1cf381fa9a991638cbec09e4-shear_5nN_rerun_grompp": 1, "9803417b1cf381fa9a991638cbec09e4-shear_5nN_grompp": 1, "9803417b1cf381fa9a991638cbec09e4-get_interaction_energy_15nN": 1}, "interdigitation": {"15nN": 0.14213019866549775, "5nN": 0.09325296728400889, "25nN": 0.11189736110614222}, "intercept": 0.549583873875714, "delta_dipole_moment": 0.01, "tilt_bottom": {"15nN": 38.160049812181875, "5nN": 35.591267566892434, "25nN": 39.41750026501736}, "S2_top": {"15nN": 0.9185078262184929, "5nN": 0.9459378269395547, "25nN": 0.9253374352529081}, "shear_25nN-Etotal": [-1555.4140489416466, 45.04488206138291], "shear_5nN-Etotal": [-1266.4844358641087, 47.00573352141986], "S2_bottom": {"15nN": 0.9552969160548488, "5nN": 0.9725882328306908, "25nN": 0.9403906320823564}, "avg_molecular_weight": 35.066250000000004, "shear_15nN-lj": [-1499.1216578441247, 40.62543110351384], "tilt_top": {"15nN": 34.62759350485738, "5nN": 33.113328206589635, "25nN": 37.438759848976865}, "avg_dipole_moment": 0.005, "shear_5nN-qq": [0.1585937617905676, 8.112540538214228], "shear_5nN-lj": [-1266.6430296258993, 46.519169150776776], "COF": 0.13012044169527903, "shear_25nN-lj": [-1603.1066896442846, 45.264299829058835], "shear_25nN-qq": [47.69264070263789, 9.816482504580847], "shear_15nN-Etotal": [-1472.555571964828, 40.70033393545081]}