{"avg_dipole_moment": 2.745, "max_dipole_moment": 3.81, "min_dipole_moment": 1.68, "max_molecular_weight": 46.0055, "shear_5nN-qq": [-329.50421542765787, 47.10733988876945], "intercept": 1.8106732189881574, "shear_15nN-qq": [-396.9872111358913, 49.896527462281355], "min_molecular_weight": 31.0338, "delta_molecular_weight": 14.971699999999998, "ch3-smiles-2": "C[N+](=O)[O-]", "chain-smiles-2": "CCCCCCCCCCCCCCCCC[N+](=O)[O-]", "tilt_bottom": {"25nN": 41.39162741206358, "5nN": 35.328400160706465, "15nN": 38.808999151615694}, "interdigitation": {"25nN": 0.13347835141215364, "5nN": 0.18515774441677502, "15nN": 0.15155415490879787}, "tilt_top": {"25nN": 39.4751140699923, "5nN": 33.70066535222405, "15nN": 37.49780958403682}, "shear_15nN-lj": [-1849.0652137306154, 50.883134954073384], "h-smiles-1": "OC", "S2_top": {"25nN": 0.8780415764345136, "5nN": 0.9085241103010483, "15nN": 0.8834910359708241}, "S2_bottom": {"25nN": 0.9280408083269767, "5nN": 0.9586821218139457, "15nN": 0.9492062343882268}, "h-smiles-2": "[N+](=O)[O-]", "shear_25nN-qq": [-401.8768954660272, 52.48483958716371], "COF": 0.13983099958417897, "shear_25nN-lj": [-1946.0271719168666, 50.457243065420464], "ch3-smiles-1": "COC", "shear_15nN-Etotal": [-2246.0524248665065, 79.01453382466475], "shear_5nN-Etotal": [-1959.8756921670663, 89.3047216354153], "shear_25nN-Etotal": [-2347.904067382894, 79.93339052135967], "avg_molecular_weight": 38.51965, "shear_5nN-lj": [-1630.3714767394085, 58.81227792414131], "delta_dipole_moment": 2.13, "status": {"13f41c318d86c8e1887f3a487f24044f-initialize": 1, "13f41c318d86c8e1887f3a487f24044f-log_tilt": 1, "13f41c318d86c8e1887f3a487f24044f-compress_grompp": 1, "13f41c318d86c8e1887f3a487f24044f-shear_25nN": 1, "13f41c318d86c8e1887f3a487f24044f-shear_25nN_rerun_grompp": 1, "13f41c318d86c8e1887f3a487f24044f-shear_15nN": 1, "13f41c318d86c8e1887f3a487f24044f-log_cof": 1, "13f41c318d86c8e1887f3a487f24044f-shear_5nN_rerun": 1, "13f41c318d86c8e1887f3a487f24044f-unwrap_shear_5nN": 1, "13f41c318d86c8e1887f3a487f24044f-log_interaction_energy_5nN": 1, "13f41c318d86c8e1887f3a487f24044f-unwrap_shear_25nN": 1, "13f41c318d86c8e1887f3a487f24044f-calc_friction": 1, "13f41c318d86c8e1887f3a487f24044f-equilibrate_grompp": 1, "13f41c318d86c8e1887f3a487f24044f-get_interaction_energy_25nN": 1, "13f41c318d86c8e1887f3a487f24044f-equilibrate": 1, "13f41c318d86c8e1887f3a487f24044f-log_S2": 1, "13f41c318d86c8e1887f3a487f24044f-shear_15nN_rerun_grompp": 1, "13f41c318d86c8e1887f3a487f24044f-get_interaction_energy_15nN": 1, "13f41c318d86c8e1887f3a487f24044f-shear_5nN_rerun_grompp": 1, "13f41c318d86c8e1887f3a487f24044f-calc_S2_shear": 1, "13f41c318d86c8e1887f3a487f24044f-fix_overlaps": 1, "13f41c318d86c8e1887f3a487f24044f-get_interaction_energy_5nN": 1, "13f41c318d86c8e1887f3a487f24044f-log_interaction_energy_15nN": 1, "13f41c318d86c8e1887f3a487f24044f-log_interaction_energy_25nN": 1, "13f41c318d86c8e1887f3a487f24044f-top_to_mol2": 1, "13f41c318d86c8e1887f3a487f24044f-shear_25nN_grompp": 1, "13f41c318d86c8e1887f3a487f24044f-calc_tilt_shear": 1, "13f41c318d86c8e1887f3a487f24044f-minimize_grompp": 1, "13f41c318d86c8e1887f3a487f24044f-shear_25nN_rerun": 1, "13f41c318d86c8e1887f3a487f24044f-shear_5nN_grompp": 1, "13f41c318d86c8e1887f3a487f24044f-calc_interdigitation": 1, "13f41c318d86c8e1887f3a487f24044f-unwrap_shear_15nN": 1, "13f41c318d86c8e1887f3a487f24044f-shear_15nN_grompp": 1, "13f41c318d86c8e1887f3a487f24044f-lammps_to_gmx": 1, "13f41c318d86c8e1887f3a487f24044f-shear_5nN": 1, "13f41c318d86c8e1887f3a487f24044f-minimize": 1, "13f41c318d86c8e1887f3a487f24044f-shear_15nN_rerun": 1, "13f41c318d86c8e1887f3a487f24044f-compress": 1}, "chain-smiles-1": "CCCCCCCCCCCCCCCCCOC"}