{"shear_15nN-qq": [33.22153127657873, 11.335109519131523], "tilt_bottom": {"25nN": 39.17630333100218, "5nN": 33.54382653207916, "15nN": 37.25712300449245}, "delta_molecular_weight": 28.053000000000004, "status": {"b5387beb9af64d6d71638b894490c0c1-shear_15nN_rerun": 1, "b5387beb9af64d6d71638b894490c0c1-log_cof": 1, "b5387beb9af64d6d71638b894490c0c1-log_tilt": 1, "b5387beb9af64d6d71638b894490c0c1-get_interaction_energy_15nN": 1, "b5387beb9af64d6d71638b894490c0c1-unwrap_shear_25nN": 1, "b5387beb9af64d6d71638b894490c0c1-shear_25nN_rerun_grompp": 1, "b5387beb9af64d6d71638b894490c0c1-unwrap_shear_5nN": 1, "b5387beb9af64d6d71638b894490c0c1-log_interaction_energy_15nN": 1, "b5387beb9af64d6d71638b894490c0c1-shear_25nN_rerun": 1, "b5387beb9af64d6d71638b894490c0c1-shear_15nN": 1, "b5387beb9af64d6d71638b894490c0c1-calc_tilt_shear": 1, "b5387beb9af64d6d71638b894490c0c1-initialize": 1, "b5387beb9af64d6d71638b894490c0c1-shear_5nN": 1, "b5387beb9af64d6d71638b894490c0c1-equilibrate_grompp": 1, "b5387beb9af64d6d71638b894490c0c1-lammps_to_gmx": 1, "b5387beb9af64d6d71638b894490c0c1-fix_overlaps": 1, "b5387beb9af64d6d71638b894490c0c1-calc_interdigitation": 1, "b5387beb9af64d6d71638b894490c0c1-calc_friction": 1, "b5387beb9af64d6d71638b894490c0c1-unwrap_shear_15nN": 1, "b5387beb9af64d6d71638b894490c0c1-shear_5nN_rerun_grompp": 1, "b5387beb9af64d6d71638b894490c0c1-calc_S2_shear": 1, "b5387beb9af64d6d71638b894490c0c1-top_to_mol2": 1, "b5387beb9af64d6d71638b894490c0c1-compress": 1, "b5387beb9af64d6d71638b894490c0c1-shear_15nN_rerun_grompp": 1, "b5387beb9af64d6d71638b894490c0c1-minimize_grompp": 1, "b5387beb9af64d6d71638b894490c0c1-get_interaction_energy_5nN": 1, "b5387beb9af64d6d71638b894490c0c1-shear_25nN": 1, "b5387beb9af64d6d71638b894490c0c1-shear_5nN_grompp": 1, "b5387beb9af64d6d71638b894490c0c1-equilibrate": 1, "b5387beb9af64d6d71638b894490c0c1-get_interaction_energy_25nN": 1, "b5387beb9af64d6d71638b894490c0c1-log_interaction_energy_5nN": 1, "b5387beb9af64d6d71638b894490c0c1-minimize": 1, "b5387beb9af64d6d71638b894490c0c1-shear_15nN_grompp": 1, "b5387beb9af64d6d71638b894490c0c1-compress_grompp": 1, "b5387beb9af64d6d71638b894490c0c1-shear_5nN_rerun": 1, "b5387beb9af64d6d71638b894490c0c1-log_interaction_energy_25nN": 1, "b5387beb9af64d6d71638b894490c0c1-log_S2": 1, "b5387beb9af64d6d71638b894490c0c1-shear_25nN_grompp": 1}, "interdigitation": {"25nN": 0.10132437667080664, "5nN": 0.10915994331679289, "15nN": 0.11556492591054464}, "intercept": 0.8567651442637965, "delta_dipole_moment": 0.01, "S2_top": {"25nN": 0.9504778615854595, "5nN": 0.9392053742449457, "15nN": 0.9414186206724773}, "shear_25nN-Etotal": [-1440.0478961278977, 45.390534104909676], "avg_dipole_moment": 0.005, "S2_bottom": {"25nN": 0.9557088897847159, "5nN": 0.9533652000817348, "15nN": 0.9466449140079538}, "avg_molecular_weight": 29.0609, "shear_15nN-lj": [-1422.4995380495604, 43.96385779332283], "tilt_top": {"25nN": 40.290198475954405, "5nN": 34.27462471568983, "15nN": 37.253545831286324}, "shear_5nN-Etotal": [-1176.1932420711432, 47.9427867009814], "shear_5nN-qq": [5.020609310151879, 8.183375447102271], "shear_5nN-lj": [-1181.213851381295, 47.31193388104788], "COF": 0.12432527249750677, "shear_25nN-lj": [-1496.9100114436453, 46.821008458184494], "shear_25nN-qq": [56.86211531574741, 10.86197509954111], "shear_15nN-Etotal": [-1389.2780067729816, 43.467158158110394]}