{"MR-mean":17.655,"asphericity-mean":0.509655,"balabanj-mean":2.8955315,"bertzct-mean":118.2838765,"chi0-mean":6.0856045,"chi0n-mean":5.131855,"chi0v-mean":2.131855,"chi1-mean":3.439158,"chi1n-mean":2.432574,"chi1v-mean":0.932574,"chi2n-mean":0.412268,"chi2v-mean":0.412268,"chi3n-mean":0.1875,"chi3v-mean":0.1875,"chi4n-mean":0.09375,"chi4v-mean":0.09375,"e-valence-mean":23.5,"eccentricity-mean":0.934464,"hk-alpha-mean":-0.69,"hk-kappa1-mean":1.5692155,"hk-kappa2-mean":1.5028845,"hk-kappa3-mean":0.9911995,"ipc-mean":209.5346265,"isf-mean":0.1209165,"labuteASA-mean":31.3392695,"logP-mean":0.6365,"molwt-mean":62.0199265,"molwt-hvy-mean":59.0355,"nheavy-mean":4.5,"npr1-mean":0.286382,"npr2-mean":0.713618,"pbf-mean":0.0000035,"pc+-mean":0.380411,"pc--mean":-0.380411,"pmi1-mean":44.338734,"pmi2-mean":65.514409,"pmi3-mean":109.8531425,"rbonds-mean":0.0,"rg-mean":1.246199,"rpc+-mean":0.5833335,"rpc--mean":0.3333335,"spherocity-mean":0.0,"tpsa-mean":27.115,"vsa+-mean":6.7823705,"vsa--mean":23.184415,"vsa-fhyd-mean":0.8272285,"vsa-fneg-mean":0.7347745,"vsa-fpneg-mean":0.0,"vsa-fpos-mean":0.2652255,"vsa-fppos-mean":0.1727715,"vsa-hyd-mean":27.2966905,"vsa-polar-mean":0.1727715,"vsa-polar+-mean":2.670095,"vsa-polar--mean":0.0,"MR-min":8.868,"asphericity-min":0.250385,"balabanj-min":2.187496,"bertzct-min":10.264663,"chi0-min":2.707107,"chi0n-min":1.26371,"chi0v-min":1.26371,"chi1-min":1.414214,"chi1n-min":0.365148,"chi1v-min":0.365148,"chi2n-min":0.074536,"chi2v-min":0.074536,"chi3n-min":0.0,"chi3v-min":0.0,"chi4n-min":0.0,"chi4v-min":0.0,"e-valence-min":17.0,"eccentricity-min":0.87247,"hk-alpha-min":-0.78,"hk-kappa1-min":0.738431,"hk-kappa2-min":1.4,"hk-kappa3-min":0.582399,"ipc-min":2.754888,"isf-min":0.00603,"labuteASA-min":16.817313,"logP-min":-0.4136,"molwt-min":45.992903,"molwt-hvy-min":46.005,"nheavy-min":3.0,"npr1-min":0.084097,"npr2-min":0.511333,"pbf-min":0.0,"pc+-min":0.373611,"pc--min":-0.387211,"pmi1-min":3.884183,"pmi2-min":42.302603,"pmi3-min":46.186785,"rbonds-min":0.0,"rg-min":1.001974,"rpc+-min":0.166667,"rpc--min":0.166667,"spherocity-min":0.0,"tpsa-min":0.0,"vsa+-min":5.34019,"vsa--min":10.114318,"vsa-fhyd-min":0.654457,"vsa-fneg-min":0.654457,"vsa-fpneg-min":0.0,"vsa-fpos-min":0.184908,"vsa-fppos-min":0.0,"vsa-hyd-min":10.114318,"vsa-polar-min":0.0,"vsa-polar+-min":0.0,"vsa-polar--min":0.0,"MR-max":26.442,"asphericity-max":0.768925,"balabanj-max":3.603567,"bertzct-max":226.30309,"chi0-max":9.464102,"chi0n-max":9.0,"chi0v-max":3.0,"chi1-max":5.464102,"chi1n-max":4.5,"chi1v-max":1.5,"chi2n-max":0.75,"chi2v-max":0.75,"chi3n-max":0.375,"chi3v-max":0.375,"chi4n-max":0.1875,"chi4v-max":0.1875,"e-valence-max":30.0,"eccentricity-max":0.996458,"hk-alpha-max":-0.6,"hk-kappa1-max":2.4,"hk-kappa2-max":1.605769,"hk-kappa3-max":1.4,"ipc-max":416.314365,"isf-max":0.235803,"labuteASA-max":45.861226,"logP-max":1.6866,"molwt-max":78.04695,"molwt-hvy-max":72.066,"nheavy-max":6.0,"npr1-max":0.488667,"npr2-max":0.915903,"pbf-max":0.000007,"pc+-max":0.387211,"pc--max":-0.373611,"pmi1-max":84.793285,"pmi2-max":88.726215,"pmi3-max":173.5195,"rbonds-max":0.0,"rg-max":1.490424,"rpc+-max":1.0,"rpc--max":0.5,"spherocity-max":0.0,"tpsa-max":54.23,"vsa+-max":8.224551,"vsa--max":36.254512,"vsa-fhyd-max":1.0,"vsa-fneg-max":0.815092,"vsa-fpneg-max":0.0,"vsa-fpos-max":0.345543,"vsa-fppos-max":0.345543,"vsa-hyd-max":44.479063,"vsa-polar-max":0.345543,"vsa-polar+-max":5.34019,"vsa-polar--max":0.0,"MR-diff":17.574,"asphericity-diff":0.51854,"balabanj-diff":1.416071,"bertzct-diff":216.038427,"chi0-diff":6.756995,"chi0n-diff":7.73629,"chi0v-diff":1.73629,"chi1-diff":4.049888,"chi1n-diff":4.134852,"chi1v-diff":1.134852,"chi2n-diff":0.675464,"chi2v-diff":0.675464,"chi3n-diff":0.375,"chi3v-diff":0.375,"chi4n-diff":0.1875,"chi4v-diff":0.1875,"e-valence-diff":13.0,"eccentricity-diff":0.123988,"hk-alpha-diff":0.18,"hk-kappa1-diff":1.661569,"hk-kappa2-diff":0.205769,"hk-kappa3-diff":0.817601,"ipc-diff":413.559477,"isf-diff":0.229773,"labuteASA-diff":29.043913,"logP-diff":2.1002,"molwt-diff":32.054047,"molwt-hvy-diff":26.061,"nheavy-diff":3.0,"npr1-diff":0.40457,"npr2-diff":0.40457,"pbf-diff":0.000007,"pc+-diff":0.0136,"pc--diff":0.0136,"pmi1-diff":80.909102,"pmi2-diff":46.423612,"pmi3-diff":127.332715,"rbonds-diff":0.0,"rg-diff":0.48845,"rpc+-diff":0.833333,"rpc--diff":0.333333,"spherocity-diff":0.0,"tpsa-diff":54.23,"vsa+-diff":2.884361,"vsa--diff":26.140194,"vsa-fhyd-diff":0.345543,"vsa-fneg-diff":0.160635,"vsa-fpneg-diff":0.0,"vsa-fpos-diff":0.160635,"vsa-fppos-diff":0.345543,"vsa-hyd-diff":34.364745,"vsa-polar-diff":0.345543,"vsa-polar+-diff":5.34019,"vsa-polar--diff":0.0,"hbonds":0.0}