{"interdigitation": {"25nN": 0.1174548697976775, "5nN": 0.10837016498827036, "15nN": 0.12333680683756908}, "shear_25nN-qq": [-197.97773592326138, 46.7251995911421], "S2_top": {"25nN": 0.9820483105774108, "5nN": 0.9825777259073508, "15nN": 0.9849771346071523}, "tilt_bottom": {"25nN": 39.7854940027895, "5nN": 35.75743323374451, "15nN": 37.612810719684006}, "shear_15nN-Etotal": [-2196.9863410655475, 80.70281334069905], "status": {"bebca1818b86d54b9648b580f35453e9-calc_S2_shear": 1, "bebca1818b86d54b9648b580f35453e9-minimize": 1, "bebca1818b86d54b9648b580f35453e9-calc_friction": 1, "bebca1818b86d54b9648b580f35453e9-unwrap_shear_5nN": 1, "bebca1818b86d54b9648b580f35453e9-compress_grompp": 1, "bebca1818b86d54b9648b580f35453e9-initialize": 1, "bebca1818b86d54b9648b580f35453e9-shear_25nN_grompp": 1, "bebca1818b86d54b9648b580f35453e9-log_interaction_energy_15nN": 1, "bebca1818b86d54b9648b580f35453e9-calc_tilt_shear": 1, "bebca1818b86d54b9648b580f35453e9-calc_interdigitation": 1, "bebca1818b86d54b9648b580f35453e9-shear_15nN_rerun_grompp": 1, "bebca1818b86d54b9648b580f35453e9-log_cof": 1, "bebca1818b86d54b9648b580f35453e9-get_interaction_energy_25nN": 1, "bebca1818b86d54b9648b580f35453e9-shear_5nN_rerun_grompp": 1, "bebca1818b86d54b9648b580f35453e9-top_to_mol2": 1, "bebca1818b86d54b9648b580f35453e9-compress": 1, "bebca1818b86d54b9648b580f35453e9-shear_15nN_grompp": 1, "bebca1818b86d54b9648b580f35453e9-get_interaction_energy_5nN": 1, "bebca1818b86d54b9648b580f35453e9-shear_25nN_rerun": 1, "bebca1818b86d54b9648b580f35453e9-equilibrate_grompp": 1, "bebca1818b86d54b9648b580f35453e9-shear_15nN": 1, "bebca1818b86d54b9648b580f35453e9-minimize_grompp": 1, "bebca1818b86d54b9648b580f35453e9-shear_5nN_rerun": 1, "bebca1818b86d54b9648b580f35453e9-log_interaction_energy_5nN": 1, "bebca1818b86d54b9648b580f35453e9-get_interaction_energy_15nN": 1, "bebca1818b86d54b9648b580f35453e9-shear_25nN": 1, "bebca1818b86d54b9648b580f35453e9-fix_overlaps": 1, "bebca1818b86d54b9648b580f35453e9-lammps_to_gmx": 1, "bebca1818b86d54b9648b580f35453e9-log_S2": 1, "bebca1818b86d54b9648b580f35453e9-equilibrate": 1, "bebca1818b86d54b9648b580f35453e9-count_hydrogen_bonds": 1, "bebca1818b86d54b9648b580f35453e9-shear_5nN_grompp": 1, "bebca1818b86d54b9648b580f35453e9-shear_25nN_rerun_grompp": 1, "bebca1818b86d54b9648b580f35453e9-shear_5nN": 1, "bebca1818b86d54b9648b580f35453e9-shear_15nN_rerun": 1, "bebca1818b86d54b9648b580f35453e9-unwrap_shear_15nN": 1, "bebca1818b86d54b9648b580f35453e9-unwrap_shear_25nN": 1, "bebca1818b86d54b9648b580f35453e9-log_tilt": 1, "bebca1818b86d54b9648b580f35453e9-log_interaction_energy_25nN": 1}, "shear_25nN-lj": [-2064.681317829736, 53.00017054464484], "delta_molecular_weight": 32.0863, "intercept": 1.5898871632793528, "avg_dipole_moment": 2.405, "COF": 0.13069510494136904, "shear_25nN-Etotal": [-2262.659053752998, 70.21123409749765], "tilt_top": {"25nN": 40.453025151878364, "5nN": 35.574045948560226, "15nN": 38.646382077805654}, "S2_bottom": {"25nN": 0.953564093955111, "5nN": 0.9673024925693964, "15nN": 0.9562724781351065}, "shear_15nN-qq": [-232.22915317585932, 50.09152317143965], "shear_5nN-qq": [-263.6094515427658, 45.257952119662555], "shear_5nN-Etotal": [-2030.7695028025576, 77.71512406578785], "avg_molecular_weight": 61.060550000000006, "delta_dipole_moment": 4.81, "shear_15nN-lj": [-1964.7571878896883, 57.452147844778985], "shear_5nN-lj": [-1767.1600512597922, 56.02122205335645]}