{"MR-mean":9.7454,"asphericity-mean":0.4742745,"balabanj-mean":3.594441,"bertzct-mean":49.406372,"chi0-mean":6.1035535,"chi0n-mean":5.954124,"chi0v-mean":0.954124,"chi1-mean":2.90533,"chi1n-mean":2.681186,"chi1v-mean":0.227062,"chi2n-mean":0.0,"chi2v-mean":0.0,"chi3n-mean":0.0,"chi3v-mean":0.0,"chi4n-mean":0.0,"chi4v-mean":0.0,"e-valence-mean":14.0,"eccentricity-mean":0.972378,"hk-alpha-mean":-0.02,"hk-kappa1-mean":0.05712,"hk-kappa2-mean":0.48,"hk-kappa3-mean":-13.52,"ipc-mean":16.735428,"isf-mean":0.195611,"labuteASA-mean":21.3870265,"logP-mean":0.31735,"molwt-mean":31.0365825,"molwt-hvy-mean":26.016,"nheavy-mean":2.0,"npr1-mean":0.230837,"npr2-mean":0.977339,"pbf-mean":0.421282,"pc+-mean":0.2680775,"pc--mean":-0.2680775,"pmi1-mean":5.2864765,"pmi2-mean":22.0962115,"pmi3-mean":22.5748635,"rbonds-mean":1.0,"rg-mean":0.8963915,"rpc+-mean":0.345613,"rpc--mean":0.75,"spherocity-mean":0.5848325,"tpsa-mean":10.115,"vsa+-mean":10.4029895,"vsa--mean":9.406296,"vsa-fhyd-mean":0.815152,"vsa-fneg-mean":0.456864,"vsa-fpneg-mean":0.1443965,"vsa-fpos-mean":0.543136,"vsa-fppos-mean":0.0404515,"vsa-hyd-mean":16.5392815,"vsa-polar-mean":0.184848,"vsa-polar+-mean":0.7156,"vsa-polar--mean":2.554404,"MR-min":8.1428,"asphericity-min":0.420433,"balabanj-min":3.16849,"bertzct-min":37.302969,"chi0-min":5.207107,"chi0n-min":4.908248,"chi0v-min":0.908248,"chi1-min":2.56066,"chi1n-min":2.112372,"chi1v-min":0.204124,"chi2n-min":0.0,"chi2v-min":0.0,"chi3n-min":0.0,"chi3v-min":0.0,"chi4n-min":0.0,"chi4v-min":0.0,"e-valence-min":14.0,"eccentricity-min":0.964392,"hk-alpha-min":-0.04,"hk-kappa1-min":0.040816,"hk-kappa2-min":0.0,"hk-kappa3-min":-27.04,"ipc-min":12.164797,"isf-min":0.151153,"labuteASA-min":19.240037,"logP-min":-0.3915,"molwt-min":30.04695,"molwt-hvy-min":24.022,"nheavy-min":2.0,"npr1-min":0.197195,"npr2-min":0.962648,"pbf-min":0.337837,"pc+-min":0.136525,"pc--min":-0.39963,"pmi1-min":4.009886,"pmi2-min":19.575086,"pmi3-min":20.334617,"rbonds-min":1.0,"rg-min":0.827855,"rpc+-min":0.166667,"rpc--min":0.5,"spherocity-min":0.552547,"tpsa-min":0.0,"vsa+-min":8.224551,"vsa--min":5.108808,"vsa-fhyd-min":0.630304,"vsa-fneg-min":0.288793,"vsa-fpneg-min":0.0,"vsa-fpos-min":0.375065,"vsa-fppos-min":0.0,"vsa-hyd-min":11.150228,"vsa-polar-min":0.0,"vsa-polar+-min":0.0,"vsa-polar--min":0.0,"MR-max":11.348,"asphericity-max":0.528116,"balabanj-max":4.020392,"bertzct-max":61.509775,"chi0-max":7.0,"chi0n-max":7.0,"chi0v-max":1.0,"chi1-max":3.25,"chi1n-max":3.25,"chi1v-max":0.25,"chi2n-max":0.0,"chi2v-max":0.0,"chi3n-max":0.0,"chi3v-max":0.0,"chi4n-max":0.0,"chi4v-max":0.0,"e-valence-max":14.0,"eccentricity-max":0.980364,"hk-alpha-max":0.0,"hk-kappa1-max":0.073424,"hk-kappa2-max":0.96,"hk-kappa3-max":0.0,"ipc-max":21.306059,"isf-max":0.240069,"labuteASA-max":23.534016,"logP-max":1.0262,"molwt-max":32.026215,"molwt-hvy-max":28.01,"nheavy-max":2.0,"npr1-max":0.264479,"npr2-max":0.99203,"pbf-max":0.504727,"pc+-max":0.39963,"pc--max":-0.136525,"pmi1-max":6.563067,"pmi2-max":24.617337,"pmi3-max":24.81511,"rbonds-max":1.0,"rg-max":0.964928,"rpc+-max":0.524559,"rpc--max":1.0,"spherocity-max":0.617118,"tpsa-max":20.23,"vsa+-max":12.581428,"vsa--max":13.703784,"vsa-fhyd-max":1.0,"vsa-fneg-max":0.624935,"vsa-fpneg-max":0.288793,"vsa-fpos-max":0.711207,"vsa-fppos-max":0.080903,"vsa-hyd-max":21.928335,"vsa-polar-max":0.369696,"vsa-polar+-max":1.4312,"vsa-polar--max":5.108808,"MR-diff":3.2052,"asphericity-diff":0.107683,"balabanj-diff":0.851902,"bertzct-diff":24.206806,"chi0-diff":1.792893,"chi0n-diff":2.091752,"chi0v-diff":0.091752,"chi1-diff":0.68934,"chi1n-diff":1.137628,"chi1v-diff":0.045876,"chi2n-diff":0.0,"chi2v-diff":0.0,"chi3n-diff":0.0,"chi3v-diff":0.0,"chi4n-diff":0.0,"chi4v-diff":0.0,"e-valence-diff":0.0,"eccentricity-diff":0.015972,"hk-alpha-diff":0.04,"hk-kappa1-diff":0.032608,"hk-kappa2-diff":0.96,"hk-kappa3-diff":27.04,"ipc-diff":9.141262,"isf-diff":0.088916,"labuteASA-diff":4.293979,"logP-diff":1.4177,"molwt-diff":1.979265,"molwt-hvy-diff":3.988,"nheavy-diff":0.0,"npr1-diff":0.067284,"npr2-diff":0.029382,"pbf-diff":0.16689,"pc+-diff":0.263105,"pc--diff":0.263105,"pmi1-diff":2.553181,"pmi2-diff":5.042251,"pmi3-diff":4.480493,"rbonds-diff":0.0,"rg-diff":0.137073,"rpc+-diff":0.357892,"rpc--diff":0.5,"spherocity-diff":0.064571,"tpsa-diff":20.23,"vsa+-diff":4.356877,"vsa--diff":8.594976,"vsa-fhyd-diff":0.369696,"vsa-fneg-diff":0.336142,"vsa-fpneg-diff":0.288793,"vsa-fpos-diff":0.336142,"vsa-fppos-diff":0.080903,"vsa-hyd-diff":10.778107,"vsa-polar-diff":0.369696,"vsa-polar+-diff":1.4312,"vsa-polar--diff":5.108808,"hbonds":0.0}