{"shear_15nN-qq": [60.936643948041564, 14.63090865861228], "tilt_bottom": {"25nN": 39.759697001404746, "5nN": 34.42199298012613, "15nN": 37.13260556191079}, "delta_molecular_weight": 1.972900000000001, "status": {"aa9a6f865910e56afbaa683551516d54-shear_15nN_rerun": 1, "aa9a6f865910e56afbaa683551516d54-shear_5nN_rerun": 1, "aa9a6f865910e56afbaa683551516d54-shear_25nN_grompp": 1, "aa9a6f865910e56afbaa683551516d54-log_cof": 1, "aa9a6f865910e56afbaa683551516d54-shear_15nN_rerun_grompp": 1, "aa9a6f865910e56afbaa683551516d54-minimize": 1, "aa9a6f865910e56afbaa683551516d54-get_interaction_energy_25nN": 1, "aa9a6f865910e56afbaa683551516d54-calc_S2_shear": 1, "aa9a6f865910e56afbaa683551516d54-calc_tilt_shear": 1, "aa9a6f865910e56afbaa683551516d54-unwrap_shear_25nN": 1, "aa9a6f865910e56afbaa683551516d54-unwrap_shear_15nN": 1, "aa9a6f865910e56afbaa683551516d54-fix_overlaps": 1, "aa9a6f865910e56afbaa683551516d54-shear_25nN_rerun_grompp": 1, "aa9a6f865910e56afbaa683551516d54-top_to_mol2": 1, "aa9a6f865910e56afbaa683551516d54-shear_25nN": 1, "aa9a6f865910e56afbaa683551516d54-get_interaction_energy_5nN": 1, "aa9a6f865910e56afbaa683551516d54-equilibrate": 1, "aa9a6f865910e56afbaa683551516d54-unwrap_shear_5nN": 1, "aa9a6f865910e56afbaa683551516d54-compress_grompp": 1, "aa9a6f865910e56afbaa683551516d54-calc_interdigitation": 1, "aa9a6f865910e56afbaa683551516d54-shear_5nN_rerun_grompp": 1, "aa9a6f865910e56afbaa683551516d54-log_tilt": 1, "aa9a6f865910e56afbaa683551516d54-log_interaction_energy_5nN": 1, "aa9a6f865910e56afbaa683551516d54-log_interaction_energy_15nN": 1, "aa9a6f865910e56afbaa683551516d54-count_hydrogen_bonds": 1, "aa9a6f865910e56afbaa683551516d54-shear_25nN_rerun": 1, "aa9a6f865910e56afbaa683551516d54-shear_15nN_grompp": 1, "aa9a6f865910e56afbaa683551516d54-lammps_to_gmx": 1, "aa9a6f865910e56afbaa683551516d54-shear_5nN": 1, "aa9a6f865910e56afbaa683551516d54-calc_friction": 1, "aa9a6f865910e56afbaa683551516d54-equilibrate_grompp": 1, "aa9a6f865910e56afbaa683551516d54-compress": 1, "aa9a6f865910e56afbaa683551516d54-shear_5nN_grompp": 1, "aa9a6f865910e56afbaa683551516d54-log_interaction_energy_25nN": 1, "aa9a6f865910e56afbaa683551516d54-get_interaction_energy_15nN": 1, "aa9a6f865910e56afbaa683551516d54-shear_15nN": 1, "aa9a6f865910e56afbaa683551516d54-initialize": 1, "aa9a6f865910e56afbaa683551516d54-minimize_grompp": 1, "aa9a6f865910e56afbaa683551516d54-log_S2": 1}, "interdigitation": {"25nN": 0.1058439771148483, "5nN": 0.09286043751488839, "15nN": 0.11667975045136687}, "avg_molecular_weight": 16.02085, "delta_dipole_moment": 1.88, "S2_top": {"25nN": 0.9387354421086779, "5nN": 0.9710582597032799, "15nN": 0.9721064155505881}, "shear_25nN-Etotal": [-1513.6260254748202, 48.34707689242739], "shear_5nN-Etotal": [-1224.6210612382094, 51.210086629618964], "S2_bottom": {"25nN": 0.9548862983811134, "5nN": 0.9543523298997509, "15nN": 0.9529316143764158}, "intercept": 0.8766753565260781, "shear_15nN-lj": [-1490.2569032709832, 50.76143470262196], "tilt_top": {"25nN": 40.258849596779825, "5nN": 35.79092864385066, "15nN": 38.71187489871977}, "avg_dipole_moment": 0.94, "shear_5nN-qq": [25.202525801758593, 13.79049232962471], "shear_5nN-lj": [-1249.823587039968, 53.462607666765855], "COF": 0.14782176540264244, "shear_25nN-lj": [-1600.5069408289369, 48.60816549864064], "shear_25nN-qq": [86.88091535411671, 19.490730302003023], "shear_15nN-Etotal": [-1429.3202593229416, 51.773506909631]}