{"avg_dipole_moment": 2.7199999999999998, "max_dipole_moment": 3.81, "min_dipole_moment": 1.63, "max_molecular_weight": 46.0055, "shear_5nN-qq": [-1137.3879506195044, 80.7309558863656], "intercept": 2.5839639446891156, "shear_15nN-qq": [-1213.780016951239, 79.08460487012886], "min_molecular_weight": 16.0225, "delta_molecular_weight": 29.982999999999997, "ch3-smiles-2": "C[N+](=O)[O-]", "chain-smiles-2": "CCCCCCCCCCCCCCCCC[N+](=O)[O-]", "tilt_bottom": {"25nN": 40.87006217721719, "5nN": 36.49309759183191, "15nN": 38.1210057245305}, "interdigitation": {"25nN": 0.18402014257791466, "5nN": 0.14046019641787386, "15nN": 0.1430432183235242}, "tilt_top": {"25nN": 39.539768861806934, "5nN": 34.7793414084268, "15nN": 38.0280463436018}, "shear_15nN-lj": [-1715.2892388257396, 55.82138160562543], "h-smiles-1": "N", "S2_top": {"25nN": 0.899200568660446, "5nN": 0.9179927313618634, "15nN": 0.9056500903016899}, "S2_bottom": {"25nN": 0.9643709182444558, "5nN": 0.9684461088971832, "15nN": 0.9489911057339369}, "h-smiles-2": "[N+](=O)[O-]", "shear_25nN-qq": [-1257.6648641454835, 87.51540026027166], "COF": 0.14473809199414173, "shear_25nN-lj": [-1774.0964488297363, 50.91608365071124], "ch3-smiles-1": "CN", "shear_15nN-Etotal": [-2929.069255776978, 101.75785457119913], "shear_5nN-Etotal": [-2690.551628752997, 107.85191984244135], "shear_25nN-Etotal": [-3031.76131297522, 104.42445093500126], "avg_molecular_weight": 31.014, "shear_5nN-lj": [-1553.1636781334932, 53.41208054144244], "delta_dipole_moment": 2.18, "status": {"e6837b5744e16e6e02b3756b0dc7440f-shear_5nN_rerun_grompp": 1, "e6837b5744e16e6e02b3756b0dc7440f-get_interaction_energy_15nN": 1, "e6837b5744e16e6e02b3756b0dc7440f-shear_15nN_rerun": 1, "e6837b5744e16e6e02b3756b0dc7440f-calc_friction": 1, "e6837b5744e16e6e02b3756b0dc7440f-equilibrate_grompp": 1, "e6837b5744e16e6e02b3756b0dc7440f-calc_interdigitation": 1, "e6837b5744e16e6e02b3756b0dc7440f-get_interaction_energy_5nN": 1, "e6837b5744e16e6e02b3756b0dc7440f-shear_5nN_grompp": 1, "e6837b5744e16e6e02b3756b0dc7440f-equilibrate": 1, "e6837b5744e16e6e02b3756b0dc7440f-minimize_grompp": 1, "e6837b5744e16e6e02b3756b0dc7440f-unwrap_shear_25nN": 1, "e6837b5744e16e6e02b3756b0dc7440f-shear_15nN_grompp": 1, "e6837b5744e16e6e02b3756b0dc7440f-minimize": 1, "e6837b5744e16e6e02b3756b0dc7440f-log_S2": 1, "e6837b5744e16e6e02b3756b0dc7440f-calc_tilt_shear": 1, "e6837b5744e16e6e02b3756b0dc7440f-fix_overlaps": 1, "e6837b5744e16e6e02b3756b0dc7440f-compress_grompp": 1, "e6837b5744e16e6e02b3756b0dc7440f-log_interaction_energy_15nN": 1, "e6837b5744e16e6e02b3756b0dc7440f-top_to_mol2": 1, "e6837b5744e16e6e02b3756b0dc7440f-shear_5nN": 1, "e6837b5744e16e6e02b3756b0dc7440f-log_interaction_energy_5nN": 1, "e6837b5744e16e6e02b3756b0dc7440f-calc_S2_shear": 1, "e6837b5744e16e6e02b3756b0dc7440f-shear_25nN": 1, "e6837b5744e16e6e02b3756b0dc7440f-shear_25nN_rerun": 1, "e6837b5744e16e6e02b3756b0dc7440f-shear_5nN_rerun": 1, "e6837b5744e16e6e02b3756b0dc7440f-count_hydrogen_bonds": 1, "e6837b5744e16e6e02b3756b0dc7440f-log_cof": 1, "e6837b5744e16e6e02b3756b0dc7440f-unwrap_shear_5nN": 1, "e6837b5744e16e6e02b3756b0dc7440f-unwrap_shear_15nN": 1, "e6837b5744e16e6e02b3756b0dc7440f-shear_25nN_rerun_grompp": 1, "e6837b5744e16e6e02b3756b0dc7440f-initialize": 1, "e6837b5744e16e6e02b3756b0dc7440f-compress": 1, "e6837b5744e16e6e02b3756b0dc7440f-log_interaction_energy_25nN": 1, "e6837b5744e16e6e02b3756b0dc7440f-lammps_to_gmx": 1, "e6837b5744e16e6e02b3756b0dc7440f-shear_15nN": 1, "e6837b5744e16e6e02b3756b0dc7440f-shear_15nN_rerun_grompp": 1, "e6837b5744e16e6e02b3756b0dc7440f-shear_25nN_grompp": 1, "e6837b5744e16e6e02b3756b0dc7440f-log_tilt": 1, "e6837b5744e16e6e02b3756b0dc7440f-get_interaction_energy_25nN": 1}, "chain-smiles-1": "CCCCCCCCCCCCCCCCCN"}