{"shear_15nN-qq": [-228.71379814868104, 38.15659380991659], "delta_molecular_weight": 52.0497, "tilt_bottom": {"25nN": 39.91093226106241, "5nN": 34.8573909773294, "15nN": 37.921504151491185}, "interdigitation": {"25nN": 0.173884430061327, "5nN": 0.18509924907077485, "15nN": 0.18684148478876147}, "avg_molecular_weight": 69.06935, "delta_dipole_moment": 1.1300000000000003, "S2_top": {"25nN": 0.9087022520007513, "5nN": 0.9017493466909265, "15nN": 0.9129137993998977}, "shear_25nN-Etotal": [-2061.4468249824145, 66.66446870677589], "shear_5nN-Etotal": [-1709.9095199264586, 76.71742215224305], "S2_bottom": {"25nN": 0.9383303049433092, "5nN": 0.9405910284220734, "15nN": 0.9397550396461927}, "status": {"e6820f4996f6d4da5b5f8d2622c853ca-log_S2": 1, "e6820f4996f6d4da5b5f8d2622c853ca-unwrap_shear_5nN": 1, "e6820f4996f6d4da5b5f8d2622c853ca-log_interaction_energy_5nN": 1, "e6820f4996f6d4da5b5f8d2622c853ca-calc_interdigitation": 1, "e6820f4996f6d4da5b5f8d2622c853ca-calc_tilt_shear": 1, "e6820f4996f6d4da5b5f8d2622c853ca-shear_15nN_rerun_grompp": 1, "e6820f4996f6d4da5b5f8d2622c853ca-compress": 1, "e6820f4996f6d4da5b5f8d2622c853ca-minimize_grompp": 1, "e6820f4996f6d4da5b5f8d2622c853ca-compress_grompp": 1, "e6820f4996f6d4da5b5f8d2622c853ca-log_tilt": 1, "e6820f4996f6d4da5b5f8d2622c853ca-minimize": 1, "e6820f4996f6d4da5b5f8d2622c853ca-log_cof": 1, "e6820f4996f6d4da5b5f8d2622c853ca-initialize": 1, "e6820f4996f6d4da5b5f8d2622c853ca-shear_25nN": 1, "e6820f4996f6d4da5b5f8d2622c853ca-equilibrate_grompp": 1, "e6820f4996f6d4da5b5f8d2622c853ca-get_interaction_energy_25nN": 1, "e6820f4996f6d4da5b5f8d2622c853ca-shear_15nN_grompp": 1, "e6820f4996f6d4da5b5f8d2622c853ca-shear_25nN_rerun": 1, "e6820f4996f6d4da5b5f8d2622c853ca-shear_5nN_rerun_grompp": 1, "e6820f4996f6d4da5b5f8d2622c853ca-shear_5nN_rerun": 1, "e6820f4996f6d4da5b5f8d2622c853ca-get_interaction_energy_15nN": 1, "e6820f4996f6d4da5b5f8d2622c853ca-unwrap_shear_25nN": 1, "e6820f4996f6d4da5b5f8d2622c853ca-shear_5nN": 1, "e6820f4996f6d4da5b5f8d2622c853ca-calc_friction": 1, "e6820f4996f6d4da5b5f8d2622c853ca-equilibrate": 1, "e6820f4996f6d4da5b5f8d2622c853ca-get_interaction_energy_5nN": 1, "e6820f4996f6d4da5b5f8d2622c853ca-fix_overlaps": 1, "e6820f4996f6d4da5b5f8d2622c853ca-calc_S2_shear": 1, "e6820f4996f6d4da5b5f8d2622c853ca-shear_15nN_rerun": 1, "e6820f4996f6d4da5b5f8d2622c853ca-shear_25nN_grompp": 1, "e6820f4996f6d4da5b5f8d2622c853ca-lammps_to_gmx": 1, "e6820f4996f6d4da5b5f8d2622c853ca-shear_15nN": 1, "e6820f4996f6d4da5b5f8d2622c853ca-shear_5nN_grompp": 1, "e6820f4996f6d4da5b5f8d2622c853ca-log_interaction_energy_25nN": 1, "e6820f4996f6d4da5b5f8d2622c853ca-unwrap_shear_15nN": 1, "e6820f4996f6d4da5b5f8d2622c853ca-top_to_mol2": 1, "e6820f4996f6d4da5b5f8d2622c853ca-log_interaction_energy_15nN": 1, "e6820f4996f6d4da5b5f8d2622c853ca-shear_25nN_rerun_grompp": 1}, "intercept": 1.6031392223562992, "shear_15nN-lj": [-1730.9158076770584, 51.27468205839868], "tilt_top": {"25nN": 38.16688433920604, "5nN": 33.41116737292653, "15nN": 36.553844576732715}, "avg_dipole_moment": 2.5949999999999998, "shear_5nN-qq": [-211.80988987689855, 34.1309100240343], "shear_5nN-lj": [-1498.0996300495603, 60.370273104272144], "COF": 0.11963651806329274, "shear_25nN-lj": [-1839.0532926282972, 47.274630996041054], "shear_25nN-qq": [-222.3935323541167, 40.17343728084932], "shear_15nN-Etotal": [-1959.6296058257396, 66.82821475056043]}