{"shear_15nN-qq": [11.439912481215027, 10.45998052453339], "delta_molecular_weight": 27.9343, "status": {"093f248215d0dc2b0ae83b436e2bb879-calc_interdigitation": 1, "093f248215d0dc2b0ae83b436e2bb879-unwrap_shear_5nN": 1, "093f248215d0dc2b0ae83b436e2bb879-equilibrate": 1, "093f248215d0dc2b0ae83b436e2bb879-shear_15nN_rerun": 1, "093f248215d0dc2b0ae83b436e2bb879-shear_5nN_rerun": 1, "093f248215d0dc2b0ae83b436e2bb879-initialize": 1, "093f248215d0dc2b0ae83b436e2bb879-shear_25nN_rerun": 1, "093f248215d0dc2b0ae83b436e2bb879-shear_5nN": 1, "093f248215d0dc2b0ae83b436e2bb879-shear_15nN_rerun_grompp": 1, "093f248215d0dc2b0ae83b436e2bb879-shear_25nN_grompp": 1, "093f248215d0dc2b0ae83b436e2bb879-get_interaction_energy_25nN": 1, "093f248215d0dc2b0ae83b436e2bb879-compress": 1, "093f248215d0dc2b0ae83b436e2bb879-shear_25nN": 1, "093f248215d0dc2b0ae83b436e2bb879-calc_tilt_shear": 1, "093f248215d0dc2b0ae83b436e2bb879-shear_5nN_rerun_grompp": 1, "093f248215d0dc2b0ae83b436e2bb879-log_interaction_energy_25nN": 1, "093f248215d0dc2b0ae83b436e2bb879-minimize_grompp": 1, "093f248215d0dc2b0ae83b436e2bb879-calc_friction": 1, "093f248215d0dc2b0ae83b436e2bb879-shear_15nN_grompp": 1, "093f248215d0dc2b0ae83b436e2bb879-get_interaction_energy_5nN": 1, "093f248215d0dc2b0ae83b436e2bb879-log_interaction_energy_15nN": 1, "093f248215d0dc2b0ae83b436e2bb879-shear_25nN_rerun_grompp": 1, "093f248215d0dc2b0ae83b436e2bb879-log_tilt": 1, "093f248215d0dc2b0ae83b436e2bb879-fix_overlaps": 1, "093f248215d0dc2b0ae83b436e2bb879-log_interaction_energy_5nN": 1, "093f248215d0dc2b0ae83b436e2bb879-compress_grompp": 1, "093f248215d0dc2b0ae83b436e2bb879-unwrap_shear_15nN": 1, "093f248215d0dc2b0ae83b436e2bb879-top_to_mol2": 1, "093f248215d0dc2b0ae83b436e2bb879-unwrap_shear_25nN": 1, "093f248215d0dc2b0ae83b436e2bb879-lammps_to_gmx": 1, "093f248215d0dc2b0ae83b436e2bb879-calc_S2_shear": 1, "093f248215d0dc2b0ae83b436e2bb879-shear_5nN_grompp": 1, "093f248215d0dc2b0ae83b436e2bb879-log_cof": 1, "093f248215d0dc2b0ae83b436e2bb879-equilibrate_grompp": 1, "093f248215d0dc2b0ae83b436e2bb879-get_interaction_energy_15nN": 1, "093f248215d0dc2b0ae83b436e2bb879-log_S2": 1, "093f248215d0dc2b0ae83b436e2bb879-minimize": 1, "093f248215d0dc2b0ae83b436e2bb879-shear_15nN": 1}, "interdigitation": {"25nN": 0.14421402349945478, "5nN": 0.12450160766071487, "15nN": 0.11488910627226066}, "intercept": 0.3362711690020488, "delta_dipole_moment": 2.09, "tilt_bottom": {"25nN": 39.37605485934334, "5nN": 34.398904989697975, "15nN": 37.2513526065393}, "S2_top": {"25nN": 0.8847404383242297, "5nN": 0.9476223370393663, "15nN": 0.9404475582595825}, "shear_25nN-Etotal": [-1430.8292462645884, 49.585914812097556], "shear_5nN-Etotal": [-1079.6203604548361, 46.61230540520832], "S2_bottom": {"25nN": 0.9571976303026305, "5nN": 0.9637032095220375, "15nN": 0.9539490437932708}, "avg_molecular_weight": 55.03874999999999, "shear_15nN-lj": [-1307.265211170264, 43.72832440095438], "tilt_top": {"25nN": 39.04831463305929, "5nN": 34.63530082683502, "15nN": 38.4826255152969}, "avg_dipole_moment": 1.045, "shear_5nN-qq": [-0.5012272893685054, 6.416810814225316], "shear_5nN-lj": [-1079.1191331654677, 45.91869720859574], "COF": 0.1594620577316208, "shear_25nN-lj": [-1439.9969567378096, 48.83982717939795], "shear_25nN-qq": [9.167710473221424, 11.610969071779808], "shear_15nN-Etotal": [-1295.8252986890489, 44.80405771427872]}