{"shear_15nN-qq": [-614.0603374084733, 51.6130058166258], "tilt_bottom": {"25nN": 41.054094211787046, "5nN": 35.99456923053666, "15nN": 38.0846509542186}, "delta_molecular_weight": 79.07169999999999, "status": {"35bd6683d6d708394ff6d732987a9248-unwrap_shear_25nN": 1, "35bd6683d6d708394ff6d732987a9248-shear_25nN_rerun_grompp": 1, "35bd6683d6d708394ff6d732987a9248-compress": 1, "35bd6683d6d708394ff6d732987a9248-shear_5nN": 1, "35bd6683d6d708394ff6d732987a9248-log_interaction_energy_25nN": 1, "35bd6683d6d708394ff6d732987a9248-count_hydrogen_bonds": 1, "35bd6683d6d708394ff6d732987a9248-get_interaction_energy_5nN": 1, "35bd6683d6d708394ff6d732987a9248-minimize_grompp": 1, "35bd6683d6d708394ff6d732987a9248-shear_5nN_rerun_grompp": 1, "35bd6683d6d708394ff6d732987a9248-calc_interdigitation": 1, "35bd6683d6d708394ff6d732987a9248-calc_friction": 1, "35bd6683d6d708394ff6d732987a9248-log_interaction_energy_5nN": 1, "35bd6683d6d708394ff6d732987a9248-lammps_to_gmx": 1, "35bd6683d6d708394ff6d732987a9248-unwrap_shear_5nN": 1, "35bd6683d6d708394ff6d732987a9248-shear_15nN_grompp": 1, "35bd6683d6d708394ff6d732987a9248-shear_5nN_grompp": 1, "35bd6683d6d708394ff6d732987a9248-get_interaction_energy_15nN": 1, "35bd6683d6d708394ff6d732987a9248-shear_5nN_rerun": 1, "35bd6683d6d708394ff6d732987a9248-calc_S2_shear": 1, "35bd6683d6d708394ff6d732987a9248-equilibrate_grompp": 1, "35bd6683d6d708394ff6d732987a9248-log_cof": 1, "35bd6683d6d708394ff6d732987a9248-top_to_mol2": 1, "35bd6683d6d708394ff6d732987a9248-compress_grompp": 1, "35bd6683d6d708394ff6d732987a9248-shear_15nN_rerun": 1, "35bd6683d6d708394ff6d732987a9248-log_interaction_energy_15nN": 1, "35bd6683d6d708394ff6d732987a9248-equilibrate": 1, "35bd6683d6d708394ff6d732987a9248-shear_15nN": 1, "35bd6683d6d708394ff6d732987a9248-get_interaction_energy_25nN": 1, "35bd6683d6d708394ff6d732987a9248-initialize": 1, "35bd6683d6d708394ff6d732987a9248-shear_15nN_rerun_grompp": 1, "35bd6683d6d708394ff6d732987a9248-shear_25nN_grompp": 1, "35bd6683d6d708394ff6d732987a9248-calc_tilt_shear": 1, "35bd6683d6d708394ff6d732987a9248-log_tilt": 1, "35bd6683d6d708394ff6d732987a9248-log_S2": 1, "35bd6683d6d708394ff6d732987a9248-unwrap_shear_15nN": 1, "35bd6683d6d708394ff6d732987a9248-fix_overlaps": 1, "35bd6683d6d708394ff6d732987a9248-shear_25nN_rerun": 1, "35bd6683d6d708394ff6d732987a9248-shear_25nN": 1, "35bd6683d6d708394ff6d732987a9248-minimize": 1}, "interdigitation": {"25nN": 0.16360762753191566, "5nN": 0.18091247846164213, "15nN": 0.15171164596223302}, "intercept": 2.046278667696769, "delta_dipole_moment": 0.3999999999999999, "S2_top": {"25nN": 0.9194145230787321, "5nN": 0.9375832171671575, "15nN": 0.9372244594546878}, "shear_25nN-Etotal": [-2205.1289439248603, 78.18603285140833], "shear_5nN-Etotal": [-1906.2686964404475, 84.08012470137697], "S2_bottom": {"25nN": 0.914574002041745, "5nN": 0.9351491961250176, "15nN": 0.920066763635431}, "avg_molecular_weight": 55.558350000000004, "shear_15nN-lj": [-1523.281342605116, 46.95700608229411], "tilt_top": {"25nN": 38.803848194015714, "5nN": 33.54217793085762, "15nN": 36.860937006227346}, "avg_dipole_moment": 1.8299999999999998, "shear_5nN-qq": [-535.1707929304556, 50.6498283758403], "shear_5nN-lj": [-1371.097903509992, 53.09821614812015], "COF": 0.1264549784144536, "shear_25nN-lj": [-1611.021053764988, 52.3299177960663], "shear_25nN-qq": [-594.1078901598721, 50.04053635008777], "shear_15nN-Etotal": [-2137.3416800135888, 75.55804483861691]}