{"MR-mean":10.4815,"asphericity-mean":0.149049,"balabanj-mean":2.9684175,"bertzct-mean":64.108583,"chi0-mean":6.0,"chi0n-mean":5.0669465,"chi0v-mean":1.5669465,"chi1-mean":2.875,"chi1n-mean":2.4084735,"chi1v-mean":0.6584735,"chi2n-mean":0.294643,"chi2v-mean":0.294643,"chi3n-mean":0.0625,"chi3v-mean":0.0625,"chi4n-mean":0.0,"chi4v-mean":0.0,"e-valence-mean":22.0,"eccentricity-mean":0.813463,"hk-alpha-mean":-0.105,"hk-kappa1-mean":1.101,"hk-kappa2-mean":0.6853225,"hk-kappa3-mean":12.665975,"ipc-mean":36.721455,"isf-mean":0.0183625,"labuteASA-mean":25.7669775,"logP-mean":1.1744,"molwt-mean":56.0249925,"molwt-hvy-mean":52.519,"nheavy-mean":3.5,"npr1-mean":0.5795615,"npr2-mean":0.594589,"pbf-mean":0.5552085,"pc+-mean":0.341295,"pc--mean":-0.341295,"pmi1-mean":38.29932,"pmi2-mean":39.146377,"pmi3-mean":68.0454295,"rbonds-mean":0.0,"rg-mean":1.1149385,"rpc+-mean":0.4455355,"rpc--mean":0.333333,"spherocity-mean":0.7756875,"tpsa-mean":0.0,"vsa+-mean":8.125288,"vsa--mean":16.14501,"vsa-fhyd-mean":0.843016,"vsa-fneg-mean":0.6602885,"vsa-fpneg-mean":0.0,"vsa-fpos-mean":0.3397115,"vsa-fppos-mean":0.156984,"vsa-hyd-mean":20.942665,"vsa-polar-mean":0.156984,"vsa-polar+-mean":3.327633,"vsa-polar--mean":0.0,"MR-min":7.112,"asphericity-min":0.107528,"balabanj-min":2.913119,"bertzct-min":22.364528,"chi0-min":4.5,"chi0n-min":2.633893,"chi0v-min":1.5,"chi1-min":2.0,"chi1n-min":1.066947,"chi1v-min":0.566947,"chi2n-min":0.214286,"chi2v-min":0.214286,"chi3n-min":0.0,"chi3v-min":0.0,"chi4n-min":0.0,"chi4v-min":0.0,"e-valence-min":18.0,"eccentricity-min":0.785116,"hk-alpha-min":-0.21,"hk-kappa1-min":0.148148,"hk-kappa2-min":0.222222,"hk-kappa3-min":0.0,"ipc-min":3.60964,"isf-min":0.010519,"labuteASA-min":22.640828,"logP-min":1.1703,"molwt-min":42.04695,"molwt-hvy-min":36.033,"nheavy-min":3.0,"npr1-min":0.539774,"npr2-min":0.548662,"pbf-min":0.483919,"pc+-min":0.159918,"pc--min":-0.522672,"pmi1-min":24.441708,"pmi2-min":25.277024,"pmi3-min":39.463556,"rbonds-min":0.0,"rg-min":1.029393,"rpc+-min":0.166667,"rpc--min":0.333333,"spherocity-min":0.753635,"tpsa-min":0.0,"vsa+-min":8.026025,"vsa--min":13.171245,"vsa-fhyd-min":0.686032,"vsa-fneg-min":0.621365,"vsa-fpneg-min":0.0,"vsa-fpos-min":0.300788,"vsa-fppos-min":0.0,"vsa-hyd-min":14.542004,"vsa-polar-min":0.0,"vsa-polar+-min":0.0,"vsa-polar--min":0.0,"MR-max":13.851,"asphericity-max":0.19057,"balabanj-max":3.023716,"bertzct-max":105.852638,"chi0-max":7.5,"chi0n-max":7.5,"chi0v-max":1.633893,"chi1-max":3.75,"chi1n-max":3.75,"chi1v-max":0.75,"chi2n-max":0.375,"chi2v-max":0.375,"chi3n-max":0.125,"chi3v-max":0.125,"chi4n-max":0.0,"chi4v-max":0.0,"e-valence-max":26.0,"eccentricity-max":0.84181,"hk-alpha-max":0.0,"hk-kappa1-max":2.053852,"hk-kappa2-max":1.148423,"hk-kappa3-max":25.33195,"ipc-max":69.83327,"isf-max":0.026206,"labuteASA-max":28.893127,"logP-max":1.1785,"molwt-max":70.003035,"molwt-hvy-max":69.005,"nheavy-max":4.0,"npr1-max":0.619349,"npr2-max":0.640516,"pbf-max":0.626498,"pc+-max":0.522672,"pc--max":-0.159918,"pmi1-max":52.156932,"pmi2-max":53.01573,"pmi3-max":96.627303,"rbonds-max":0.0,"rg-max":1.200484,"rpc+-max":0.724404,"rpc--max":0.333333,"spherocity-max":0.79774,"tpsa-max":0.0,"vsa+-max":8.224551,"vsa--max":19.118775,"vsa-fhyd-max":1.0,"vsa-fneg-max":0.699212,"vsa-fpneg-max":0.0,"vsa-fpos-max":0.378635,"vsa-fppos-max":0.313968,"vsa-hyd-max":27.343326,"vsa-polar-max":0.313968,"vsa-polar+-max":6.655266,"vsa-polar--max":0.0,"MR-diff":6.739,"asphericity-diff":0.083042,"balabanj-diff":0.110597,"bertzct-diff":83.48811,"chi0-diff":3.0,"chi0n-diff":4.866107,"chi0v-diff":0.133893,"chi1-diff":1.75,"chi1n-diff":2.683053,"chi1v-diff":0.183053,"chi2n-diff":0.160714,"chi2v-diff":0.160714,"chi3n-diff":0.125,"chi3v-diff":0.125,"chi4n-diff":0.0,"chi4v-diff":0.0,"e-valence-diff":8.0,"eccentricity-diff":0.056694,"hk-alpha-diff":0.21,"hk-kappa1-diff":1.905704,"hk-kappa2-diff":0.926201,"hk-kappa3-diff":25.33195,"ipc-diff":66.22363,"isf-diff":0.015687,"labuteASA-diff":6.252299,"logP-diff":0.0082,"molwt-diff":27.956085,"molwt-hvy-diff":32.972,"nheavy-diff":1.0,"npr1-diff":0.079575,"npr2-diff":0.091854,"pbf-diff":0.142579,"pc+-diff":0.362754,"pc--diff":0.362754,"pmi1-diff":27.715224,"pmi2-diff":27.738706,"pmi3-diff":57.163747,"rbonds-diff":0.0,"rg-diff":0.171091,"rpc+-diff":0.557737,"rpc--diff":0.0,"spherocity-diff":0.044105,"tpsa-diff":0.0,"vsa+-diff":0.198526,"vsa--diff":5.94753,"vsa-fhyd-diff":0.313968,"vsa-fneg-diff":0.077847,"vsa-fpneg-diff":0.0,"vsa-fpos-diff":0.077847,"vsa-fppos-diff":0.313968,"vsa-hyd-diff":12.801322,"vsa-polar-diff":0.313968,"vsa-polar+-diff":6.655266,"vsa-polar--diff":0.0,"hbonds":0.0}