{"shear_15nN-qq": [8.578815192645884, 9.76829172455354], "delta_molecular_weight": 27.9343, "status": {"3bad11266ec9b539f0bc17508d5aaa7b-shear_15nN_rerun_grompp": 1, "3bad11266ec9b539f0bc17508d5aaa7b-log_interaction_energy_25nN": 1, "3bad11266ec9b539f0bc17508d5aaa7b-log_interaction_energy_15nN": 1, "3bad11266ec9b539f0bc17508d5aaa7b-calc_interdigitation": 1, "3bad11266ec9b539f0bc17508d5aaa7b-log_S2": 1, "3bad11266ec9b539f0bc17508d5aaa7b-unwrap_shear_15nN": 1, "3bad11266ec9b539f0bc17508d5aaa7b-get_interaction_energy_5nN": 1, "3bad11266ec9b539f0bc17508d5aaa7b-minimize": 1, "3bad11266ec9b539f0bc17508d5aaa7b-equilibrate_grompp": 1, "3bad11266ec9b539f0bc17508d5aaa7b-log_interaction_energy_5nN": 1, "3bad11266ec9b539f0bc17508d5aaa7b-get_interaction_energy_15nN": 1, "3bad11266ec9b539f0bc17508d5aaa7b-shear_5nN": 1, "3bad11266ec9b539f0bc17508d5aaa7b-shear_15nN_grompp": 1, "3bad11266ec9b539f0bc17508d5aaa7b-shear_5nN_rerun_grompp": 1, "3bad11266ec9b539f0bc17508d5aaa7b-equilibrate": 1, "3bad11266ec9b539f0bc17508d5aaa7b-log_cof": 1, "3bad11266ec9b539f0bc17508d5aaa7b-shear_5nN_grompp": 1, "3bad11266ec9b539f0bc17508d5aaa7b-fix_overlaps": 1, "3bad11266ec9b539f0bc17508d5aaa7b-initialize": 1, "3bad11266ec9b539f0bc17508d5aaa7b-shear_25nN_rerun_grompp": 1, "3bad11266ec9b539f0bc17508d5aaa7b-lammps_to_gmx": 1, "3bad11266ec9b539f0bc17508d5aaa7b-shear_25nN": 1, "3bad11266ec9b539f0bc17508d5aaa7b-shear_15nN_rerun": 1, "3bad11266ec9b539f0bc17508d5aaa7b-shear_25nN_grompp": 1, "3bad11266ec9b539f0bc17508d5aaa7b-calc_S2_shear": 1, "3bad11266ec9b539f0bc17508d5aaa7b-calc_friction": 1, "3bad11266ec9b539f0bc17508d5aaa7b-get_interaction_energy_25nN": 1, "3bad11266ec9b539f0bc17508d5aaa7b-shear_25nN_rerun": 1, "3bad11266ec9b539f0bc17508d5aaa7b-unwrap_shear_5nN": 1, "3bad11266ec9b539f0bc17508d5aaa7b-unwrap_shear_25nN": 1, "3bad11266ec9b539f0bc17508d5aaa7b-compress": 1, "3bad11266ec9b539f0bc17508d5aaa7b-log_tilt": 1, "3bad11266ec9b539f0bc17508d5aaa7b-calc_tilt_shear": 1, "3bad11266ec9b539f0bc17508d5aaa7b-shear_15nN": 1, "3bad11266ec9b539f0bc17508d5aaa7b-shear_5nN_rerun": 1, "3bad11266ec9b539f0bc17508d5aaa7b-compress_grompp": 1, "3bad11266ec9b539f0bc17508d5aaa7b-top_to_mol2": 1, "3bad11266ec9b539f0bc17508d5aaa7b-minimize_grompp": 1}, "interdigitation": {"15nN": 0.1231446979721607, "5nN": 0.1294873963681955, "25nN": 0.12116426860008968}, "avg_molecular_weight": 55.03874999999999, "delta_dipole_moment": 2.09, "tilt_bottom": {"15nN": 38.089129189473795, "5nN": 35.27996117570318, "25nN": 40.47415260959216}, "S2_top": {"15nN": 0.9630158867381515, "5nN": 0.9715926006693657, "25nN": 0.9544510526836528}, "shear_25nN-Etotal": [-1400.667688254996, 45.87837679454296], "avg_dipole_moment": 1.045, "S2_bottom": {"15nN": 0.9733358217615679, "5nN": 0.9764088116020425, "25nN": 0.9753777711518375}, "intercept": 0.43157930813480316, "shear_15nN-lj": [-1307.9915962677858, 46.020735808143115], "tilt_top": {"15nN": 38.26864986279587, "5nN": 35.06936803032884, "25nN": 39.93582489839697}, "shear_5nN-Etotal": [-1060.4658081598723, 46.03419965576327], "shear_5nN-qq": [1.7370347905675463, 6.451413110745253], "shear_5nN-lj": [-1062.2028429504398, 45.557321110302915], "COF": 0.15246690159676676, "shear_25nN-lj": [-1411.2838278153479, 44.90228920750566], "shear_25nN-qq": [10.61613956035172, 9.313948660332272], "shear_15nN-Etotal": [-1299.41278107514, 46.48105073987403]}