{"tilt_bottom": {"25nN": 40.40297812036031, "5nN": 35.821846185702306, "15nN": 39.70665421973245}, "shear_25nN-qq": [-895.6649587921663, 91.80672225408337], "S2_top": {"25nN": 0.9057627382123078, "5nN": 0.9472199847409678, "15nN": 0.9241644325586637}, "shear_5nN-qq": [-910.1430739264589, 91.84201729386845], "shear_15nN-Etotal": [-3208.5848445755396, 112.32706805456726], "S2_bottom": {"25nN": 0.9386971343384886, "5nN": 0.9594401727421118, "15nN": 0.96516274940358}, "shear_25nN-lj": [-2409.2701961502794, 61.151381323601356], "delta_molecular_weight": 77.0839, "interdigitation": {"25nN": 0.15382512524273392, "5nN": 0.13509250964079264, "15nN": 0.1353796199424829}, "intercept": 2.870311490004721, "avg_dipole_moment": 5.515, "COF": 0.14266449372504023, "shear_25nN-Etotal": [-3304.935154942446, 115.44996996804105], "tilt_top": {"25nN": 38.66946656181371, "5nN": 34.444693837851894, "15nN": 35.366589768151364}, "status": {"653dea7c3603fbf09ef436b6badca035-shear_15nN_rerun": 1, "653dea7c3603fbf09ef436b6badca035-get_interaction_energy_15nN": 1, "653dea7c3603fbf09ef436b6badca035-count_hydrogen_bonds": 1, "653dea7c3603fbf09ef436b6badca035-get_interaction_energy_25nN": 1, "653dea7c3603fbf09ef436b6badca035-shear_5nN_rerun_grompp": 1, "653dea7c3603fbf09ef436b6badca035-get_interaction_energy_5nN": 1, "653dea7c3603fbf09ef436b6badca035-compress": 1, "653dea7c3603fbf09ef436b6badca035-shear_25nN": 1, "653dea7c3603fbf09ef436b6badca035-equilibrate": 1, "653dea7c3603fbf09ef436b6badca035-shear_25nN_rerun_grompp": 1, "653dea7c3603fbf09ef436b6badca035-calc_interdigitation": 1, "653dea7c3603fbf09ef436b6badca035-top_to_mol2": 1, "653dea7c3603fbf09ef436b6badca035-log_cof": 1, "653dea7c3603fbf09ef436b6badca035-calc_S2_shear": 1, "653dea7c3603fbf09ef436b6badca035-shear_15nN_rerun_grompp": 1, "653dea7c3603fbf09ef436b6badca035-initialize": 1, "653dea7c3603fbf09ef436b6badca035-shear_5nN": 1, "653dea7c3603fbf09ef436b6badca035-shear_5nN_rerun": 1, "653dea7c3603fbf09ef436b6badca035-equilibrate_grompp": 1, "653dea7c3603fbf09ef436b6badca035-log_S2": 1, "653dea7c3603fbf09ef436b6badca035-shear_5nN_grompp": 1, "653dea7c3603fbf09ef436b6badca035-shear_15nN": 1, "653dea7c3603fbf09ef436b6badca035-shear_15nN_grompp": 1, "653dea7c3603fbf09ef436b6badca035-shear_25nN_rerun": 1, "653dea7c3603fbf09ef436b6badca035-minimize": 1, "653dea7c3603fbf09ef436b6badca035-calc_tilt_shear": 1, "653dea7c3603fbf09ef436b6badca035-compress_grompp": 1, "653dea7c3603fbf09ef436b6badca035-calc_friction": 1, "653dea7c3603fbf09ef436b6badca035-fix_overlaps": 1, "653dea7c3603fbf09ef436b6badca035-log_interaction_energy_15nN": 1, "653dea7c3603fbf09ef436b6badca035-shear_25nN_grompp": 1, "653dea7c3603fbf09ef436b6badca035-log_interaction_energy_5nN": 1, "653dea7c3603fbf09ef436b6badca035-minimize_grompp": 1, "653dea7c3603fbf09ef436b6badca035-log_interaction_energy_25nN": 1, "653dea7c3603fbf09ef436b6badca035-unwrap_shear_5nN": 1, "653dea7c3603fbf09ef436b6badca035-log_tilt": 1, "653dea7c3603fbf09ef436b6badca035-unwrap_shear_15nN": 1, "653dea7c3603fbf09ef436b6badca035-unwrap_shear_25nN": 1, "653dea7c3603fbf09ef436b6badca035-lammps_to_gmx": 1}, "shear_15nN-qq": [-885.1650725771382, 85.79492496088463], "shear_5nN-Etotal": [-3075.442885244605, 129.63670893784612], "avg_molecular_weight": 83.55935, "delta_dipole_moment": 1.4100000000000001, "shear_15nN-lj": [-2323.4197719984013, 57.55271080723603], "shear_5nN-lj": [-2165.2998113181457, 67.8958573874075]}