{"shear_15nN-qq": [-481.3522172701838, 55.97347509891108], "tilt_bottom": {"25nN": 40.52048093891044, "5nN": 35.028555727923006, "15nN": 38.143257621209855}, "delta_molecular_weight": 20.07560000000001, "status": {"a3795ff11c4f5ed39644bb77f1ffb17b-shear_15nN_rerun_grompp": 1, "a3795ff11c4f5ed39644bb77f1ffb17b-shear_5nN_grompp": 1, "a3795ff11c4f5ed39644bb77f1ffb17b-shear_25nN_rerun_grompp": 1, "a3795ff11c4f5ed39644bb77f1ffb17b-get_interaction_energy_25nN": 1, "a3795ff11c4f5ed39644bb77f1ffb17b-calc_friction": 1, "a3795ff11c4f5ed39644bb77f1ffb17b-shear_25nN_rerun": 1, "a3795ff11c4f5ed39644bb77f1ffb17b-shear_15nN": 1, "a3795ff11c4f5ed39644bb77f1ffb17b-lammps_to_gmx": 1, "a3795ff11c4f5ed39644bb77f1ffb17b-calc_S2_shear": 1, "a3795ff11c4f5ed39644bb77f1ffb17b-shear_5nN": 1, "a3795ff11c4f5ed39644bb77f1ffb17b-log_interaction_energy_15nN": 1, "a3795ff11c4f5ed39644bb77f1ffb17b-initialize": 1, "a3795ff11c4f5ed39644bb77f1ffb17b-get_interaction_energy_5nN": 1, "a3795ff11c4f5ed39644bb77f1ffb17b-equilibrate_grompp": 1, "a3795ff11c4f5ed39644bb77f1ffb17b-calc_tilt_shear": 1, "a3795ff11c4f5ed39644bb77f1ffb17b-minimize": 1, "a3795ff11c4f5ed39644bb77f1ffb17b-shear_15nN_grompp": 1, "a3795ff11c4f5ed39644bb77f1ffb17b-compress_grompp": 1, "a3795ff11c4f5ed39644bb77f1ffb17b-log_S2": 1, "a3795ff11c4f5ed39644bb77f1ffb17b-top_to_mol2": 1, "a3795ff11c4f5ed39644bb77f1ffb17b-unwrap_shear_5nN": 1, "a3795ff11c4f5ed39644bb77f1ffb17b-shear_15nN_rerun": 1, "a3795ff11c4f5ed39644bb77f1ffb17b-fix_overlaps": 1, "a3795ff11c4f5ed39644bb77f1ffb17b-equilibrate": 1, "a3795ff11c4f5ed39644bb77f1ffb17b-shear_5nN_rerun_grompp": 1, "a3795ff11c4f5ed39644bb77f1ffb17b-log_interaction_energy_25nN": 1, "a3795ff11c4f5ed39644bb77f1ffb17b-log_cof": 1, "a3795ff11c4f5ed39644bb77f1ffb17b-unwrap_shear_25nN": 1, "a3795ff11c4f5ed39644bb77f1ffb17b-log_tilt": 1, "a3795ff11c4f5ed39644bb77f1ffb17b-compress": 1, "a3795ff11c4f5ed39644bb77f1ffb17b-shear_25nN": 1, "a3795ff11c4f5ed39644bb77f1ffb17b-log_interaction_energy_5nN": 1, "a3795ff11c4f5ed39644bb77f1ffb17b-calc_interdigitation": 1, "a3795ff11c4f5ed39644bb77f1ffb17b-shear_5nN_rerun": 1, "a3795ff11c4f5ed39644bb77f1ffb17b-unwrap_shear_15nN": 1, "a3795ff11c4f5ed39644bb77f1ffb17b-minimize_grompp": 1, "a3795ff11c4f5ed39644bb77f1ffb17b-shear_25nN_grompp": 1, "a3795ff11c4f5ed39644bb77f1ffb17b-get_interaction_energy_15nN": 1}, "interdigitation": {"25nN": 0.1272964454257014, "5nN": 0.12485790530650993, "15nN": 0.11482382720948217}, "avg_molecular_weight": 56.0433, "delta_dipole_moment": 0.9199999999999999, "S2_top": {"25nN": 0.9506306244776035, "5nN": 0.9661318555133475, "15nN": 0.9439745590873972}, "shear_25nN-Etotal": [-2677.097635161471, 84.85801992594482], "shear_5nN-Etotal": [-2307.285855473221, 96.57750114261476], "S2_bottom": {"25nN": 0.9617273554004753, "5nN": 0.9571662436505246, "15nN": 0.9528137820102871}, "intercept": 1.994503373551091, "shear_15nN-lj": [-2040.172138942446, 52.21312167457542], "tilt_top": {"25nN": 40.057900427352095, "5nN": 35.53873617087048, "15nN": 38.11956273031447}, "avg_dipole_moment": 3.35, "shear_5nN-qq": [-447.22933309592327, 56.59858529266993], "shear_5nN-lj": [-1860.0565223772985, 59.903908403754755], "COF": 0.12786797811471975, "shear_25nN-lj": [-2149.439160486011, 53.17861174294927], "shear_25nN-qq": [-527.6584746754597, 60.72627138243248], "shear_15nN-Etotal": [-2521.52435621263, 84.8384104177051]}