{"tilt_bottom": {"25nN": 37.98303133707577, "5nN": 34.134957335757626, "15nN": 35.82338696592672}, "shear_25nN-qq": [-259.8149690215827, 39.77136217481649], "S2_top": {"25nN": 0.9003065667628678, "5nN": 0.9223222023788523, "15nN": 0.90869533117877}, "shear_5nN-qq": [-260.56583765227816, 36.46585308749186], "shear_15nN-Etotal": [-2298.8150795707434, 73.74540277529297], "S2_bottom": {"25nN": 0.9199581844202093, "5nN": 0.9343298083726025, "15nN": 0.9323287111898223}, "shear_25nN-lj": [-2163.250615231015, 58.13317068588038], "delta_molecular_weight": 27.007099999999994, "interdigitation": {"25nN": 0.2086476263404375, "5nN": 0.22228188781215036, "15nN": 0.18966715809131512}, "intercept": 2.3649718346865374, "avg_dipole_moment": 4.125, "COF": 0.11209005522271619, "shear_25nN-Etotal": [-2423.065584252598, 79.14486119347363], "tilt_top": {"25nN": 38.05146264021375, "5nN": 32.06244870329681, "15nN": 35.32431323371928}, "status": {"3e1f7b652b6ea84dda5d5f59349e9afc-unwrap_shear_25nN": 1, "3e1f7b652b6ea84dda5d5f59349e9afc-shear_5nN_rerun_grompp": 1, "3e1f7b652b6ea84dda5d5f59349e9afc-calc_interdigitation": 1, "3e1f7b652b6ea84dda5d5f59349e9afc-minimize": 1, "3e1f7b652b6ea84dda5d5f59349e9afc-log_interaction_energy_5nN": 1, "3e1f7b652b6ea84dda5d5f59349e9afc-log_cof": 1, "3e1f7b652b6ea84dda5d5f59349e9afc-get_interaction_energy_5nN": 1, "3e1f7b652b6ea84dda5d5f59349e9afc-lammps_to_gmx": 1, "3e1f7b652b6ea84dda5d5f59349e9afc-equilibrate_grompp": 1, "3e1f7b652b6ea84dda5d5f59349e9afc-log_interaction_energy_25nN": 1, "3e1f7b652b6ea84dda5d5f59349e9afc-unwrap_shear_5nN": 1, "3e1f7b652b6ea84dda5d5f59349e9afc-log_interaction_energy_15nN": 1, "3e1f7b652b6ea84dda5d5f59349e9afc-initialize": 1, "3e1f7b652b6ea84dda5d5f59349e9afc-shear_25nN_rerun": 1, "3e1f7b652b6ea84dda5d5f59349e9afc-fix_overlaps": 1, "3e1f7b652b6ea84dda5d5f59349e9afc-compress_grompp": 1, "3e1f7b652b6ea84dda5d5f59349e9afc-shear_25nN": 1, "3e1f7b652b6ea84dda5d5f59349e9afc-equilibrate": 1, "3e1f7b652b6ea84dda5d5f59349e9afc-get_interaction_energy_15nN": 1, "3e1f7b652b6ea84dda5d5f59349e9afc-unwrap_shear_15nN": 1, "3e1f7b652b6ea84dda5d5f59349e9afc-shear_15nN": 1, "3e1f7b652b6ea84dda5d5f59349e9afc-compress": 1, "3e1f7b652b6ea84dda5d5f59349e9afc-shear_25nN_grompp": 1, "3e1f7b652b6ea84dda5d5f59349e9afc-minimize_grompp": 1, "3e1f7b652b6ea84dda5d5f59349e9afc-log_S2": 1, "3e1f7b652b6ea84dda5d5f59349e9afc-shear_5nN_grompp": 1, "3e1f7b652b6ea84dda5d5f59349e9afc-calc_tilt_shear": 1, "3e1f7b652b6ea84dda5d5f59349e9afc-calc_friction": 1, "3e1f7b652b6ea84dda5d5f59349e9afc-get_interaction_energy_25nN": 1, "3e1f7b652b6ea84dda5d5f59349e9afc-top_to_mol2": 1, "3e1f7b652b6ea84dda5d5f59349e9afc-shear_5nN_rerun": 1, "3e1f7b652b6ea84dda5d5f59349e9afc-shear_5nN": 1, "3e1f7b652b6ea84dda5d5f59349e9afc-log_tilt": 1, "3e1f7b652b6ea84dda5d5f59349e9afc-calc_S2_shear": 1, "3e1f7b652b6ea84dda5d5f59349e9afc-shear_15nN_grompp": 1, "3e1f7b652b6ea84dda5d5f59349e9afc-shear_25nN_rerun_grompp": 1, "3e1f7b652b6ea84dda5d5f59349e9afc-shear_15nN_rerun_grompp": 1, "3e1f7b652b6ea84dda5d5f59349e9afc-shear_15nN_rerun": 1}, "shear_15nN-qq": [-252.9638922613909, 35.92006825671602], "shear_5nN-Etotal": [-2134.207963117506, 85.42620392089722], "avg_molecular_weight": 108.59774999999999, "delta_dipole_moment": 4.1899999999999995, "shear_15nN-lj": [-2045.8511873093523, 55.800677635894985], "shear_5nN-lj": [-1873.6421254652278, 64.85950196470127]}