{"shear_15nN-qq": [-144.21044978657073, 28.320595139547237], "delta_molecular_weight": 64.0604, "status": {"141db8a2230bbaf9fdcce26bb39ec429-shear_15nN_rerun": 1, "141db8a2230bbaf9fdcce26bb39ec429-compress_grompp": 1, "141db8a2230bbaf9fdcce26bb39ec429-calc_interdigitation": 1, "141db8a2230bbaf9fdcce26bb39ec429-shear_5nN_rerun_grompp": 1, "141db8a2230bbaf9fdcce26bb39ec429-log_interaction_energy_5nN": 1, "141db8a2230bbaf9fdcce26bb39ec429-log_S2": 1, "141db8a2230bbaf9fdcce26bb39ec429-unwrap_shear_25nN": 1, "141db8a2230bbaf9fdcce26bb39ec429-calc_tilt_shear": 1, "141db8a2230bbaf9fdcce26bb39ec429-unwrap_shear_5nN": 1, "141db8a2230bbaf9fdcce26bb39ec429-lammps_to_gmx": 1, "141db8a2230bbaf9fdcce26bb39ec429-compress": 1, "141db8a2230bbaf9fdcce26bb39ec429-minimize_grompp": 1, "141db8a2230bbaf9fdcce26bb39ec429-shear_5nN": 1, "141db8a2230bbaf9fdcce26bb39ec429-equilibrate_grompp": 1, "141db8a2230bbaf9fdcce26bb39ec429-shear_25nN_rerun": 1, "141db8a2230bbaf9fdcce26bb39ec429-shear_15nN_rerun_grompp": 1, "141db8a2230bbaf9fdcce26bb39ec429-shear_5nN_rerun": 1, "141db8a2230bbaf9fdcce26bb39ec429-top_to_mol2": 1, "141db8a2230bbaf9fdcce26bb39ec429-get_interaction_energy_15nN": 1, "141db8a2230bbaf9fdcce26bb39ec429-initialize": 1, "141db8a2230bbaf9fdcce26bb39ec429-calc_S2_shear": 1, "141db8a2230bbaf9fdcce26bb39ec429-shear_25nN_rerun_grompp": 1, "141db8a2230bbaf9fdcce26bb39ec429-get_interaction_energy_5nN": 1, "141db8a2230bbaf9fdcce26bb39ec429-log_tilt": 1, "141db8a2230bbaf9fdcce26bb39ec429-fix_overlaps": 1, "141db8a2230bbaf9fdcce26bb39ec429-log_interaction_energy_25nN": 1, "141db8a2230bbaf9fdcce26bb39ec429-shear_25nN_grompp": 1, "141db8a2230bbaf9fdcce26bb39ec429-get_interaction_energy_25nN": 1, "141db8a2230bbaf9fdcce26bb39ec429-equilibrate": 1, "141db8a2230bbaf9fdcce26bb39ec429-shear_15nN_grompp": 1, "141db8a2230bbaf9fdcce26bb39ec429-shear_15nN": 1, "141db8a2230bbaf9fdcce26bb39ec429-log_cof": 1, "141db8a2230bbaf9fdcce26bb39ec429-minimize": 1, "141db8a2230bbaf9fdcce26bb39ec429-log_interaction_energy_15nN": 1, "141db8a2230bbaf9fdcce26bb39ec429-unwrap_shear_15nN": 1, "141db8a2230bbaf9fdcce26bb39ec429-shear_5nN_grompp": 1, "141db8a2230bbaf9fdcce26bb39ec429-shear_25nN": 1, "141db8a2230bbaf9fdcce26bb39ec429-calc_friction": 1}, "interdigitation": {"15nN": 0.14345240953965172, "5nN": 0.15828426588528355, "25nN": 0.13893876864946886}, "avg_molecular_weight": 63.064, "delta_dipole_moment": 0.34999999999999987, "tilt_bottom": {"15nN": 34.855093485978735, "5nN": 31.370203464094008, "25nN": 37.111611088363915}, "S2_top": {"15nN": 0.959380782834278, "5nN": 0.9558641677785321, "25nN": 0.9540292412975923}, "shear_25nN-Etotal": [-1892.565786089528, 63.835770955886844], "shear_5nN-Etotal": [-1549.5280719688249, 64.07490709069911], "S2_bottom": {"15nN": 0.9462218425226864, "5nN": 0.9212125323680668, "25nN": 0.9185255893164649}, "intercept": 1.3385988992351225, "shear_15nN-lj": [-1629.9962809944043, 48.923778585799234], "tilt_top": {"15nN": 40.80637004427038, "5nN": 37.56860364022728, "25nN": 42.55524395415785}, "avg_dipole_moment": 1.855, "shear_5nN-qq": [-127.52647577777776, 26.644760651927598], "shear_5nN-lj": [-1422.0015961910472, 52.424841247744105], "COF": 0.13450445150705015, "shear_25nN-lj": [-1743.2660202046363, 52.37552550828834], "shear_25nN-qq": [-149.29976588489208, 30.20656424317359], "shear_15nN-Etotal": [-1774.2067307809748, 58.81854160711218]}