{"MR-mean":24.5307,"asphericity-mean":0.4173445,"balabanj-mean":4.215436,"bertzct-mean":255.28244,"chi0-mean":10.270726,"chi0n-mean":9.381855,"chi0v-mean":2.881855,"chi1-mean":5.4373925,"chi1n-mean":4.5443775,"chi1v-mean":1.2943775,"chi2n-mean":0.6778585,"chi2v-mean":0.6778585,"chi3n-mean":0.334689,"chi3v-mean":0.334689,"chi4n-mean":0.1673445,"chi4v-mean":0.1673445,"e-valence-mean":33.0,"eccentricity-mean":0.965268,"hk-alpha-mean":-0.69,"hk-kappa1-mean":1.1083885,"hk-kappa2-mean":2.129667,"hk-kappa3-mean":0.626416,"ipc-mean":530.051185,"isf-mean":0.026638,"labuteASA-mean":45.909065,"logP-mean":1.50555,"molwt-mean":83.547314,"molwt-hvy-mean":77.052,"nheavy-mean":6.0,"npr1-mean":0.26021,"npr2-mean":0.8172285,"pbf-mean":0.2665005,"pc+-mean":0.439795,"pc--mean":-0.439795,"pmi1-mean":72.350887,"pmi2-mean":230.991594,"pmi3-mean":298.287445,"rbonds-mean":1.5,"rg-mean":1.6701605,"rpc+-mean":0.2636155,"rpc--mean":0.359834,"spherocity-mean":0.245354,"tpsa-mean":21.57,"vsa+-mean":20.2576975,"vsa--mean":24.1591415,"vsa-fhyd-mean":0.8632855,"vsa-fneg-mean":0.567714,"vsa-fpneg-mean":0.087508,"vsa-fpos-mean":0.432286,"vsa-fppos-mean":0.0492065,"vsa-hyd-mean":36.515987,"vsa-polar-mean":0.1367145,"vsa-polar+-mean":2.843693,"vsa-polar--mean":5.057159,"MR-min":15.965,"asphericity-min":0.37814,"balabanj-min":3.682463,"bertzct-min":120.39661,"chi0-min":9.5,"chi0n-min":9.26371,"chi0v-min":1.5,"chi1-min":4.5,"chi1n-min":4.5,"chi1v-min":0.5,"chi2n-min":0.125,"chi2v-min":0.125,"chi3n-min":0.0,"chi3v-min":0.0,"chi4n-min":0.0,"chi4v-min":0.0,"e-valence-min":20.0,"eccentricity-min":0.959175,"hk-alpha-min":-1.38,"hk-kappa1-min":0.12,"hk-kappa2-min":2.0,"hk-kappa3-min":0.0,"ipc-min":88.551982,"isf-min":0.006039,"labuteASA-min":32.708899,"logP-min":1.4163,"molwt-min":44.0626,"molwt-hvy-min":36.033,"nheavy-min":3.0,"npr1-min":0.237608,"npr2-min":0.762392,"pbf-min":0.000008,"pc+-min":0.190329,"pc--min":-0.689261,"pmi1-min":18.461476,"pmi2-min":56.92693,"pmi3-min":65.278335,"rbonds-min":1.0,"rg-min":1.262921,"rpc+-min":0.137072,"rpc--min":0.344905,"spherocity-min":0.0,"tpsa-min":0.0,"vsa+-min":10.966068,"vsa--min":20.076709,"vsa-fhyd-min":0.726571,"vsa-fneg-min":0.488685,"vsa-fpneg-min":0.0,"vsa-fpos-min":0.353257,"vsa-fppos-min":0.0,"vsa-hyd-min":31.042777,"vsa-polar-min":0.0,"vsa-polar+-min":0.0,"vsa-polar--min":0.0,"MR-max":33.0964,"asphericity-max":0.456549,"balabanj-max":4.748409,"bertzct-max":390.16827,"chi0-max":11.041452,"chi0n-max":9.5,"chi0v-max":4.26371,"chi1-max":6.374785,"chi1n-max":4.588755,"chi1v-max":2.088755,"chi2n-max":1.230717,"chi2v-max":1.230717,"chi3n-max":0.669378,"chi3v-max":0.669378,"chi4n-max":0.334689,"chi4v-max":0.334689,"e-valence-max":46.0,"eccentricity-max":0.971361,"hk-alpha-max":0.0,"hk-kappa1-max":2.096777,"hk-kappa2-max":2.259334,"hk-kappa3-max":1.252832,"ipc-max":971.550388,"isf-max":0.047237,"labuteASA-max":59.109231,"logP-max":1.5948,"molwt-max":123.032028,"molwt-hvy-max":118.071,"nheavy-max":9.0,"npr1-max":0.282812,"npr2-max":0.872065,"pbf-max":0.532993,"pc+-max":0.689261,"pc--max":-0.190329,"pmi1-max":126.240298,"pmi2-max":405.056258,"pmi3-max":531.296555,"rbonds-max":2.0,"rg-max":2.0774,"rpc+-max":0.390159,"rpc--max":0.374763,"spherocity-max":0.490708,"tpsa-max":43.14,"vsa+-max":29.549327,"vsa--max":28.241574,"vsa-fhyd-max":1.0,"vsa-fneg-max":0.646743,"vsa-fpneg-max":0.175016,"vsa-fpos-max":0.511315,"vsa-fppos-max":0.098413,"vsa-hyd-max":41.989197,"vsa-polar-max":0.273429,"vsa-polar+-max":5.687386,"vsa-polar--max":10.114318,"MR-diff":17.1314,"asphericity-diff":0.078409,"balabanj-diff":1.065946,"bertzct-diff":269.77166,"chi0-diff":1.541452,"chi0n-diff":0.23629,"chi0v-diff":2.76371,"chi1-diff":1.874785,"chi1n-diff":0.088755,"chi1v-diff":1.588755,"chi2n-diff":1.105717,"chi2v-diff":1.105717,"chi3n-diff":0.669378,"chi3v-diff":0.669378,"chi4n-diff":0.334689,"chi4v-diff":0.334689,"e-valence-diff":26.0,"eccentricity-diff":0.012186,"hk-alpha-diff":1.38,"hk-kappa1-diff":1.976777,"hk-kappa2-diff":0.259334,"hk-kappa3-diff":1.252832,"ipc-diff":882.998406,"isf-diff":0.041198,"labuteASA-diff":26.400332,"logP-diff":0.1785,"molwt-diff":78.969428,"molwt-hvy-diff":82.038,"nheavy-diff":6.0,"npr1-diff":0.045204,"npr2-diff":0.109673,"pbf-diff":0.532985,"pc+-diff":0.498932,"pc--diff":0.498932,"pmi1-diff":107.778822,"pmi2-diff":348.129328,"pmi3-diff":466.01822,"rbonds-diff":1.0,"rg-diff":0.814479,"rpc+-diff":0.253087,"rpc--diff":0.029858,"spherocity-diff":0.490708,"tpsa-diff":43.14,"vsa+-diff":18.583259,"vsa--diff":8.164865,"vsa-fhyd-diff":0.273429,"vsa-fneg-diff":0.158058,"vsa-fpneg-diff":0.175016,"vsa-fpos-diff":0.158058,"vsa-fppos-diff":0.098413,"vsa-hyd-diff":10.94642,"vsa-polar-diff":0.273429,"vsa-polar+-diff":5.687386,"vsa-polar--diff":10.114318,"hbonds":0.0}