{"MR-mean":23.59635,"asphericity-mean":0.3106115,"balabanj-mean":3.5198565,"bertzct-mean":207.5004655,"chi0-mean":8.6754265,"chi0n-mean":7.912589,"chi0v-mean":2.912589,"chi1-mean":5.00876,"chi1n-mean":3.9167045,"chi1v-mean":1.443098,"chi2n-mean":0.762196,"chi2v-mean":0.762196,"chi3n-mean":0.377799,"chi3v-mean":0.377799,"chi4n-mean":0.18725,"chi4v-mean":0.18725,"e-valence-mean":31.0,"eccentricity-mean":0.913365,"hk-alpha-mean":-0.785,"hk-kappa1-mean":0.92335,"hk-kappa2-mean":1.332883,"hk-kappa3-mean":0.6464705,"ipc-mean":295.2085155,"isf-mean":0.0089085,"labuteASA-mean":43.172632,"logP-mean":1.4202,"molwt-mean":81.5398635,"molwt-hvy-mean":76.5575,"nheavy-mean":6.0,"npr1-mean":0.393897,"npr2-mean":0.606103,"pbf-mean":0.0000115,"pc+-mean":0.4487675,"pc--mean":-0.4487675,"pmi1-mean":69.4582375,"pmi2-mean":128.3857725,"pmi3-mean":197.84401,"rbonds-mean":0.0,"rg-mean":1.4998585,"rpc+-mean":0.320128,"rpc--mean":0.637152,"spherocity-mean":0.0,"tpsa-mean":7.895,"vsa+-mean":15.95584,"vsa--mean":25.832174,"vsa-fhyd-mean":0.8850145,"vsa-fneg-mean":0.6009775,"vsa-fpneg-mean":0.1149855,"vsa-fpos-mean":0.3990225,"vsa-fppos-mean":0.0,"vsa-hyd-mean":37.104305,"vsa-polar-mean":0.1149855,"vsa-polar+-mean":0.0,"vsa-polar--mean":4.683709,"MR-min":20.7927,"asphericity-min":0.250398,"balabanj-min":3.436146,"bertzct-min":184.797706,"chi0-min":7.886751,"chi0n-min":7.447214,"chi0v-min":2.447214,"chi1-min":4.553418,"chi1n-min":3.644427,"chi1v-min":1.197214,"chi2n-min":0.58541,"chi2v-min":0.58541,"chi3n-min":0.286107,"chi3v-min":0.286107,"chi4n-min":0.139754,"chi4v-min":0.139754,"e-valence-min":26.0,"eccentricity-min":0.872575,"hk-alpha-min":-0.85,"hk-kappa1-min":0.534682,"hk-kappa2-min":0.930799,"hk-kappa3-min":0.293364,"ipc-min":174.102666,"isf-min":0.008145,"labuteASA-min":37.723473,"logP-min":1.0147,"molwt-min":67.042199,"molwt-hvy-min":62.051,"nheavy-min":5.0,"npr1-min":0.299314,"npr2-min":0.51152,"pbf-min":0.000009,"pc+-min":0.440442,"pc--min":-0.457093,"pmi1-min":52.889114,"pmi2-min":55.38361,"pmi3-min":108.272724,"rbonds-min":0.0,"rg-min":1.270362,"rpc+-min":0.2786,"rpc--min":0.470011,"spherocity-min":0.0,"tpsa-min":0.0,"vsa+-min":12.671014,"vsa--min":17.06184,"vsa-fhyd-min":0.862902,"vsa-fneg-min":0.469991,"vsa-fpneg-min":0.092873,"vsa-fpos-min":0.268036,"vsa-fppos-min":0.0,"vsa-hyd-min":31.325503,"vsa-polar-min":0.092873,"vsa-polar+-min":0.0,"vsa-polar--min":4.390415,"MR-max":26.4,"asphericity-max":0.370825,"balabanj-max":3.603567,"bertzct-max":230.203225,"chi0-max":9.464102,"chi0n-max":8.377964,"chi0v-max":3.377964,"chi1-max":5.464102,"chi1n-max":4.188982,"chi1v-max":1.688982,"chi2n-max":0.938982,"chi2v-max":0.938982,"chi3n-max":0.469491,"chi3v-max":0.469491,"chi4n-max":0.234746,"chi4v-max":0.234746,"e-valence-max":36.0,"eccentricity-max":0.954155,"hk-alpha-max":-0.72,"hk-kappa1-max":1.312018,"hk-kappa2-max":1.734967,"hk-kappa3-max":0.999577,"ipc-max":416.314365,"isf-max":0.009672,"labuteASA-max":48.621791,"logP-max":1.8257,"molwt-max":96.037528,"molwt-hvy-max":91.064,"nheavy-max":7.0,"npr1-max":0.48848,"npr2-max":0.700686,"pbf-max":0.000014,"pc+-max":0.457093,"pc--max":-0.440442,"pmi1-max":86.027361,"pmi2-max":201.387935,"pmi3-max":287.415296,"rbonds-max":0.0,"rg-max":1.729355,"rpc+-max":0.361656,"rpc--max":0.804293,"spherocity-max":0.0,"tpsa-max":15.79,"vsa+-max":19.240666,"vsa--max":34.602508,"vsa-fhyd-max":0.907127,"vsa-fneg-max":0.731964,"vsa-fpneg-max":0.137098,"vsa-fpos-max":0.530009,"vsa-fppos-max":0.0,"vsa-hyd-max":42.883107,"vsa-polar-max":0.137098,"vsa-polar+-max":0.0,"vsa-polar--max":4.977003,"MR-diff":5.6073,"asphericity-diff":0.120427,"balabanj-diff":0.167421,"bertzct-diff":45.405519,"chi0-diff":1.577351,"chi0n-diff":0.93075,"chi0v-diff":0.93075,"chi1-diff":0.910684,"chi1n-diff":0.544555,"chi1v-diff":0.491768,"chi2n-diff":0.353572,"chi2v-diff":0.353572,"chi3n-diff":0.183384,"chi3v-diff":0.183384,"chi4n-diff":0.094992,"chi4v-diff":0.094992,"e-valence-diff":10.0,"eccentricity-diff":0.08158,"hk-alpha-diff":0.13,"hk-kappa1-diff":0.777336,"hk-kappa2-diff":0.804168,"hk-kappa3-diff":0.706213,"ipc-diff":242.211699,"isf-diff":0.001527,"labuteASA-diff":10.898318,"logP-diff":0.811,"molwt-diff":28.995329,"molwt-hvy-diff":29.013,"nheavy-diff":2.0,"npr1-diff":0.189166,"npr2-diff":0.189166,"pbf-diff":0.000005,"pc+-diff":0.016651,"pc--diff":0.016651,"pmi1-diff":33.138247,"pmi2-diff":146.004325,"pmi3-diff":179.142572,"rbonds-diff":0.0,"rg-diff":0.458993,"rpc+-diff":0.083056,"rpc--diff":0.334282,"spherocity-diff":0.0,"tpsa-diff":15.79,"vsa+-diff":6.569652,"vsa--diff":17.540668,"vsa-fhyd-diff":0.044225,"vsa-fneg-diff":0.261973,"vsa-fpneg-diff":0.044225,"vsa-fpos-diff":0.261973,"vsa-fppos-diff":0.0,"vsa-hyd-diff":11.557604,"vsa-polar-diff":0.044225,"vsa-polar+-diff":0.0,"vsa-polar--diff":0.586588,"hbonds":0.0}