{"avg_dipole_moment": 2.46, "max_dipole_moment": 2.89, "min_dipole_moment": 2.03, "max_molecular_weight": 95.0942, "shear_5nN-qq": [-163.4088869920064, 31.214800516608978], "intercept": 1.3616296496514828, "shear_15nN-qq": [-185.67297768105516, 34.30625388556516], "min_molecular_weight": 66.0811, "delta_molecular_weight": 29.013099999999994, "ch3-smiles-2": "C1=C(C)NC=C1", "chain-smiles-2": "CCCCCCCCCCCCCCCCCC1=CNC=C1", "tilt_bottom": {"25nN": 38.13193499163076, "5nN": 32.77232117012938, "15nN": 36.053936778588444}, "tilt_top": {"25nN": 39.58939066034386, "5nN": 34.925095493034895, "15nN": 38.5479588272284}, "shear_15nN-lj": [-1780.7436737026378, 49.13630131076452], "h-smiles-1": "C1=CC=C(F)C=C1", "ch3-smiles-1": "CC1=CC=C(F)C=C1", "S2_bottom": {"25nN": 0.9244285613384605, "5nN": 0.9347896527409676, "15nN": 0.9367772942497843}, "h-smiles-2": "C1=CNC=C1", "shear_25nN-qq": [-185.39927580575542, 35.92507623730556], "COF": 0.11903025405994308, "shear_25nN-lj": [-1884.400282398881, 53.50344217591008], "S2_top": {"25nN": 0.9577219920278399, "5nN": 0.968386741274026, "15nN": 0.9734267315043075}, "shear_15nN-Etotal": [-1966.416651383693, 63.24430148964561], "shear_5nN-Etotal": [-1718.0463003125503, 68.82354014355913], "shear_25nN-Etotal": [-2069.7995582046365, 65.66345157590673], "avg_molecular_weight": 80.58765, "shear_5nN-lj": [-1554.6374133205436, 53.95013467077205], "delta_dipole_moment": 0.8600000000000003, "status": {"ef7973a24693dfd91c5b7daf0fb9e4f2-shear_15nN_rerun": 1, "ef7973a24693dfd91c5b7daf0fb9e4f2-shear_15nN_grompp": 1, "ef7973a24693dfd91c5b7daf0fb9e4f2-minimize_grompp": 1, "ef7973a24693dfd91c5b7daf0fb9e4f2-shear_25nN": 1, "ef7973a24693dfd91c5b7daf0fb9e4f2-calc_S2_shear": 1, "ef7973a24693dfd91c5b7daf0fb9e4f2-unwrap_shear_25nN": 1, "ef7973a24693dfd91c5b7daf0fb9e4f2-calc_interdigitation": 1, "ef7973a24693dfd91c5b7daf0fb9e4f2-log_interaction_energy_25nN": 1, "ef7973a24693dfd91c5b7daf0fb9e4f2-fix_overlaps": 1, "ef7973a24693dfd91c5b7daf0fb9e4f2-equilibrate_grompp": 1, "ef7973a24693dfd91c5b7daf0fb9e4f2-get_interaction_energy_15nN": 1, "ef7973a24693dfd91c5b7daf0fb9e4f2-log_interaction_energy_5nN": 1, "ef7973a24693dfd91c5b7daf0fb9e4f2-unwrap_shear_15nN": 1, "ef7973a24693dfd91c5b7daf0fb9e4f2-shear_25nN_grompp": 1, "ef7973a24693dfd91c5b7daf0fb9e4f2-shear_25nN_rerun_grompp": 1, "ef7973a24693dfd91c5b7daf0fb9e4f2-calc_friction": 1, "ef7973a24693dfd91c5b7daf0fb9e4f2-minimize": 1, "ef7973a24693dfd91c5b7daf0fb9e4f2-log_tilt": 1, "ef7973a24693dfd91c5b7daf0fb9e4f2-shear_15nN_rerun_grompp": 1, "ef7973a24693dfd91c5b7daf0fb9e4f2-shear_5nN_grompp": 1, "ef7973a24693dfd91c5b7daf0fb9e4f2-equilibrate": 1, "ef7973a24693dfd91c5b7daf0fb9e4f2-lammps_to_gmx": 1, "ef7973a24693dfd91c5b7daf0fb9e4f2-initialize": 1, "ef7973a24693dfd91c5b7daf0fb9e4f2-shear_5nN_rerun_grompp": 1, "ef7973a24693dfd91c5b7daf0fb9e4f2-shear_5nN_rerun": 1, "ef7973a24693dfd91c5b7daf0fb9e4f2-shear_15nN": 1, "ef7973a24693dfd91c5b7daf0fb9e4f2-compress_grompp": 1, "ef7973a24693dfd91c5b7daf0fb9e4f2-get_interaction_energy_5nN": 1, "ef7973a24693dfd91c5b7daf0fb9e4f2-get_interaction_energy_25nN": 1, "ef7973a24693dfd91c5b7daf0fb9e4f2-log_interaction_energy_15nN": 1, "ef7973a24693dfd91c5b7daf0fb9e4f2-shear_5nN": 1, "ef7973a24693dfd91c5b7daf0fb9e4f2-calc_tilt_shear": 1, "ef7973a24693dfd91c5b7daf0fb9e4f2-unwrap_shear_5nN": 1, "ef7973a24693dfd91c5b7daf0fb9e4f2-log_cof": 1, "ef7973a24693dfd91c5b7daf0fb9e4f2-shear_25nN_rerun": 1, "ef7973a24693dfd91c5b7daf0fb9e4f2-compress": 1, "ef7973a24693dfd91c5b7daf0fb9e4f2-top_to_mol2": 1, "ef7973a24693dfd91c5b7daf0fb9e4f2-log_S2": 1}, "chain-smiles-1": "CCCCCCCCCCCCCCCCCC1=CC=C(F)C=C1"}