{"avg_dipole_moment": 1.9549999999999998, "max_dipole_moment": 2.03, "min_dipole_moment": 1.88, "max_molecular_weight": 95.0942, "shear_5nN-qq": [-537.9838279144685, 55.41173986326476], "intercept": 1.68115681801109, "shear_15nN-qq": [-596.4342330863309, 59.29279733317667], "min_molecular_weight": 17.0073, "delta_molecular_weight": 78.0869, "ch3-smiles-2": "CO", "chain-smiles-2": "CCCCCCCCCCCCCCCCCO", "tilt_bottom": {"25nN": 38.97567666062985, "5nN": 34.352280273560055, "15nN": 36.55046924553625}, "interdigitation": {"25nN": 0.17902003978852193, "5nN": 0.1603496386031621, "15nN": 0.15267932526562522}, "tilt_top": {"25nN": 40.81522487532515, "5nN": 34.89012626426372, "15nN": 38.65505031249125}, "shear_15nN-lj": [-1606.8008507314148, 52.63579575080214], "h-smiles-1": "C1=CC=C(F)C=C1", "S2_top": {"25nN": 0.9567724408315946, "5nN": 0.950083032205375, "15nN": 0.951349781737832}, "S2_bottom": {"25nN": 0.9395689327084469, "5nN": 0.933362522625528, "15nN": 0.9284652449452445}, "h-smiles-2": "O", "shear_25nN-qq": [-633.5032602933653, 59.32400062712386], "COF": 0.15722830815211403, "shear_25nN-lj": [-1703.6733994724223, 51.30842010449052], "ch3-smiles-1": "CC1=CC=C(F)C=C1", "shear_15nN-Etotal": [-2203.235083817746, 87.30207170609816], "shear_5nN-Etotal": [-1954.8154333221423, 90.69689225208585], "shear_25nN-Etotal": [-2337.1766597657875, 83.01001370649226], "avg_molecular_weight": 56.05075, "shear_5nN-lj": [-1416.8316054076738, 55.6499673927957], "delta_dipole_moment": 0.1499999999999999, "status": {"59ff7e854e708a655ef56d88a808dad3-equilibrate": 1, "59ff7e854e708a655ef56d88a808dad3-calc_interdigitation": 1, "59ff7e854e708a655ef56d88a808dad3-shear_25nN_rerun": 1, "59ff7e854e708a655ef56d88a808dad3-get_interaction_energy_25nN": 1, "59ff7e854e708a655ef56d88a808dad3-log_cof": 1, "59ff7e854e708a655ef56d88a808dad3-lammps_to_gmx": 1, "59ff7e854e708a655ef56d88a808dad3-fix_overlaps": 1, "59ff7e854e708a655ef56d88a808dad3-compress_grompp": 1, "59ff7e854e708a655ef56d88a808dad3-shear_5nN_grompp": 1, "59ff7e854e708a655ef56d88a808dad3-top_to_mol2": 1, "59ff7e854e708a655ef56d88a808dad3-calc_friction": 1, "59ff7e854e708a655ef56d88a808dad3-log_tilt": 1, "59ff7e854e708a655ef56d88a808dad3-shear_25nN_grompp": 1, "59ff7e854e708a655ef56d88a808dad3-unwrap_shear_25nN": 1, "59ff7e854e708a655ef56d88a808dad3-unwrap_shear_5nN": 1, "59ff7e854e708a655ef56d88a808dad3-calc_S2_shear": 1, "59ff7e854e708a655ef56d88a808dad3-shear_25nN_rerun_grompp": 1, "59ff7e854e708a655ef56d88a808dad3-get_interaction_energy_15nN": 1, "59ff7e854e708a655ef56d88a808dad3-log_interaction_energy_5nN": 1, "59ff7e854e708a655ef56d88a808dad3-shear_5nN_rerun_grompp": 1, "59ff7e854e708a655ef56d88a808dad3-shear_25nN": 1, "59ff7e854e708a655ef56d88a808dad3-minimize": 1, "59ff7e854e708a655ef56d88a808dad3-unwrap_shear_15nN": 1, "59ff7e854e708a655ef56d88a808dad3-equilibrate_grompp": 1, "59ff7e854e708a655ef56d88a808dad3-shear_5nN_rerun": 1, "59ff7e854e708a655ef56d88a808dad3-count_hydrogen_bonds": 1, "59ff7e854e708a655ef56d88a808dad3-log_interaction_energy_15nN": 1, "59ff7e854e708a655ef56d88a808dad3-minimize_grompp": 1, "59ff7e854e708a655ef56d88a808dad3-shear_5nN": 1, "59ff7e854e708a655ef56d88a808dad3-shear_15nN_grompp": 1, "59ff7e854e708a655ef56d88a808dad3-calc_tilt_shear": 1, "59ff7e854e708a655ef56d88a808dad3-shear_15nN_rerun_grompp": 1, "59ff7e854e708a655ef56d88a808dad3-initialize": 1, "59ff7e854e708a655ef56d88a808dad3-get_interaction_energy_5nN": 1, "59ff7e854e708a655ef56d88a808dad3-log_interaction_energy_25nN": 1, "59ff7e854e708a655ef56d88a808dad3-log_S2": 1, "59ff7e854e708a655ef56d88a808dad3-compress": 1, "59ff7e854e708a655ef56d88a808dad3-shear_15nN_rerun": 1, "59ff7e854e708a655ef56d88a808dad3-shear_15nN": 1}, "chain-smiles-1": "CCCCCCCCCCCCCCCCCC1=CC=C(F)C=C1"}