{"shear_15nN-qq": [7.844192989608313, 13.562979243895782], "tilt_bottom": {"15nN": 38.458302274440086, "5nN": 35.43944356876473, "25nN": 40.94649443354719}, "delta_molecular_weight": 27.9343, "status": {"caaadfdaff5e5887fb21ff1097eb23f9-shear_5nN_rerun_grompp": 1, "caaadfdaff5e5887fb21ff1097eb23f9-log_cof": 1, "caaadfdaff5e5887fb21ff1097eb23f9-get_interaction_energy_25nN": 1, "caaadfdaff5e5887fb21ff1097eb23f9-calc_friction": 1, "caaadfdaff5e5887fb21ff1097eb23f9-initialize": 1, "caaadfdaff5e5887fb21ff1097eb23f9-equilibrate": 1, "caaadfdaff5e5887fb21ff1097eb23f9-log_tilt": 1, "caaadfdaff5e5887fb21ff1097eb23f9-get_interaction_energy_5nN": 1, "caaadfdaff5e5887fb21ff1097eb23f9-calc_interdigitation": 1, "caaadfdaff5e5887fb21ff1097eb23f9-shear_25nN_rerun_grompp": 1, "caaadfdaff5e5887fb21ff1097eb23f9-unwrap_shear_5nN": 1, "caaadfdaff5e5887fb21ff1097eb23f9-shear_15nN": 1, "caaadfdaff5e5887fb21ff1097eb23f9-log_interaction_energy_25nN": 1, "caaadfdaff5e5887fb21ff1097eb23f9-shear_5nN_grompp": 1, "caaadfdaff5e5887fb21ff1097eb23f9-shear_15nN_rerun": 1, "caaadfdaff5e5887fb21ff1097eb23f9-shear_25nN_rerun": 1, "caaadfdaff5e5887fb21ff1097eb23f9-lammps_to_gmx": 1, "caaadfdaff5e5887fb21ff1097eb23f9-log_interaction_energy_15nN": 1, "caaadfdaff5e5887fb21ff1097eb23f9-get_interaction_energy_15nN": 1, "caaadfdaff5e5887fb21ff1097eb23f9-unwrap_shear_15nN": 1, "caaadfdaff5e5887fb21ff1097eb23f9-compress": 1, "caaadfdaff5e5887fb21ff1097eb23f9-shear_15nN_rerun_grompp": 1, "caaadfdaff5e5887fb21ff1097eb23f9-equilibrate_grompp": 1, "caaadfdaff5e5887fb21ff1097eb23f9-top_to_mol2": 1, "caaadfdaff5e5887fb21ff1097eb23f9-calc_tilt_shear": 1, "caaadfdaff5e5887fb21ff1097eb23f9-unwrap_shear_25nN": 1, "caaadfdaff5e5887fb21ff1097eb23f9-log_S2": 1, "caaadfdaff5e5887fb21ff1097eb23f9-log_interaction_energy_5nN": 1, "caaadfdaff5e5887fb21ff1097eb23f9-calc_S2_shear": 1, "caaadfdaff5e5887fb21ff1097eb23f9-shear_5nN_rerun": 1, "caaadfdaff5e5887fb21ff1097eb23f9-minimize_grompp": 1, "caaadfdaff5e5887fb21ff1097eb23f9-shear_25nN_grompp": 1, "caaadfdaff5e5887fb21ff1097eb23f9-shear_15nN_grompp": 1, "caaadfdaff5e5887fb21ff1097eb23f9-shear_25nN": 1, "caaadfdaff5e5887fb21ff1097eb23f9-minimize": 1, "caaadfdaff5e5887fb21ff1097eb23f9-fix_overlaps": 1, "caaadfdaff5e5887fb21ff1097eb23f9-shear_5nN": 1, "caaadfdaff5e5887fb21ff1097eb23f9-compress_grompp": 1}, "interdigitation": {"15nN": 0.16495822395047804, "5nN": 0.10870471697636368, "25nN": 0.19217867141501652}, "intercept": 0.1290578547434844, "delta_dipole_moment": 2.09, "S2_top": {"15nN": 0.9489426213949762, "5nN": 0.9666905442852288, "25nN": 0.9450031817255921}, "shear_25nN-Etotal": [-1385.5220692829735, 50.04540438550832], "shear_5nN-Etotal": [-1073.6448845307755, 43.93399653362295], "S2_bottom": {"15nN": 0.9659323201876576, "5nN": 0.9696419558519745, "25nN": 0.9704960383733169}, "avg_molecular_weight": 55.03874999999999, "shear_15nN-lj": [-1298.8116562446044, 45.689237413510945], "tilt_top": {"15nN": 37.19906833625848, "5nN": 34.103624242796286, "25nN": 39.6847539010191}, "avg_dipole_moment": 1.045, "shear_5nN-qq": [-1.2595276850519583, 6.670021003701882], "shear_5nN-lj": [-1072.3853568457234, 43.870816394903535], "COF": 0.17262939272500424, "shear_25nN-lj": [-1393.5998934196643, 48.81426164057395], "shear_25nN-qq": [8.077824136690648, 9.941296315988488], "shear_15nN-Etotal": [-1290.967463254996, 47.6688644512122]}