{"avg_dipole_moment": 0.005, "max_dipole_moment": 0.01, "min_dipole_moment": 0.0, "max_molecular_weight": 43.0874, "shear_5nN-qq": [9.054137027178257, 11.1538747350323], "intercept": 0.7035746577238744, "shear_15nN-qq": [33.71160957873701, 11.079597051836595], "min_molecular_weight": 15.0344, "delta_molecular_weight": 28.053000000000004, "ch3-smiles-2": "CC", "chain-smiles-2": "CCCCCCCCCCCCCCCCCC", "tilt_bottom": {"25nN": 39.301209547075075, "5nN": 34.68509538599962, "15nN": 37.44347107944655}, "interdigitation": {"25nN": 0.09933039878305248, "5nN": 0.0867619882717156, "15nN": 0.10010116087632502}, "tilt_top": {"25nN": 40.90354392729279, "5nN": 35.46005201090679, "15nN": 39.00379440740208}, "shear_15nN-lj": [-1393.105931181455, 47.60779103182821], "h-smiles-1": "C(C)C", "S2_top": {"25nN": 0.9761205058878278, "5nN": 0.973390771352408, "15nN": 0.9755479170482396}, "S2_bottom": {"25nN": 0.9633912581255236, "5nN": 0.9758192049916433, "15nN": 0.9722801818069773}, "h-smiles-2": "C", "shear_25nN-qq": [59.480707609912066, 12.119635383531621], "COF": 0.12541307138370586, "shear_25nN-lj": [-1486.4739443884894, 48.50818515084373], "ch3-smiles-1": "CC(C)C", "shear_15nN-Etotal": [-1359.3943216027178, 46.532418401399205], "shear_5nN-Etotal": [-1170.7190610183852, 46.80846989428134], "shear_25nN-Etotal": [-1426.993236778577, 48.519610487832665], "avg_molecular_weight": 29.0609, "shear_5nN-lj": [-1179.7731980455635, 45.574762005102656], "delta_dipole_moment": 0.01, "status": {"6471412927130e85d928084bcd5df927-shear_5nN_rerun_grompp": 1, "6471412927130e85d928084bcd5df927-unwrap_shear_25nN": 1, "6471412927130e85d928084bcd5df927-get_interaction_energy_25nN": 1, "6471412927130e85d928084bcd5df927-compress": 1, "6471412927130e85d928084bcd5df927-fix_overlaps": 1, "6471412927130e85d928084bcd5df927-calc_tilt_shear": 1, "6471412927130e85d928084bcd5df927-shear_15nN_grompp": 1, "6471412927130e85d928084bcd5df927-shear_15nN_rerun_grompp": 1, "6471412927130e85d928084bcd5df927-get_interaction_energy_5nN": 1, "6471412927130e85d928084bcd5df927-log_tilt": 1, "6471412927130e85d928084bcd5df927-equilibrate_grompp": 1, "6471412927130e85d928084bcd5df927-shear_5nN_grompp": 1, "6471412927130e85d928084bcd5df927-lammps_to_gmx": 1, "6471412927130e85d928084bcd5df927-shear_25nN_rerun_grompp": 1, "6471412927130e85d928084bcd5df927-shear_25nN_rerun": 1, "6471412927130e85d928084bcd5df927-initialize": 1, "6471412927130e85d928084bcd5df927-equilibrate": 1, "6471412927130e85d928084bcd5df927-unwrap_shear_15nN": 1, "6471412927130e85d928084bcd5df927-top_to_mol2": 1, "6471412927130e85d928084bcd5df927-minimize_grompp": 1, "6471412927130e85d928084bcd5df927-calc_friction": 1, "6471412927130e85d928084bcd5df927-shear_5nN_rerun": 1, "6471412927130e85d928084bcd5df927-log_interaction_energy_25nN": 1, "6471412927130e85d928084bcd5df927-calc_S2_shear": 1, "6471412927130e85d928084bcd5df927-shear_25nN": 1, "6471412927130e85d928084bcd5df927-compress_grompp": 1, "6471412927130e85d928084bcd5df927-shear_25nN_grompp": 1, "6471412927130e85d928084bcd5df927-get_interaction_energy_15nN": 1, "6471412927130e85d928084bcd5df927-shear_5nN": 1, "6471412927130e85d928084bcd5df927-log_S2": 1, "6471412927130e85d928084bcd5df927-log_cof": 1, "6471412927130e85d928084bcd5df927-minimize": 1, "6471412927130e85d928084bcd5df927-log_interaction_energy_5nN": 1, "6471412927130e85d928084bcd5df927-shear_15nN_rerun": 1, "6471412927130e85d928084bcd5df927-log_interaction_energy_15nN": 1, "6471412927130e85d928084bcd5df927-calc_interdigitation": 1, "6471412927130e85d928084bcd5df927-shear_15nN": 1, "6471412927130e85d928084bcd5df927-unwrap_shear_5nN": 1}, "chain-smiles-1": "CCCCCCCCCCCCCCCCCC(C)C"}