{"tilt_bottom": {"25nN": 40.2849404067389, "5nN": 35.47272506383801, "15nN": 37.85391688752399}, "shear_25nN-qq": [26.6443987833733, 10.999085542144305], "S2_top": {"25nN": 0.8696797155476984, "5nN": 0.9016626639036425, "15nN": 0.8719492268206889}, "shear_5nN-qq": [-5.330176447641886, 9.498317393972421], "shear_15nN-Etotal": [-1455.3182293549162, 47.7899472432153], "status": {"43b403f5918a548d3d87893a8e94ae55-minimize": 1, "43b403f5918a548d3d87893a8e94ae55-shear_5nN_grompp": 1, "43b403f5918a548d3d87893a8e94ae55-shear_15nN_rerun_grompp": 1, "43b403f5918a548d3d87893a8e94ae55-get_interaction_energy_15nN": 1, "43b403f5918a548d3d87893a8e94ae55-shear_25nN_grompp": 1, "43b403f5918a548d3d87893a8e94ae55-shear_25nN_rerun_grompp": 1, "43b403f5918a548d3d87893a8e94ae55-log_S2": 1, "43b403f5918a548d3d87893a8e94ae55-initialize": 1, "43b403f5918a548d3d87893a8e94ae55-equilibrate": 1, "43b403f5918a548d3d87893a8e94ae55-shear_15nN_rerun": 1, "43b403f5918a548d3d87893a8e94ae55-shear_15nN_grompp": 1, "43b403f5918a548d3d87893a8e94ae55-log_cof": 1, "43b403f5918a548d3d87893a8e94ae55-shear_5nN_rerun": 1, "43b403f5918a548d3d87893a8e94ae55-top_to_mol2": 1, "43b403f5918a548d3d87893a8e94ae55-fix_overlaps": 1, "43b403f5918a548d3d87893a8e94ae55-get_interaction_energy_5nN": 1, "43b403f5918a548d3d87893a8e94ae55-calc_tilt_shear": 1, "43b403f5918a548d3d87893a8e94ae55-unwrap_shear_15nN": 1, "43b403f5918a548d3d87893a8e94ae55-lammps_to_gmx": 1, "43b403f5918a548d3d87893a8e94ae55-compress_grompp": 1, "43b403f5918a548d3d87893a8e94ae55-log_interaction_energy_15nN": 1, "43b403f5918a548d3d87893a8e94ae55-shear_5nN_rerun_grompp": 1, "43b403f5918a548d3d87893a8e94ae55-log_interaction_energy_5nN": 1, "43b403f5918a548d3d87893a8e94ae55-calc_friction": 1, "43b403f5918a548d3d87893a8e94ae55-shear_25nN_rerun": 1, "43b403f5918a548d3d87893a8e94ae55-get_interaction_energy_25nN": 1, "43b403f5918a548d3d87893a8e94ae55-unwrap_shear_25nN": 1, "43b403f5918a548d3d87893a8e94ae55-shear_25nN": 1, "43b403f5918a548d3d87893a8e94ae55-log_tilt": 1, "43b403f5918a548d3d87893a8e94ae55-equilibrate_grompp": 1, "43b403f5918a548d3d87893a8e94ae55-compress": 1, "43b403f5918a548d3d87893a8e94ae55-log_interaction_energy_25nN": 1, "43b403f5918a548d3d87893a8e94ae55-calc_S2_shear": 1, "43b403f5918a548d3d87893a8e94ae55-unwrap_shear_5nN": 1, "43b403f5918a548d3d87893a8e94ae55-shear_15nN": 1, "43b403f5918a548d3d87893a8e94ae55-shear_5nN": 1, "43b403f5918a548d3d87893a8e94ae55-minimize_grompp": 1, "43b403f5918a548d3d87893a8e94ae55-calc_interdigitation": 1}, "shear_25nN-lj": [-1574.487494966427, 51.87471142039205], "delta_molecular_weight": 2.015800000000006, "interdigitation": {"25nN": 0.1158202149146953, "5nN": 0.09652418431583247, "15nN": 0.12450023027560608}, "intercept": 0.4093035068000672, "avg_dipole_moment": 0.005, "COF": 0.16650189030173773, "shear_25nN-Etotal": [-1547.8430961830534, 49.726343284099116], "tilt_top": {"25nN": 36.23080793534335, "5nN": 31.11049391567724, "15nN": 34.32433066822817}, "S2_bottom": {"25nN": 0.970224138597726, "5nN": 0.9679084180908843, "15nN": 0.9591827529246766}, "shear_15nN-qq": [7.7737138832933645, 10.468780201975619], "shear_5nN-Etotal": [-1245.2947311814548, 52.45964583006203], "avg_molecular_weight": 42.079499999999996, "delta_dipole_moment": 0.01, "shear_15nN-lj": [-1463.0919432382093, 48.63615642377066], "shear_5nN-lj": [-1239.964554733813, 50.15813978408044]}