{"shear_15nN-qq": [-44.14326165147882, 24.500631842690435], "delta_molecular_weight": 10.0378, "status": {"0c210f047d18c857c64f4eace34b80f7-shear_25nN_grompp": 1, "0c210f047d18c857c64f4eace34b80f7-calc_tilt_shear": 1, "0c210f047d18c857c64f4eace34b80f7-calc_friction": 1, "0c210f047d18c857c64f4eace34b80f7-equilibrate": 1, "0c210f047d18c857c64f4eace34b80f7-minimize": 1, "0c210f047d18c857c64f4eace34b80f7-log_interaction_energy_5nN": 1, "0c210f047d18c857c64f4eace34b80f7-lammps_to_gmx": 1, "0c210f047d18c857c64f4eace34b80f7-log_cof": 1, "0c210f047d18c857c64f4eace34b80f7-calc_interdigitation": 1, "0c210f047d18c857c64f4eace34b80f7-unwrap_shear_25nN": 1, "0c210f047d18c857c64f4eace34b80f7-get_interaction_energy_25nN": 1, "0c210f047d18c857c64f4eace34b80f7-minimize_grompp": 1, "0c210f047d18c857c64f4eace34b80f7-log_interaction_energy_15nN": 1, "0c210f047d18c857c64f4eace34b80f7-get_interaction_energy_5nN": 1, "0c210f047d18c857c64f4eace34b80f7-get_interaction_energy_15nN": 1, "0c210f047d18c857c64f4eace34b80f7-fix_overlaps": 1, "0c210f047d18c857c64f4eace34b80f7-shear_25nN": 1, "0c210f047d18c857c64f4eace34b80f7-shear_5nN": 1, "0c210f047d18c857c64f4eace34b80f7-log_tilt": 1, "0c210f047d18c857c64f4eace34b80f7-shear_5nN_grompp": 1, "0c210f047d18c857c64f4eace34b80f7-shear_15nN_rerun_grompp": 1, "0c210f047d18c857c64f4eace34b80f7-log_interaction_energy_25nN": 1, "0c210f047d18c857c64f4eace34b80f7-unwrap_shear_15nN": 1, "0c210f047d18c857c64f4eace34b80f7-initialize": 1, "0c210f047d18c857c64f4eace34b80f7-shear_25nN_rerun": 1, "0c210f047d18c857c64f4eace34b80f7-unwrap_shear_5nN": 1, "0c210f047d18c857c64f4eace34b80f7-log_S2": 1, "0c210f047d18c857c64f4eace34b80f7-shear_25nN_rerun_grompp": 1, "0c210f047d18c857c64f4eace34b80f7-shear_15nN": 1, "0c210f047d18c857c64f4eace34b80f7-shear_5nN_rerun": 1, "0c210f047d18c857c64f4eace34b80f7-top_to_mol2": 1, "0c210f047d18c857c64f4eace34b80f7-shear_15nN_grompp": 1, "0c210f047d18c857c64f4eace34b80f7-equilibrate_grompp": 1, "0c210f047d18c857c64f4eace34b80f7-count_hydrogen_bonds": 1, "0c210f047d18c857c64f4eace34b80f7-shear_15nN_rerun": 1, "0c210f047d18c857c64f4eace34b80f7-calc_S2_shear": 1, "0c210f047d18c857c64f4eace34b80f7-shear_5nN_rerun_grompp": 1, "0c210f047d18c857c64f4eace34b80f7-compress": 1, "0c210f047d18c857c64f4eace34b80f7-compress_grompp": 1}, "interdigitation": {"15nN": 0.09687965850736781, "5nN": 0.10747758821182285, "25nN": 0.10965874944163015}, "intercept": 0.9209721258139949, "delta_dipole_moment": 1.88, "tilt_bottom": {"15nN": 40.1176017757741, "5nN": 36.917385619785634, "25nN": 41.17069517732605}, "S2_top": {"15nN": 0.9659231925606989, "5nN": 0.9595226133186037, "25nN": 0.9615198866357053}, "shear_25nN-Etotal": [-1666.9455770543568, 51.793058931252986], "shear_5nN-Etotal": [-1402.2783001678658, 56.41168988214382], "S2_bottom": {"15nN": 0.9805573194752986, "5nN": 0.9724173820007711, "25nN": 0.9677382333880018}, "avg_molecular_weight": 22.026200000000003, "shear_15nN-lj": [-1542.1045547290169, 47.126358217848896], "tilt_top": {"15nN": 39.1050557007739, "5nN": 34.89754529514865, "25nN": 40.182690640450744}, "avg_dipole_moment": 0.94, "shear_5nN-qq": [-66.11889369464429, 26.48288160624468], "shear_5nN-lj": [-1336.1594064732215, 53.37474684246322], "COF": 0.13084409641658393, "shear_25nN-lj": [-1641.588568508393, 47.556725832416326], "shear_25nN-qq": [-25.357008545963232, 31.74400253023897], "shear_15nN-Etotal": [-1586.2478163804956, 49.745263880072535]}