{"tilt_bottom": {"25nN": 41.64261324517289, "5nN": 37.14702580674391, "15nN": 39.52026825791211}, "shear_25nN-qq": [-1858.2565802813751, 129.4670118060488], "S2_top": {"25nN": 0.9659750656751894, "5nN": 0.9600538744324385, "15nN": 0.9628538284919352}, "shear_5nN-qq": [-1659.5382689960031, 118.93563312219385], "shear_15nN-Etotal": [-3195.913477314948, 131.7829872115695], "status": {"9619dfd9490854fb1704dedf47ec06e9-log_S2": 1, "9619dfd9490854fb1704dedf47ec06e9-shear_15nN_grompp": 1, "9619dfd9490854fb1704dedf47ec06e9-shear_5nN": 1, "9619dfd9490854fb1704dedf47ec06e9-shear_15nN_rerun_grompp": 1, "9619dfd9490854fb1704dedf47ec06e9-shear_25nN": 1, "9619dfd9490854fb1704dedf47ec06e9-equilibrate": 1, "9619dfd9490854fb1704dedf47ec06e9-shear_15nN_rerun": 1, "9619dfd9490854fb1704dedf47ec06e9-log_interaction_energy_5nN": 1, "9619dfd9490854fb1704dedf47ec06e9-fix_overlaps": 1, "9619dfd9490854fb1704dedf47ec06e9-log_tilt": 1, "9619dfd9490854fb1704dedf47ec06e9-top_to_mol2": 1, "9619dfd9490854fb1704dedf47ec06e9-get_interaction_energy_25nN": 1, "9619dfd9490854fb1704dedf47ec06e9-log_interaction_energy_15nN": 1, "9619dfd9490854fb1704dedf47ec06e9-calc_friction": 1, "9619dfd9490854fb1704dedf47ec06e9-equilibrate_grompp": 1, "9619dfd9490854fb1704dedf47ec06e9-shear_25nN_rerun_grompp": 1, "9619dfd9490854fb1704dedf47ec06e9-shear_25nN_rerun": 1, "9619dfd9490854fb1704dedf47ec06e9-unwrap_shear_25nN": 1, "9619dfd9490854fb1704dedf47ec06e9-unwrap_shear_5nN": 1, "9619dfd9490854fb1704dedf47ec06e9-compress_grompp": 1, "9619dfd9490854fb1704dedf47ec06e9-count_hydrogen_bonds": 1, "9619dfd9490854fb1704dedf47ec06e9-lammps_to_gmx": 1, "9619dfd9490854fb1704dedf47ec06e9-minimize_grompp": 1, "9619dfd9490854fb1704dedf47ec06e9-shear_15nN": 1, "9619dfd9490854fb1704dedf47ec06e9-shear_5nN_grompp": 1, "9619dfd9490854fb1704dedf47ec06e9-shear_5nN_rerun_grompp": 1, "9619dfd9490854fb1704dedf47ec06e9-get_interaction_energy_5nN": 1, "9619dfd9490854fb1704dedf47ec06e9-initialize": 1, "9619dfd9490854fb1704dedf47ec06e9-calc_tilt_shear": 1, "9619dfd9490854fb1704dedf47ec06e9-log_interaction_energy_25nN": 1, "9619dfd9490854fb1704dedf47ec06e9-shear_25nN_grompp": 1, "9619dfd9490854fb1704dedf47ec06e9-calc_interdigitation": 1, "9619dfd9490854fb1704dedf47ec06e9-minimize": 1, "9619dfd9490854fb1704dedf47ec06e9-unwrap_shear_15nN": 1, "9619dfd9490854fb1704dedf47ec06e9-calc_S2_shear": 1, "9619dfd9490854fb1704dedf47ec06e9-log_cof": 1, "9619dfd9490854fb1704dedf47ec06e9-get_interaction_energy_15nN": 1, "9619dfd9490854fb1704dedf47ec06e9-shear_5nN_rerun": 1, "9619dfd9490854fb1704dedf47ec06e9-compress": 1}, "shear_25nN-lj": [-1481.060220277378, 56.0386404884492], "delta_molecular_weight": 9.010099999999998, "shear_15nN-qq": [-1758.8176881406876, 123.55810385321016], "avg_dipole_moment": 2.645, "COF": 0.16575083472252852, "shear_25nN-Etotal": [-3339.316800558753, 141.10912241392586], "tilt_top": {"25nN": 40.69335118649757, "5nN": 35.53117017913425, "15nN": 38.861931471818394}, "S2_bottom": {"25nN": 0.9457606884307929, "5nN": 0.9425262902270146, "15nN": 0.9480699290607519}, "intercept": 3.2105133811038606, "shear_5nN-Etotal": [-2978.366975467626, 133.5558741627711], "avg_molecular_weight": 21.512349999999998, "delta_dipole_moment": 1.5300000000000002, "shear_15nN-lj": [-1437.0957891742607, 52.30152063307512], "shear_5nN-lj": [-1318.8287064716226, 49.28005636451876]}