{"MR-mean":12.0539,"asphericity-mean":0.459919,"balabanj-mean":3.9584495,"bertzct-mean":78.8497895,"chi0-mean":7.3535535,"chi0n-mean":7.204124,"chi0v-mean":1.204124,"chi1-mean":3.53033,"chi1n-mean":3.306186,"chi1v-mean":0.352062,"chi2n-mean":0.0625,"chi2v-mean":0.0625,"chi3n-mean":0.0,"chi3v-mean":0.0,"chi4n-mean":0.0,"chi4v-mean":0.0,"e-valence-mean":17.0,"eccentricity-mean":0.970426,"hk-alpha-mean":-0.02,"hk-kappa1-mean":0.096712,"hk-kappa2-mean":1.48,"hk-kappa3-mean":-13.52,"ipc-mean":50.3583895,"isf-mean":0.14859,"labuteASA-mean":25.974468,"logP-mean":0.5124,"molwt-mean":38.0444075,"molwt-hvy-mean":32.0215,"nheavy-mean":2.5,"npr1-mean":0.2365745,"npr2-mean":0.919907,"pbf-mean":0.4402555,"pc+-mean":0.2949795,"pc--mean":-0.2949795,"pmi1-mean":10.9773215,"pmi2-mean":37.7118815,"pmi3-mean":42.130914,"rbonds-mean":1.5,"rg-mean":1.03941,"rpc+-mean":0.3308155,"rpc--mean":0.6724525,"spherocity-mean":0.5160265,"tpsa-mean":10.115,"vsa+-mean":11.773748,"vsa--mean":12.5927585,"vsa-fhyd-mean":0.815152,"vsa-fneg-mean":0.467768,"vsa-fpneg-mean":0.1443965,"vsa-fpos-mean":0.532232,"vsa-fppos-mean":0.0404515,"vsa-hyd-mean":21.0965025,"vsa-polar-mean":0.184848,"vsa-polar+-mean":0.7156,"vsa-polar--mean":2.554404,"MR-min":8.1428,"asphericity-min":0.377502,"balabanj-min":3.16849,"bertzct-min":37.302969,"chi0-min":5.207107,"chi0n-min":4.908248,"chi0v-min":0.908248,"chi1-min":2.56066,"chi1n-min":2.112372,"chi1v-min":0.204124,"chi2n-min":0.0,"chi2v-min":0.0,"chi3n-min":0.0,"chi3v-min":0.0,"chi4n-min":0.0,"chi4v-min":0.0,"e-valence-min":14.0,"eccentricity-min":0.959052,"hk-alpha-min":-0.04,"hk-kappa1-min":0.073424,"hk-kappa2-min":0.96,"hk-kappa3-min":-27.04,"ipc-min":12.164797,"isf-min":0.04825,"labuteASA-min":19.240037,"logP-min":-0.3915,"molwt-min":32.026215,"molwt-hvy-min":28.01,"nheavy-min":2.0,"npr1-min":0.189917,"npr2-min":0.87166,"pbf-min":0.325459,"pc+-min":0.190329,"pc--min":-0.39963,"pmi1-min":3.889264,"pmi2-min":19.8266,"pmi3-min":20.47877,"rbonds-min":1.0,"rg-min":0.830443,"rpc+-min":0.137072,"rpc--min":0.344905,"spherocity-min":0.489009,"tpsa-min":0.0,"vsa+-min":10.966068,"vsa--min":5.108808,"vsa-fhyd-min":0.630304,"vsa-fneg-min":0.288793,"vsa-fpneg-min":0.0,"vsa-fpos-min":0.353257,"vsa-fppos-min":0.0,"vsa-hyd-min":11.150228,"vsa-polar-min":0.0,"vsa-polar+-min":0.0,"vsa-polar--min":0.0,"MR-max":15.965,"asphericity-max":0.542336,"balabanj-max":4.748409,"bertzct-max":120.39661,"chi0-max":9.5,"chi0n-max":9.5,"chi0v-max":1.5,"chi1-max":4.5,"chi1n-max":4.5,"chi1v-max":0.5,"chi2n-max":0.125,"chi2v-max":0.125,"chi3n-max":0.0,"chi3v-max":0.0,"chi4n-max":0.0,"chi4v-max":0.0,"e-valence-max":20.0,"eccentricity-max":0.9818,"hk-alpha-max":0.0,"hk-kappa1-max":0.12,"hk-kappa2-max":2.0,"hk-kappa3-max":0.0,"ipc-max":88.551982,"isf-max":0.24893,"labuteASA-max":32.708899,"logP-max":1.4163,"molwt-max":44.0626,"molwt-hvy-max":36.033,"nheavy-max":3.0,"npr1-max":0.283232,"npr2-max":0.968154,"pbf-max":0.555052,"pc+-max":0.39963,"pc--max":-0.190329,"pmi1-max":18.065379,"pmi2-max":55.597163,"pmi3-max":63.783058,"rbonds-max":2.0,"rg-max":1.248377,"rpc+-max":0.524559,"rpc--max":1.0,"spherocity-max":0.543044,"tpsa-max":20.23,"vsa+-max":12.581428,"vsa--max":20.076709,"vsa-fhyd-max":1.0,"vsa-fneg-max":0.646743,"vsa-fpneg-max":0.288793,"vsa-fpos-max":0.711207,"vsa-fppos-max":0.080903,"vsa-hyd-max":31.042777,"vsa-polar-max":0.369696,"vsa-polar+-max":1.4312,"vsa-polar--max":5.108808,"MR-diff":7.8222,"asphericity-diff":0.164834,"balabanj-diff":1.579919,"bertzct-diff":83.093641,"chi0-diff":4.292893,"chi0n-diff":4.591752,"chi0v-diff":0.591752,"chi1-diff":1.93934,"chi1n-diff":2.387628,"chi1v-diff":0.295876,"chi2n-diff":0.125,"chi2v-diff":0.125,"chi3n-diff":0.0,"chi3v-diff":0.0,"chi4n-diff":0.0,"chi4v-diff":0.0,"e-valence-diff":6.0,"eccentricity-diff":0.022748,"hk-alpha-diff":0.04,"hk-kappa1-diff":0.046576,"hk-kappa2-diff":1.04,"hk-kappa3-diff":27.04,"ipc-diff":76.387185,"isf-diff":0.20068,"labuteASA-diff":13.468862,"logP-diff":1.8078,"molwt-diff":12.036385,"molwt-hvy-diff":8.023,"nheavy-diff":1.0,"npr1-diff":0.093315,"npr2-diff":0.096494,"pbf-diff":0.229593,"pc+-diff":0.209301,"pc--diff":0.209301,"pmi1-diff":14.176115,"pmi2-diff":35.770563,"pmi3-diff":43.304288,"rbonds-diff":1.0,"rg-diff":0.417934,"rpc+-diff":0.387487,"rpc--diff":0.655095,"spherocity-diff":0.054035,"tpsa-diff":20.23,"vsa+-diff":1.61536,"vsa--diff":14.967901,"vsa-fhyd-diff":0.369696,"vsa-fneg-diff":0.35795,"vsa-fpneg-diff":0.288793,"vsa-fpos-diff":0.35795,"vsa-fppos-diff":0.080903,"vsa-hyd-diff":19.892549,"vsa-polar-diff":0.369696,"vsa-polar+-diff":1.4312,"vsa-polar--diff":5.108808,"hbonds":0.0}