{"shear_15nN-qq": [20.20923924860112, 9.764250172232849], "delta_molecular_weight": 12.053600000000003, "status": {"cf46783360822c3d432c3160d4207972-log_cof": 1, "cf46783360822c3d432c3160d4207972-calc_interdigitation": 1, "cf46783360822c3d432c3160d4207972-shear_15nN_rerun_grompp": 1, "cf46783360822c3d432c3160d4207972-unwrap_shear_15nN": 1, "cf46783360822c3d432c3160d4207972-log_tilt": 1, "cf46783360822c3d432c3160d4207972-shear_25nN_grompp": 1, "cf46783360822c3d432c3160d4207972-equilibrate": 1, "cf46783360822c3d432c3160d4207972-calc_S2_shear": 1, "cf46783360822c3d432c3160d4207972-minimize_grompp": 1, "cf46783360822c3d432c3160d4207972-compress_grompp": 1, "cf46783360822c3d432c3160d4207972-shear_5nN_rerun": 1, "cf46783360822c3d432c3160d4207972-log_interaction_energy_5nN": 1, "cf46783360822c3d432c3160d4207972-lammps_to_gmx": 1, "cf46783360822c3d432c3160d4207972-get_interaction_energy_5nN": 1, "cf46783360822c3d432c3160d4207972-get_interaction_energy_25nN": 1, "cf46783360822c3d432c3160d4207972-compress": 1, "cf46783360822c3d432c3160d4207972-shear_5nN_rerun_grompp": 1, "cf46783360822c3d432c3160d4207972-shear_25nN_rerun_grompp": 1, "cf46783360822c3d432c3160d4207972-shear_5nN_grompp": 1, "cf46783360822c3d432c3160d4207972-shear_15nN": 1, "cf46783360822c3d432c3160d4207972-unwrap_shear_5nN": 1, "cf46783360822c3d432c3160d4207972-minimize": 1, "cf46783360822c3d432c3160d4207972-calc_friction": 1, "cf46783360822c3d432c3160d4207972-initialize": 1, "cf46783360822c3d432c3160d4207972-shear_25nN_rerun": 1, "cf46783360822c3d432c3160d4207972-log_interaction_energy_25nN": 1, "cf46783360822c3d432c3160d4207972-calc_tilt_shear": 1, "cf46783360822c3d432c3160d4207972-equilibrate_grompp": 1, "cf46783360822c3d432c3160d4207972-unwrap_shear_25nN": 1, "cf46783360822c3d432c3160d4207972-shear_25nN": 1, "cf46783360822c3d432c3160d4207972-shear_15nN_grompp": 1, "cf46783360822c3d432c3160d4207972-get_interaction_energy_15nN": 1, "cf46783360822c3d432c3160d4207972-top_to_mol2": 1, "cf46783360822c3d432c3160d4207972-log_interaction_energy_15nN": 1, "cf46783360822c3d432c3160d4207972-fix_overlaps": 1, "cf46783360822c3d432c3160d4207972-shear_15nN_rerun": 1, "cf46783360822c3d432c3160d4207972-log_S2": 1, "cf46783360822c3d432c3160d4207972-shear_5nN": 1}, "interdigitation": {"25nN": 0.13720097762368985, "5nN": 0.11219765970860403, "15nN": 0.1500204103491313}, "intercept": 1.0783107487486392, "delta_dipole_moment": 1.67, "tilt_bottom": {"25nN": 35.288837124554846, "5nN": 30.29571709421457, "15nN": 33.69109070046429}, "S2_top": {"25nN": 0.9261169339846956, "5nN": 0.9090946830758879, "15nN": 0.9322450403011152}, "shear_25nN-Etotal": [-1559.935021407674, 48.46370939637831], "shear_5nN-Etotal": [-1256.8913950999201, 49.54107312637], "S2_bottom": {"25nN": 0.9287194573896558, "5nN": 0.9426571102972329, "15nN": 0.9393598497332678}, "avg_molecular_weight": 37.0606, "shear_15nN-lj": [-1502.894400982414, 48.627182981911005], "tilt_top": {"25nN": 41.59592992352888, "5nN": 35.035627209600186, "15nN": 38.038942090797015}, "avg_dipole_moment": 0.845, "shear_5nN-qq": [-3.333561503597122, 8.282084836895875], "shear_5nN-lj": [-1253.557833596323, 49.49104466542979], "COF": 0.13899648369281323, "shear_25nN-lj": [-1602.7369347753797, 48.33187225412882], "shear_25nN-qq": [42.801913367705836, 12.386865601221823], "shear_15nN-Etotal": [-1482.685161733813, 47.54772355247554]}