{"MR-mean":13.8515,"asphericity-mean":0.466567,"balabanj-mean":4.2697635,"bertzct-mean":101.2887095,"chi0-mean":7.788675,"chi0n-mean":7.454124,"chi0v-mean":1.454124,"chi1-mean":3.721688,"chi1n-mean":3.477062,"chi1v-mean":0.477062,"chi2n-mean":0.113531,"chi2v-mean":0.113531,"chi3n-mean":0.0,"chi3v-mean":0.0,"chi4n-mean":0.0,"chi4v-mean":0.0,"e-valence-mean":19.0,"eccentricity-mean":0.972005,"hk-alpha-mean":-0.165,"hk-kappa1-mean":0.1758105,"hk-kappa2-mean":1.835,"hk-kappa3-mean":0.835,"ipc-mean":52.819074,"isf-mean":0.069464,"labuteASA-mean":28.797248,"logP-mean":0.81075,"molwt-mean":44.0444075,"molwt-hvy-mean":38.027,"nheavy-mean":3.0,"npr1-mean":0.230467,"npr2-mean":0.8790515,"pbf-mean":0.4157635,"pc+-mean":0.251395,"pc--mean":-0.251395,"pmi1-mean":13.83274,"pmi2-mean":51.716084,"pmi3-mean":58.8327635,"rbonds-mean":1.5,"rg-mean":1.185503,"rpc+-mean":0.254808,"rpc--mean":0.6584585,"spherocity-mean":0.4376075,"tpsa-mean":8.535,"vsa+-mean":11.3556575,"vsa--mean":15.861569,"vsa-fhyd-mean":0.897516,"vsa-fneg-mean":0.5723155,"vsa-fpneg-mean":0.102484,"vsa-fpos-mean":0.4276845,"vsa-fppos-mean":0.0,"vsa-hyd-mean":24.819958,"vsa-polar-mean":0.102484,"vsa-polar+-mean":0.0,"vsa-polar--mean":2.3972685,"MR-min":11.738,"asphericity-min":0.390202,"balabanj-min":3.791118,"bertzct-min":82.180809,"chi0-min":6.07735,"chi0n-min":5.408248,"chi0v-min":1.408248,"chi1-min":2.943376,"chi1n-min":2.454124,"chi1v-min":0.454124,"chi2n-min":0.102062,"chi2v-min":0.102062,"chi3n-min":0.0,"chi3v-min":0.0,"chi4n-min":0.0,"chi4v-min":0.0,"e-valence-min":18.0,"eccentricity-min":0.961456,"hk-alpha-min":-0.33,"hk-kappa1-min":0.12,"hk-kappa2-min":1.67,"hk-kappa3-min":0.0,"ipc-min":17.086166,"isf-min":0.049188,"labuteASA-min":24.885597,"logP-min":0.2052,"molwt-min":44.026215,"molwt-hvy-min":36.033,"nheavy-min":3.0,"npr1-min":0.185976,"npr2-min":0.878894,"pbf-min":0.288086,"pc+-min":0.190329,"pc--min":-0.312461,"pmi1-min":9.797257,"pmi2-min":46.317051,"pmi3-min":52.680344,"rbonds-min":1.0,"rg-min":1.111223,"rpc+-min":0.137072,"rpc--min":0.344905,"spherocity-min":0.385588,"tpsa-min":0.0,"vsa+-min":10.966068,"vsa--min":11.646429,"vsa-fhyd-min":0.795032,"vsa-fneg-min":0.497888,"vsa-fpneg-min":0.0,"vsa-fpos-min":0.353257,"vsa-fppos-min":0.0,"vsa-hyd-min":18.597139,"vsa-polar-min":0.0,"vsa-polar+-min":0.0,"vsa-polar--min":0.0,"MR-max":15.965,"asphericity-max":0.542932,"balabanj-max":4.748409,"bertzct-max":120.39661,"chi0-max":9.5,"chi0n-max":9.5,"chi0v-max":1.5,"chi1-max":4.5,"chi1n-max":4.5,"chi1v-max":0.5,"chi2n-max":0.125,"chi2v-max":0.125,"chi3n-max":0.0,"chi3v-max":0.0,"chi4n-max":0.0,"chi4v-max":0.0,"e-valence-max":20.0,"eccentricity-max":0.982554,"hk-alpha-max":0.0,"hk-kappa1-max":0.231621,"hk-kappa2-max":2.0,"hk-kappa3-max":1.67,"ipc-max":88.551982,"isf-max":0.08974,"labuteASA-max":32.708899,"logP-max":1.4163,"molwt-max":44.0626,"molwt-hvy-max":40.021,"nheavy-max":3.0,"npr1-max":0.274958,"npr2-max":0.879209,"pbf-max":0.543441,"pc+-max":0.312461,"pc--max":-0.190329,"pmi1-max":17.868223,"pmi2-max":57.115117,"pmi3-max":64.985183,"rbonds-max":2.0,"rg-max":1.259783,"rpc+-max":0.372544,"rpc--max":0.972012,"spherocity-max":0.489627,"tpsa-max":17.07,"vsa+-max":11.745247,"vsa--max":20.076709,"vsa-fhyd-max":1.0,"vsa-fneg-max":0.646743,"vsa-fpneg-max":0.204968,"vsa-fpos-max":0.502112,"vsa-fppos-max":0.0,"vsa-hyd-max":31.042777,"vsa-polar-max":0.204968,"vsa-polar+-max":0.0,"vsa-polar--max":4.794537,"MR-diff":4.227,"asphericity-diff":0.15273,"balabanj-diff":0.957291,"bertzct-diff":38.215801,"chi0-diff":3.42265,"chi0n-diff":4.091752,"chi0v-diff":0.091752,"chi1-diff":1.556624,"chi1n-diff":2.045876,"chi1v-diff":0.045876,"chi2n-diff":0.022938,"chi2v-diff":0.022938,"chi3n-diff":0.0,"chi3v-diff":0.0,"chi4n-diff":0.0,"chi4v-diff":0.0,"e-valence-diff":2.0,"eccentricity-diff":0.021098,"hk-alpha-diff":0.33,"hk-kappa1-diff":0.111621,"hk-kappa2-diff":0.33,"hk-kappa3-diff":1.67,"ipc-diff":71.465816,"isf-diff":0.040552,"labuteASA-diff":7.823302,"logP-diff":1.2111,"molwt-diff":0.036385,"molwt-hvy-diff":3.988,"nheavy-diff":0.0,"npr1-diff":0.088982,"npr2-diff":0.000315,"pbf-diff":0.255355,"pc+-diff":0.122132,"pc--diff":0.122132,"pmi1-diff":8.070966,"pmi2-diff":10.798066,"pmi3-diff":12.304839,"rbonds-diff":1.0,"rg-diff":0.14856,"rpc+-diff":0.235472,"rpc--diff":0.627107,"spherocity-diff":0.104039,"tpsa-diff":17.07,"vsa+-diff":0.779179,"vsa--diff":8.43028,"vsa-fhyd-diff":0.204968,"vsa-fneg-diff":0.148855,"vsa-fpneg-diff":0.204968,"vsa-fpos-diff":0.148855,"vsa-fppos-diff":0.0,"vsa-hyd-diff":12.445638,"vsa-polar-diff":0.204968,"vsa-polar+-diff":0.0,"vsa-polar--diff":4.794537,"hbonds":0.0}