{"interdigitation": {"25nN": 0.14619363412673622, "5nN": 0.1367133422077642, "15nN": 0.14070053191323018}, "shear_25nN-qq": [-583.3140949120703, 53.61277802566418], "S2_top": {"25nN": 0.9437313738928862, "5nN": 0.9487666773458607, "15nN": 0.9400747133984539}, "tilt_bottom": {"25nN": 40.88986444926247, "5nN": 36.45182846360191, "15nN": 39.460285830690246}, "shear_15nN-Etotal": [-2099.6488100455636, 81.9777173165039], "S2_bottom": {"25nN": 0.9488548922360708, "5nN": 0.9600890874784419, "15nN": 0.9396575002277201}, "shear_25nN-lj": [-1608.9819004204635, 50.84197253876705], "delta_molecular_weight": 79.07169999999999, "intercept": 1.9243727880777053, "avg_dipole_moment": 1.8299999999999998, "COF": 0.12948522768826634, "shear_25nN-Etotal": [-2192.295995332534, 77.25507766459445], "tilt_top": {"25nN": 38.784767647046145, "5nN": 32.8828094256357, "15nN": 36.12249191722447}, "status": {"989cd51ca64d054926d95656f09b9e9e-top_to_mol2": 1, "989cd51ca64d054926d95656f09b9e9e-calc_interdigitation": 1, "989cd51ca64d054926d95656f09b9e9e-initialize": 1, "989cd51ca64d054926d95656f09b9e9e-log_interaction_energy_5nN": 1, "989cd51ca64d054926d95656f09b9e9e-calc_friction": 1, "989cd51ca64d054926d95656f09b9e9e-log_interaction_energy_25nN": 1, "989cd51ca64d054926d95656f09b9e9e-get_interaction_energy_15nN": 1, "989cd51ca64d054926d95656f09b9e9e-calc_tilt_shear": 1, "989cd51ca64d054926d95656f09b9e9e-unwrap_shear_15nN": 1, "989cd51ca64d054926d95656f09b9e9e-minimize": 1, "989cd51ca64d054926d95656f09b9e9e-fix_overlaps": 1, "989cd51ca64d054926d95656f09b9e9e-calc_S2_shear": 1, "989cd51ca64d054926d95656f09b9e9e-shear_25nN_grompp": 1, "989cd51ca64d054926d95656f09b9e9e-count_hydrogen_bonds": 1, "989cd51ca64d054926d95656f09b9e9e-shear_25nN_rerun_grompp": 1, "989cd51ca64d054926d95656f09b9e9e-compress_grompp": 1, "989cd51ca64d054926d95656f09b9e9e-shear_15nN": 1, "989cd51ca64d054926d95656f09b9e9e-shear_5nN_rerun_grompp": 1, "989cd51ca64d054926d95656f09b9e9e-unwrap_shear_5nN": 1, "989cd51ca64d054926d95656f09b9e9e-shear_15nN_grompp": 1, "989cd51ca64d054926d95656f09b9e9e-shear_15nN_rerun": 1, "989cd51ca64d054926d95656f09b9e9e-shear_5nN_grompp": 1, "989cd51ca64d054926d95656f09b9e9e-get_interaction_energy_5nN": 1, "989cd51ca64d054926d95656f09b9e9e-log_S2": 1, "989cd51ca64d054926d95656f09b9e9e-unwrap_shear_25nN": 1, "989cd51ca64d054926d95656f09b9e9e-log_cof": 1, "989cd51ca64d054926d95656f09b9e9e-compress": 1, "989cd51ca64d054926d95656f09b9e9e-shear_25nN": 1, "989cd51ca64d054926d95656f09b9e9e-log_interaction_energy_15nN": 1, "989cd51ca64d054926d95656f09b9e9e-shear_5nN_rerun": 1, "989cd51ca64d054926d95656f09b9e9e-get_interaction_energy_25nN": 1, "989cd51ca64d054926d95656f09b9e9e-minimize_grompp": 1, "989cd51ca64d054926d95656f09b9e9e-equilibrate": 1, "989cd51ca64d054926d95656f09b9e9e-shear_5nN": 1, "989cd51ca64d054926d95656f09b9e9e-shear_25nN_rerun": 1, "989cd51ca64d054926d95656f09b9e9e-log_tilt": 1, "989cd51ca64d054926d95656f09b9e9e-shear_15nN_rerun_grompp": 1, "989cd51ca64d054926d95656f09b9e9e-equilibrate_grompp": 1, "989cd51ca64d054926d95656f09b9e9e-lammps_to_gmx": 1}, "shear_15nN-qq": [-565.2400730727418, 52.3644035671204], "shear_5nN-qq": [-518.0344416698641, 48.59892108262225], "shear_5nN-Etotal": [-1879.3365917585934, 79.22503353640009], "avg_molecular_weight": 55.558350000000004, "delta_dipole_moment": 0.3999999999999999, "shear_15nN-lj": [-1534.4087369728218, 50.02555581790543], "shear_5nN-lj": [-1361.3021500887291, 48.732631995847086]}