{"MR-mean":20.1042,"asphericity-mean":0.323904,"balabanj-mean":3.3530895,"bertzct-mean":206.266399,"chi0-mean":7.770726,"chi0n-mean":5.9488015,"chi0v-mean":2.9488015,"chi1-mean":4.1873925,"chi1n-mean":2.827851,"chi1v-mean":1.327851,"chi2n-mean":0.7225015,"chi2v-mean":0.7225015,"chi3n-mean":0.334689,"chi3v-mean":0.334689,"chi4n-mean":0.1673445,"chi4v-mean":0.1673445,"e-valence-mean":36.0,"eccentricity-mean":0.907685,"hk-alpha-mean":-0.795,"hk-kappa1-mean":2.0753145,"hk-kappa2-mean":1.7038785,"hk-kappa3-mean":13.292391,"ipc-mean":487.580014,"isf-mean":0.0083335,"labuteASA-mean":40.8750295,"logP-mean":1.38665,"molwt-mean":96.5175315,"molwt-hvy-mean":93.538,"nheavy-mean":6.5,"npr1-mean":0.3870885,"npr2-mean":0.656114,"pbf-mean":0.240212,"pc+-mean":0.6059665,"pc--mean":-0.6059665,"pmi1-mean":88.90682,"pmi2-mean":228.2979195,"pmi3-mean":313.0302685,"rbonds-mean":0.5,"rg-mean":1.636822,"rpc+-mean":0.5572815,"rpc--mean":0.354048,"spherocity-mean":0.393787,"tpsa-mean":21.57,"vsa+-mean":18.787676,"vsa--mean":20.7064095,"vsa-fhyd-mean":0.7063015,"vsa-fneg-mean":0.555025,"vsa-fpneg-mean":0.087508,"vsa-fpos-mean":0.444975,"vsa-fppos-mean":0.2061905,"vsa-hyd-mean":28.2656005,"vsa-polar-mean":0.2936985,"vsa-polar+-mean":6.171326,"vsa-polar--mean":5.057159,"MR-min":7.112,"asphericity-min":0.191875,"balabanj-min":3.023716,"bertzct-min":22.364528,"chi0-min":4.5,"chi0n-min":2.633893,"chi0v-min":1.633893,"chi1-min":2.0,"chi1n-min":1.066947,"chi1v-min":0.566947,"chi2n-min":0.214286,"chi2v-min":0.214286,"chi3n-min":0.0,"chi3v-min":0.0,"chi4n-min":0.0,"chi4v-min":0.0,"e-valence-min":26.0,"eccentricity-min":0.844105,"hk-alpha-min":-1.38,"hk-kappa1-min":2.053852,"hk-kappa2-min":1.148423,"hk-kappa3-min":1.252832,"ipc-min":3.60964,"isf-min":0.006047,"labuteASA-min":22.640828,"logP-min":1.1785,"molwt-min":70.003035,"molwt-hvy-min":69.005,"nheavy-min":4.0,"npr1-min":0.237999,"npr2-min":0.550227,"pbf-min":0.000023,"pc+-min":0.522672,"pc--min":-0.689261,"pmi1-min":51.808314,"pmi2-min":53.165758,"pmi3-min":96.625131,"rbonds-min":0.0,"rg-min":1.199886,"rpc+-min":0.390159,"rpc--min":0.333333,"spherocity-min":0.0,"tpsa-min":0.0,"vsa+-min":8.026025,"vsa--min":13.171245,"vsa-fhyd-min":0.686032,"vsa-fneg-min":0.488685,"vsa-fpneg-min":0.0,"vsa-fpos-min":0.378635,"vsa-fppos-min":0.098413,"vsa-hyd-min":14.542004,"vsa-polar-min":0.273429,"vsa-polar+-min":5.687386,"vsa-polar--min":0.0,"MR-max":33.0964,"asphericity-max":0.455933,"balabanj-max":3.682463,"bertzct-max":390.16827,"chi0-max":11.041452,"chi0n-max":9.26371,"chi0v-max":4.26371,"chi1-max":6.374785,"chi1n-max":4.588755,"chi1v-max":2.088755,"chi2n-max":1.230717,"chi2v-max":1.230717,"chi3n-max":0.669378,"chi3v-max":0.669378,"chi4n-max":0.334689,"chi4v-max":0.334689,"e-valence-max":46.0,"eccentricity-max":0.971265,"hk-alpha-max":-0.21,"hk-kappa1-max":2.096777,"hk-kappa2-max":2.259334,"hk-kappa3-max":25.33195,"ipc-max":971.550388,"isf-max":0.01062,"labuteASA-max":59.109231,"logP-max":1.5948,"molwt-max":123.032028,"molwt-hvy-max":118.071,"nheavy-max":9.0,"npr1-max":0.536178,"npr2-max":0.762001,"pbf-max":0.480401,"pc+-max":0.689261,"pc--max":-0.522672,"pmi1-max":126.005326,"pmi2-max":403.430081,"pmi3-max":529.435406,"rbonds-max":1.0,"rg-max":2.073758,"rpc+-max":0.724404,"rpc--max":0.374763,"spherocity-max":0.787574,"tpsa-max":43.14,"vsa+-max":29.549327,"vsa--max":28.241574,"vsa-fhyd-max":0.726571,"vsa-fneg-max":0.621365,"vsa-fpneg-max":0.175016,"vsa-fpos-max":0.511315,"vsa-fppos-max":0.313968,"vsa-hyd-max":41.989197,"vsa-polar-max":0.313968,"vsa-polar+-max":6.655266,"vsa-polar--max":10.114318,"MR-diff":25.9844,"asphericity-diff":0.264058,"balabanj-diff":0.658747,"bertzct-diff":367.803742,"chi0-diff":6.541452,"chi0n-diff":6.629817,"chi0v-diff":2.629817,"chi1-diff":4.374785,"chi1n-diff":3.521808,"chi1v-diff":1.521808,"chi2n-diff":1.016431,"chi2v-diff":1.016431,"chi3n-diff":0.669378,"chi3v-diff":0.669378,"chi4n-diff":0.334689,"chi4v-diff":0.334689,"e-valence-diff":20.0,"eccentricity-diff":0.12716,"hk-alpha-diff":1.17,"hk-kappa1-diff":0.042925,"hk-kappa2-diff":1.110911,"hk-kappa3-diff":24.079118,"ipc-diff":967.940748,"isf-diff":0.004573,"labuteASA-diff":36.468403,"logP-diff":0.4163,"molwt-diff":53.028993,"molwt-hvy-diff":49.066,"nheavy-diff":5.0,"npr1-diff":0.298179,"npr2-diff":0.211774,"pbf-diff":0.480378,"pc+-diff":0.166589,"pc--diff":0.166589,"pmi1-diff":74.197012,"pmi2-diff":350.264323,"pmi3-diff":432.810275,"rbonds-diff":1.0,"rg-diff":0.873872,"rpc+-diff":0.334245,"rpc--diff":0.04143,"spherocity-diff":0.787574,"tpsa-diff":43.14,"vsa+-diff":21.523302,"vsa--diff":15.070329,"vsa-fhyd-diff":0.040539,"vsa-fneg-diff":0.13268,"vsa-fpneg-diff":0.175016,"vsa-fpos-diff":0.13268,"vsa-fppos-diff":0.215555,"vsa-hyd-diff":27.447193,"vsa-polar-diff":0.040539,"vsa-polar+-diff":0.96788,"vsa-polar--diff":10.114318,"hbonds":0.0}