{"shear_15nN-qq": [-135.60813042605918, 23.186503383036758], "tilt_bottom": {"15nN": 35.88770993255303, "5nN": 31.764753574480544, "25nN": 38.321486326498565}, "delta_molecular_weight": 53.0954, "status": {"c8732ceebac8f432012089532d413579-shear_5nN_rerun": 1, "c8732ceebac8f432012089532d413579-log_interaction_energy_5nN": 1, "c8732ceebac8f432012089532d413579-calc_tilt_shear": 1, "c8732ceebac8f432012089532d413579-equilibrate": 1, "c8732ceebac8f432012089532d413579-log_cof": 1, "c8732ceebac8f432012089532d413579-compress_grompp": 1, "c8732ceebac8f432012089532d413579-equilibrate_grompp": 1, "c8732ceebac8f432012089532d413579-unwrap_shear_5nN": 1, "c8732ceebac8f432012089532d413579-minimize": 1, "c8732ceebac8f432012089532d413579-shear_5nN": 1, "c8732ceebac8f432012089532d413579-log_interaction_energy_15nN": 1, "c8732ceebac8f432012089532d413579-shear_5nN_grompp": 1, "c8732ceebac8f432012089532d413579-shear_25nN_rerun": 1, "c8732ceebac8f432012089532d413579-lammps_to_gmx": 1, "c8732ceebac8f432012089532d413579-shear_15nN": 1, "c8732ceebac8f432012089532d413579-get_interaction_energy_25nN": 1, "c8732ceebac8f432012089532d413579-shear_25nN_grompp": 1, "c8732ceebac8f432012089532d413579-minimize_grompp": 1, "c8732ceebac8f432012089532d413579-unwrap_shear_25nN": 1, "c8732ceebac8f432012089532d413579-get_interaction_energy_5nN": 1, "c8732ceebac8f432012089532d413579-top_to_mol2": 1, "c8732ceebac8f432012089532d413579-shear_5nN_rerun_grompp": 1, "c8732ceebac8f432012089532d413579-shear_15nN_rerun": 1, "c8732ceebac8f432012089532d413579-calc_interdigitation": 1, "c8732ceebac8f432012089532d413579-unwrap_shear_15nN": 1, "c8732ceebac8f432012089532d413579-shear_15nN_grompp": 1, "c8732ceebac8f432012089532d413579-get_interaction_energy_15nN": 1, "c8732ceebac8f432012089532d413579-log_tilt": 1, "c8732ceebac8f432012089532d413579-log_interaction_energy_25nN": 1, "c8732ceebac8f432012089532d413579-initialize": 1, "c8732ceebac8f432012089532d413579-shear_25nN": 1, "c8732ceebac8f432012089532d413579-calc_S2_shear": 1, "c8732ceebac8f432012089532d413579-shear_25nN_rerun_grompp": 1, "c8732ceebac8f432012089532d413579-compress": 1, "c8732ceebac8f432012089532d413579-shear_15nN_rerun_grompp": 1, "c8732ceebac8f432012089532d413579-fix_overlaps": 1, "c8732ceebac8f432012089532d413579-calc_friction": 1, "c8732ceebac8f432012089532d413579-log_S2": 1}, "interdigitation": {"15nN": 0.177360785448763, "5nN": 0.1679303175031901, "25nN": 0.17608254041762061}, "avg_molecular_weight": 95.55359999999999, "delta_dipole_moment": 4.13, "S2_top": {"15nN": 0.9492115137560038, "5nN": 0.9674461681864233, "25nN": 0.9594507434359317}, "shear_25nN-Etotal": [-1928.4752741119103, 66.23119628914085], "shear_5nN-Etotal": [-1554.3157889096724, 66.26253997161511], "S2_bottom": {"15nN": 0.9434266598029591, "5nN": 0.9371825742549615, "25nN": 0.9358354241934063}, "intercept": 1.409160840838836, "shear_15nN-lj": [-1693.2582145275776, 50.15545329650683], "tilt_top": {"15nN": 37.1895800586019, "5nN": 35.06627619763841, "25nN": 40.02365348497942}, "avg_dipole_moment": 4.154999999999999, "shear_5nN-qq": [-98.88019999040768, 19.479716717754076], "shear_5nN-lj": [-1455.4355889192648, 56.75080046084953], "COF": 0.12874835751441097, "shear_25nN-lj": [-1764.2503989952036, 56.40819271476485], "shear_25nN-qq": [-164.22487511670664, 25.206522994876348], "shear_15nN-Etotal": [-1828.866344953637, 60.99158310192018]}