{"interdigitation": {"25nN": 0.14942077562221853, "5nN": 0.15245329720441314, "15nN": 0.1536310512607573}, "tilt_bottom": {"25nN": 37.64148479432615, "5nN": 33.38266278491889, "15nN": 36.67563822505094}, "S2_top": {"25nN": 0.8579220499314401, "5nN": 0.9060190802917679, "15nN": 0.8701491046780823}, "shear_25nN-qq": [-19.515717950439647, 9.563938579111868], "shear_5nN-qq": [-18.510047670663468, 7.372956724275903], "shear_15nN-Etotal": [-1591.4943136410873, 52.63346173332121], "S2_bottom": {"25nN": 0.8668231859067947, "5nN": 0.8830172130716545, "15nN": 0.8543712724995466}, "shear_25nN-lj": [-1683.1676163013592, 47.60798739307923], "delta_molecular_weight": 52.0068, "intercept": 0.8328020233801512, "avg_dipole_moment": 1.0199999999999998, "COF": 0.13854942759758707, "shear_25nN-Etotal": [-1702.6833342517984, 49.05751191330583], "tilt_top": {"25nN": 36.65782818900751, "5nN": 31.16736158120841, "15nN": 34.289133196096685}, "status": {"4520ea622c44c74781cd822d7434e910-log_tilt": 1, "4520ea622c44c74781cd822d7434e910-shear_25nN_grompp": 1, "4520ea622c44c74781cd822d7434e910-calc_S2_shear": 1, "4520ea622c44c74781cd822d7434e910-shear_15nN_grompp": 1, "4520ea622c44c74781cd822d7434e910-get_interaction_energy_25nN": 1, "4520ea622c44c74781cd822d7434e910-shear_25nN_rerun_grompp": 1, "4520ea622c44c74781cd822d7434e910-shear_25nN": 1, "4520ea622c44c74781cd822d7434e910-fix_overlaps": 1, "4520ea622c44c74781cd822d7434e910-log_interaction_energy_25nN": 1, "4520ea622c44c74781cd822d7434e910-log_cof": 1, "4520ea622c44c74781cd822d7434e910-shear_15nN": 1, "4520ea622c44c74781cd822d7434e910-equilibrate": 1, "4520ea622c44c74781cd822d7434e910-unwrap_shear_5nN": 1, "4520ea622c44c74781cd822d7434e910-get_interaction_energy_15nN": 1, "4520ea622c44c74781cd822d7434e910-lammps_to_gmx": 1, "4520ea622c44c74781cd822d7434e910-calc_friction": 1, "4520ea622c44c74781cd822d7434e910-get_interaction_energy_5nN": 1, "4520ea622c44c74781cd822d7434e910-shear_5nN_rerun_grompp": 1, "4520ea622c44c74781cd822d7434e910-initialize": 1, "4520ea622c44c74781cd822d7434e910-log_interaction_energy_5nN": 1, "4520ea622c44c74781cd822d7434e910-unwrap_shear_25nN": 1, "4520ea622c44c74781cd822d7434e910-compress": 1, "4520ea622c44c74781cd822d7434e910-top_to_mol2": 1, "4520ea622c44c74781cd822d7434e910-shear_15nN_rerun_grompp": 1, "4520ea622c44c74781cd822d7434e910-compress_grompp": 1, "4520ea622c44c74781cd822d7434e910-calc_tilt_shear": 1, "4520ea622c44c74781cd822d7434e910-minimize": 1, "4520ea622c44c74781cd822d7434e910-log_interaction_energy_15nN": 1, "4520ea622c44c74781cd822d7434e910-log_S2": 1, "4520ea622c44c74781cd822d7434e910-shear_5nN_grompp": 1, "4520ea622c44c74781cd822d7434e910-equilibrate_grompp": 1, "4520ea622c44c74781cd822d7434e910-shear_15nN_rerun": 1, "4520ea622c44c74781cd822d7434e910-minimize_grompp": 1, "4520ea622c44c74781cd822d7434e910-shear_25nN_rerun": 1, "4520ea622c44c74781cd822d7434e910-unwrap_shear_15nN": 1, "4520ea622c44c74781cd822d7434e910-shear_5nN_rerun": 1, "4520ea622c44c74781cd822d7434e910-shear_5nN": 1, "4520ea622c44c74781cd822d7434e910-calc_interdigitation": 1}, "shear_15nN-qq": [-18.169718247002397, 9.481527277075395], "shear_5nN-Etotal": [-1351.9957433972822, 50.755251489561424], "avg_molecular_weight": 69.0908, "delta_dipole_moment": 2.02, "shear_15nN-lj": [-1573.3245953940848, 50.903748672761054], "shear_5nN-lj": [-1333.4856957266186, 49.94879835912954]}