{"MR-mean":16.535,"asphericity-mean":0.6756565,"balabanj-mean":3.0395505,"bertzct-mean":128.233944,"chi0-mean":6.0856045,"chi0n-mean":5.162589,"chi0v-mean":2.162589,"chi1-mean":3.439158,"chi1n-mean":2.4562945,"chi1v-mean":0.9562945,"chi2n-mean":0.469491,"chi2v-mean":0.469491,"chi3n-mean":0.2347455,"chi3v-mean":0.2347455,"chi4n-mean":0.117373,"chi4v-mean":0.117373,"e-valence-mean":23.0,"eccentricity-mean":0.9743485,"hk-alpha-mean":-0.68,"hk-kappa1-mean":0.7365795,"hk-kappa2-mean":1.1124835,"hk-kappa3-mean":-1.7356035,"ipc-mean":209.5346265,"isf-mean":2733.205158,"labuteASA-mean":31.579296,"logP-mean":0.98274,"molwt-mean":61.5242135,"molwt-hvy-mean":58.541,"nheavy-mean":4.5,"npr1-mean":0.158102,"npr2-mean":0.841898,"pbf-mean":0.0000075,"pc+-mean":0.3212045,"pc--mean":-0.3212045,"pmi1-mean":44.492037,"pmi2-mean":101.981766,"pmi3-mean":146.473803,"rbonds-mean":0.0,"rg-mean":1.182068,"rpc+-mean":0.5250155,"rpc--mean":0.7350055,"spherocity-mean":0.0,"tpsa-mean":11.895,"vsa+-mean":10.294981,"vsa--mean":19.9322,"vsa-fhyd-mean":0.7539595,"vsa-fneg-mean":0.565586,"vsa-fpneg-mean":0.2460405,"vsa-fpos-mean":0.434414,"vsa-fppos-mean":0.0,"vsa-hyd-mean":25.4010275,"vsa-polar-mean":0.2460405,"vsa-polar+-mean":0.0,"vsa-polar--mean":4.8261535,"MR-min":6.67,"asphericity-min":0.351361,"balabanj-min":2.475534,"bertzct-min":26.264663,"chi0-min":2.707107,"chi0n-min":1.947214,"chi0v-min":0.947214,"chi1-min":1.414214,"chi1n-min":0.723607,"chi1v-min":0.223607,"chi2n-min":0.0,"chi2v-min":0.0,"chi3n-min":0.0,"chi3v-min":0.0,"chi4n-min":0.0,"chi4v-min":0.0,"e-valence-min":10.0,"eccentricity-min":0.948697,"hk-alpha-min":-0.85,"hk-kappa1-min":0.161141,"hk-kappa2-min":0.49,"hk-kappa3-min":-4.470784,"ipc-min":2.754888,"isf-min":0.007685,"labuteASA-min":14.536801,"logP-min":0.13978,"molwt-min":27.010899,"molwt-hvy-min":26.018,"nheavy-min":2.0,"npr1-min":0.000016,"npr2-min":0.683812,"pbf-min":0.0,"pc+-min":0.201967,"pc--min":-0.440442,"pmi1-min":0.000183,"pmi2-min":11.520063,"pmi3-min":11.520246,"rbonds-min":0.0,"rg-min":0.65289,"rpc+-min":0.2786,"rpc--min":0.470011,"spherocity-min":0.0,"tpsa-min":0.0,"vsa+-min":7.918948,"vsa--min":5.261892,"vsa-fhyd-min":0.600792,"vsa-fneg-min":0.399208,"vsa-fpneg-min":0.092873,"vsa-fpos-min":0.268036,"vsa-fppos-min":0.0,"vsa-hyd-min":7.918948,"vsa-polar-min":0.092873,"vsa-polar+-min":0.0,"vsa-polar--min":4.390415,"MR-max":26.4,"asphericity-max":0.999952,"balabanj-max":3.603567,"bertzct-max":230.203225,"chi0-max":9.464102,"chi0n-max":8.377964,"chi0v-max":3.377964,"chi1-max":5.464102,"chi1n-max":4.188982,"chi1v-max":1.688982,"chi2n-max":0.938982,"chi2v-max":0.938982,"chi3n-max":0.469491,"chi3v-max":0.469491,"chi4n-max":0.234746,"chi4v-max":0.234746,"e-valence-max":36.0,"eccentricity-max":1.0,"hk-alpha-max":-0.51,"hk-kappa1-max":1.312018,"hk-kappa2-max":1.734967,"hk-kappa3-max":0.999577,"ipc-max":416.314365,"isf-max":5466.402631,"labuteASA-max":48.621791,"logP-max":1.8257,"molwt-max":96.037528,"molwt-hvy-max":91.064,"nheavy-max":7.0,"npr1-max":0.316188,"npr2-max":0.999984,"pbf-max":0.000015,"pc+-max":0.440442,"pc--max":-0.201967,"pmi1-max":88.983891,"pmi2-max":192.443469,"pmi3-max":281.42736,"rbonds-max":0.0,"rg-max":1.711246,"rpc+-max":0.771431,"rpc--max":1.0,"spherocity-max":0.0,"tpsa-max":23.79,"vsa+-max":12.671014,"vsa--max":34.602508,"vsa-fhyd-max":0.907127,"vsa-fneg-max":0.731964,"vsa-fpneg-max":0.399208,"vsa-fpos-max":0.600792,"vsa-fppos-max":0.0,"vsa-hyd-max":42.883107,"vsa-polar-max":0.399208,"vsa-polar+-max":0.0,"vsa-polar--max":5.261892,"MR-diff":19.73,"asphericity-diff":0.648591,"balabanj-diff":1.128033,"bertzct-diff":203.938562,"chi0-diff":6.756995,"chi0n-diff":6.43075,"chi0v-diff":2.43075,"chi1-diff":4.049888,"chi1n-diff":3.465375,"chi1v-diff":1.465375,"chi2n-diff":0.938982,"chi2v-diff":0.938982,"chi3n-diff":0.469491,"chi3v-diff":0.469491,"chi4n-diff":0.234746,"chi4v-diff":0.234746,"e-valence-diff":26.0,"eccentricity-diff":0.051303,"hk-alpha-diff":0.34,"hk-kappa1-diff":1.150877,"hk-kappa2-diff":1.244967,"hk-kappa3-diff":5.470361,"ipc-diff":413.559477,"isf-diff":5466.394946,"labuteASA-diff":34.08499,"logP-diff":1.68592,"molwt-diff":69.026629,"molwt-hvy-diff":65.046,"nheavy-diff":5.0,"npr1-diff":0.316172,"npr2-diff":0.316172,"pbf-diff":0.000015,"pc+-diff":0.238475,"pc--diff":0.238475,"pmi1-diff":88.983708,"pmi2-diff":180.923406,"pmi3-diff":269.907114,"rbonds-diff":0.0,"rg-diff":1.058356,"rpc+-diff":0.492831,"rpc--diff":0.529989,"spherocity-diff":0.0,"tpsa-diff":23.79,"vsa+-diff":4.752066,"vsa--diff":29.340616,"vsa-fhyd-diff":0.306335,"vsa-fneg-diff":0.332756,"vsa-fpneg-diff":0.306335,"vsa-fpos-diff":0.332756,"vsa-fppos-diff":0.0,"vsa-hyd-diff":34.964159,"vsa-polar-diff":0.306335,"vsa-polar+-diff":0.0,"vsa-polar--diff":0.871477,"hbonds":0.0}