{"MR-mean":7.7995,"asphericity-mean":0.3904875,"balabanj-mean":2.605606,"bertzct-mean":14.692039,"chi0-mean":3.6035535,"chi0n-mean":2.881855,"chi0v-mean":0.881855,"chi1-mean":1.707107,"chi1n-mean":1.182574,"chi1v-mean":0.182574,"chi2n-mean":0.037268,"chi2v-mean":0.037268,"chi3n-mean":0.0,"chi3v-mean":0.0,"chi4n-mean":0.0,"chi4v-mean":0.0,"e-valence-mean":12.5,"eccentricity-mean":0.6705065,"hk-alpha-mean":-0.3,"hk-kappa1-mean":1.2,"hk-kappa2-mean":0.7,"hk-kappa3-mean":0.7,"ipc-mean":3.182264,"isf-mean":0.278519,"labuteASA-mean":15.588223,"logP-mean":0.11125,"molwt-mean":31.0121015,"molwt-hvy-mean":29.008,"nheavy-mean":2.0,"npr1-mean":0.5093645,"npr2-mean":0.949548,"pbf-mean":0.213708,"pc+-mean":0.2323845,"pc--mean":-0.2323845,"pmi1-mean":3.4377345,"pmi2-mean":22.989736,"pmi3-mean":24.876431,"rbonds-mean":0.0,"rg-mean":0.779193,"rpc+-mean":0.625,"rpc--mean":0.75,"spherocity-mean":0.471526,"tpsa-mean":27.115,"vsa+-mean":5.411612,"vsa--mean":8.7225885,"vsa-fhyd-mean":0.8272285,"vsa-fneg-mean":0.6132795,"vsa-fpneg-mean":0.0,"vsa-fpos-mean":0.3867205,"vsa-fppos-mean":0.1727715,"vsa-hyd-mean":11.4641055,"vsa-polar-mean":0.1727715,"vsa-polar+-mean":2.670095,"vsa-polar--mean":0.0,"MR-min":6.731,"asphericity-min":0.001358,"balabanj-min":2.187496,"bertzct-min":10.264663,"chi0-min":2.707107,"chi0n-min":1.26371,"chi0v-min":0.5,"chi1-min":1.414214,"chi1n-min":0.365148,"chi1v-min":0.0,"chi2n-min":0.0,"chi2v-min":0.0,"chi3n-min":0.0,"chi3v-min":0.0,"chi4n-min":0.0,"chi4v-min":0.0,"e-valence-min":8.0,"eccentricity-min":0.344205,"hk-alpha-min":-0.6,"hk-kappa1-min":0.0,"hk-kappa2-min":0.0,"hk-kappa3-min":0.0,"ipc-min":2.754888,"isf-min":0.248547,"labuteASA-min":14.359133,"logP-min":-0.4136,"molwt-min":16.0313,"molwt-hvy-min":12.011,"nheavy-min":1.0,"npr1-min":0.079835,"npr2-min":0.920165,"pbf-min":0.0,"pc+-min":0.077558,"pc--min":-0.387211,"pmi1-min":3.17329,"pmi2-min":3.308605,"pmi3-min":3.379816,"rbonds-min":0.0,"rg-min":0.554394,"rpc+-min":0.25,"rpc--min":0.5,"spherocity-min":0.0,"tpsa-min":0.0,"vsa+-min":5.34019,"vsa--min":7.330859,"vsa-fhyd-min":0.654457,"vsa-fneg-min":0.572102,"vsa-fpneg-min":0.0,"vsa-fpos-min":0.345543,"vsa-fppos-min":0.0,"vsa-hyd-min":10.114318,"vsa-polar-min":0.0,"vsa-polar+-min":0.0,"vsa-polar--min":0.0,"MR-max":8.868,"asphericity-max":0.779617,"balabanj-max":3.023716,"bertzct-max":19.119415,"chi0-max":4.5,"chi0n-max":4.5,"chi0v-max":1.26371,"chi1-max":2.0,"chi1n-max":2.0,"chi1v-max":0.365148,"chi2n-max":0.074536,"chi2v-max":0.074536,"chi3n-max":0.0,"chi3v-max":0.0,"chi4n-max":0.0,"chi4v-max":0.0,"e-valence-max":17.0,"eccentricity-max":0.996808,"hk-alpha-max":0.0,"hk-kappa1-max":2.4,"hk-kappa2-max":1.4,"hk-kappa3-max":1.4,"ipc-max":3.60964,"isf-max":0.308491,"labuteASA-max":16.817313,"logP-max":0.6361,"molwt-max":45.992903,"molwt-hvy-max":46.005,"nheavy-max":3.0,"npr1-max":0.938894,"npr2-max":0.978931,"pbf-max":0.427416,"pc+-max":0.387211,"pc--max":-0.077558,"pmi1-max":3.702179,"pmi2-max":42.670867,"pmi3-max":46.373046,"rbonds-max":0.0,"rg-max":1.003992,"rpc+-max":1.0,"rpc--max":1.0,"spherocity-max":0.943052,"tpsa-max":54.23,"vsa+-max":5.483034,"vsa--max":10.114318,"vsa-fhyd-max":1.0,"vsa-fneg-max":0.654457,"vsa-fpneg-max":0.0,"vsa-fpos-max":0.427898,"vsa-fppos-max":0.345543,"vsa-hyd-max":12.813893,"vsa-polar-max":0.345543,"vsa-polar+-max":5.34019,"vsa-polar--max":0.0,"MR-diff":2.137,"asphericity-diff":0.778259,"balabanj-diff":0.83622,"bertzct-diff":8.854752,"chi0-diff":1.792893,"chi0n-diff":3.23629,"chi0v-diff":0.76371,"chi1-diff":0.585786,"chi1n-diff":1.634852,"chi1v-diff":0.365148,"chi2n-diff":0.074536,"chi2v-diff":0.074536,"chi3n-diff":0.0,"chi3v-diff":0.0,"chi4n-diff":0.0,"chi4v-diff":0.0,"e-valence-diff":9.0,"eccentricity-diff":0.652603,"hk-alpha-diff":0.6,"hk-kappa1-diff":2.4,"hk-kappa2-diff":1.4,"hk-kappa3-diff":1.4,"ipc-diff":0.854752,"isf-diff":0.059944,"labuteASA-diff":2.45818,"logP-diff":1.0497,"molwt-diff":29.961603,"molwt-hvy-diff":33.994,"nheavy-diff":2.0,"npr1-diff":0.859059,"npr2-diff":0.058766,"pbf-diff":0.427416,"pc+-diff":0.309653,"pc--diff":0.309653,"pmi1-diff":0.528889,"pmi2-diff":39.362262,"pmi3-diff":42.99323,"rbonds-diff":0.0,"rg-diff":0.449598,"rpc+-diff":0.75,"rpc--diff":0.5,"spherocity-diff":0.943052,"tpsa-diff":54.23,"vsa+-diff":0.142844,"vsa--diff":2.783459,"vsa-fhyd-diff":0.345543,"vsa-fneg-diff":0.082355,"vsa-fpneg-diff":0.0,"vsa-fpos-diff":0.082355,"vsa-fppos-diff":0.345543,"vsa-hyd-diff":2.699575,"vsa-polar-diff":0.345543,"vsa-polar+-diff":5.34019,"vsa-polar--diff":0.0,"hbonds":0.0}