{"avg_dipole_moment": 1.905, "max_dipole_moment": 3.81, "min_dipole_moment": 0.0, "max_molecular_weight": 46.0055, "shear_5nN-qq": [-25.08413651478817, 12.688588620918237], "intercept": 0.7774635738418536, "shear_15nN-qq": [-33.094679314148685, 14.593239828729327], "min_molecular_weight": 15.0344, "delta_molecular_weight": 30.9711, "ch3-smiles-2": "C[N+](=O)[O-]", "chain-smiles-2": "CCCCCCCCCCCCCCCCC[N+](=O)[O-]", "tilt_bottom": {"25nN": 39.37958508559051, "5nN": 34.67412890907372, "15nN": 37.10690585235994}, "interdigitation": {"25nN": 0.1382729631087691, "5nN": 0.12047638151489184, "15nN": 0.11783104727130125}, "tilt_top": {"25nN": 40.96009181843141, "5nN": 34.98177715091761, "15nN": 38.76985171332515}, "shear_15nN-lj": [-1729.83400652518, 50.28629935712568], "h-smiles-1": "C", "S2_top": {"25nN": 0.9446389791473055, "5nN": 0.9547790411279047, "15nN": 0.9434222458057456}, "S2_bottom": {"25nN": 0.9427922235682274, "5nN": 0.9656115160265456, "15nN": 0.9518205513073892}, "h-smiles-2": "[N+](=O)[O-]", "shear_25nN-qq": [-39.32339685691447, 17.180023080386174], "COF": 0.13689586852196572, "shear_25nN-lj": [-1857.2303664060748, 51.965047708497046], "ch3-smiles-1": "CC", "shear_15nN-Etotal": [-1762.9286858393284, 53.2609485576588], "shear_5nN-Etotal": [-1501.7108945923262, 52.357564901396884], "shear_25nN-Etotal": [-1896.5537632629894, 54.5100132431637], "avg_molecular_weight": 30.519949999999998, "shear_5nN-lj": [-1476.626758077538, 49.72431243269379], "delta_dipole_moment": 3.81, "status": {"cea3eed4e48cc66e053f731a6e7a9426-shear_25nN_grompp": 1, "cea3eed4e48cc66e053f731a6e7a9426-log_interaction_energy_15nN": 1, "cea3eed4e48cc66e053f731a6e7a9426-shear_25nN_rerun_grompp": 1, "cea3eed4e48cc66e053f731a6e7a9426-compress": 1, "cea3eed4e48cc66e053f731a6e7a9426-shear_15nN_rerun": 1, "cea3eed4e48cc66e053f731a6e7a9426-log_cof": 1, "cea3eed4e48cc66e053f731a6e7a9426-get_interaction_energy_25nN": 1, "cea3eed4e48cc66e053f731a6e7a9426-lammps_to_gmx": 1, "cea3eed4e48cc66e053f731a6e7a9426-shear_25nN": 1, "cea3eed4e48cc66e053f731a6e7a9426-log_interaction_energy_25nN": 1, "cea3eed4e48cc66e053f731a6e7a9426-get_interaction_energy_5nN": 1, "cea3eed4e48cc66e053f731a6e7a9426-shear_5nN_grompp": 1, "cea3eed4e48cc66e053f731a6e7a9426-shear_15nN_rerun_grompp": 1, "cea3eed4e48cc66e053f731a6e7a9426-minimize": 1, "cea3eed4e48cc66e053f731a6e7a9426-calc_tilt_shear": 1, "cea3eed4e48cc66e053f731a6e7a9426-calc_S2_shear": 1, "cea3eed4e48cc66e053f731a6e7a9426-calc_friction": 1, "cea3eed4e48cc66e053f731a6e7a9426-shear_5nN_rerun_grompp": 1, "cea3eed4e48cc66e053f731a6e7a9426-shear_15nN_grompp": 1, "cea3eed4e48cc66e053f731a6e7a9426-shear_5nN": 1, "cea3eed4e48cc66e053f731a6e7a9426-log_tilt": 1, "cea3eed4e48cc66e053f731a6e7a9426-compress_grompp": 1, "cea3eed4e48cc66e053f731a6e7a9426-unwrap_shear_25nN": 1, "cea3eed4e48cc66e053f731a6e7a9426-get_interaction_energy_15nN": 1, "cea3eed4e48cc66e053f731a6e7a9426-fix_overlaps": 1, "cea3eed4e48cc66e053f731a6e7a9426-minimize_grompp": 1, "cea3eed4e48cc66e053f731a6e7a9426-shear_5nN_rerun": 1, "cea3eed4e48cc66e053f731a6e7a9426-shear_25nN_rerun": 1, "cea3eed4e48cc66e053f731a6e7a9426-initialize": 1, "cea3eed4e48cc66e053f731a6e7a9426-equilibrate_grompp": 1, "cea3eed4e48cc66e053f731a6e7a9426-log_S2": 1, "cea3eed4e48cc66e053f731a6e7a9426-log_interaction_energy_5nN": 1, "cea3eed4e48cc66e053f731a6e7a9426-shear_15nN": 1, "cea3eed4e48cc66e053f731a6e7a9426-equilibrate": 1, "cea3eed4e48cc66e053f731a6e7a9426-calc_interdigitation": 1, "cea3eed4e48cc66e053f731a6e7a9426-unwrap_shear_15nN": 1, "cea3eed4e48cc66e053f731a6e7a9426-top_to_mol2": 1, "cea3eed4e48cc66e053f731a6e7a9426-unwrap_shear_5nN": 1}, "chain-smiles-1": "CCCCCCCCCCCCCCCCCC"}