{"avg_dipole_moment": 4.109999999999999, "max_dipole_moment": 4.81, "min_dipole_moment": 3.41, "max_molecular_weight": 45.0174, "shear_5nN-qq": [-2000.1795081606713, 166.579338077955], "intercept": 6.210882781408503, "shear_15nN-qq": [-2009.5490247394084, 170.55815087239995], "min_molecular_weight": 26.0174, "delta_molecular_weight": 19.000000000000004, "ch3-smiles-2": "CC#N", "chain-smiles-2": "CCCCCCCCCCCCCCCCCC#N", "tilt_bottom": {"25nN": 41.82324016726843, "5nN": 37.817735362843266, "15nN": 40.273572283122384}, "tilt_top": {"25nN": 41.45582777354436, "5nN": 37.718854546485424, "15nN": 40.42998210340345}, "shear_15nN-lj": [-1691.1878706011191, 57.17410601289476], "h-smiles-1": "C(=O)O", "ch3-smiles-1": "CC(=O)O", "S2_bottom": {"25nN": 0.9704912308502017, "5nN": 0.9575130725555481, "15nN": 0.9678757869589841}, "h-smiles-2": "C#N", "shear_25nN-qq": [-1967.5087576450837, 160.07467409105337], "COF": 0.10989101276089032, "shear_25nN-lj": [-1741.4242663365308, 57.56297716278636], "S2_top": {"25nN": 0.9700714251012557, "5nN": 0.9749809266045601, "15nN": 0.9681702712971961}, "shear_15nN-Etotal": [-3700.7368953405276, 170.74591166630577], "shear_5nN-Etotal": [-3585.36827423741, 171.92260080019756], "shear_25nN-Etotal": [-3708.9330239816145, 158.2256439024293], "avg_molecular_weight": 35.5174, "shear_5nN-lj": [-1585.1887660767386, 62.94576985257419], "delta_dipole_moment": 1.3999999999999995, "status": {"eb1f430d7b6f2ae3f924757d7efbd5f2-get_interaction_energy_5nN": 1, "eb1f430d7b6f2ae3f924757d7efbd5f2-unwrap_shear_5nN": 1, "eb1f430d7b6f2ae3f924757d7efbd5f2-shear_25nN_rerun_grompp": 1, "eb1f430d7b6f2ae3f924757d7efbd5f2-minimize": 1, "eb1f430d7b6f2ae3f924757d7efbd5f2-shear_25nN": 1, "eb1f430d7b6f2ae3f924757d7efbd5f2-equilibrate": 1, "eb1f430d7b6f2ae3f924757d7efbd5f2-shear_25nN_rerun": 1, "eb1f430d7b6f2ae3f924757d7efbd5f2-compress": 1, "eb1f430d7b6f2ae3f924757d7efbd5f2-log_tilt": 1, "eb1f430d7b6f2ae3f924757d7efbd5f2-log_interaction_energy_15nN": 1, "eb1f430d7b6f2ae3f924757d7efbd5f2-unwrap_shear_15nN": 1, "eb1f430d7b6f2ae3f924757d7efbd5f2-log_cof": 1, "eb1f430d7b6f2ae3f924757d7efbd5f2-shear_15nN_rerun_grompp": 1, "eb1f430d7b6f2ae3f924757d7efbd5f2-calc_friction": 1, "eb1f430d7b6f2ae3f924757d7efbd5f2-unwrap_shear_25nN": 1, "eb1f430d7b6f2ae3f924757d7efbd5f2-initialize": 1, "eb1f430d7b6f2ae3f924757d7efbd5f2-compress_grompp": 1, "eb1f430d7b6f2ae3f924757d7efbd5f2-shear_5nN": 1, "eb1f430d7b6f2ae3f924757d7efbd5f2-calc_interdigitation": 1, "eb1f430d7b6f2ae3f924757d7efbd5f2-get_interaction_energy_15nN": 1, "eb1f430d7b6f2ae3f924757d7efbd5f2-get_interaction_energy_25nN": 1, "eb1f430d7b6f2ae3f924757d7efbd5f2-shear_15nN_grompp": 1, "eb1f430d7b6f2ae3f924757d7efbd5f2-fix_overlaps": 1, "eb1f430d7b6f2ae3f924757d7efbd5f2-shear_15nN_rerun": 1, "eb1f430d7b6f2ae3f924757d7efbd5f2-shear_15nN": 1, "eb1f430d7b6f2ae3f924757d7efbd5f2-equilibrate_grompp": 1, "eb1f430d7b6f2ae3f924757d7efbd5f2-calc_tilt_shear": 1, "eb1f430d7b6f2ae3f924757d7efbd5f2-shear_25nN_grompp": 1, "eb1f430d7b6f2ae3f924757d7efbd5f2-shear_5nN_rerun": 1, "eb1f430d7b6f2ae3f924757d7efbd5f2-minimize_grompp": 1, "eb1f430d7b6f2ae3f924757d7efbd5f2-lammps_to_gmx": 1, "eb1f430d7b6f2ae3f924757d7efbd5f2-log_S2": 1, "eb1f430d7b6f2ae3f924757d7efbd5f2-shear_5nN_rerun_grompp": 1, "eb1f430d7b6f2ae3f924757d7efbd5f2-log_interaction_energy_5nN": 1, "eb1f430d7b6f2ae3f924757d7efbd5f2-top_to_mol2": 1, "eb1f430d7b6f2ae3f924757d7efbd5f2-log_interaction_energy_25nN": 1, "eb1f430d7b6f2ae3f924757d7efbd5f2-calc_S2_shear": 1, "eb1f430d7b6f2ae3f924757d7efbd5f2-shear_5nN_grompp": 1, "eb1f430d7b6f2ae3f924757d7efbd5f2-count_hydrogen_bonds": 1}, "chain-smiles-1": "CCCCCCCCCCCCCCCCCC(=O)O"}