{"MR-mean":31.158,"asphericity-mean":0.4310215,"balabanj-mean":3.680736,"bertzct-mean":377.601074,"chi0-mean":11.964102,"chi0n-mean":11.188982,"chi0v-mean":3.688982,"chi1-mean":6.675426,"chi1n-mean":5.594491,"chi1v-mean":1.844491,"chi2n-mean":1.094491,"chi2v-mean":1.094491,"chi3n-mean":0.5472455,"chi3v-mean":0.5472455,"chi4n-mean":0.273623,"chi4v-mean":0.273623,"e-valence-mean":39.0,"eccentricity-mean":0.9643785,"hk-alpha-mean":-0.815,"hk-kappa1-mean":1.094411,"hk-kappa2-mean":1.865774,"hk-kappa3-mean":1.0488335,"ipc-mean":1235.837423,"isf-mean":0.008431,"labuteASA-mean":56.4163915,"logP-mean":2.06457,"molwt-mean":101.057889,"molwt-hvy-mean":93.576,"nheavy-mean":7.5,"npr1-mean":0.258736,"npr2-mean":0.750957,"pbf-mean":0.136519,"pc+-mean":0.4292425,"pc--mean":-0.4292425,"pmi1-mean":89.0211435,"pmi2-mean":274.2763295,"pmi3-mean":359.962625,"rbonds-mean":1.0,"rg-mean":1.876473,"rpc+-mean":0.211643,"rpc--mean":0.3023495,"spherocity-mean":0.0626275,"tpsa-mean":0.0,"vsa+-mean":13.1893,"vsa--mean":41.8014355,"vsa-fhyd-mean":0.9610695,"vsa-fneg-mean":0.761027,"vsa-fpneg-mean":0.0389305,"vsa-fpos-mean":0.238973,"vsa-fppos-mean":0.0,"vsa-hyd-mean":52.795528,"vsa-polar-mean":0.0389305,"vsa-polar+-mean":0.0,"vsa-polar--mean":2.1952075,"MR-min":31.137,"asphericity-min":0.352895,"balabanj-min":3.680736,"bertzct-min":375.426816,"chi0-min":11.964102,"chi0n-min":10.877964,"chi0v-min":3.5,"chi1-min":6.675426,"chi1n-min":5.438982,"chi1v-min":1.75,"chi2n-min":1.0,"chi2v-min":1.0,"chi3n-min":0.5,"chi3v-min":0.5,"chi4n-min":0.25,"chi4v-min":0.25,"e-valence-min":36.0,"eccentricity-min":0.950115,"hk-alpha-min":-0.85,"hk-kappa1-min":0.83817,"hk-kappa2-min":1.783286,"hk-kappa3-min":1.038264,"ipc-min":1235.837423,"isf-min":0.00794,"labuteASA-min":55.036109,"logP-min":1.99502,"molwt-min":92.0626,"molwt-hvy-min":84.077,"nheavy-min":7.0,"npr1-min":0.205571,"npr2-min":0.699786,"pbf-min":0.129222,"pc+-min":0.395819,"pc--min":-0.462666,"pmi1-min":88.136619,"pmi2-min":197.744735,"pmi3-min":282.578776,"rbonds-min":1.0,"rg-min":1.75634,"rpc+-min":0.158026,"rpc--min":0.157266,"spherocity-min":0.062426,"tpsa-min":0.0,"vsa+-min":10.966069,"vsa--min":40.975434,"vsa-fhyd-min":0.922139,"vsa-fneg-min":0.72667,"vsa-fpneg-min":0.0,"vsa-fpos-min":0.204616,"vsa-fppos-min":0.0,"vsa-hyd-min":51.99755,"vsa-polar-min":0.0,"vsa-polar+-min":0.0,"vsa-polar--min":0.0,"MR-max":31.179,"asphericity-max":0.509148,"balabanj-max":3.680736,"bertzct-max":379.775332,"chi0-max":11.964102,"chi0n-max":11.5,"chi0v-max":3.877964,"chi1-max":6.675426,"chi1n-max":5.75,"chi1v-max":1.938982,"chi2n-max":1.188982,"chi2v-max":1.188982,"chi3n-max":0.594491,"chi3v-max":0.594491,"chi4n-max":0.297246,"chi4v-max":0.297246,"e-valence-max":42.0,"eccentricity-max":0.978642,"hk-alpha-max":-0.78,"hk-kappa1-max":1.350652,"hk-kappa2-max":1.948262,"hk-kappa3-max":1.059403,"ipc-max":1235.837423,"isf-max":0.008922,"labuteASA-max":57.796674,"logP-max":2.13412,"molwt-max":110.053178,"molwt-hvy-max":103.075,"nheavy-max":8.0,"npr1-max":0.311901,"npr2-max":0.802128,"pbf-max":0.143816,"pc+-max":0.462666,"pc--max":-0.395819,"pmi1-max":89.905668,"pmi2-max":350.807924,"pmi3-max":437.346474,"rbonds-max":1.0,"rg-max":1.996606,"rpc+-max":0.26526,"rpc--max":0.447433,"spherocity-max":0.062829,"tpsa-max":0.0,"vsa+-max":15.412531,"vsa--max":42.627437,"vsa-fhyd-max":1.0,"vsa-fneg-max":0.795384,"vsa-fpneg-max":0.077861,"vsa-fpos-max":0.27333,"vsa-fppos-max":0.0,"vsa-hyd-max":53.593506,"vsa-polar-max":0.077861,"vsa-polar+-max":0.0,"vsa-polar--max":4.390415,"MR-diff":0.042,"asphericity-diff":0.156253,"balabanj-diff":0.0,"bertzct-diff":4.348516,"chi0-diff":0.0,"chi0n-diff":0.622036,"chi0v-diff":0.377964,"chi1-diff":0.0,"chi1n-diff":0.311018,"chi1v-diff":0.188982,"chi2n-diff":0.188982,"chi2v-diff":0.188982,"chi3n-diff":0.094491,"chi3v-diff":0.094491,"chi4n-diff":0.047246,"chi4v-diff":0.047246,"e-valence-diff":6.0,"eccentricity-diff":0.028527,"hk-alpha-diff":0.07,"hk-kappa1-diff":0.512482,"hk-kappa2-diff":0.164976,"hk-kappa3-diff":0.021139,"ipc-diff":0.0,"isf-diff":0.000982,"labuteASA-diff":2.760565,"logP-diff":0.1391,"molwt-diff":17.990578,"molwt-hvy-diff":18.998,"nheavy-diff":1.0,"npr1-diff":0.10633,"npr2-diff":0.102342,"pbf-diff":0.014594,"pc+-diff":0.066847,"pc--diff":0.066847,"pmi1-diff":1.769049,"pmi2-diff":153.063189,"pmi3-diff":154.767698,"rbonds-diff":0.0,"rg-diff":0.240266,"rpc+-diff":0.107234,"rpc--diff":0.290167,"spherocity-diff":0.000403,"tpsa-diff":0.0,"vsa+-diff":4.446462,"vsa--diff":1.652003,"vsa-fhyd-diff":0.077861,"vsa-fneg-diff":0.068714,"vsa-fpneg-diff":0.077861,"vsa-fpos-diff":0.068714,"vsa-fppos-diff":0.0,"vsa-hyd-diff":1.595956,"vsa-polar-diff":0.077861,"vsa-polar+-diff":0.0,"vsa-polar--diff":4.390415,"hbonds":0.0}