{"avg_dipole_moment": 1.015, "max_dipole_moment": 2.03, "min_dipole_moment": 0.0, "max_molecular_weight": 95.0942, "shear_5nN-qq": [-16.74576846682654, 18.36473636328892], "intercept": 1.1920872138348886, "shear_15nN-qq": [-29.875390991207034, 21.613283374838783], "min_molecular_weight": 77.1037, "delta_molecular_weight": 17.990499999999997, "ch3-smiles-2": "CC1=CC=CC=C1", "chain-smiles-2": "CCCCCCCCCCCCCCCCCC1=CC=CC=C1", "tilt_bottom": {"25nN": 37.061932748304415, "5nN": 31.939826432174062, "15nN": 35.219314087328705}, "interdigitation": {"25nN": 0.17614215179493972, "5nN": 0.13602013004264035, "15nN": 0.12915276626432118}, "tilt_top": {"25nN": 39.60565671825563, "5nN": 34.95291719326869, "15nN": 38.370399768009605}, "shear_15nN-lj": [-1713.6875479048758, 48.45981049507107], "h-smiles-1": "C1=CC=C(F)C=C1", "S2_top": {"25nN": 0.9571321468917742, "5nN": 0.971911626329293, "15nN": 0.9771683050853482}, "S2_bottom": {"25nN": 0.9309768304952277, "5nN": 0.9330352794029528, "15nN": 0.9317205090450785}, "h-smiles-2": "C1=CC=CC=C1", "shear_25nN-qq": [-39.292833690647484, 24.71845642964799], "COF": 0.11150870947065174, "shear_25nN-lj": [-1810.6734101918464, 47.38165443726747], "ch3-smiles-1": "CC1=CC=C(F)C=C1", "shear_15nN-Etotal": [-1743.562938896083, 52.84749997966762], "shear_5nN-Etotal": [-1525.3989134364508, 55.2277966965364], "shear_25nN-Etotal": [-1849.9662438824937, 53.917617931624456], "avg_molecular_weight": 86.09895, "shear_5nN-lj": [-1508.6531449696242, 50.20157332764633], "delta_dipole_moment": 2.03, "status": {"a1d8f81608f12db94f067bf1b748de50-log_interaction_energy_15nN": 1, "a1d8f81608f12db94f067bf1b748de50-unwrap_shear_15nN": 1, "a1d8f81608f12db94f067bf1b748de50-calc_interdigitation": 1, "a1d8f81608f12db94f067bf1b748de50-log_interaction_energy_25nN": 1, "a1d8f81608f12db94f067bf1b748de50-shear_25nN": 1, "a1d8f81608f12db94f067bf1b748de50-log_cof": 1, "a1d8f81608f12db94f067bf1b748de50-unwrap_shear_25nN": 1, "a1d8f81608f12db94f067bf1b748de50-calc_tilt_shear": 1, "a1d8f81608f12db94f067bf1b748de50-shear_25nN_rerun_grompp": 1, "a1d8f81608f12db94f067bf1b748de50-initialize": 1, "a1d8f81608f12db94f067bf1b748de50-log_interaction_energy_5nN": 1, "a1d8f81608f12db94f067bf1b748de50-shear_5nN": 1, "a1d8f81608f12db94f067bf1b748de50-get_interaction_energy_5nN": 1, "a1d8f81608f12db94f067bf1b748de50-shear_15nN": 1, "a1d8f81608f12db94f067bf1b748de50-get_interaction_energy_25nN": 1, "a1d8f81608f12db94f067bf1b748de50-get_interaction_energy_15nN": 1, "a1d8f81608f12db94f067bf1b748de50-top_to_mol2": 1, "a1d8f81608f12db94f067bf1b748de50-shear_25nN_rerun": 1, "a1d8f81608f12db94f067bf1b748de50-fix_overlaps": 1, "a1d8f81608f12db94f067bf1b748de50-shear_15nN_rerun": 1, "a1d8f81608f12db94f067bf1b748de50-lammps_to_gmx": 1, "a1d8f81608f12db94f067bf1b748de50-equilibrate": 1, "a1d8f81608f12db94f067bf1b748de50-compress_grompp": 1, "a1d8f81608f12db94f067bf1b748de50-calc_friction": 1, "a1d8f81608f12db94f067bf1b748de50-unwrap_shear_5nN": 1, "a1d8f81608f12db94f067bf1b748de50-equilibrate_grompp": 1, "a1d8f81608f12db94f067bf1b748de50-shear_25nN_grompp": 1, "a1d8f81608f12db94f067bf1b748de50-compress": 1, "a1d8f81608f12db94f067bf1b748de50-shear_5nN_rerun_grompp": 1, "a1d8f81608f12db94f067bf1b748de50-shear_15nN_grompp": 1, "a1d8f81608f12db94f067bf1b748de50-calc_S2_shear": 1, "a1d8f81608f12db94f067bf1b748de50-minimize": 1, "a1d8f81608f12db94f067bf1b748de50-log_S2": 1, "a1d8f81608f12db94f067bf1b748de50-shear_5nN_grompp": 1, "a1d8f81608f12db94f067bf1b748de50-shear_15nN_rerun_grompp": 1, "a1d8f81608f12db94f067bf1b748de50-log_tilt": 1, "a1d8f81608f12db94f067bf1b748de50-shear_5nN_rerun": 1, "a1d8f81608f12db94f067bf1b748de50-minimize_grompp": 1}, "chain-smiles-1": "CCCCCCCCCCCCCCCCCC1=CC=C(F)C=C1"}