{"tilt_bottom": {"25nN": 39.661931295142004, "5nN": 35.19794042293347, "15nN": 37.90698744940351}, "shear_25nN-qq": [-416.18979364428463, 53.12205354968], "S2_top": {"25nN": 0.9463748792996082, "5nN": 0.9620977837068067, "15nN": 0.9386348429618757}, "shear_5nN-qq": [-421.49439092645883, 46.0088880509702], "shear_15nN-Etotal": [-2351.33054015028, 77.95365413859456], "S2_bottom": {"25nN": 0.953197415678025, "5nN": 0.9496297936500067, "15nN": 0.9619943427900717}, "shear_25nN-lj": [-1998.6244558033575, 54.22104652053195], "delta_molecular_weight": 49.0887, "intercept": 1.709779059111639, "avg_dipole_moment": 2.92, "COF": 0.11108773122880845, "shear_25nN-Etotal": [-2414.8142494476415, 80.96343556655916], "tilt_top": {"25nN": 40.75772482353767, "5nN": 35.70104606354744, "15nN": 38.93170064723258}, "status": {"3f1ade6c8bcb0996105c5516ef2e62cc-unwrap_shear_25nN": 1, "3f1ade6c8bcb0996105c5516ef2e62cc-shear_15nN_rerun": 1, "3f1ade6c8bcb0996105c5516ef2e62cc-log_tilt": 1, "3f1ade6c8bcb0996105c5516ef2e62cc-shear_25nN_rerun_grompp": 1, "3f1ade6c8bcb0996105c5516ef2e62cc-shear_5nN": 1, "3f1ade6c8bcb0996105c5516ef2e62cc-shear_5nN_rerun": 1, "3f1ade6c8bcb0996105c5516ef2e62cc-initialize": 1, "3f1ade6c8bcb0996105c5516ef2e62cc-top_to_mol2": 1, "3f1ade6c8bcb0996105c5516ef2e62cc-equilibrate_grompp": 1, "3f1ade6c8bcb0996105c5516ef2e62cc-get_interaction_energy_15nN": 1, "3f1ade6c8bcb0996105c5516ef2e62cc-shear_5nN_grompp": 1, "3f1ade6c8bcb0996105c5516ef2e62cc-calc_tilt_shear": 1, "3f1ade6c8bcb0996105c5516ef2e62cc-fix_overlaps": 1, "3f1ade6c8bcb0996105c5516ef2e62cc-calc_S2_shear": 1, "3f1ade6c8bcb0996105c5516ef2e62cc-compress_grompp": 1, "3f1ade6c8bcb0996105c5516ef2e62cc-shear_5nN_rerun_grompp": 1, "3f1ade6c8bcb0996105c5516ef2e62cc-unwrap_shear_15nN": 1, "3f1ade6c8bcb0996105c5516ef2e62cc-equilibrate": 1, "3f1ade6c8bcb0996105c5516ef2e62cc-minimize": 1, "3f1ade6c8bcb0996105c5516ef2e62cc-unwrap_shear_5nN": 1, "3f1ade6c8bcb0996105c5516ef2e62cc-shear_15nN": 1, "3f1ade6c8bcb0996105c5516ef2e62cc-shear_15nN_grompp": 1, "3f1ade6c8bcb0996105c5516ef2e62cc-get_interaction_energy_5nN": 1, "3f1ade6c8bcb0996105c5516ef2e62cc-calc_interdigitation": 1, "3f1ade6c8bcb0996105c5516ef2e62cc-shear_15nN_rerun_grompp": 1, "3f1ade6c8bcb0996105c5516ef2e62cc-compress": 1, "3f1ade6c8bcb0996105c5516ef2e62cc-calc_friction": 1, "3f1ade6c8bcb0996105c5516ef2e62cc-get_interaction_energy_25nN": 1, "3f1ade6c8bcb0996105c5516ef2e62cc-lammps_to_gmx": 1, "3f1ade6c8bcb0996105c5516ef2e62cc-shear_25nN_grompp": 1, "3f1ade6c8bcb0996105c5516ef2e62cc-log_interaction_energy_15nN": 1, "3f1ade6c8bcb0996105c5516ef2e62cc-shear_25nN_rerun": 1, "3f1ade6c8bcb0996105c5516ef2e62cc-log_interaction_energy_25nN": 1, "3f1ade6c8bcb0996105c5516ef2e62cc-shear_25nN": 1, "3f1ade6c8bcb0996105c5516ef2e62cc-log_interaction_energy_5nN": 1, "3f1ade6c8bcb0996105c5516ef2e62cc-log_cof": 1, "3f1ade6c8bcb0996105c5516ef2e62cc-minimize_grompp": 1, "3f1ade6c8bcb0996105c5516ef2e62cc-log_S2": 1}, "shear_15nN-qq": [-450.6338048545165, 46.33799949445874], "shear_5nN-Etotal": [-2157.201772881695, 85.4503815724038], "avg_molecular_weight": 70.54984999999999, "delta_dipole_moment": 1.7800000000000002, "shear_15nN-lj": [-1900.6967352957633, 53.970274760122855], "shear_5nN-lj": [-1735.7073819552356, 57.211416251269064]}