{"tilt_bottom": {"25nN": 40.935307530543234, "5nN": 36.18718652417764, "15nN": 38.40408278736377}, "shear_25nN-qq": [-123.21641567785773, 27.78563142783063], "S2_top": {"25nN": 0.9324546832596324, "5nN": 0.9404395347487915, "15nN": 0.9557631074986568}, "shear_5nN-qq": [-65.86739607434052, 19.13249955700647], "shear_15nN-Etotal": [-1688.3642635531576, 55.08046381819469], "status": {"8c995aeba4df75cb68e90359e49e1161-log_cof": 1, "8c995aeba4df75cb68e90359e49e1161-get_interaction_energy_15nN": 1, "8c995aeba4df75cb68e90359e49e1161-get_interaction_energy_5nN": 1, "8c995aeba4df75cb68e90359e49e1161-minimize": 1, "8c995aeba4df75cb68e90359e49e1161-log_tilt": 1, "8c995aeba4df75cb68e90359e49e1161-shear_5nN_grompp": 1, "8c995aeba4df75cb68e90359e49e1161-calc_friction": 1, "8c995aeba4df75cb68e90359e49e1161-compress_grompp": 1, "8c995aeba4df75cb68e90359e49e1161-equilibrate": 1, "8c995aeba4df75cb68e90359e49e1161-shear_5nN": 1, "8c995aeba4df75cb68e90359e49e1161-log_interaction_energy_15nN": 1, "8c995aeba4df75cb68e90359e49e1161-calc_tilt_shear": 1, "8c995aeba4df75cb68e90359e49e1161-shear_15nN": 1, "8c995aeba4df75cb68e90359e49e1161-fix_overlaps": 1, "8c995aeba4df75cb68e90359e49e1161-calc_interdigitation": 1, "8c995aeba4df75cb68e90359e49e1161-initialize": 1, "8c995aeba4df75cb68e90359e49e1161-shear_25nN": 1, "8c995aeba4df75cb68e90359e49e1161-shear_15nN_grompp": 1, "8c995aeba4df75cb68e90359e49e1161-lammps_to_gmx": 1, "8c995aeba4df75cb68e90359e49e1161-calc_S2_shear": 1, "8c995aeba4df75cb68e90359e49e1161-count_hydrogen_bonds": 1, "8c995aeba4df75cb68e90359e49e1161-unwrap_shear_25nN": 1, "8c995aeba4df75cb68e90359e49e1161-minimize_grompp": 1, "8c995aeba4df75cb68e90359e49e1161-shear_15nN_rerun": 1, "8c995aeba4df75cb68e90359e49e1161-equilibrate_grompp": 1, "8c995aeba4df75cb68e90359e49e1161-top_to_mol2": 1, "8c995aeba4df75cb68e90359e49e1161-unwrap_shear_5nN": 1, "8c995aeba4df75cb68e90359e49e1161-shear_5nN_rerun_grompp": 1, "8c995aeba4df75cb68e90359e49e1161-log_interaction_energy_25nN": 1, "8c995aeba4df75cb68e90359e49e1161-shear_25nN_rerun_grompp": 1, "8c995aeba4df75cb68e90359e49e1161-shear_25nN_grompp": 1, "8c995aeba4df75cb68e90359e49e1161-log_interaction_energy_5nN": 1, "8c995aeba4df75cb68e90359e49e1161-shear_5nN_rerun": 1, "8c995aeba4df75cb68e90359e49e1161-get_interaction_energy_25nN": 1, "8c995aeba4df75cb68e90359e49e1161-log_S2": 1, "8c995aeba4df75cb68e90359e49e1161-unwrap_shear_15nN": 1, "8c995aeba4df75cb68e90359e49e1161-compress": 1, "8c995aeba4df75cb68e90359e49e1161-shear_25nN_rerun": 1, "8c995aeba4df75cb68e90359e49e1161-shear_15nN_rerun_grompp": 1}, "shear_25nN-lj": [-1724.3176903701037, 50.62237160794225], "delta_molecular_weight": 23.988499999999995, "shear_15nN-qq": [-90.07401401678658, 20.731403496952357], "avg_dipole_moment": 3.4499999999999997, "COF": 0.12840252956561876, "shear_25nN-Etotal": [-1847.5341060479618, 58.828671976547895], "tilt_top": {"25nN": 38.29075866757207, "5nN": 34.26915053256192, "15nN": 37.61774648690113}, "S2_bottom": {"25nN": 0.9556416877111495, "5nN": 0.9740563125812127, "15nN": 0.9660966362494}, "intercept": 0.836462830277581, "shear_5nN-Etotal": [-1455.3663505283773, 61.72492943979077], "avg_molecular_weight": 57.01165, "delta_dipole_moment": 2.7199999999999998, "shear_15nN-lj": [-1598.2902495363708, 48.39083326942343], "shear_5nN-lj": [-1389.4989544540367, 55.4702849840246]}