{"avg_dipole_moment": 1.8599999999999999, "max_dipole_moment": 2.09, "min_dipole_moment": 1.63, "max_molecular_weight": 69.0059, "shear_5nN-qq": [-112.8619934924061, 24.875324006695195], "intercept": 0.9388227779394778, "shear_15nN-qq": [-125.42786425099922, 26.0520850496016], "min_molecular_weight": 16.0225, "delta_molecular_weight": 52.983399999999996, "ch3-smiles-2": "CC(F)(F)F", "chain-smiles-2": "CCCCCCCCCCCCCCCCCC(F)(F)F", "tilt_bottom": {"25nN": 39.194215917047295, "5nN": 34.98182917576916, "15nN": 38.13223048141039}, "interdigitation": {"25nN": 0.1925803266684821, "5nN": 0.11972131239791878, "15nN": 0.1404931987174174}, "tilt_top": {"25nN": 40.88942972927892, "5nN": 34.85986506280712, "15nN": 38.799115302991474}, "shear_15nN-lj": [-1290.5281277897684, 44.447472806077634], "h-smiles-1": "N", "S2_top": {"25nN": 0.9415875771013359, "5nN": 0.95781522408624, "15nN": 0.9451454420198677}, "S2_bottom": {"25nN": 0.9459915847217754, "5nN": 0.9601853592582157, "15nN": 0.9595864911404752}, "h-smiles-2": "C(F)(F)F", "shear_25nN-qq": [-130.7456807585931, 29.60141891953465], "COF": 0.15677783423866784, "shear_25nN-lj": [-1385.4545679880098, 49.55530018411508], "ch3-smiles-1": "CN", "shear_15nN-Etotal": [-1415.9559920407676, 52.43224809324232], "shear_5nN-Etotal": [-1195.7683618968824, 60.21244553206341], "shear_25nN-Etotal": [-1516.2002487466027, 60.00753357851845], "avg_molecular_weight": 42.5142, "shear_5nN-lj": [-1082.9063684044766, 49.33951804603518], "delta_dipole_moment": 0.45999999999999996, "status": {"a72d78f6cb958022a77fef640e010b15-minimize_grompp": 1, "a72d78f6cb958022a77fef640e010b15-shear_15nN_rerun": 1, "a72d78f6cb958022a77fef640e010b15-shear_25nN_grompp": 1, "a72d78f6cb958022a77fef640e010b15-shear_15nN_rerun_grompp": 1, "a72d78f6cb958022a77fef640e010b15-shear_25nN_rerun_grompp": 1, "a72d78f6cb958022a77fef640e010b15-get_interaction_energy_25nN": 1, "a72d78f6cb958022a77fef640e010b15-calc_tilt_shear": 1, "a72d78f6cb958022a77fef640e010b15-shear_15nN_grompp": 1, "a72d78f6cb958022a77fef640e010b15-unwrap_shear_15nN": 1, "a72d78f6cb958022a77fef640e010b15-shear_15nN": 1, "a72d78f6cb958022a77fef640e010b15-get_interaction_energy_15nN": 1, "a72d78f6cb958022a77fef640e010b15-count_hydrogen_bonds": 1, "a72d78f6cb958022a77fef640e010b15-calc_interdigitation": 1, "a72d78f6cb958022a77fef640e010b15-log_interaction_energy_25nN": 1, "a72d78f6cb958022a77fef640e010b15-initialize": 1, "a72d78f6cb958022a77fef640e010b15-shear_25nN": 1, "a72d78f6cb958022a77fef640e010b15-compress_grompp": 1, "a72d78f6cb958022a77fef640e010b15-minimize": 1, "a72d78f6cb958022a77fef640e010b15-compress": 1, "a72d78f6cb958022a77fef640e010b15-log_S2": 1, "a72d78f6cb958022a77fef640e010b15-shear_5nN_grompp": 1, "a72d78f6cb958022a77fef640e010b15-unwrap_shear_25nN": 1, "a72d78f6cb958022a77fef640e010b15-calc_S2_shear": 1, "a72d78f6cb958022a77fef640e010b15-get_interaction_energy_5nN": 1, "a72d78f6cb958022a77fef640e010b15-shear_25nN_rerun": 1, "a72d78f6cb958022a77fef640e010b15-log_cof": 1, "a72d78f6cb958022a77fef640e010b15-unwrap_shear_5nN": 1, "a72d78f6cb958022a77fef640e010b15-equilibrate": 1, "a72d78f6cb958022a77fef640e010b15-shear_5nN": 1, "a72d78f6cb958022a77fef640e010b15-lammps_to_gmx": 1, "a72d78f6cb958022a77fef640e010b15-log_tilt": 1, "a72d78f6cb958022a77fef640e010b15-equilibrate_grompp": 1, "a72d78f6cb958022a77fef640e010b15-shear_5nN_rerun": 1, "a72d78f6cb958022a77fef640e010b15-calc_friction": 1, "a72d78f6cb958022a77fef640e010b15-log_interaction_energy_5nN": 1, "a72d78f6cb958022a77fef640e010b15-shear_5nN_rerun_grompp": 1, "a72d78f6cb958022a77fef640e010b15-fix_overlaps": 1, "a72d78f6cb958022a77fef640e010b15-top_to_mol2": 1, "a72d78f6cb958022a77fef640e010b15-log_interaction_energy_15nN": 1}, "chain-smiles-1": "CCCCCCCCCCCCCCCCCN"}