{"MR-mean":29.1727,"asphericity-mean":0.3647515,"balabanj-mean":4.6578825,"bertzct-mean":316.282322,"chi0-mean":12.770726,"chi0n-mean":11.881855,"chi0v-mean":3.381855,"chi1-mean":6.668055,"chi1n-mean":5.7943775,"chi1v-mean":1.5443775,"chi2n-mean":0.9278585,"chi2v-mean":0.9278585,"chi3n-mean":0.397189,"chi3v-mean":0.397189,"chi4n-mean":0.1985945,"chi4v-mean":0.1985945,"e-valence-mean":39.0,"eccentricity-mean":0.9058045,"hk-alpha-mean":-0.69,"hk-kappa1-mean":1.1322205,"hk-kappa2-mean":1.903265,"hk-kappa3-mean":0.65642,"ipc-mean":1599.5338895,"isf-mean":0.0080555,"labuteASA-mean":55.083948,"logP-mean":1.78276,"molwt-mean":97.562964,"molwt-hvy-mean":89.063,"nheavy-mean":7.0,"npr1-mean":0.3665165,"npr2-mean":0.715461,"pbf-mean":0.357194,"pc+-mean":0.475553,"pc--mean":-0.475553,"pmi1-mean":94.9479665,"pmi2-mean":347.266446,"pmi3-mean":431.755668,"rbonds-mean":1.0,"rg-mean":1.889346,"rpc+-mean":0.250382,"rpc--mean":0.313218,"spherocity-mean":0.2401755,"tpsa-mean":21.57,"vsa+-mean":22.999215,"vsa--mean":30.5320665,"vsa-fhyd-mean":0.88191,"vsa-fneg-mean":0.5880085,"vsa-fpneg-mean":0.075587,"vsa-fpos-mean":0.4119915,"vsa-fppos-mean":0.042503,"vsa-hyd-mean":45.6304295,"vsa-polar-mean":0.11809,"vsa-polar+-mean":2.843693,"vsa-polar--mean":5.057159,"MR-min":20.512,"asphericity-min":0.152112,"balabanj-min":3.773039,"bertzct-min":165.593463,"chi0-min":12.0,"chi0n-min":11.76371,"chi0v-min":2.0,"chi1-min":5.75,"chi1n-min":5.75,"chi1v-min":0.75,"chi2n-min":0.375,"chi2v-min":0.375,"chi3n-min":0.0,"chi3v-min":0.0,"chi4n-min":0.0,"chi4v-min":0.0,"e-valence-min":26.0,"eccentricity-min":0.826074,"hk-alpha-min":-1.38,"hk-kappa1-min":0.213018,"hk-kappa2-min":1.333333,"hk-kappa3-min":0.0,"ipc-min":312.080511,"isf-min":0.006542,"labuteASA-min":41.883782,"logP-min":1.6623,"molwt-min":58.07825,"molwt-hvy-min":48.044,"nheavy-min":4.0,"npr1-min":0.169471,"npr2-min":0.59604,"pbf-min":0.122531,"pc+-min":0.239098,"pc--min":-0.712008,"pmi1-min":62.286199,"pmi2-min":65.875806,"pmi3-min":110.522402,"rbonds-min":0.0,"rg-min":1.432911,"rpc+-min":0.123042,"rpc--min":0.263646,"spherocity-min":0.042871,"tpsa-min":0.0,"vsa+-min":13.707586,"vsa--min":26.449634,"vsa-fhyd-min":0.76382,"vsa-fneg-min":0.517365,"vsa-fpneg-min":0.0,"vsa-fpos-min":0.341348,"vsa-fppos-min":0.0,"vsa-hyd-min":40.15722,"vsa-polar-min":0.0,"vsa-polar+-min":0.0,"vsa-polar--min":0.0,"MR-max":37.8334,"asphericity-max":0.577391,"balabanj-max":5.542726,"bertzct-max":466.971181,"chi0-max":13.541452,"chi0n-max":12.0,"chi0v-max":4.76371,"chi1-max":7.58611,"chi1n-max":5.838755,"chi1v-max":2.338755,"chi2n-max":1.480717,"chi2v-max":1.480717,"chi3n-max":0.794378,"chi3v-max":0.794378,"chi4n-max":0.397189,"chi4v-max":0.397189,"e-valence-max":52.0,"eccentricity-max":0.985535,"hk-alpha-max":0.0,"hk-kappa1-max":2.051423,"hk-kappa2-max":2.473197,"hk-kappa3-max":1.31284,"ipc-max":2886.987268,"isf-max":0.009569,"labuteASA-max":68.284114,"logP-max":1.90322,"molwt-max":137.047678,"molwt-hvy-max":130.082,"nheavy-max":10.0,"npr1-max":0.563562,"npr2-max":0.834882,"pbf-max":0.591857,"pc+-max":0.712008,"pc--max":-0.239098,"pmi1-max":127.609734,"pmi2-max":628.657086,"pmi3-max":752.988934,"rbonds-max":2.0,"rg-max":2.345781,"rpc+-max":0.377722,"rpc--max":0.36279,"spherocity-max":0.43748,"tpsa-max":43.14,"vsa+-max":32.290844,"vsa--max":34.614499,"vsa-fhyd-max":1.0,"vsa-fneg-max":0.658652,"vsa-fpneg-max":0.151174,"vsa-fpos-max":0.482635,"vsa-fppos-max":0.085006,"vsa-hyd-max":51.103639,"vsa-polar-max":0.23618,"vsa-polar+-max":5.687386,"vsa-polar--max":10.114318,"MR-diff":17.3214,"asphericity-diff":0.425279,"balabanj-diff":1.769687,"bertzct-diff":301.377718,"chi0-diff":1.541452,"chi0n-diff":0.23629,"chi0v-diff":2.76371,"chi1-diff":1.83611,"chi1n-diff":0.088755,"chi1v-diff":1.588755,"chi2n-diff":1.105717,"chi2v-diff":1.105717,"chi3n-diff":0.794378,"chi3v-diff":0.794378,"chi4n-diff":0.397189,"chi4v-diff":0.397189,"e-valence-diff":26.0,"eccentricity-diff":0.159461,"hk-alpha-diff":1.38,"hk-kappa1-diff":1.838405,"hk-kappa2-diff":1.139864,"hk-kappa3-diff":1.31284,"ipc-diff":2574.906757,"isf-diff":0.003027,"labuteASA-diff":26.400332,"logP-diff":0.24092,"molwt-diff":78.969428,"molwt-hvy-diff":82.038,"nheavy-diff":6.0,"npr1-diff":0.394091,"npr2-diff":0.238842,"pbf-diff":0.469326,"pc+-diff":0.47291,"pc--diff":0.47291,"pmi1-diff":65.323535,"pmi2-diff":562.78128,"pmi3-diff":642.466532,"rbonds-diff":2.0,"rg-diff":0.91287,"rpc+-diff":0.25468,"rpc--diff":0.099144,"spherocity-diff":0.394609,"tpsa-diff":43.14,"vsa+-diff":18.583258,"vsa--diff":8.164865,"vsa-fhyd-diff":0.23618,"vsa-fneg-diff":0.141287,"vsa-fpneg-diff":0.151174,"vsa-fpos-diff":0.141287,"vsa-fppos-diff":0.085006,"vsa-hyd-diff":10.946419,"vsa-polar-diff":0.23618,"vsa-polar+-diff":5.687386,"vsa-polar--diff":10.114318,"hbonds":0.0}