{"avg_dipole_moment": 3.1149999999999998, "max_dipole_moment": 6.22, "min_dipole_moment": 0.01, "max_molecular_weight": 122.1013, "shear_5nN-qq": [-7.007213381294964, 9.672928635406986], "intercept": 1.08637909359184, "shear_15nN-qq": [-24.3099580647482, 11.866140021013459], "min_molecular_weight": 43.0874, "delta_molecular_weight": 79.01389999999999, "ch3-smiles-2": "CC1=CC=C([N+](=O)[O-])C=C1", "chain-smiles-2": "CCCCCCCCCCCCCCCCCC1=CC=C([N+](=O)[O-])C=C1", "tilt_bottom": {"25nN": 39.59831438259929, "5nN": 34.58049023874431, "15nN": 37.60253695969988}, "interdigitation": {"25nN": 0.13168677567409784, "5nN": 0.13205993777073588, "15nN": 0.11348720184031572}, "tilt_top": {"25nN": 39.24238007283269, "5nN": 33.50261575085051, "15nN": 37.570113709709645}, "shear_15nN-lj": [-1856.3949764116708, 51.94354022331065], "h-smiles-1": "C(C)C", "S2_top": {"25nN": 0.903734035370209, "5nN": 0.9010446539617558, "15nN": 0.8976401468877401}, "S2_bottom": {"25nN": 0.9521899977943183, "5nN": 0.9599616234440131, "15nN": 0.9516514215288243}, "h-smiles-2": "C1=CC=C([N+](=O)[O-])C=C1", "shear_25nN-qq": [-43.51793085691447, 12.0417222411968], "COF": 0.11412091134302864, "shear_25nN-lj": [-1982.3679714548364, 51.53624700233586], "ch3-smiles-1": "CC(C)C", "shear_15nN-Etotal": [-1880.7049344764189, 54.40855528416316], "shear_5nN-Etotal": [-1621.4463229360513, 57.05504847321202], "shear_25nN-Etotal": [-2025.8859023117504, 54.44922854835665], "avg_molecular_weight": 82.59434999999999, "shear_5nN-lj": [-1614.4391095547562, 55.73293257831485], "delta_dipole_moment": 6.21, "status": {"81e9d86b3f17f1ec95de240b222fcf80-log_interaction_energy_25nN": 1, "81e9d86b3f17f1ec95de240b222fcf80-get_interaction_energy_25nN": 1, "81e9d86b3f17f1ec95de240b222fcf80-equilibrate": 1, "81e9d86b3f17f1ec95de240b222fcf80-shear_25nN_grompp": 1, "81e9d86b3f17f1ec95de240b222fcf80-calc_interdigitation": 1, "81e9d86b3f17f1ec95de240b222fcf80-compress": 1, "81e9d86b3f17f1ec95de240b222fcf80-calc_S2_shear": 1, "81e9d86b3f17f1ec95de240b222fcf80-shear_15nN_grompp": 1, "81e9d86b3f17f1ec95de240b222fcf80-log_interaction_energy_15nN": 1, "81e9d86b3f17f1ec95de240b222fcf80-fix_overlaps": 1, "81e9d86b3f17f1ec95de240b222fcf80-shear_5nN_grompp": 1, "81e9d86b3f17f1ec95de240b222fcf80-calc_tilt_shear": 1, "81e9d86b3f17f1ec95de240b222fcf80-shear_25nN": 1, "81e9d86b3f17f1ec95de240b222fcf80-log_tilt": 1, "81e9d86b3f17f1ec95de240b222fcf80-top_to_mol2": 1, "81e9d86b3f17f1ec95de240b222fcf80-shear_5nN_rerun": 1, "81e9d86b3f17f1ec95de240b222fcf80-unwrap_shear_15nN": 1, "81e9d86b3f17f1ec95de240b222fcf80-equilibrate_grompp": 1, "81e9d86b3f17f1ec95de240b222fcf80-compress_grompp": 1, "81e9d86b3f17f1ec95de240b222fcf80-shear_15nN": 1, "81e9d86b3f17f1ec95de240b222fcf80-shear_5nN_rerun_grompp": 1, "81e9d86b3f17f1ec95de240b222fcf80-unwrap_shear_25nN": 1, "81e9d86b3f17f1ec95de240b222fcf80-shear_25nN_rerun_grompp": 1, "81e9d86b3f17f1ec95de240b222fcf80-shear_25nN_rerun": 1, "81e9d86b3f17f1ec95de240b222fcf80-log_S2": 1, "81e9d86b3f17f1ec95de240b222fcf80-calc_friction": 1, "81e9d86b3f17f1ec95de240b222fcf80-get_interaction_energy_5nN": 1, "81e9d86b3f17f1ec95de240b222fcf80-shear_15nN_rerun_grompp": 1, "81e9d86b3f17f1ec95de240b222fcf80-unwrap_shear_5nN": 1, "81e9d86b3f17f1ec95de240b222fcf80-minimize": 1, "81e9d86b3f17f1ec95de240b222fcf80-minimize_grompp": 1, "81e9d86b3f17f1ec95de240b222fcf80-log_cof": 1, "81e9d86b3f17f1ec95de240b222fcf80-get_interaction_energy_15nN": 1, "81e9d86b3f17f1ec95de240b222fcf80-shear_15nN_rerun": 1, "81e9d86b3f17f1ec95de240b222fcf80-lammps_to_gmx": 1, "81e9d86b3f17f1ec95de240b222fcf80-shear_5nN": 1, "81e9d86b3f17f1ec95de240b222fcf80-initialize": 1, "81e9d86b3f17f1ec95de240b222fcf80-log_interaction_energy_5nN": 1}, "chain-smiles-1": "CCCCCCCCCCCCCCCCCC(C)C"}