{"tilt_bottom": {"25nN": 39.41783871200256, "5nN": 33.60730416339141, "15nN": 37.203287117381116}, "shear_25nN-qq": [56.778942883293375, 15.801590665155024], "S2_top": {"25nN": 0.9569355133433668, "5nN": 0.9541041676131843, "15nN": 0.96226962509356}, "shear_5nN-qq": [-2.7114792629896085, 12.005441887618664], "shear_15nN-Etotal": [-1504.5671670855315, 53.231020112032716], "S2_bottom": {"25nN": 0.9307453451664087, "5nN": 0.9371750423129629, "15nN": 0.9184789459134999}, "shear_25nN-lj": [-1628.7966404332535, 54.21431924411022], "delta_molecular_weight": 24.064299999999996, "interdigitation": {"25nN": 0.10666280728003746, "5nN": 0.10893176048018346, "15nN": 0.11653635530772946}, "shear_15nN-qq": [29.56384908633094, 13.784565184168176], "avg_dipole_moment": 0.94, "COF": 0.14838711728843895, "shear_25nN-Etotal": [-1572.0176975499598, 54.50589249238407], "tilt_top": {"25nN": 40.162057806532815, "5nN": 33.293613955477724, "15nN": 38.35991105236515}, "status": {"92bf64b34b0b653c9b7c73042d8e473b-count_hydrogen_bonds": 1, "92bf64b34b0b653c9b7c73042d8e473b-calc_tilt_shear": 1, "92bf64b34b0b653c9b7c73042d8e473b-shear_15nN_grompp": 1, "92bf64b34b0b653c9b7c73042d8e473b-equilibrate_grompp": 1, "92bf64b34b0b653c9b7c73042d8e473b-shear_15nN_rerun_grompp": 1, "92bf64b34b0b653c9b7c73042d8e473b-calc_friction": 1, "92bf64b34b0b653c9b7c73042d8e473b-fix_overlaps": 1, "92bf64b34b0b653c9b7c73042d8e473b-shear_5nN_grompp": 1, "92bf64b34b0b653c9b7c73042d8e473b-log_interaction_energy_5nN": 1, "92bf64b34b0b653c9b7c73042d8e473b-shear_15nN": 1, "92bf64b34b0b653c9b7c73042d8e473b-log_tilt": 1, "92bf64b34b0b653c9b7c73042d8e473b-shear_15nN_rerun": 1, "92bf64b34b0b653c9b7c73042d8e473b-top_to_mol2": 1, "92bf64b34b0b653c9b7c73042d8e473b-shear_5nN_rerun": 1, "92bf64b34b0b653c9b7c73042d8e473b-get_interaction_energy_5nN": 1, "92bf64b34b0b653c9b7c73042d8e473b-shear_25nN_rerun_grompp": 1, "92bf64b34b0b653c9b7c73042d8e473b-unwrap_shear_5nN": 1, "92bf64b34b0b653c9b7c73042d8e473b-unwrap_shear_25nN": 1, "92bf64b34b0b653c9b7c73042d8e473b-get_interaction_energy_15nN": 1, "92bf64b34b0b653c9b7c73042d8e473b-compress_grompp": 1, "92bf64b34b0b653c9b7c73042d8e473b-log_S2": 1, "92bf64b34b0b653c9b7c73042d8e473b-log_interaction_energy_15nN": 1, "92bf64b34b0b653c9b7c73042d8e473b-compress": 1, "92bf64b34b0b653c9b7c73042d8e473b-equilibrate": 1, "92bf64b34b0b653c9b7c73042d8e473b-calc_interdigitation": 1, "92bf64b34b0b653c9b7c73042d8e473b-minimize": 1, "92bf64b34b0b653c9b7c73042d8e473b-shear_25nN_rerun": 1, "92bf64b34b0b653c9b7c73042d8e473b-unwrap_shear_15nN": 1, "92bf64b34b0b653c9b7c73042d8e473b-shear_5nN": 1, "92bf64b34b0b653c9b7c73042d8e473b-get_interaction_energy_25nN": 1, "92bf64b34b0b653c9b7c73042d8e473b-log_interaction_energy_25nN": 1, "92bf64b34b0b653c9b7c73042d8e473b-shear_5nN_rerun_grompp": 1, "92bf64b34b0b653c9b7c73042d8e473b-shear_25nN": 1, "92bf64b34b0b653c9b7c73042d8e473b-shear_25nN_grompp": 1, "92bf64b34b0b653c9b7c73042d8e473b-minimize_grompp": 1, "92bf64b34b0b653c9b7c73042d8e473b-initialize": 1, "92bf64b34b0b653c9b7c73042d8e473b-calc_S2_shear": 1, "92bf64b34b0b653c9b7c73042d8e473b-lammps_to_gmx": 1, "92bf64b34b0b653c9b7c73042d8e473b-log_cof": 1}, "intercept": 0.8866305645834078, "shear_5nN-Etotal": [-1293.4215481191047, 54.18139343067432], "avg_molecular_weight": 29.03945, "delta_dipole_moment": 1.88, "shear_15nN-lj": [-1534.1310161718625, 53.62002934789972], "shear_5nN-lj": [-1290.7100688561152, 54.16716558599835]}