{"MR-mean":14.74275,"asphericity-mean":0.440947,"balabanj-mean":3.1417625,"bertzct-mean":113.8551575,"chi0-mean":6.085604,"chi0n-mean":5.3818555,"chi0v-mean":1.8818555,"chi1-mean":3.411737,"chi1n-mean":2.480462,"chi1v-mean":0.802731,"chi2n-mean":0.3343715,"chi2v-mean":0.3343715,"chi3n-mean":0.1430535,"chi3v-mean":0.1430535,"chi4n-mean":0.069877,"chi4v-mean":0.069877,"e-valence-mean":22.0,"eccentricity-mean":0.9329355,"hk-alpha-mean":-0.625,"hk-kappa1-mean":0.488978,"hk-kappa2-mean":1.2003995,"hk-kappa3-mean":0.881682,"ipc-mean":91.877075,"isf-mean":0.0667335,"labuteASA-mean":29.1575455,"logP-mean":0.35775,"molwt-mean":56.523839,"molwt-hvy-mean":53.03,"nheavy-mean":4.0,"npr1-mean":0.3126055,"npr2-mean":0.698653,"pbf-mean":0.083931,"pc+-mean":0.598442,"pc--mean":-0.598442,"pmi1-mean":29.700198,"pmi2-mean":49.9403675,"pmi3-mean":79.0811815,"rbonds-mean":0.0,"rg-mean":1.158198,"rpc+-mean":0.380864,"rpc--mean":0.7289055,"spherocity-mean":0.045232,"tpsa-mean":26.545,"vsa+-mean":14.2454485,"vsa--mean":13.4825925,"vsa-fhyd-mean":0.4672345,"vsa-fneg-mean":0.49352,"vsa-fpneg-mean":0.3270735,"vsa-fpos-mean":0.50648,"vsa-fppos-mean":0.205692,"vsa-hyd-mean":16.348131,"vsa-polar-mean":0.5327655,"vsa-polar+-mean":3.939736,"vsa-polar--mean":7.440174,"MR-min":8.6928,"asphericity-min":0.250974,"balabanj-min":2.847379,"bertzct-min":42.912609,"chi0-min":4.284457,"chi0n-min":3.316497,"chi0v-min":1.316497,"chi1-min":2.270056,"chi1n-min":1.316497,"chi1v-min":0.408248,"chi2n-min":0.083333,"chi2v-min":0.083333,"chi3n-min":0.0,"chi3v-min":0.0,"chi4n-min":0.0,"chi4v-min":0.0,"e-valence-min":18.0,"eccentricity-min":0.876181,"hk-alpha-min":-0.72,"hk-kappa1-min":0.443274,"hk-kappa2-min":0.930799,"hk-kappa3-min":0.293364,"ipc-min":9.651484,"isf-min":0.009908,"labuteASA-min":20.591618,"logP-min":-0.2992,"molwt-min":46.005479,"molwt-hvy-min":44.009,"nheavy-min":3.0,"npr1-min":0.143229,"npr2-min":0.518018,"pbf-min":0.000008,"pc+-min":0.457093,"pc--min":-0.739791,"pmi1-min":7.116348,"pmi2-min":43.687607,"pmi3-min":49.685187,"rbonds-min":0.0,"rg-min":1.044835,"rpc+-min":0.361656,"rpc--min":0.653518,"spherocity-min":0.0,"tpsa-min":15.79,"vsa+-min":9.250231,"vsa--min":9.903345,"vsa-fhyd-min":0.071567,"vsa-fneg-min":0.469991,"vsa-fpneg-min":0.137098,"vsa-fpos-min":0.482951,"vsa-fppos-min":0.0,"vsa-hyd-min":1.370759,"vsa-polar-min":0.137098,"vsa-polar+-min":0.0,"vsa-polar--min":4.977003,"MR-max":20.7927,"asphericity-max":0.63092,"balabanj-max":3.436146,"bertzct-max":184.797706,"chi0-max":7.886751,"chi0n-max":7.447214,"chi0v-max":2.447214,"chi1-max":4.553418,"chi1n-max":3.644427,"chi1v-max":1.197214,"chi2n-max":0.58541,"chi2v-max":0.58541,"chi3n-max":0.286107,"chi3v-max":0.286107,"chi4n-max":0.139754,"chi4v-max":0.139754,"e-valence-max":26.0,"eccentricity-max":0.98969,"hk-alpha-max":-0.53,"hk-kappa1-max":0.534682,"hk-kappa2-max":1.47,"hk-kappa3-max":1.47,"ipc-max":174.102666,"isf-max":0.123559,"labuteASA-max":37.723473,"logP-max":1.0147,"molwt-max":67.042199,"molwt-hvy-max":62.051,"nheavy-max":5.0,"npr1-max":0.481982,"npr2-max":0.879288,"pbf-max":0.167854,"pc+-max":0.739791,"pc--max":-0.457093,"pmi1-max":52.284048,"pmi2-max":56.193128,"pmi3-max":108.477176,"rbonds-max":0.0,"rg-max":1.271561,"rpc+-max":0.400072,"rpc--max":0.804293,"spherocity-max":0.090464,"tpsa-max":37.3,"vsa+-max":19.240666,"vsa--max":17.06184,"vsa-fhyd-max":0.862902,"vsa-fneg-max":0.517049,"vsa-fpneg-max":0.517049,"vsa-fpos-max":0.530009,"vsa-fppos-max":0.411384,"vsa-hyd-max":31.325503,"vsa-polar-max":0.928433,"vsa-polar+-max":7.879472,"vsa-polar--max":9.903345,"MR-diff":12.0999,"asphericity-diff":0.379946,"balabanj-diff":0.588767,"bertzct-diff":141.885097,"chi0-diff":3.602294,"chi0n-diff":4.130717,"chi0v-diff":1.130717,"chi1-diff":2.283362,"chi1n-diff":2.32793,"chi1v-diff":0.788966,"chi2n-diff":0.502077,"chi2v-diff":0.502077,"chi3n-diff":0.286107,"chi3v-diff":0.286107,"chi4n-diff":0.139754,"chi4v-diff":0.139754,"e-valence-diff":8.0,"eccentricity-diff":0.113509,"hk-alpha-diff":0.19,"hk-kappa1-diff":0.091408,"hk-kappa2-diff":0.539201,"hk-kappa3-diff":1.176636,"ipc-diff":164.451182,"isf-diff":0.113651,"labuteASA-diff":17.131855,"logP-diff":1.3139,"molwt-diff":21.03672,"molwt-hvy-diff":18.042,"nheavy-diff":2.0,"npr1-diff":0.338753,"npr2-diff":0.36127,"pbf-diff":0.167846,"pc+-diff":0.282698,"pc--diff":0.282698,"pmi1-diff":45.1677,"pmi2-diff":12.505521,"pmi3-diff":58.791989,"rbonds-diff":0.0,"rg-diff":0.226726,"rpc+-diff":0.038416,"rpc--diff":0.150775,"spherocity-diff":0.090464,"tpsa-diff":21.51,"vsa+-diff":9.990435,"vsa--diff":7.158495,"vsa-fhyd-diff":0.791335,"vsa-fneg-diff":0.047058,"vsa-fpneg-diff":0.379951,"vsa-fpos-diff":0.047058,"vsa-fppos-diff":0.411384,"vsa-hyd-diff":29.954744,"vsa-polar-diff":0.791335,"vsa-polar+-diff":7.879472,"vsa-polar--diff":4.926342,"hbonds":2.0}