{"MR-mean":19.41975,"asphericity-mean":0.295628,"balabanj-mean":3.645945,"bertzct-mean":202.4171255,"chi0-mean":8.585604,"chi0n-mean":7.8818555,"chi0v-mean":2.3818555,"chi1-mean":4.6230615,"chi1n-mean":3.730462,"chi1v-mean":1.052731,"chi2n-mean":0.5548355,"chi2v-mean":0.5548355,"chi3n-mean":0.202254,"chi3v-mean":0.202254,"chi4n-mean":0.0994775,"chi4v-mean":0.0994775,"e-valence-mean":28.0,"eccentricity-mean":0.914955,"hk-alpha-mean":-0.625,"hk-kappa1-mean":0.5735595,"hk-kappa2-mean":1.0211995,"hk-kappa3-mean":0.794174,"ipc-mean":284.1485355,"isf-mean":0.012097,"labuteASA-mean":38.3324285,"logP-mean":0.70701,"molwt-mean":70.539489,"molwt-hvy-mean":65.041,"nheavy-mean":5.0,"npr1-mean":0.390268,"npr2-mean":0.6421355,"pbf-mean":0.2559695,"pc+-mean":0.6050595,"pc--mean":-0.6050595,"pmi1-mean":53.0156975,"pmi2-mean":99.112621,"pmi3-mean":148.1576955,"rbonds-mean":1.0,"rg-mean":1.4304475,"rpc+-mean":0.378045,"rpc--mean":0.7115795,"spherocity-mean":0.1941965,"tpsa-mean":26.545,"vsa+-mean":19.933945,"vsa--mean":16.908539,"vsa-fhyd-mean":0.63914,"vsa-fneg-mean":0.4384375,"vsa-fpneg-mean":0.229961,"vsa-fpos-mean":0.5615625,"vsa-fppos-mean":0.130899,"vsa-hyd-mean":25.7020575,"vsa-polar-mean":0.36086,"vsa-polar+-mean":3.7002525,"vsa-polar--mean":7.440174,"MR-min":13.3098,"asphericity-min":0.220089,"balabanj-min":3.468512,"bertzct-min":94.701658,"chi0-min":6.784457,"chi0n-min":5.816497,"chi0v-min":1.816497,"chi1-min":3.48138,"chi1n-min":2.566497,"chi1v-min":0.658248,"chi2n-min":0.287457,"chi2v-min":0.287457,"chi3n-min":0.0,"chi3v-min":0.0,"chi4n-min":0.0,"chi4v-min":0.0,"e-valence-min":24.0,"eccentricity-min":0.874661,"hk-alpha-min":-0.72,"hk-kappa1-min":0.505725,"hk-kappa2-min":0.874858,"hk-kappa3-min":0.432339,"ipc-min":35.647376,"isf-min":0.011959,"labuteASA-min":29.766501,"logP-min":0.0909,"molwt-min":60.021129,"molwt-hvy-min":56.02,"nheavy-min":4.0,"npr1-min":0.295801,"npr2-min":0.563988,"pbf-min":0.145036,"pc+-min":0.475865,"pc--min":-0.734254,"pmi1-min":47.158797,"pmi2-min":54.869183,"pmi3-min":97.287884,"rbonds-min":1.0,"rg-min":1.288226,"rpc+-min":0.347942,"rpc--min":0.655677,"spherocity-min":0.082741,"tpsa-min":15.79,"vsa+-min":18.364673,"vsa--min":9.903345,"vsa-fhyd-min":0.387865,"vsa-fneg-min":0.350337,"vsa-fpneg-min":0.109585,"vsa-fpos-min":0.473462,"vsa-fppos-min":0.0,"vsa-hyd-min":10.964168,"vsa-polar-min":0.109585,"vsa-polar+-min":0.0,"vsa-polar--min":4.977003,"MR-max":25.5297,"asphericity-max":0.371167,"balabanj-max":3.823378,"bertzct-max":310.132593,"chi0-max":10.386751,"chi0n-max":9.947214,"chi0v-max":2.947214,"chi1-max":5.764743,"chi1n-max":4.894427,"chi1v-max":1.447214,"chi2n-max":0.822214,"chi2v-max":0.822214,"chi3n-max":0.404508,"chi3v-max":0.404508,"chi4n-max":0.198955,"chi4v-max":0.198955,"e-valence-max":32.0,"eccentricity-max":0.955249,"hk-alpha-max":-0.53,"hk-kappa1-max":0.641394,"hk-kappa2-max":1.167541,"hk-kappa3-max":1.156009,"ipc-max":532.649695,"isf-max":0.012235,"labuteASA-max":46.898356,"logP-max":1.32312,"molwt-max":81.057849,"molwt-hvy-max":74.062,"nheavy-max":6.0,"npr1-max":0.484735,"npr2-max":0.720283,"pbf-max":0.366903,"pc+-max":0.734254,"pc--max":-0.475865,"pmi1-max":58.872598,"pmi2-max":143.356059,"pmi3-max":199.027507,"rbonds-max":1.0,"rg-max":1.572669,"rpc+-max":0.408148,"rpc--max":0.767482,"spherocity-max":0.305652,"tpsa-max":37.3,"vsa+-max":21.503217,"vsa--max":23.913733,"vsa-fhyd-max":0.890415,"vsa-fneg-max":0.526538,"vsa-fpneg-max":0.350337,"vsa-fpos-max":0.649663,"vsa-fppos-max":0.261798,"vsa-hyd-max":40.439947,"vsa-polar-max":0.612135,"vsa-polar+-max":7.400505,"vsa-polar--max":9.903345,"MR-diff":12.2199,"asphericity-diff":0.151078,"balabanj-diff":0.354866,"bertzct-diff":215.430935,"chi0-diff":3.602294,"chi0n-diff":4.130717,"chi0v-diff":1.130717,"chi1-diff":2.283363,"chi1n-diff":2.32793,"chi1v-diff":0.788966,"chi2n-diff":0.534757,"chi2v-diff":0.534757,"chi3n-diff":0.404508,"chi3v-diff":0.404508,"chi4n-diff":0.198955,"chi4v-diff":0.198955,"e-valence-diff":8.0,"eccentricity-diff":0.080588,"hk-alpha-diff":0.19,"hk-kappa1-diff":0.135669,"hk-kappa2-diff":0.292683,"hk-kappa3-diff":0.72367,"ipc-diff":497.002319,"isf-diff":0.000276,"labuteASA-diff":17.131855,"logP-diff":1.23222,"molwt-diff":21.03672,"molwt-hvy-diff":18.042,"nheavy-diff":2.0,"npr1-diff":0.188934,"npr2-diff":0.156295,"pbf-diff":0.221867,"pc+-diff":0.258389,"pc--diff":0.258389,"pmi1-diff":11.713801,"pmi2-diff":88.486876,"pmi3-diff":101.739623,"rbonds-diff":0.0,"rg-diff":0.284443,"rpc+-diff":0.060206,"rpc--diff":0.111805,"spherocity-diff":0.222911,"tpsa-diff":21.51,"vsa+-diff":3.138544,"vsa--diff":14.010388,"vsa-fhyd-diff":0.50255,"vsa-fneg-diff":0.176201,"vsa-fpneg-diff":0.240752,"vsa-fpos-diff":0.176201,"vsa-fppos-diff":0.261798,"vsa-hyd-diff":29.475779,"vsa-polar-diff":0.50255,"vsa-polar+-diff":7.400505,"vsa-polar--diff":4.926342,"hbonds":2.0}