{"MR-mean":6.2409,"asphericity-mean":0.5563025,"balabanj-mean":1.9102445,"bertzct-mean":6.5097755,"chi0-mean":2.707107,"chi0n-mean":1.835979,"chi0v-mean":0.835979,"chi1-mean":1.414214,"chi1n-mean":0.5908225,"chi1v-mean":0.182574,"chi2n-mean":0.037268,"chi2v-mean":0.037268,"chi3n-mean":0.0,"chi3v-mean":0.0,"chi4n-mean":0.0,"chi4v-mean":0.0,"e-valence-mean":12.5,"eccentricity-mean":0.971245,"hk-alpha-mean":-0.32,"hk-kappa1-mean":1.2002,"hk-kappa2-mean":-12.82,"hk-kappa3-mean":-51.32,"ipc-mean":2.754888,"isf-mean":0.671828,"labuteASA-mean":13.324913,"logP-mean":-0.61915,"molwt-mean":32.001734,"molwt-hvy-mean":31.002,"nheavy-mean":2.0,"npr1-mean":0.2039455,"npr2-mean":0.7960545,"pbf-mean":0.0,"pc+-mean":0.3993605,"pc--mean":-0.3993605,"pmi1-mean":2.2507835,"pmi2-mean":21.9306115,"pmi3-mean":24.1813945,"rbonds-mean":0.0,"rg-mean":0.6641595,"rpc+-mean":0.75,"rpc--mean":0.75,"spherocity-mean":0.0,"tpsa-mean":42.865,"vsa+-mean":4.1012945,"vsa--mean":7.7975355,"vsa-fhyd-mean":0.3272285,"vsa-fneg-mean":0.6556865,"vsa-fpneg-mean":0.328458,"vsa-fpos-mean":0.3443135,"vsa-fppos-mean":0.3443135,"vsa-hyd-mean":5.057159,"vsa-polar-mean":0.6727715,"vsa-polar+-mean":4.1012945,"vsa-polar--mean":2.7403765,"MR-min":3.6138,"asphericity-min":0.342754,"balabanj-min":1.632993,"bertzct-min":2.754888,"chi0-min":2.707107,"chi0n-min":1.26371,"chi0v-min":0.408248,"chi1-min":1.414214,"chi1n-min":0.365148,"chi1v-min":0.0,"chi2n-min":0.0,"chi2v-min":0.0,"chi3n-min":0.0,"chi3v-min":0.0,"chi4n-min":0.0,"chi4v-min":0.0,"e-valence-min":8.0,"eccentricity-min":0.946001,"hk-alpha-min":-0.6,"hk-kappa1-min":0.0004,"hk-kappa2-min":-27.04,"hk-kappa3-min":-104.04,"ipc-min":2.754888,"isf-min":0.235442,"labuteASA-min":9.832513,"logP-min":-0.8247,"molwt-min":18.010565,"molwt-hvy-min":15.999,"nheavy-min":1.0,"npr1-min":0.083726,"npr2-min":0.675835,"pbf-min":0.0,"pc+-min":0.387211,"pc--min":-0.41151,"pmi1-min":0.609842,"pmi2-min":1.271429,"pmi3-min":1.88127,"rbonds-min":0.0,"rg-min":0.323153,"rpc+-min":0.5,"rpc--min":0.5,"spherocity-min":0.0,"tpsa-min":31.5,"vsa+-min":2.862399,"vsa--min":5.480753,"vsa-fhyd-min":0.0,"vsa-fneg-min":0.654457,"vsa-fpneg-min":0.0,"vsa-fpos-min":0.343084,"vsa-fppos-min":0.343084,"vsa-hyd-min":0.0,"vsa-polar-min":0.345543,"vsa-polar+-min":2.862399,"vsa-polar--min":0.0,"MR-max":8.868,"asphericity-max":0.769851,"balabanj-max":2.187496,"bertzct-max":10.264663,"chi0-max":2.707107,"chi0n-max":2.408248,"chi0v-max":1.26371,"chi1-max":1.414214,"chi1n-max":0.816497,"chi1v-max":0.365148,"chi2n-max":0.074536,"chi2v-max":0.074536,"chi3n-max":0.0,"chi3v-max":0.0,"chi4n-max":0.0,"chi4v-max":0.0,"e-valence-max":17.0,"eccentricity-max":0.996489,"hk-alpha-max":-0.04,"hk-kappa1-max":2.4,"hk-kappa2-max":1.4,"hk-kappa3-max":1.4,"ipc-max":2.754888,"isf-max":1.108214,"labuteASA-max":16.817313,"logP-max":-0.4136,"molwt-max":45.992903,"molwt-hvy-max":46.005,"nheavy-max":3.0,"npr1-max":0.324165,"npr2-max":0.916274,"pbf-max":0.0,"pc+-max":0.41151,"pc--max":-0.387211,"pmi1-max":3.891725,"pmi2-max":42.589794,"pmi3-max":46.481519,"rbonds-max":0.0,"rg-max":1.005166,"rpc+-max":1.0,"rpc--max":1.0,"spherocity-max":0.0,"tpsa-max":54.23,"vsa+-max":5.34019,"vsa--max":10.114318,"vsa-fhyd-max":0.654457,"vsa-fneg-max":0.656916,"vsa-fpneg-max":0.656916,"vsa-fpos-max":0.345543,"vsa-fppos-max":0.345543,"vsa-hyd-max":10.114318,"vsa-polar-max":1.0,"vsa-polar+-max":5.34019,"vsa-polar--max":5.480753,"MR-diff":5.2542,"asphericity-diff":0.427097,"balabanj-diff":0.554503,"bertzct-diff":7.509775,"chi0-diff":0.0,"chi0n-diff":1.144538,"chi0v-diff":0.855462,"chi1-diff":0.0,"chi1n-diff":0.451349,"chi1v-diff":0.365148,"chi2n-diff":0.074536,"chi2v-diff":0.074536,"chi3n-diff":0.0,"chi3v-diff":0.0,"chi4n-diff":0.0,"chi4v-diff":0.0,"e-valence-diff":9.0,"eccentricity-diff":0.050488,"hk-alpha-diff":0.56,"hk-kappa1-diff":2.3996,"hk-kappa2-diff":28.44,"hk-kappa3-diff":105.44,"ipc-diff":0.0,"isf-diff":0.872772,"labuteASA-diff":6.9848,"logP-diff":0.4111,"molwt-diff":27.982338,"molwt-hvy-diff":30.006,"nheavy-diff":2.0,"npr1-diff":0.240439,"npr2-diff":0.240439,"pbf-diff":0.0,"pc+-diff":0.024299,"pc--diff":0.024299,"pmi1-diff":3.281883,"pmi2-diff":41.318365,"pmi3-diff":44.600249,"rbonds-diff":0.0,"rg-diff":0.682013,"rpc+-diff":0.5,"rpc--diff":0.5,"spherocity-diff":0.0,"tpsa-diff":22.73,"vsa+-diff":2.477791,"vsa--diff":4.633565,"vsa-fhyd-diff":0.654457,"vsa-fneg-diff":0.002459,"vsa-fpneg-diff":0.656916,"vsa-fpos-diff":0.002459,"vsa-fppos-diff":0.002459,"vsa-hyd-diff":10.114318,"vsa-polar-diff":0.654457,"vsa-polar+-diff":2.477791,"vsa-polar--diff":5.480753,"hbonds":2.0}