{"shear_15nN-qq": [-1361.9419128745005, 101.91977771603761], "delta_molecular_weight": 28.998199999999997, "status": {"27cc0410dec295092e9fa543755e9dd5-compress_grompp": 1, "27cc0410dec295092e9fa543755e9dd5-unwrap_shear_15nN": 1, "27cc0410dec295092e9fa543755e9dd5-shear_25nN": 1, "27cc0410dec295092e9fa543755e9dd5-log_cof": 1, "27cc0410dec295092e9fa543755e9dd5-shear_15nN_rerun_grompp": 1, "27cc0410dec295092e9fa543755e9dd5-log_interaction_energy_5nN": 1, "27cc0410dec295092e9fa543755e9dd5-get_interaction_energy_5nN": 1, "27cc0410dec295092e9fa543755e9dd5-calc_interdigitation": 1, "27cc0410dec295092e9fa543755e9dd5-shear_15nN_rerun": 1, "27cc0410dec295092e9fa543755e9dd5-log_interaction_energy_25nN": 1, "27cc0410dec295092e9fa543755e9dd5-shear_15nN_grompp": 1, "27cc0410dec295092e9fa543755e9dd5-calc_S2_shear": 1, "27cc0410dec295092e9fa543755e9dd5-fix_overlaps": 1, "27cc0410dec295092e9fa543755e9dd5-minimize_grompp": 1, "27cc0410dec295092e9fa543755e9dd5-log_S2": 1, "27cc0410dec295092e9fa543755e9dd5-get_interaction_energy_25nN": 1, "27cc0410dec295092e9fa543755e9dd5-get_interaction_energy_15nN": 1, "27cc0410dec295092e9fa543755e9dd5-shear_5nN_grompp": 1, "27cc0410dec295092e9fa543755e9dd5-shear_25nN_grompp": 1, "27cc0410dec295092e9fa543755e9dd5-count_hydrogen_bonds": 1, "27cc0410dec295092e9fa543755e9dd5-initialize": 1, "27cc0410dec295092e9fa543755e9dd5-log_tilt": 1, "27cc0410dec295092e9fa543755e9dd5-minimize": 1, "27cc0410dec295092e9fa543755e9dd5-shear_5nN_rerun_grompp": 1, "27cc0410dec295092e9fa543755e9dd5-equilibrate": 1, "27cc0410dec295092e9fa543755e9dd5-unwrap_shear_25nN": 1, "27cc0410dec295092e9fa543755e9dd5-shear_5nN": 1, "27cc0410dec295092e9fa543755e9dd5-equilibrate_grompp": 1, "27cc0410dec295092e9fa543755e9dd5-lammps_to_gmx": 1, "27cc0410dec295092e9fa543755e9dd5-top_to_mol2": 1, "27cc0410dec295092e9fa543755e9dd5-shear_25nN_rerun": 1, "27cc0410dec295092e9fa543755e9dd5-unwrap_shear_5nN": 1, "27cc0410dec295092e9fa543755e9dd5-shear_5nN_rerun": 1, "27cc0410dec295092e9fa543755e9dd5-compress": 1, "27cc0410dec295092e9fa543755e9dd5-shear_25nN_rerun_grompp": 1, "27cc0410dec295092e9fa543755e9dd5-calc_tilt_shear": 1, "27cc0410dec295092e9fa543755e9dd5-shear_15nN": 1, "27cc0410dec295092e9fa543755e9dd5-calc_friction": 1, "27cc0410dec295092e9fa543755e9dd5-log_interaction_energy_15nN": 1}, "interdigitation": {"25nN": 0.1562155035216311, "5nN": 0.16190537224013613, "15nN": 0.13974851947379055}, "intercept": 2.479745715812838, "delta_dipole_moment": 1.9300000000000002, "tilt_bottom": {"25nN": 40.51191373553792, "5nN": 35.54294456209983, "15nN": 38.70008805248237}, "S2_top": {"25nN": 0.925840752128899, "5nN": 0.9466188365747142, "15nN": 0.9533955330268109}, "shear_25nN-Etotal": [-3247.8645841103116, 113.70604328175035], "avg_dipole_moment": 2.8449999999999998, "S2_bottom": {"25nN": 0.945494357495583, "5nN": 0.9547606629444517, "15nN": 0.9577850941835332}, "avg_molecular_weight": 31.5064, "shear_15nN-lj": [-1843.045647660272, 55.466008758969146], "tilt_top": {"25nN": 40.4454126883248, "5nN": 34.55408364743655, "15nN": 38.563450759505855}, "shear_5nN-Etotal": [-2873.4663801270985, 120.72130810761344], "shear_5nN-qq": [-1211.6728155667465, 90.4592446114588], "shear_5nN-lj": [-1661.7935645603518, 58.180531005628225], "COF": 0.16406367328586635, "shear_25nN-lj": [-1892.7727100463633, 57.45684979604476], "shear_25nN-qq": [-1355.0918740639488, 94.35742407663476], "shear_15nN-Etotal": [-3204.9875605347725, 125.9134527610759]}