{"shear_15nN-qq": [72.20464003197444, 16.837499768038054], "delta_molecular_weight": 1.972900000000001, "tilt_bottom": {"25nN": 39.755040205428266, "5nN": 33.917424642035854, "15nN": 37.490436034650976}, "interdigitation": {"25nN": 0.10413542126911242, "5nN": 0.09152260970238467, "15nN": 0.11339353669267047}, "intercept": 0.7696699871697112, "delta_dipole_moment": 1.88, "S2_top": {"25nN": 0.9465439645710525, "5nN": 0.9476165411535564, "15nN": 0.9590385335590978}, "shear_25nN-Etotal": [-1496.7401374772182, 51.71596272492942], "shear_5nN-Etotal": [-1237.4555431694644, 55.38218964291488], "S2_bottom": {"25nN": 0.903368928888396, "5nN": 0.9192232571604582, "15nN": 0.9378655987475215}, "status": {"2711505c382fbd276c84d3e01ca2d7f9-equilibrate_grompp": 1, "2711505c382fbd276c84d3e01ca2d7f9-shear_15nN": 1, "2711505c382fbd276c84d3e01ca2d7f9-count_hydrogen_bonds": 1, "2711505c382fbd276c84d3e01ca2d7f9-minimize": 1, "2711505c382fbd276c84d3e01ca2d7f9-initialize": 1, "2711505c382fbd276c84d3e01ca2d7f9-calc_interdigitation": 1, "2711505c382fbd276c84d3e01ca2d7f9-get_interaction_energy_25nN": 1, "2711505c382fbd276c84d3e01ca2d7f9-compress": 1, "2711505c382fbd276c84d3e01ca2d7f9-equilibrate": 1, "2711505c382fbd276c84d3e01ca2d7f9-get_interaction_energy_5nN": 1, "2711505c382fbd276c84d3e01ca2d7f9-shear_15nN_rerun_grompp": 1, "2711505c382fbd276c84d3e01ca2d7f9-shear_5nN_rerun": 1, "2711505c382fbd276c84d3e01ca2d7f9-log_interaction_energy_25nN": 1, "2711505c382fbd276c84d3e01ca2d7f9-shear_5nN_rerun_grompp": 1, "2711505c382fbd276c84d3e01ca2d7f9-shear_5nN_grompp": 1, "2711505c382fbd276c84d3e01ca2d7f9-shear_25nN_rerun": 1, "2711505c382fbd276c84d3e01ca2d7f9-calc_friction": 1, "2711505c382fbd276c84d3e01ca2d7f9-calc_S2_shear": 1, "2711505c382fbd276c84d3e01ca2d7f9-calc_tilt_shear": 1, "2711505c382fbd276c84d3e01ca2d7f9-log_interaction_energy_15nN": 1, "2711505c382fbd276c84d3e01ca2d7f9-unwrap_shear_15nN": 1, "2711505c382fbd276c84d3e01ca2d7f9-shear_5nN": 1, "2711505c382fbd276c84d3e01ca2d7f9-log_S2": 1, "2711505c382fbd276c84d3e01ca2d7f9-log_tilt": 1, "2711505c382fbd276c84d3e01ca2d7f9-shear_25nN": 1, "2711505c382fbd276c84d3e01ca2d7f9-shear_25nN_grompp": 1, "2711505c382fbd276c84d3e01ca2d7f9-log_cof": 1, "2711505c382fbd276c84d3e01ca2d7f9-log_interaction_energy_5nN": 1, "2711505c382fbd276c84d3e01ca2d7f9-compress_grompp": 1, "2711505c382fbd276c84d3e01ca2d7f9-minimize_grompp": 1, "2711505c382fbd276c84d3e01ca2d7f9-unwrap_shear_5nN": 1, "2711505c382fbd276c84d3e01ca2d7f9-lammps_to_gmx": 1, "2711505c382fbd276c84d3e01ca2d7f9-top_to_mol2": 1, "2711505c382fbd276c84d3e01ca2d7f9-shear_15nN_rerun": 1, "2711505c382fbd276c84d3e01ca2d7f9-fix_overlaps": 1, "2711505c382fbd276c84d3e01ca2d7f9-shear_25nN_rerun_grompp": 1, "2711505c382fbd276c84d3e01ca2d7f9-get_interaction_energy_15nN": 1, "2711505c382fbd276c84d3e01ca2d7f9-shear_15nN_grompp": 1, "2711505c382fbd276c84d3e01ca2d7f9-unwrap_shear_25nN": 1}, "avg_molecular_weight": 16.02085, "shear_15nN-lj": [-1480.7418860879297, 51.057547984345774], "tilt_top": {"25nN": 39.74213192881064, "5nN": 35.384222352858906, "15nN": 38.73604401098079}, "avg_dipole_moment": 0.94, "shear_5nN-qq": [27.736056291766587, 13.56519903028999], "shear_5nN-lj": [-1265.1915994612311, 54.8852026251073], "COF": 0.15059693901374505, "shear_25nN-lj": [-1586.9895797090328, 50.033225486285914], "shear_25nN-qq": [90.24944223181456, 18.106688624704056], "shear_15nN-Etotal": [-1408.5372460559554, 51.954161822570015]}