{"MR-mean":9.425,"asphericity-mean":0.389785,"balabanj-mean":3.407417,"bertzct-mean":52.2726685,"chi0-mean":5.288675,"chi0n-mean":4.0210705,"chi0v-mean":1.5210705,"chi1-mean":2.471688,"chi1n-mean":1.7605355,"chi1v-mean":0.5105355,"chi2n-mean":0.158174,"chi2v-mean":0.158174,"chi3n-mean":0.0,"chi3v-mean":0.0,"chi4n-mean":0.0,"chi4v-mean":0.0,"e-valence-mean":22.0,"eccentricity-mean":0.9170665,"hk-alpha-mean":-0.27,"hk-kappa1-mean":1.1427365,"hk-kappa2-mean":1.4092115,"hk-kappa3-mean":13.500975,"ipc-mean":10.347903,"isf-mean":0.054666,"labuteASA-mean":23.7632125,"logP-mean":0.69185,"molwt-mean":57.014625,"molwt-hvy-mean":54.513,"nheavy-mean":3.5,"npr1-mean":0.3476065,"npr2-mean":0.7237305,"pbf-mean":0.38709,"pc+-mean":0.4175665,"pc--mean":-0.4175665,"pmi1-mean":30.5418245,"pmi2-mean":51.694562,"pmi3-mean":76.537924,"rbonds-mean":0.5,"rg-mean":1.170857,"rpc+-mean":0.548474,"rpc--mean":0.6526725,"spherocity-mean":0.565206,"tpsa-mean":8.535,"vsa+-mean":9.885636,"vsa--mean":12.408837,"vsa-fhyd-mean":0.740532,"vsa-fneg-mean":0.5596265,"vsa-fpneg-mean":0.102484,"vsa-fpos-mean":0.4403735,"vsa-fppos-mean":0.156984,"vsa-hyd-mean":16.5695715,"vsa-polar-mean":0.259468,"vsa-polar+-mean":3.327633,"vsa-polar--mean":2.3972685,"MR-min":7.112,"asphericity-min":0.194499,"balabanj-min":3.023716,"bertzct-min":22.364528,"chi0-min":4.5,"chi0n-min":2.633893,"chi0v-min":1.408248,"chi1-min":2.0,"chi1n-min":1.066947,"chi1v-min":0.454124,"chi2n-min":0.102062,"chi2v-min":0.102062,"chi3n-min":0.0,"chi3v-min":0.0,"chi4n-min":0.0,"chi4v-min":0.0,"e-valence-min":18.0,"eccentricity-min":0.84783,"hk-alpha-min":-0.33,"hk-kappa1-min":0.231621,"hk-kappa2-min":1.148423,"hk-kappa3-min":1.67,"ipc-min":3.60964,"isf-min":0.010615,"labuteASA-min":22.640828,"logP-min":0.2052,"molwt-min":44.026215,"molwt-hvy-min":40.021,"nheavy-min":3.0,"npr1-min":0.164945,"npr2-min":0.552132,"pbf-min":0.300971,"pc+-min":0.312461,"pc--min":-0.522672,"pmi1-min":9.069652,"pmi2-min":49.230462,"pmi3-min":54.985864,"rbonds-min":0.0,"rg-min":1.133928,"rpc+-min":0.372544,"rpc--min":0.333333,"spherocity-min":0.358145,"tpsa-min":0.0,"vsa+-min":8.026025,"vsa--min":11.646429,"vsa-fhyd-min":0.686032,"vsa-fneg-min":0.497888,"vsa-fpneg-min":0.0,"vsa-fpos-min":0.378635,"vsa-fppos-min":0.0,"vsa-hyd-min":14.542004,"vsa-polar-min":0.204968,"vsa-polar+-min":0.0,"vsa-polar--min":0.0,"MR-max":11.738,"asphericity-max":0.585071,"balabanj-max":3.791118,"bertzct-max":82.180809,"chi0-max":6.07735,"chi0n-max":5.408248,"chi0v-max":1.633893,"chi1-max":2.943376,"chi1n-max":2.454124,"chi1v-max":0.566947,"chi2n-max":0.214286,"chi2v-max":0.214286,"chi3n-max":0.0,"chi3v-max":0.0,"chi4n-max":0.0,"chi4v-max":0.0,"e-valence-max":26.0,"eccentricity-max":0.986303,"hk-alpha-max":-0.21,"hk-kappa1-max":2.053852,"hk-kappa2-max":1.67,"hk-kappa3-max":25.33195,"ipc-max":17.086166,"isf-max":0.098717,"labuteASA-max":24.885597,"logP-max":1.1785,"molwt-max":70.003035,"molwt-hvy-max":69.005,"nheavy-max":4.0,"npr1-max":0.530268,"npr2-max":0.895329,"pbf-max":0.473209,"pc+-max":0.522672,"pc--max":-0.312461,"pmi1-max":52.013997,"pmi2-max":54.158662,"pmi3-max":98.089984,"rbonds-max":1.0,"rg-max":1.207786,"rpc+-max":0.724404,"rpc--max":0.972012,"spherocity-max":0.772267,"tpsa-max":17.07,"vsa+-max":11.745247,"vsa--max":13.171245,"vsa-fhyd-max":0.795032,"vsa-fneg-max":0.621365,"vsa-fpneg-max":0.204968,"vsa-fpos-max":0.502112,"vsa-fppos-max":0.313968,"vsa-hyd-max":18.597139,"vsa-polar-max":0.313968,"vsa-polar+-max":6.655266,"vsa-polar--max":4.794537,"MR-diff":4.626,"asphericity-diff":0.390572,"balabanj-diff":0.767402,"bertzct-diff":59.816281,"chi0-diff":1.57735,"chi0n-diff":2.774355,"chi0v-diff":0.225645,"chi1-diff":0.943376,"chi1n-diff":1.387177,"chi1v-diff":0.112823,"chi2n-diff":0.112224,"chi2v-diff":0.112224,"chi3n-diff":0.0,"chi3v-diff":0.0,"chi4n-diff":0.0,"chi4v-diff":0.0,"e-valence-diff":8.0,"eccentricity-diff":0.138473,"hk-alpha-diff":0.12,"hk-kappa1-diff":1.822231,"hk-kappa2-diff":0.521577,"hk-kappa3-diff":23.66195,"ipc-diff":13.476526,"isf-diff":0.088102,"labuteASA-diff":2.244769,"logP-diff":0.9733,"molwt-diff":25.97682,"molwt-hvy-diff":28.984,"nheavy-diff":1.0,"npr1-diff":0.365323,"npr2-diff":0.343197,"pbf-diff":0.172238,"pc+-diff":0.210211,"pc--diff":0.210211,"pmi1-diff":42.944345,"pmi2-diff":4.9282,"pmi3-diff":43.10412,"rbonds-diff":1.0,"rg-diff":0.073858,"rpc+-diff":0.35186,"rpc--diff":0.638679,"spherocity-diff":0.414122,"tpsa-diff":17.07,"vsa+-diff":3.719222,"vsa--diff":1.524816,"vsa-fhyd-diff":0.109,"vsa-fneg-diff":0.123477,"vsa-fpneg-diff":0.204968,"vsa-fpos-diff":0.123477,"vsa-fppos-diff":0.313968,"vsa-hyd-diff":4.055135,"vsa-polar-diff":0.109,"vsa-polar+-diff":6.655266,"vsa-polar--diff":4.794537,"hbonds":0.0}