{"MR-mean":9.9734,"asphericity-mean":0.596476,"balabanj-mean":3.261664,"bertzct-mean":49.26494,"chi0-mean":4.719579,"chi0n-mean":4.1582485,"chi0v-mean":1.1582485,"chi1-mean":2.456395,"chi1n-mean":1.7832485,"chi1v-mean":0.329124,"chi2n-mean":0.0416665,"chi2v-mean":0.0416665,"chi3n-mean":0.0,"chi3v-mean":0.0,"chi4n-mean":0.0,"chi4v-mean":0.0,"e-valence-mean":15.0,"eccentricity-mean":0.9870545,"hk-alpha-mean":-0.395,"hk-kappa1-mean":0.2428415,"hk-kappa2-mean":1.105,"hk-kappa3-mean":-2.318077,"ipc-mean":11.630562,"isf-mean":0.180124,"labuteASA-mean":20.313045,"logP-mean":0.2515,"molwt-mean":37.0183895,"molwt-hvy-mean":34.0155,"nheavy-mean":2.5,"npr1-mean":0.160037,"npr2-mean":0.853032,"pbf-mean":0.090383,"pc+-mean":0.4762065,"pc--mean":-0.4762065,"pmi1-mean":5.424512,"pmi2-mean":30.080579,"pmi3-mean":34.8566265,"rbonds-mean":0.0,"rg-mean":0.945704,"rpc+-mean":0.325036,"rpc--mean":0.576759,"spherocity-mean":0.050059,"tpsa-mean":18.65,"vsa+-mean":7.3666325,"vsa--mean":11.4827115,"vsa-fhyd-mean":0.5357835,"vsa-fneg-mean":0.610695,"vsa-fpneg-mean":0.2585245,"vsa-fpos-mean":0.389305,"vsa-fppos-mean":0.205692,"vsa-hyd-mean":9.9579355,"vsa-polar-mean":0.4642165,"vsa-polar+-mean":3.939736,"vsa-polar--mean":4.9516725,"MR-min":8.6928,"asphericity-min":0.575791,"balabanj-min":2.847379,"bertzct-min":42.912609,"chi0-min":4.284457,"chi0n-min":3.316497,"chi0v-min":1.0,"chi1-min":2.270056,"chi1n-min":1.316497,"chi1v-min":0.25,"chi2n-min":0.0,"chi2v-min":0.0,"chi3n-min":0.0,"chi3v-min":0.0,"chi4n-min":0.0,"chi4v-min":0.0,"e-valence-min":12.0,"eccentricity-min":0.985365,"hk-alpha-min":-0.53,"hk-kappa1-min":0.042409,"hk-kappa2-min":0.74,"hk-kappa3-min":-6.106154,"ipc-min":9.651484,"isf-min":0.118072,"labuteASA-min":20.034472,"logP-min":-0.2992,"molwt-min":28.0313,"molwt-hvy-min":24.022,"nheavy-min":2.0,"npr1-min":0.149615,"npr2-min":0.829541,"pbf-min":0.000003,"pc+-min":0.212622,"pc--min":-0.739791,"pmi1-min":3.425369,"pmi2-min":16.669565,"pmi3-min":20.094934,"rbonds-min":0.0,"rg-min":0.846342,"rpc+-min":0.25,"rpc--min":0.5,"spherocity-min":0.0,"tpsa-min":0.0,"vsa+-min":5.483034,"vsa--min":9.903345,"vsa-fhyd-min":0.071567,"vsa-fneg-min":0.517049,"vsa-fpneg-min":0.0,"vsa-fpos-min":0.295659,"vsa-fppos-min":0.0,"vsa-hyd-min":1.370759,"vsa-polar-min":0.0,"vsa-polar+-min":0.0,"vsa-polar--min":0.0,"MR-max":11.254,"asphericity-max":0.617161,"balabanj-max":3.675949,"bertzct-max":55.617271,"chi0-max":5.154701,"chi0n-max":5.0,"chi0v-max":1.316497,"chi1-max":2.642734,"chi1n-max":2.25,"chi1v-max":0.408248,"chi2n-max":0.083333,"chi2v-max":0.083333,"chi3n-max":0.0,"chi3v-max":0.0,"chi4n-max":0.0,"chi4v-max":0.0,"e-valence-max":18.0,"eccentricity-max":0.988744,"hk-alpha-max":-0.26,"hk-kappa1-max":0.443274,"hk-kappa2-max":1.47,"hk-kappa3-max":1.47,"ipc-max":13.60964,"isf-max":0.242176,"labuteASA-max":20.591618,"logP-max":0.8022,"molwt-max":46.005479,"molwt-hvy-max":44.009,"nheavy-max":3.0,"npr1-max":0.170459,"npr2-max":0.876523,"pbf-max":0.180763,"pc+-max":0.739791,"pc--max":-0.212622,"pmi1-max":7.423655,"pmi2-max":43.491593,"pmi3-max":49.618319,"rbonds-max":0.0,"rg-max":1.045066,"rpc+-max":0.400072,"rpc--max":0.653518,"spherocity-max":0.100118,"tpsa-max":37.3,"vsa+-max":9.250231,"vsa--max":13.062078,"vsa-fhyd-max":1.0,"vsa-fneg-max":0.704341,"vsa-fpneg-max":0.517049,"vsa-fpos-max":0.482951,"vsa-fppos-max":0.411384,"vsa-hyd-max":18.545112,"vsa-polar-max":0.928433,"vsa-polar+-max":7.879472,"vsa-polar--max":9.903345,"MR-diff":2.5612,"asphericity-diff":0.04137,"balabanj-diff":0.82857,"bertzct-diff":12.704662,"chi0-diff":0.870244,"chi0n-diff":1.683503,"chi0v-diff":0.316497,"chi1-diff":0.372678,"chi1n-diff":0.933503,"chi1v-diff":0.158248,"chi2n-diff":0.083333,"chi2v-diff":0.083333,"chi3n-diff":0.0,"chi3v-diff":0.0,"chi4n-diff":0.0,"chi4v-diff":0.0,"e-valence-diff":6.0,"eccentricity-diff":0.003379,"hk-alpha-diff":0.27,"hk-kappa1-diff":0.400865,"hk-kappa2-diff":0.73,"hk-kappa3-diff":7.576154,"ipc-diff":3.958156,"isf-diff":0.124104,"labuteASA-diff":0.557146,"logP-diff":1.1014,"molwt-diff":17.974179,"molwt-hvy-diff":19.987,"nheavy-diff":1.0,"npr1-diff":0.020844,"npr2-diff":0.046982,"pbf-diff":0.18076,"pc+-diff":0.527169,"pc--diff":0.527169,"pmi1-diff":3.998286,"pmi2-diff":26.822028,"pmi3-diff":29.523385,"rbonds-diff":0.0,"rg-diff":0.198724,"rpc+-diff":0.150072,"rpc--diff":0.153518,"spherocity-diff":0.100118,"tpsa-diff":37.3,"vsa+-diff":3.767197,"vsa--diff":3.158733,"vsa-fhyd-diff":0.928433,"vsa-fneg-diff":0.187292,"vsa-fpneg-diff":0.517049,"vsa-fpos-diff":0.187292,"vsa-fppos-diff":0.411384,"vsa-hyd-diff":17.174353,"vsa-polar-diff":0.928433,"vsa-polar+-diff":7.879472,"vsa-polar--diff":9.903345,"hbonds":0.0}