{"shear_15nN-qq": [-73.56536853157475, 27.268661394491875], "tilt_bottom": {"15nN": 38.560304024973505, "5nN": 36.010584405794376, "25nN": 40.58578751913121}, "delta_molecular_weight": 17.9723, "status": {"06b1a3891d2f9b5bdd1a1329c06e2bc3-log_cof": 1, "06b1a3891d2f9b5bdd1a1329c06e2bc3-shear_5nN_grompp": 1, "06b1a3891d2f9b5bdd1a1329c06e2bc3-shear_15nN": 1, "06b1a3891d2f9b5bdd1a1329c06e2bc3-calc_friction": 1, "06b1a3891d2f9b5bdd1a1329c06e2bc3-unwrap_shear_5nN": 1, "06b1a3891d2f9b5bdd1a1329c06e2bc3-initialize": 1, "06b1a3891d2f9b5bdd1a1329c06e2bc3-shear_25nN_grompp": 1, "06b1a3891d2f9b5bdd1a1329c06e2bc3-count_hydrogen_bonds": 1, "06b1a3891d2f9b5bdd1a1329c06e2bc3-shear_15nN_rerun": 1, "06b1a3891d2f9b5bdd1a1329c06e2bc3-calc_tilt_shear": 1, "06b1a3891d2f9b5bdd1a1329c06e2bc3-log_interaction_energy_15nN": 1, "06b1a3891d2f9b5bdd1a1329c06e2bc3-calc_interdigitation": 1, "06b1a3891d2f9b5bdd1a1329c06e2bc3-minimize": 1, "06b1a3891d2f9b5bdd1a1329c06e2bc3-lammps_to_gmx": 1, "06b1a3891d2f9b5bdd1a1329c06e2bc3-shear_15nN_rerun_grompp": 1, "06b1a3891d2f9b5bdd1a1329c06e2bc3-log_tilt": 1, "06b1a3891d2f9b5bdd1a1329c06e2bc3-equilibrate": 1, "06b1a3891d2f9b5bdd1a1329c06e2bc3-log_S2": 1, "06b1a3891d2f9b5bdd1a1329c06e2bc3-shear_15nN_grompp": 1, "06b1a3891d2f9b5bdd1a1329c06e2bc3-shear_25nN": 1, "06b1a3891d2f9b5bdd1a1329c06e2bc3-minimize_grompp": 1, "06b1a3891d2f9b5bdd1a1329c06e2bc3-get_interaction_energy_5nN": 1, "06b1a3891d2f9b5bdd1a1329c06e2bc3-get_interaction_energy_25nN": 1, "06b1a3891d2f9b5bdd1a1329c06e2bc3-shear_25nN_rerun_grompp": 1, "06b1a3891d2f9b5bdd1a1329c06e2bc3-shear_5nN_rerun": 1, "06b1a3891d2f9b5bdd1a1329c06e2bc3-log_interaction_energy_5nN": 1, "06b1a3891d2f9b5bdd1a1329c06e2bc3-compress_grompp": 1, "06b1a3891d2f9b5bdd1a1329c06e2bc3-shear_5nN": 1, "06b1a3891d2f9b5bdd1a1329c06e2bc3-get_interaction_energy_15nN": 1, "06b1a3891d2f9b5bdd1a1329c06e2bc3-unwrap_shear_25nN": 1, "06b1a3891d2f9b5bdd1a1329c06e2bc3-log_interaction_energy_25nN": 1, "06b1a3891d2f9b5bdd1a1329c06e2bc3-top_to_mol2": 1, "06b1a3891d2f9b5bdd1a1329c06e2bc3-compress": 1, "06b1a3891d2f9b5bdd1a1329c06e2bc3-fix_overlaps": 1, "06b1a3891d2f9b5bdd1a1329c06e2bc3-equilibrate_grompp": 1, "06b1a3891d2f9b5bdd1a1329c06e2bc3-shear_25nN_rerun": 1, "06b1a3891d2f9b5bdd1a1329c06e2bc3-shear_5nN_rerun_grompp": 1, "06b1a3891d2f9b5bdd1a1329c06e2bc3-calc_S2_shear": 1, "06b1a3891d2f9b5bdd1a1329c06e2bc3-unwrap_shear_15nN": 1}, "interdigitation": {"15nN": 0.11203551361341671, "5nN": 0.12726224040579587, "25nN": 0.14979623234347714}, "avg_molecular_weight": 36.03125, "delta_dipole_moment": 4.81, "S2_top": {"15nN": 0.9683476720168228, "5nN": 0.9722232725023544, "25nN": 0.9671389829876829}, "shear_25nN-Etotal": [-2013.3432108848917, 60.15697139263159], "avg_dipole_moment": 2.405, "S2_bottom": {"15nN": 0.9657085212832356, "5nN": 0.9674342706151257, "25nN": 0.9556513206079306}, "intercept": 0.8543609228987163, "shear_15nN-lj": [-1849.1563581063149, 48.43522323008383], "tilt_top": {"15nN": 38.76396635363478, "5nN": 36.26191900417764, "25nN": 40.79531599196373}, "shear_5nN-Etotal": [-1690.4567224220623, 52.98434503271745], "shear_5nN-qq": [-77.75524688489209, 23.652261493532883], "shear_5nN-lj": [-1612.7014755371702, 48.18110966618651], "COF": 0.12298237393008601, "shear_25nN-lj": [-1958.4574744428458, 52.99849383168701], "shear_25nN-qq": [-54.885736442046365, 29.42906578992783], "shear_15nN-Etotal": [-1922.7217266378898, 53.723944892027745]}