{"MR-mean":11.3175,"asphericity-mean":0.6197975,"balabanj-mean":3.786563,"bertzct-mean":68.6421065,"chi0-mean":6.1035535,"chi0n-mean":5.723607,"chi0v-mean":1.223607,"chi1-mean":2.90533,"chi1n-mean":2.6118035,"chi1v-mean":0.3618035,"chi2n-mean":0.0559015,"chi2v-mean":0.0559015,"chi3n-mean":0.0,"chi3v-mean":0.0,"chi4n-mean":0.0,"chi4v-mean":0.0,"e-valence-mean":15.0,"eccentricity-mean":0.9801315,"hk-alpha-mean":-0.255,"hk-kappa1-mean":0.1575115,"hk-kappa2-mean":0.745,"hk-kappa3-mean":0.745,"ipc-mean":16.735428,"isf-mean":0.224201,"labuteASA-mean":23.62285,"logP-mean":0.77804,"molwt-mean":35.5367495,"molwt-hvy-mean":31.0255,"nheavy-mean":2.5,"npr1-mean":0.166379,"npr2-mean":0.9919275,"pbf-mean":0.398106,"pc+-mean":0.1675915,"pc--mean":-0.1675915,"pmi1-mean":5.0117415,"pmi2-mean":39.6920335,"pmi3-mean":39.920121,"rbonds-mean":0.5,"rg-mean":1.0689735,"rpc+-mean":0.231112,"rpc--mean":0.75,"spherocity-mean":0.5329045,"tpsa-mean":11.895,"vsa+-mean":12.62897,"vsa--mean":9.482838,"vsa-fhyd-mean":1.0,"vsa-fneg-mean":0.430472,"vsa-fpneg-mean":0.0,"vsa-fpos-mean":0.569528,"vsa-fppos-mean":0.0,"vsa-hyd-mean":22.111808,"vsa-polar-mean":0.0,"vsa-polar+-mean":0.0,"vsa-polar--mean":0.0,"MR-min":11.287,"asphericity-min":0.406657,"balabanj-min":3.552734,"bertzct-min":61.509775,"chi0-min":5.207107,"chi0n-min":4.447214,"chi0v-min":1.0,"chi1-min":2.56066,"chi1n-min":1.973607,"chi1v-min":0.25,"chi2n-min":0.0,"chi2v-min":0.0,"chi3n-min":0.0,"chi3v-min":0.0,"chi4n-min":0.0,"chi4v-min":0.0,"e-valence-min":14.0,"eccentricity-min":0.96206,"hk-alpha-min":-0.51,"hk-kappa1-min":0.040816,"hk-kappa2-min":0.0,"hk-kappa3-min":0.0,"ipc-min":12.164797,"isf-min":0.146825,"labuteASA-min":23.534016,"logP-min":0.52988,"molwt-min":30.04695,"molwt-hvy-min":24.022,"nheavy-min":2.0,"npr1-min":0.05992,"npr2-min":0.985777,"pbf-min":0.333025,"pc+-min":0.136525,"pc--min":-0.198658,"pmi1-min":3.309523,"pmi2-min":24.25783,"pmi3-min":24.607825,"rbonds-min":0.0,"rg-min":0.961338,"rpc+-min":0.166667,"rpc--min":0.5,"spherocity-min":0.42765,"tpsa-min":0.0,"vsa+-min":8.224551,"vsa--min":5.261892,"vsa-fhyd-min":1.0,"vsa-fneg-min":0.236009,"vsa-fpneg-min":0.0,"vsa-fpos-min":0.375065,"vsa-fppos-min":0.0,"vsa-hyd-min":21.928335,"vsa-polar-min":0.0,"vsa-polar+-min":0.0,"vsa-polar--min":0.0,"MR-max":11.348,"asphericity-max":0.832938,"balabanj-max":4.020392,"bertzct-max":75.774438,"chi0-max":7.0,"chi0n-max":7.0,"chi0v-max":1.447214,"chi1-max":3.25,"chi1n-max":3.25,"chi1v-max":0.473607,"chi2n-max":0.111803,"chi2v-max":0.111803,"chi3n-max":0.0,"chi3v-max":0.0,"chi4n-max":0.0,"chi4v-max":0.0,"e-valence-max":16.0,"eccentricity-max":0.998203,"hk-alpha-max":0.0,"hk-kappa1-max":0.274207,"hk-kappa2-max":1.49,"hk-kappa3-max":1.49,"ipc-max":21.306059,"isf-max":0.301577,"labuteASA-max":23.711684,"logP-max":1.0262,"molwt-max":41.026549,"molwt-hvy-max":38.029,"nheavy-max":3.0,"npr1-max":0.272838,"npr2-max":0.998078,"pbf-max":0.463187,"pc+-max":0.198658,"pc--max":-0.136525,"pmi1-max":6.71396,"pmi2-max":55.126237,"pmi3-max":55.232417,"rbonds-max":1.0,"rg-max":1.176609,"rpc+-max":0.295557,"rpc--max":1.0,"spherocity-max":0.638159,"tpsa-max":23.79,"vsa+-max":17.033389,"vsa--max":13.703784,"vsa-fhyd-max":1.0,"vsa-fneg-max":0.624935,"vsa-fpneg-max":0.0,"vsa-fpos-max":0.763991,"vsa-fppos-max":0.0,"vsa-hyd-max":22.295281,"vsa-polar-max":0.0,"vsa-polar+-max":0.0,"vsa-polar--max":0.0,"MR-diff":0.061,"asphericity-diff":0.426281,"balabanj-diff":0.467658,"bertzct-diff":14.264663,"chi0-diff":1.792893,"chi0n-diff":2.552786,"chi0v-diff":0.447214,"chi1-diff":0.68934,"chi1n-diff":1.276393,"chi1v-diff":0.223607,"chi2n-diff":0.111803,"chi2v-diff":0.111803,"chi3n-diff":0.0,"chi3v-diff":0.0,"chi4n-diff":0.0,"chi4v-diff":0.0,"e-valence-diff":2.0,"eccentricity-diff":0.036143,"hk-alpha-diff":0.51,"hk-kappa1-diff":0.233391,"hk-kappa2-diff":1.49,"hk-kappa3-diff":1.49,"ipc-diff":9.141262,"isf-diff":0.154752,"labuteASA-diff":0.177668,"logP-diff":0.49632,"molwt-diff":10.979599,"molwt-hvy-diff":14.007,"nheavy-diff":1.0,"npr1-diff":0.212918,"npr2-diff":0.012301,"pbf-diff":0.130162,"pc+-diff":0.062133,"pc--diff":0.062133,"pmi1-diff":3.404437,"pmi2-diff":30.868407,"pmi3-diff":30.624592,"rbonds-diff":1.0,"rg-diff":0.215271,"rpc+-diff":0.12889,"rpc--diff":0.5,"spherocity-diff":0.210509,"tpsa-diff":23.79,"vsa+-diff":8.808838,"vsa--diff":8.441892,"vsa-fhyd-diff":0.0,"vsa-fneg-diff":0.388926,"vsa-fpneg-diff":0.0,"vsa-fpos-diff":0.388926,"vsa-fppos-diff":0.0,"vsa-hyd-diff":0.366946,"vsa-polar-diff":0.0,"vsa-polar+-diff":0.0,"vsa-polar--diff":0.0,"hbonds":0.0}