{"avg_dipole_moment": 2.5949999999999998, "max_dipole_moment": 3.16, "min_dipole_moment": 2.03, "max_molecular_weight": 95.0942, "shear_5nN-qq": [-199.63472617426058, 31.679438733138884], "intercept": 1.4759517917528575, "shear_15nN-qq": [-219.75300354196642, 38.584730667786566], "min_molecular_weight": 43.0445, "delta_molecular_weight": 52.0497, "ch3-smiles-2": "CC1=CC=C(F)C=C1", "chain-smiles-2": "CCCCCCCCCCCCCCCCCC1=CC=C(F)C=C1", "tilt_bottom": {"25nN": 41.590357687311496, "5nN": 36.98682198824132, "15nN": 40.20758183697312}, "interdigitation": {"25nN": 0.14546004215297248, "5nN": 0.15953354563570335, "15nN": 0.180632268129371}, "tilt_top": {"25nN": 37.43701414308834, "5nN": 31.661797532954555, "15nN": 34.95867709467791}, "shear_15nN-lj": [-1709.9259037130298, 51.938002303145936], "h-smiles-1": "C(=O)C", "S2_top": {"25nN": 0.9405832655558625, "5nN": 0.9567361446797904, "15nN": 0.946247342171126}, "S2_bottom": {"25nN": 0.9739760191787952, "5nN": 0.9790131437624494, "15nN": 0.9787081802983997}, "h-smiles-2": "C1=CC=C(F)C=C1", "shear_25nN-qq": [-219.08495149720224, 38.20155626978459], "COF": 0.12141366222577851, "shear_25nN-lj": [-1807.1350132845726, 47.58220810410472], "ch3-smiles-1": "CC(=O)C", "shear_15nN-Etotal": [-1929.678907254996, 68.15491750971215], "shear_5nN-Etotal": [-1679.8387860639489, 65.57288922209968], "shear_25nN-Etotal": [-2026.2199647817745, 63.70758631408338], "avg_molecular_weight": 69.06935, "shear_5nN-lj": [-1480.2040598896883, 51.29822710359073], "delta_dipole_moment": 1.1300000000000003, "status": {"beaf3ec6ff29cd50728b744d96e8541d-log_S2": 1, "beaf3ec6ff29cd50728b744d96e8541d-shear_25nN_rerun": 1, "beaf3ec6ff29cd50728b744d96e8541d-compress_grompp": 1, "beaf3ec6ff29cd50728b744d96e8541d-shear_15nN_grompp": 1, "beaf3ec6ff29cd50728b744d96e8541d-calc_interdigitation": 1, "beaf3ec6ff29cd50728b744d96e8541d-unwrap_shear_15nN": 1, "beaf3ec6ff29cd50728b744d96e8541d-log_interaction_energy_5nN": 1, "beaf3ec6ff29cd50728b744d96e8541d-equilibrate_grompp": 1, "beaf3ec6ff29cd50728b744d96e8541d-log_interaction_energy_25nN": 1, "beaf3ec6ff29cd50728b744d96e8541d-log_cof": 1, "beaf3ec6ff29cd50728b744d96e8541d-shear_15nN_rerun": 1, "beaf3ec6ff29cd50728b744d96e8541d-shear_5nN": 1, "beaf3ec6ff29cd50728b744d96e8541d-lammps_to_gmx": 1, "beaf3ec6ff29cd50728b744d96e8541d-minimize": 1, "beaf3ec6ff29cd50728b744d96e8541d-unwrap_shear_25nN": 1, "beaf3ec6ff29cd50728b744d96e8541d-shear_15nN": 1, "beaf3ec6ff29cd50728b744d96e8541d-shear_5nN_grompp": 1, "beaf3ec6ff29cd50728b744d96e8541d-top_to_mol2": 1, "beaf3ec6ff29cd50728b744d96e8541d-compress": 1, "beaf3ec6ff29cd50728b744d96e8541d-shear_25nN_rerun_grompp": 1, "beaf3ec6ff29cd50728b744d96e8541d-shear_25nN": 1, "beaf3ec6ff29cd50728b744d96e8541d-log_tilt": 1, "beaf3ec6ff29cd50728b744d96e8541d-get_interaction_energy_15nN": 1, "beaf3ec6ff29cd50728b744d96e8541d-initialize": 1, "beaf3ec6ff29cd50728b744d96e8541d-shear_15nN_rerun_grompp": 1, "beaf3ec6ff29cd50728b744d96e8541d-calc_S2_shear": 1, "beaf3ec6ff29cd50728b744d96e8541d-equilibrate": 1, "beaf3ec6ff29cd50728b744d96e8541d-log_interaction_energy_15nN": 1, "beaf3ec6ff29cd50728b744d96e8541d-unwrap_shear_5nN": 1, "beaf3ec6ff29cd50728b744d96e8541d-shear_25nN_grompp": 1, "beaf3ec6ff29cd50728b744d96e8541d-calc_friction": 1, "beaf3ec6ff29cd50728b744d96e8541d-calc_tilt_shear": 1, "beaf3ec6ff29cd50728b744d96e8541d-get_interaction_energy_25nN": 1, "beaf3ec6ff29cd50728b744d96e8541d-get_interaction_energy_5nN": 1, "beaf3ec6ff29cd50728b744d96e8541d-fix_overlaps": 1, "beaf3ec6ff29cd50728b744d96e8541d-minimize_grompp": 1, "beaf3ec6ff29cd50728b744d96e8541d-shear_5nN_rerun": 1, "beaf3ec6ff29cd50728b744d96e8541d-shear_5nN_rerun_grompp": 1}, "chain-smiles-1": "CCCCCCCCCCCCCCCCCC(=O)C"}