{"MR-mean":5.8783,"asphericity-mean":0.448762,"balabanj-mean":2.4007415,"bertzct-mean":20.0289285,"chi0-mean":3.957107,"chi0n-mean":3.658248,"chi0v-mean":0.658248,"chi1-mean":1.987437,"chi1n-mean":1.4644345,"chi1v-mean":0.102062,"chi2n-mean":0.0,"chi2v-mean":0.0,"chi3n-mean":0.0,"chi3v-mean":0.0,"chi4n-mean":0.0,"chi4v-mean":0.0,"e-valence-mean":11.0,"eccentricity-mean":0.9676935,"hk-alpha-mean":-0.04,"hk-kappa1-mean":0.036912,"hk-kappa2-mean":-13.04,"hk-kappa3-mean":-65.54,"ipc-mean":7.4598425,"isf-mean":0.747748,"labuteASA-mean":14.536275,"logP-mean":-0.6081,"molwt-mean":25.01839,"molwt-hvy-mean":22.0045,"nheavy-mean":1.5,"npr1-mean":0.24762,"npr2-mean":0.833432,"pbf-mean":0.180663,"pc+-mean":0.40557,"pc--mean":-0.40557,"pmi1-mean":2.3390235,"pmi2-mean":10.482249,"pmi3-mean":11.165744,"rbonds-mean":0.5,"rg-mean":0.577703,"rpc+-mean":0.5122795,"rpc--mean":1.0,"spherocity-mean":0.289784,"tpsa-mean":25.865,"vsa+-mean":7.7219135,"vsa--mean":5.2947805,"vsa-fhyd-mean":0.315152,"vsa-fneg-mean":0.4728545,"vsa-fpneg-mean":0.4728545,"vsa-fpos-mean":0.5271455,"vsa-fppos-mean":0.2119935,"vsa-hyd-mean":5.575114,"vsa-polar-mean":0.684848,"vsa-polar+-mean":2.1467995,"vsa-polar--mean":5.2947805,"MR-min":3.6138,"asphericity-min":0.377793,"balabanj-min":1.632993,"bertzct-min":2.754888,"chi0-min":2.707107,"chi0n-min":2.408248,"chi0v-min":0.408248,"chi1-min":1.414214,"chi1n-min":0.816497,"chi1v-min":0.0,"chi2n-min":0.0,"chi2v-min":0.0,"chi3n-min":0.0,"chi3v-min":0.0,"chi4n-min":0.0,"chi4v-min":0.0,"e-valence-min":8.0,"eccentricity-min":0.955926,"hk-alpha-min":-0.04,"hk-kappa1-min":0.0004,"hk-kappa2-min":-27.04,"hk-kappa3-min":-104.04,"ipc-min":2.754888,"isf-min":0.233213,"labuteASA-min":9.832513,"logP-min":-0.8247,"molwt-min":18.010565,"molwt-hvy-min":15.999,"nheavy-min":1.0,"npr1-min":0.201632,"npr2-min":0.706392,"pbf-min":0.0,"pc+-min":0.39963,"pc--min":-0.41151,"pmi1-min":0.559614,"pmi2-min":1.346375,"pmi3-min":1.90599,"rbonds-min":0.0,"rg-min":0.325269,"rpc+-min":0.5,"rpc--min":1.0,"spherocity-min":0.0,"tpsa-min":20.23,"vsa+-min":2.862399,"vsa--min":5.108808,"vsa-fhyd-min":0.0,"vsa-fneg-min":0.288793,"vsa-fpneg-min":0.288793,"vsa-fpos-min":0.343084,"vsa-fppos-min":0.080903,"vsa-hyd-min":0.0,"vsa-polar-min":0.369696,"vsa-polar+-min":1.4312,"vsa-polar--min":5.108808,"MR-max":8.1428,"asphericity-max":0.519731,"balabanj-max":3.16849,"bertzct-max":37.302969,"chi0-max":5.207107,"chi0n-max":4.908248,"chi0v-max":0.908248,"chi1-max":2.56066,"chi1n-max":2.112372,"chi1v-max":0.204124,"chi2n-max":0.0,"chi2v-max":0.0,"chi3n-max":0.0,"chi3v-max":0.0,"chi4n-max":0.0,"chi4v-max":0.0,"e-valence-max":14.0,"eccentricity-max":0.979461,"hk-alpha-max":-0.04,"hk-kappa1-max":0.073424,"hk-kappa2-max":0.96,"hk-kappa3-max":-27.04,"ipc-max":12.164797,"isf-max":1.262283,"labuteASA-max":19.240037,"logP-max":-0.3915,"molwt-max":32.026215,"molwt-hvy-max":28.01,"nheavy-max":2.0,"npr1-max":0.293608,"npr2-max":0.960472,"pbf-max":0.361326,"pc+-max":0.41151,"pc--max":-0.39963,"pmi1-max":4.118433,"pmi2-max":19.618123,"pmi3-max":20.425498,"rbonds-max":1.0,"rg-max":0.830137,"rpc+-max":0.524559,"rpc--max":1.0,"spherocity-max":0.579568,"tpsa-max":31.5,"vsa+-max":12.581428,"vsa--max":5.480753,"vsa-fhyd-max":0.630304,"vsa-fneg-max":0.656916,"vsa-fpneg-max":0.656916,"vsa-fpos-max":0.711207,"vsa-fppos-max":0.343084,"vsa-hyd-max":11.150228,"vsa-polar-max":1.0,"vsa-polar+-max":2.862399,"vsa-polar--max":5.480753,"MR-diff":4.529,"asphericity-diff":0.141938,"balabanj-diff":1.535497,"bertzct-diff":34.548081,"chi0-diff":2.5,"chi0n-diff":2.5,"chi0v-diff":0.5,"chi1-diff":1.146446,"chi1n-diff":1.295875,"chi1v-diff":0.204124,"chi2n-diff":0.0,"chi2v-diff":0.0,"chi3n-diff":0.0,"chi3v-diff":0.0,"chi4n-diff":0.0,"chi4v-diff":0.0,"e-valence-diff":6.0,"eccentricity-diff":0.023535,"hk-alpha-diff":0.0,"hk-kappa1-diff":0.073024,"hk-kappa2-diff":28.0,"hk-kappa3-diff":77.0,"ipc-diff":9.409909,"isf-diff":1.02907,"labuteASA-diff":9.407524,"logP-diff":0.4332,"molwt-diff":14.01565,"molwt-hvy-diff":12.011,"nheavy-diff":1.0,"npr1-diff":0.091976,"npr2-diff":0.25408,"pbf-diff":0.361326,"pc+-diff":0.01188,"pc--diff":0.01188,"pmi1-diff":3.558819,"pmi2-diff":18.271748,"pmi3-diff":18.519508,"rbonds-diff":1.0,"rg-diff":0.504868,"rpc+-diff":0.024559,"rpc--diff":0.0,"spherocity-diff":0.579568,"tpsa-diff":11.27,"vsa+-diff":9.719029,"vsa--diff":0.371945,"vsa-fhyd-diff":0.630304,"vsa-fneg-diff":0.368123,"vsa-fpneg-diff":0.368123,"vsa-fpos-diff":0.368123,"vsa-fppos-diff":0.262181,"vsa-hyd-diff":11.150228,"vsa-polar-diff":0.630304,"vsa-polar+-diff":1.431199,"vsa-polar--diff":0.371945,"hbonds":1.0}