{"tilt_bottom": {"25nN": 40.773962279388805, "5nN": 35.7489387374089, "15nN": 39.268108449781614}, "shear_25nN-qq": [-651.2363760863309, 69.65964672223852], "S2_top": {"25nN": 0.9588569206977536, "5nN": 0.9743457159111917, "15nN": 0.9664350033373896}, "shear_5nN-qq": [-559.8002534276578, 67.06044247404604], "shear_15nN-Etotal": [-2190.197014075939, 87.98024851860477], "S2_bottom": {"25nN": 0.9549557136149023, "5nN": 0.9639210317361098, "15nN": 0.9550488256610377}, "shear_25nN-lj": [-1626.2449031095125, 52.91664565005892], "delta_molecular_weight": 14.026499999999999, "interdigitation": {"25nN": 0.13419328759469284, "5nN": 0.10547837564674661, "15nN": 0.1211160341248105}, "shear_15nN-qq": [-641.3048502629896, 70.22515182974412], "avg_dipole_moment": 1.7799999999999998, "COF": 0.16481942673537406, "shear_25nN-Etotal": [-2277.4812791958434, 86.34747460105793], "tilt_top": {"25nN": 41.488742584955, "5nN": 37.476923762660974, "15nN": 39.921680868287304}, "status": {"f309f70b68b00d53d1a9b149ed69daf4-shear_15nN_grompp": 1, "f309f70b68b00d53d1a9b149ed69daf4-shear_25nN_rerun": 1, "f309f70b68b00d53d1a9b149ed69daf4-calc_interdigitation": 1, "f309f70b68b00d53d1a9b149ed69daf4-shear_5nN": 1, "f309f70b68b00d53d1a9b149ed69daf4-shear_5nN_rerun_grompp": 1, "f309f70b68b00d53d1a9b149ed69daf4-equilibrate": 1, "f309f70b68b00d53d1a9b149ed69daf4-lammps_to_gmx": 1, "f309f70b68b00d53d1a9b149ed69daf4-log_interaction_energy_25nN": 1, "f309f70b68b00d53d1a9b149ed69daf4-shear_25nN_rerun_grompp": 1, "f309f70b68b00d53d1a9b149ed69daf4-count_hydrogen_bonds": 1, "f309f70b68b00d53d1a9b149ed69daf4-shear_25nN_grompp": 1, "f309f70b68b00d53d1a9b149ed69daf4-shear_15nN": 1, "f309f70b68b00d53d1a9b149ed69daf4-shear_15nN_rerun": 1, "f309f70b68b00d53d1a9b149ed69daf4-calc_tilt_shear": 1, "f309f70b68b00d53d1a9b149ed69daf4-equilibrate_grompp": 1, "f309f70b68b00d53d1a9b149ed69daf4-log_interaction_energy_5nN": 1, "f309f70b68b00d53d1a9b149ed69daf4-calc_S2_shear": 1, "f309f70b68b00d53d1a9b149ed69daf4-log_cof": 1, "f309f70b68b00d53d1a9b149ed69daf4-get_interaction_energy_5nN": 1, "f309f70b68b00d53d1a9b149ed69daf4-log_S2": 1, "f309f70b68b00d53d1a9b149ed69daf4-shear_15nN_rerun_grompp": 1, "f309f70b68b00d53d1a9b149ed69daf4-shear_5nN_grompp": 1, "f309f70b68b00d53d1a9b149ed69daf4-fix_overlaps": 1, "f309f70b68b00d53d1a9b149ed69daf4-get_interaction_energy_25nN": 1, "f309f70b68b00d53d1a9b149ed69daf4-shear_25nN": 1, "f309f70b68b00d53d1a9b149ed69daf4-minimize_grompp": 1, "f309f70b68b00d53d1a9b149ed69daf4-log_interaction_energy_15nN": 1, "f309f70b68b00d53d1a9b149ed69daf4-shear_5nN_rerun": 1, "f309f70b68b00d53d1a9b149ed69daf4-unwrap_shear_25nN": 1, "f309f70b68b00d53d1a9b149ed69daf4-get_interaction_energy_15nN": 1, "f309f70b68b00d53d1a9b149ed69daf4-minimize": 1, "f309f70b68b00d53d1a9b149ed69daf4-compress_grompp": 1, "f309f70b68b00d53d1a9b149ed69daf4-initialize": 1, "f309f70b68b00d53d1a9b149ed69daf4-calc_friction": 1, "f309f70b68b00d53d1a9b149ed69daf4-unwrap_shear_5nN": 1, "f309f70b68b00d53d1a9b149ed69daf4-log_tilt": 1, "f309f70b68b00d53d1a9b149ed69daf4-top_to_mol2": 1, "f309f70b68b00d53d1a9b149ed69daf4-compress": 1, "f309f70b68b00d53d1a9b149ed69daf4-unwrap_shear_15nN": 1}, "intercept": 2.088342084663484, "shear_5nN-Etotal": [-1929.660640988809, 96.61322551433177], "avg_molecular_weight": 24.02055, "delta_dipole_moment": 0.19999999999999996, "shear_15nN-lj": [-1548.8921638129495, 52.214274862393886], "shear_5nN-lj": [-1369.8603875611511, 56.28201679187767]}