{"shear_15nN-qq": [-105.9755470479616, 20.96715131806952], "delta_molecular_weight": 18.960399999999996, "status": {"5e2cc447bca4544667a218a97e808efe-get_interaction_energy_5nN": 1, "5e2cc447bca4544667a218a97e808efe-shear_15nN_rerun_grompp": 1, "5e2cc447bca4544667a218a97e808efe-log_interaction_energy_15nN": 1, "5e2cc447bca4544667a218a97e808efe-log_tilt": 1, "5e2cc447bca4544667a218a97e808efe-unwrap_shear_25nN": 1, "5e2cc447bca4544667a218a97e808efe-fix_overlaps": 1, "5e2cc447bca4544667a218a97e808efe-unwrap_shear_5nN": 1, "5e2cc447bca4544667a218a97e808efe-shear_15nN_rerun": 1, "5e2cc447bca4544667a218a97e808efe-calc_interdigitation": 1, "5e2cc447bca4544667a218a97e808efe-initialize": 1, "5e2cc447bca4544667a218a97e808efe-shear_25nN": 1, "5e2cc447bca4544667a218a97e808efe-lammps_to_gmx": 1, "5e2cc447bca4544667a218a97e808efe-shear_15nN": 1, "5e2cc447bca4544667a218a97e808efe-calc_tilt_shear": 1, "5e2cc447bca4544667a218a97e808efe-shear_25nN_rerun": 1, "5e2cc447bca4544667a218a97e808efe-shear_25nN_grompp": 1, "5e2cc447bca4544667a218a97e808efe-compress": 1, "5e2cc447bca4544667a218a97e808efe-equilibrate_grompp": 1, "5e2cc447bca4544667a218a97e808efe-log_cof": 1, "5e2cc447bca4544667a218a97e808efe-calc_S2_shear": 1, "5e2cc447bca4544667a218a97e808efe-log_S2": 1, "5e2cc447bca4544667a218a97e808efe-unwrap_shear_15nN": 1, "5e2cc447bca4544667a218a97e808efe-shear_5nN_grompp": 1, "5e2cc447bca4544667a218a97e808efe-shear_5nN": 1, "5e2cc447bca4544667a218a97e808efe-calc_friction": 1, "5e2cc447bca4544667a218a97e808efe-top_to_mol2": 1, "5e2cc447bca4544667a218a97e808efe-shear_25nN_rerun_grompp": 1, "5e2cc447bca4544667a218a97e808efe-shear_5nN_rerun_grompp": 1, "5e2cc447bca4544667a218a97e808efe-get_interaction_energy_15nN": 1, "5e2cc447bca4544667a218a97e808efe-log_interaction_energy_5nN": 1, "5e2cc447bca4544667a218a97e808efe-shear_5nN_rerun": 1, "5e2cc447bca4544667a218a97e808efe-equilibrate": 1, "5e2cc447bca4544667a218a97e808efe-log_interaction_energy_25nN": 1, "5e2cc447bca4544667a218a97e808efe-shear_15nN_grompp": 1, "5e2cc447bca4544667a218a97e808efe-minimize": 1, "5e2cc447bca4544667a218a97e808efe-minimize_grompp": 1, "5e2cc447bca4544667a218a97e808efe-get_interaction_energy_25nN": 1, "5e2cc447bca4544667a218a97e808efe-compress_grompp": 1}, "interdigitation": {"25nN": 0.14784757055692352, "5nN": 0.10926498450522523, "15nN": 0.11061933623877837}, "intercept": 0.7744677147579793, "delta_dipole_moment": 3.81, "tilt_bottom": {"25nN": 39.86852315639042, "5nN": 34.26963770927514, "15nN": 37.2531083846785}, "S2_top": {"25nN": 0.9573295011262558, "5nN": 0.9758495686185777, "15nN": 0.9622226549975901}, "shear_25nN-Etotal": [-2056.840816670664, 53.137012001583216], "shear_5nN-Etotal": [-1670.6770243469225, 53.868550131729556], "S2_bottom": {"25nN": 0.9546325574254275, "5nN": 0.9541149824572842, "15nN": 0.9491870046666089}, "avg_molecular_weight": 36.5253, "shear_15nN-lj": [-1828.3380559224622, 43.219799268317], "tilt_top": {"25nN": 39.66141416159567, "5nN": 35.225167556654874, "15nN": 38.421456969250926}, "avg_dipole_moment": 1.905, "shear_5nN-qq": [-83.4479856922462, 18.506424818005073], "shear_5nN-lj": [-1587.2290386546763, 48.13421461800044], "COF": 0.11709805171345379, "shear_25nN-lj": [-1941.832416108713, 47.6344871087847], "shear_25nN-qq": [-115.00840056195044, 23.794888087394575], "shear_15nN-Etotal": [-1934.3136029704235, 49.46458705716353]}