{"avg_dipole_moment": 2.405, "max_dipole_moment": 4.81, "min_dipole_moment": 0.0, "max_molecular_weight": 45.0174, "shear_5nN-qq": [-10.124698693045563, 11.369164750010787], "intercept": 0.5047054728451148, "shear_15nN-qq": [3.148178774580336, 18.331704830010622], "min_molecular_weight": 41.0716, "delta_molecular_weight": 3.9458000000000055, "ch3-smiles-2": "CC1CC1", "chain-smiles-2": "CCCCCCCCCCCCCCCCCC1CC1", "tilt_bottom": {"25nN": 40.07150285962841, "5nN": 35.038517285052095, "15nN": 38.49029981666357}, "tilt_top": {"25nN": 39.53112515697816, "5nN": 35.683923589662776, "15nN": 38.07297811117132}, "shear_15nN-lj": [-1814.8799568792965, 51.004929505010026], "h-smiles-1": "C(=O)O", "ch3-smiles-1": "CC(=O)O", "S2_bottom": {"25nN": 0.9610343923501398, "5nN": 0.9720540310460716, "15nN": 0.9663977926662328}, "h-smiles-2": "C1CC1", "shear_25nN-qq": [19.523607326139086, 15.730698154101258], "COF": 0.11055970021467944, "shear_25nN-lj": [-1926.4305131079136, 53.399091524428755], "S2_top": {"25nN": 0.9658068988692826, "5nN": 0.9726394841808558, "15nN": 0.9698732456055486}, "shear_15nN-Etotal": [-1811.7317781047166, 54.74289703760523], "shear_5nN-Etotal": [-1591.195133159872, 48.48712117829614], "shear_25nN-Etotal": [-1906.9069057817746, 52.900630229145676], "avg_molecular_weight": 43.0445, "shear_5nN-lj": [-1581.0704344668266, 46.47267190030829], "delta_dipole_moment": 4.81, "status": {"448c0bbcd259e1dd9992e4b9d44c6799-get_interaction_energy_5nN": 1, "448c0bbcd259e1dd9992e4b9d44c6799-equilibrate": 1, "448c0bbcd259e1dd9992e4b9d44c6799-equilibrate_grompp": 1, "448c0bbcd259e1dd9992e4b9d44c6799-lammps_to_gmx": 1, "448c0bbcd259e1dd9992e4b9d44c6799-compress_grompp": 1, "448c0bbcd259e1dd9992e4b9d44c6799-calc_S2_shear": 1, "448c0bbcd259e1dd9992e4b9d44c6799-top_to_mol2": 1, "448c0bbcd259e1dd9992e4b9d44c6799-log_interaction_energy_5nN": 1, "448c0bbcd259e1dd9992e4b9d44c6799-shear_25nN_grompp": 1, "448c0bbcd259e1dd9992e4b9d44c6799-shear_5nN_grompp": 1, "448c0bbcd259e1dd9992e4b9d44c6799-get_interaction_energy_25nN": 1, "448c0bbcd259e1dd9992e4b9d44c6799-shear_15nN": 1, "448c0bbcd259e1dd9992e4b9d44c6799-minimize": 1, "448c0bbcd259e1dd9992e4b9d44c6799-unwrap_shear_15nN": 1, "448c0bbcd259e1dd9992e4b9d44c6799-shear_15nN_grompp": 1, "448c0bbcd259e1dd9992e4b9d44c6799-shear_5nN_rerun_grompp": 1, "448c0bbcd259e1dd9992e4b9d44c6799-log_tilt": 1, "448c0bbcd259e1dd9992e4b9d44c6799-unwrap_shear_5nN": 1, "448c0bbcd259e1dd9992e4b9d44c6799-shear_25nN_rerun_grompp": 1, "448c0bbcd259e1dd9992e4b9d44c6799-log_S2": 1, "448c0bbcd259e1dd9992e4b9d44c6799-minimize_grompp": 1, "448c0bbcd259e1dd9992e4b9d44c6799-log_interaction_energy_25nN": 1, "448c0bbcd259e1dd9992e4b9d44c6799-shear_5nN": 1, "448c0bbcd259e1dd9992e4b9d44c6799-shear_15nN_rerun_grompp": 1, "448c0bbcd259e1dd9992e4b9d44c6799-unwrap_shear_25nN": 1, "448c0bbcd259e1dd9992e4b9d44c6799-shear_15nN_rerun": 1, "448c0bbcd259e1dd9992e4b9d44c6799-compress": 1, "448c0bbcd259e1dd9992e4b9d44c6799-log_cof": 1, "448c0bbcd259e1dd9992e4b9d44c6799-calc_friction": 1, "448c0bbcd259e1dd9992e4b9d44c6799-count_hydrogen_bonds": 1, "448c0bbcd259e1dd9992e4b9d44c6799-get_interaction_energy_15nN": 1, "448c0bbcd259e1dd9992e4b9d44c6799-initialize": 1, "448c0bbcd259e1dd9992e4b9d44c6799-shear_25nN_rerun": 1, "448c0bbcd259e1dd9992e4b9d44c6799-shear_5nN_rerun": 1, "448c0bbcd259e1dd9992e4b9d44c6799-calc_tilt_shear": 1, "448c0bbcd259e1dd9992e4b9d44c6799-log_interaction_energy_15nN": 1, "448c0bbcd259e1dd9992e4b9d44c6799-fix_overlaps": 1, "448c0bbcd259e1dd9992e4b9d44c6799-shear_25nN": 1, "448c0bbcd259e1dd9992e4b9d44c6799-calc_interdigitation": 1}, "chain-smiles-1": "CCCCCCCCCCCCCCCCCC(=O)O"}