{"tilt_bottom": {"25nN": 42.871707736489526, "5nN": 38.68088853765987, "15nN": 40.87762205217056}, "shear_25nN-qq": [-2610.182081392486, 199.90493698397313], "S2_top": {"25nN": 0.9464060932857213, "5nN": 0.9638378502634649, "15nN": 0.9626378832068453}, "shear_5nN-qq": [-2592.8334304268587, 206.21242888521587], "shear_15nN-Etotal": [-4206.491619394885, 186.10147660584929], "status": {"9de5630e7a6703e2e391e12897cf9d3e-log_cof": 1, "9de5630e7a6703e2e391e12897cf9d3e-top_to_mol2": 1, "9de5630e7a6703e2e391e12897cf9d3e-lammps_to_gmx": 1, "9de5630e7a6703e2e391e12897cf9d3e-calc_interdigitation": 1, "9de5630e7a6703e2e391e12897cf9d3e-count_hydrogen_bonds": 1, "9de5630e7a6703e2e391e12897cf9d3e-compress": 1, "9de5630e7a6703e2e391e12897cf9d3e-shear_15nN_grompp": 1, "9de5630e7a6703e2e391e12897cf9d3e-calc_tilt_shear": 1, "9de5630e7a6703e2e391e12897cf9d3e-get_interaction_energy_15nN": 1, "9de5630e7a6703e2e391e12897cf9d3e-fix_overlaps": 1, "9de5630e7a6703e2e391e12897cf9d3e-equilibrate_grompp": 1, "9de5630e7a6703e2e391e12897cf9d3e-shear_15nN_rerun_grompp": 1, "9de5630e7a6703e2e391e12897cf9d3e-log_interaction_energy_15nN": 1, "9de5630e7a6703e2e391e12897cf9d3e-shear_5nN_rerun": 1, "9de5630e7a6703e2e391e12897cf9d3e-minimize": 1, "9de5630e7a6703e2e391e12897cf9d3e-unwrap_shear_15nN": 1, "9de5630e7a6703e2e391e12897cf9d3e-unwrap_shear_25nN": 1, "9de5630e7a6703e2e391e12897cf9d3e-log_interaction_energy_5nN": 1, "9de5630e7a6703e2e391e12897cf9d3e-calc_S2_shear": 1, "9de5630e7a6703e2e391e12897cf9d3e-shear_5nN": 1, "9de5630e7a6703e2e391e12897cf9d3e-shear_15nN": 1, "9de5630e7a6703e2e391e12897cf9d3e-log_S2": 1, "9de5630e7a6703e2e391e12897cf9d3e-shear_25nN_rerun_grompp": 1, "9de5630e7a6703e2e391e12897cf9d3e-shear_25nN_rerun": 1, "9de5630e7a6703e2e391e12897cf9d3e-shear_25nN": 1, "9de5630e7a6703e2e391e12897cf9d3e-get_interaction_energy_5nN": 1, "9de5630e7a6703e2e391e12897cf9d3e-log_interaction_energy_25nN": 1, "9de5630e7a6703e2e391e12897cf9d3e-shear_25nN_grompp": 1, "9de5630e7a6703e2e391e12897cf9d3e-unwrap_shear_5nN": 1, "9de5630e7a6703e2e391e12897cf9d3e-shear_5nN_rerun_grompp": 1, "9de5630e7a6703e2e391e12897cf9d3e-shear_5nN_grompp": 1, "9de5630e7a6703e2e391e12897cf9d3e-calc_friction": 1, "9de5630e7a6703e2e391e12897cf9d3e-shear_15nN_rerun": 1, "9de5630e7a6703e2e391e12897cf9d3e-compress_grompp": 1, "9de5630e7a6703e2e391e12897cf9d3e-initialize": 1, "9de5630e7a6703e2e391e12897cf9d3e-minimize_grompp": 1, "9de5630e7a6703e2e391e12897cf9d3e-equilibrate": 1, "9de5630e7a6703e2e391e12897cf9d3e-log_tilt": 1, "9de5630e7a6703e2e391e12897cf9d3e-get_interaction_energy_25nN": 1}, "shear_25nN-lj": [-1685.5906068145484, 69.11726026189943], "delta_molecular_weight": 28.0101, "shear_15nN-qq": [-2573.9314142422063, 186.66676012901436], "avg_dipole_moment": 3.3449999999999998, "COF": 0.1404836409452364, "shear_25nN-Etotal": [-4295.772688207035, 187.14837823927175], "tilt_top": {"25nN": 41.37609079207636, "5nN": 38.50728894869494, "15nN": 40.31179061745596}, "S2_bottom": {"25nN": 0.9723206305628418, "5nN": 0.9750326894598201, "15nN": 0.9727227064963067}, "intercept": 7.356053549400633, "shear_5nN-Etotal": [-4115.297904739408, 210.36752362239838], "avg_molecular_weight": 31.01235, "delta_dipole_moment": 2.9299999999999997, "shear_15nN-lj": [-1632.5602051526778, 65.34090090751725], "shear_5nN-lj": [-1522.4644743125498, 69.53823565754095]}