{"tilt_bottom": {"25nN": 40.16580712616238, "5nN": 32.97805185773349, "15nN": 38.143013476828685}, "shear_25nN-qq": [35.96561758273382, 13.908303760597029], "S2_top": {"25nN": 0.8985670764268319, "5nN": 0.923656254691416, "15nN": 0.9149974129203226}, "shear_5nN-qq": [0.5094421606714629, 10.12404240022166], "shear_15nN-Etotal": [-1780.494658672262, 53.904849824339856], "S2_bottom": {"25nN": 0.9264227042771226, "5nN": 0.9304588557350806, "15nN": 0.9242749210161207}, "shear_25nN-lj": [-1922.7040647753797, 47.78981882989168], "delta_molecular_weight": 1.9299999999999997, "interdigitation": {"25nN": 0.1155136188291187, "5nN": 0.10172614055892337, "15nN": 0.11566442273121073}, "shear_15nN-qq": [20.15459459072742, 12.562862315157732], "avg_dipole_moment": 2.4099999999999997, "COF": 0.11464452036999562, "shear_25nN-Etotal": [-1886.7384471926462, 48.77255275251475], "tilt_top": {"25nN": 36.123003693652244, "5nN": 32.19705881932233, "15nN": 35.827553188972836}, "status": {"026e6864e5a635d1810580c6843dc606-log_S2": 1, "026e6864e5a635d1810580c6843dc606-shear_15nN_rerun_grompp": 1, "026e6864e5a635d1810580c6843dc606-log_interaction_energy_15nN": 1, "026e6864e5a635d1810580c6843dc606-shear_5nN_grompp": 1, "026e6864e5a635d1810580c6843dc606-calc_tilt_shear": 1, "026e6864e5a635d1810580c6843dc606-shear_5nN_rerun": 1, "026e6864e5a635d1810580c6843dc606-compress_grompp": 1, "026e6864e5a635d1810580c6843dc606-lammps_to_gmx": 1, "026e6864e5a635d1810580c6843dc606-fix_overlaps": 1, "026e6864e5a635d1810580c6843dc606-unwrap_shear_15nN": 1, "026e6864e5a635d1810580c6843dc606-shear_15nN_grompp": 1, "026e6864e5a635d1810580c6843dc606-get_interaction_energy_15nN": 1, "026e6864e5a635d1810580c6843dc606-shear_5nN": 1, "026e6864e5a635d1810580c6843dc606-minimize_grompp": 1, "026e6864e5a635d1810580c6843dc606-log_interaction_energy_5nN": 1, "026e6864e5a635d1810580c6843dc606-equilibrate_grompp": 1, "026e6864e5a635d1810580c6843dc606-count_hydrogen_bonds": 1, "026e6864e5a635d1810580c6843dc606-log_cof": 1, "026e6864e5a635d1810580c6843dc606-top_to_mol2": 1, "026e6864e5a635d1810580c6843dc606-initialize": 1, "026e6864e5a635d1810580c6843dc606-calc_interdigitation": 1, "026e6864e5a635d1810580c6843dc606-shear_25nN": 1, "026e6864e5a635d1810580c6843dc606-log_interaction_energy_25nN": 1, "026e6864e5a635d1810580c6843dc606-shear_5nN_rerun_grompp": 1, "026e6864e5a635d1810580c6843dc606-calc_friction": 1, "026e6864e5a635d1810580c6843dc606-get_interaction_energy_25nN": 1, "026e6864e5a635d1810580c6843dc606-unwrap_shear_5nN": 1, "026e6864e5a635d1810580c6843dc606-shear_15nN": 1, "026e6864e5a635d1810580c6843dc606-unwrap_shear_25nN": 1, "026e6864e5a635d1810580c6843dc606-shear_25nN_rerun": 1, "026e6864e5a635d1810580c6843dc606-shear_25nN_rerun_grompp": 1, "026e6864e5a635d1810580c6843dc606-shear_25nN_grompp": 1, "026e6864e5a635d1810580c6843dc606-compress": 1, "026e6864e5a635d1810580c6843dc606-minimize": 1, "026e6864e5a635d1810580c6843dc606-shear_15nN_rerun": 1, "026e6864e5a635d1810580c6843dc606-get_interaction_energy_5nN": 1, "026e6864e5a635d1810580c6843dc606-calc_S2_shear": 1, "026e6864e5a635d1810580c6843dc606-equilibrate": 1, "026e6864e5a635d1810580c6843dc606-log_tilt": 1}, "intercept": 0.9006909765325464, "shear_5nN-Etotal": [-1574.389167569944, 53.483774077600145], "avg_molecular_weight": 44.052400000000006, "delta_dipole_moment": 4.8, "shear_15nN-lj": [-1800.6492532629898, 52.908145756577774], "shear_5nN-lj": [-1574.8986097306156, 53.25540275374254]}