{"shear_15nN-qq": [-2619.343223770583, 189.01952521818984], "delta_molecular_weight": 28.9949, "tilt_bottom": {"15nN": 41.10554530315956, "5nN": 38.46122134041153, "25nN": 42.418102099498164}, "interdigitation": {"15nN": 0.12576339380254456, "5nN": 0.11221502875652062, "25nN": 0.11415950144771296}, "avg_molecular_weight": 30.51995, "delta_dipole_moment": 3.1799999999999997, "S2_top": {"15nN": 0.9773865343106469, "5nN": 0.976643018182461, "25nN": 0.9764747896871298}, "shear_25nN-Etotal": [-4108.845811433253, 180.3339413861849], "avg_dipole_moment": 3.2199999999999998, "S2_bottom": {"15nN": 0.9742468586604721, "5nN": 0.9695291776277574, "25nN": 0.9724251706375375}, "status": {"45054a016eb0b8fd6ff13acb9dc267bb-shear_5nN": 1, "45054a016eb0b8fd6ff13acb9dc267bb-shear_15nN": 1, "45054a016eb0b8fd6ff13acb9dc267bb-unwrap_shear_15nN": 1, "45054a016eb0b8fd6ff13acb9dc267bb-compress": 1, "45054a016eb0b8fd6ff13acb9dc267bb-shear_5nN_rerun_grompp": 1, "45054a016eb0b8fd6ff13acb9dc267bb-calc_friction": 1, "45054a016eb0b8fd6ff13acb9dc267bb-shear_5nN_rerun": 1, "45054a016eb0b8fd6ff13acb9dc267bb-count_hydrogen_bonds": 1, "45054a016eb0b8fd6ff13acb9dc267bb-get_interaction_energy_15nN": 1, "45054a016eb0b8fd6ff13acb9dc267bb-calc_tilt_shear": 1, "45054a016eb0b8fd6ff13acb9dc267bb-lammps_to_gmx": 1, "45054a016eb0b8fd6ff13acb9dc267bb-log_tilt": 1, "45054a016eb0b8fd6ff13acb9dc267bb-calc_interdigitation": 1, "45054a016eb0b8fd6ff13acb9dc267bb-shear_25nN_rerun_grompp": 1, "45054a016eb0b8fd6ff13acb9dc267bb-shear_25nN_rerun": 1, "45054a016eb0b8fd6ff13acb9dc267bb-get_interaction_energy_25nN": 1, "45054a016eb0b8fd6ff13acb9dc267bb-unwrap_shear_5nN": 1, "45054a016eb0b8fd6ff13acb9dc267bb-shear_25nN": 1, "45054a016eb0b8fd6ff13acb9dc267bb-fix_overlaps": 1, "45054a016eb0b8fd6ff13acb9dc267bb-top_to_mol2": 1, "45054a016eb0b8fd6ff13acb9dc267bb-calc_S2_shear": 1, "45054a016eb0b8fd6ff13acb9dc267bb-shear_5nN_grompp": 1, "45054a016eb0b8fd6ff13acb9dc267bb-minimize": 1, "45054a016eb0b8fd6ff13acb9dc267bb-equilibrate": 1, "45054a016eb0b8fd6ff13acb9dc267bb-compress_grompp": 1, "45054a016eb0b8fd6ff13acb9dc267bb-log_interaction_energy_5nN": 1, "45054a016eb0b8fd6ff13acb9dc267bb-initialize": 1, "45054a016eb0b8fd6ff13acb9dc267bb-equilibrate_grompp": 1, "45054a016eb0b8fd6ff13acb9dc267bb-shear_15nN_rerun": 1, "45054a016eb0b8fd6ff13acb9dc267bb-log_S2": 1, "45054a016eb0b8fd6ff13acb9dc267bb-shear_15nN_rerun_grompp": 1, "45054a016eb0b8fd6ff13acb9dc267bb-log_interaction_energy_15nN": 1, "45054a016eb0b8fd6ff13acb9dc267bb-unwrap_shear_25nN": 1, "45054a016eb0b8fd6ff13acb9dc267bb-shear_25nN_grompp": 1, "45054a016eb0b8fd6ff13acb9dc267bb-minimize_grompp": 1, "45054a016eb0b8fd6ff13acb9dc267bb-log_cof": 1, "45054a016eb0b8fd6ff13acb9dc267bb-get_interaction_energy_5nN": 1, "45054a016eb0b8fd6ff13acb9dc267bb-shear_15nN_grompp": 1, "45054a016eb0b8fd6ff13acb9dc267bb-log_interaction_energy_25nN": 1}, "intercept": 7.790102951209099, "shear_15nN-lj": [-1475.0121939384492, 66.39595967529472], "tilt_top": {"15nN": 41.609880685963795, "5nN": 39.227016625483714, "25nN": 42.79793997143841}, "shear_5nN-Etotal": [-4018.0564481015185, 187.62677249896183], "shear_5nN-qq": [-2648.0662124644286, 205.265636630018], "shear_5nN-lj": [-1369.9902356370903, 68.08890341140442], "COF": 0.12710843067348296, "shear_25nN-lj": [-1524.6594309392485, 66.49380960347095], "shear_25nN-qq": [-2584.186380494005, 194.94331224829236], "shear_15nN-Etotal": [-4094.3554177090323, 172.27817674574376]}