{"MR-mean":22.2444,"asphericity-mean":0.287569,"balabanj-mean":3.752057,"bertzct-mean":235.064237,"chi0-mean":9.3742795,"chi0n-mean":8.6582485,"chi0v-mean":2.6582485,"chi1-mean":5.078403,"chi1n-mean":4.1582485,"chi1v-mean":1.204124,"chi2n-mean":0.6437285,"chi2v-mean":0.6437285,"chi3n-mean":0.25,"chi3v-mean":0.25,"chi4n-mean":0.125,"chi4v-mean":0.125,"e-valence-mean":30.0,"eccentricity-mean":0.911954,"hk-alpha-mean":-0.655,"hk-kappa1-mean":0.6719475,"hk-kappa2-mean":1.329072,"hk-kappa3-mean":1.0971365,"ipc-mean":635.7423995,"isf-mean":0.009871,"labuteASA-mean":42.401305,"logP-mean":1.04296,"molwt-mean":76.0418645,"molwt-hvy-mean":70.0485,"nheavy-mean":5.5,"npr1-mean":0.3986965,"npr2-mean":0.63094,"pbf-mean":0.2400245,"pc+-mean":0.5650365,"pc--mean":-0.5650365,"pmi1-mean":67.8965995,"pmi2-mean":127.1838055,"pmi3-mean":191.141842,"rbonds-mean":1.0,"rg-mean":1.5261785,"rpc+-mean":0.283087,"rpc--mean":0.4064715,"spherocity-mean":0.1746895,"tpsa-mean":18.65,"vsa+-mean":14.665371,"vsa--mean":26.265391,"vsa-fhyd-mean":0.6939325,"vsa-fneg-mean":0.5728605,"vsa-fpneg-mean":0.1751685,"vsa-fpos-mean":0.4271395,"vsa-fppos-mean":0.130899,"vsa-hyd-mean":32.278837,"vsa-polar-mean":0.3060675,"vsa-polar+-mean":3.7002525,"vsa-polar--mean":4.9516725,"MR-min":13.3098,"asphericity-min":0.219865,"balabanj-min":3.680736,"bertzct-min":94.701658,"chi0-min":6.784457,"chi0n-min":5.816497,"chi0v-min":1.816497,"chi1-min":3.48138,"chi1n-min":2.566497,"chi1v-min":0.658248,"chi2n-min":0.287457,"chi2v-min":0.287457,"chi3n-min":0.0,"chi3v-min":0.0,"chi4n-min":0.0,"chi4v-min":0.0,"e-valence-min":24.0,"eccentricity-min":0.873156,"hk-alpha-min":-0.78,"hk-kappa1-min":0.505725,"hk-kappa2-min":0.874858,"hk-kappa3-min":1.038264,"ipc-min":35.647376,"isf-min":0.007944,"labuteASA-min":29.766501,"logP-min":0.0909,"molwt-min":60.021129,"molwt-hvy-min":56.02,"nheavy-min":4.0,"npr1-min":0.309953,"npr2-min":0.560629,"pbf-min":0.131046,"pc+-min":0.395819,"pc--min":-0.734254,"pmi1-min":47.520577,"pmi2-min":54.65581,"pmi3-min":97.490082,"rbonds-min":1.0,"rg-min":1.289359,"rpc+-min":0.158026,"rpc--min":0.157266,"spherocity-min":0.060022,"tpsa-min":0.0,"vsa+-min":10.966069,"vsa--min":9.903345,"vsa-fhyd-min":0.387865,"vsa-fneg-min":0.350337,"vsa-fpneg-min":0.0,"vsa-fpos-min":0.204616,"vsa-fppos-min":0.0,"vsa-hyd-min":10.964168,"vsa-polar-min":0.0,"vsa-polar+-min":0.0,"vsa-polar--min":0.0,"MR-max":31.179,"asphericity-max":0.355273,"balabanj-max":3.823378,"bertzct-max":375.426816,"chi0-max":11.964102,"chi0n-max":11.5,"chi0v-max":3.5,"chi1-max":6.675426,"chi1n-max":5.75,"chi1v-max":1.75,"chi2n-max":1.0,"chi2v-max":1.0,"chi3n-max":0.5,"chi3v-max":0.5,"chi4n-max":0.25,"chi4v-max":0.25,"e-valence-max":36.0,"eccentricity-max":0.950752,"hk-alpha-max":-0.53,"hk-kappa1-max":0.83817,"hk-kappa2-max":1.783286,"hk-kappa3-max":1.156009,"ipc-max":1235.837423,"isf-max":0.011798,"labuteASA-max":55.036109,"logP-max":1.99502,"molwt-max":92.0626,"molwt-hvy-max":84.077,"nheavy-max":7.0,"npr1-max":0.48744,"npr2-max":0.701251,"pbf-max":0.349003,"pc+-max":0.734254,"pc--max":-0.395819,"pmi1-max":88.272622,"pmi2-max":199.711801,"pmi3-max":284.793602,"rbonds-max":1.0,"rg-max":1.762998,"rpc+-max":0.408148,"rpc--max":0.655677,"spherocity-max":0.289357,"tpsa-max":37.3,"vsa+-max":18.364673,"vsa--max":42.627437,"vsa-fhyd-max":1.0,"vsa-fneg-max":0.795384,"vsa-fpneg-max":0.350337,"vsa-fpos-max":0.649663,"vsa-fppos-max":0.261798,"vsa-hyd-max":53.593506,"vsa-polar-max":0.612135,"vsa-polar+-max":7.400505,"vsa-polar--max":9.903345,"MR-diff":17.8692,"asphericity-diff":0.135408,"balabanj-diff":0.142642,"bertzct-diff":280.725158,"chi0-diff":5.179645,"chi0n-diff":5.683503,"chi0v-diff":1.683503,"chi1-diff":3.194046,"chi1n-diff":3.183503,"chi1v-diff":1.091752,"chi2n-diff":0.712543,"chi2v-diff":0.712543,"chi3n-diff":0.5,"chi3v-diff":0.5,"chi4n-diff":0.25,"chi4v-diff":0.25,"e-valence-diff":12.0,"eccentricity-diff":0.077596,"hk-alpha-diff":0.25,"hk-kappa1-diff":0.332445,"hk-kappa2-diff":0.908428,"hk-kappa3-diff":0.117745,"ipc-diff":1200.190047,"isf-diff":0.003854,"labuteASA-diff":25.269608,"logP-diff":1.90412,"molwt-diff":32.041471,"molwt-hvy-diff":28.057,"nheavy-diff":3.0,"npr1-diff":0.177487,"npr2-diff":0.140622,"pbf-diff":0.217957,"pc+-diff":0.338435,"pc--diff":0.338435,"pmi1-diff":40.752045,"pmi2-diff":145.055991,"pmi3-diff":187.30352,"rbonds-diff":0.0,"rg-diff":0.473639,"rpc+-diff":0.250122,"rpc--diff":0.498411,"spherocity-diff":0.229335,"tpsa-diff":37.3,"vsa+-diff":7.398604,"vsa--diff":32.724092,"vsa-fhyd-diff":0.612135,"vsa-fneg-diff":0.445047,"vsa-fpneg-diff":0.350337,"vsa-fpos-diff":0.445047,"vsa-fppos-diff":0.261798,"vsa-hyd-diff":42.629338,"vsa-polar-diff":0.612135,"vsa-polar+-diff":7.400505,"vsa-polar--diff":9.903345,"hbonds":0.0}