{"shear_15nN-qq": [-227.0102627226219, 49.182318397574285], "delta_molecular_weight": 32.0863, "status": {"d244e4ac3403bbba8836461b68b4f40c-shear_25nN_grompp": 1, "d244e4ac3403bbba8836461b68b4f40c-initialize": 1, "d244e4ac3403bbba8836461b68b4f40c-top_to_mol2": 1, "d244e4ac3403bbba8836461b68b4f40c-log_interaction_energy_15nN": 1, "d244e4ac3403bbba8836461b68b4f40c-shear_15nN": 1, "d244e4ac3403bbba8836461b68b4f40c-unwrap_shear_5nN": 1, "d244e4ac3403bbba8836461b68b4f40c-get_interaction_energy_5nN": 1, "d244e4ac3403bbba8836461b68b4f40c-compress": 1, "d244e4ac3403bbba8836461b68b4f40c-minimize_grompp": 1, "d244e4ac3403bbba8836461b68b4f40c-shear_5nN_rerun": 1, "d244e4ac3403bbba8836461b68b4f40c-log_interaction_energy_5nN": 1, "d244e4ac3403bbba8836461b68b4f40c-minimize": 1, "d244e4ac3403bbba8836461b68b4f40c-log_interaction_energy_25nN": 1, "d244e4ac3403bbba8836461b68b4f40c-shear_25nN_rerun_grompp": 1, "d244e4ac3403bbba8836461b68b4f40c-log_tilt": 1, "d244e4ac3403bbba8836461b68b4f40c-calc_S2_shear": 1, "d244e4ac3403bbba8836461b68b4f40c-shear_15nN_rerun": 1, "d244e4ac3403bbba8836461b68b4f40c-unwrap_shear_15nN": 1, "d244e4ac3403bbba8836461b68b4f40c-unwrap_shear_25nN": 1, "d244e4ac3403bbba8836461b68b4f40c-shear_15nN_grompp": 1, "d244e4ac3403bbba8836461b68b4f40c-shear_15nN_rerun_grompp": 1, "d244e4ac3403bbba8836461b68b4f40c-shear_5nN_rerun_grompp": 1, "d244e4ac3403bbba8836461b68b4f40c-shear_5nN_grompp": 1, "d244e4ac3403bbba8836461b68b4f40c-get_interaction_energy_15nN": 1, "d244e4ac3403bbba8836461b68b4f40c-lammps_to_gmx": 1, "d244e4ac3403bbba8836461b68b4f40c-compress_grompp": 1, "d244e4ac3403bbba8836461b68b4f40c-calc_interdigitation": 1, "d244e4ac3403bbba8836461b68b4f40c-equilibrate_grompp": 1, "d244e4ac3403bbba8836461b68b4f40c-fix_overlaps": 1, "d244e4ac3403bbba8836461b68b4f40c-shear_5nN": 1, "d244e4ac3403bbba8836461b68b4f40c-calc_friction": 1, "d244e4ac3403bbba8836461b68b4f40c-count_hydrogen_bonds": 1, "d244e4ac3403bbba8836461b68b4f40c-shear_25nN_rerun": 1, "d244e4ac3403bbba8836461b68b4f40c-shear_25nN": 1, "d244e4ac3403bbba8836461b68b4f40c-log_cof": 1, "d244e4ac3403bbba8836461b68b4f40c-log_S2": 1, "d244e4ac3403bbba8836461b68b4f40c-calc_tilt_shear": 1, "d244e4ac3403bbba8836461b68b4f40c-get_interaction_energy_25nN": 1, "d244e4ac3403bbba8836461b68b4f40c-equilibrate": 1}, "interdigitation": {"15nN": 0.14624406494475742, "5nN": 0.13154255973191048, "25nN": 0.15373253499005504}, "intercept": 1.7299134430940253, "delta_dipole_moment": 4.81, "tilt_bottom": {"15nN": 38.00991208769132, "5nN": 34.49420050081917, "25nN": 39.49568941627148}, "S2_top": {"15nN": 0.9479276770775537, "5nN": 0.9590636565891026, "25nN": 0.9279798488541665}, "shear_25nN-Etotal": [-2282.7790325427654, 72.56909353218704], "avg_dipole_moment": 2.405, "S2_bottom": {"15nN": 0.9600373301941365, "5nN": 0.9584592708410629, "25nN": 0.9327935772487274}, "avg_molecular_weight": 61.060550000000006, "shear_15nN-lj": [-1979.5690506147082, 54.71281843435559], "tilt_top": {"15nN": 36.299540496685886, "5nN": 33.46740879474766, "25nN": 37.15956328065053}, "shear_5nN-Etotal": [-2035.3597082773783, 79.24584081881132], "shear_5nN-qq": [-257.0691042501998, 43.80085968316339], "shear_5nN-lj": [-1778.2906040271785, 58.15771741021161], "COF": 0.10935044940395912, "shear_25nN-lj": [-2087.0640818345323, 52.15715871245767], "shear_25nN-qq": [-195.7149507082334, 47.85777341083737], "shear_15nN-Etotal": [-2206.57931333733, 76.24708829049929]}