{"MR-mean":4.31795,"asphericity-mean":0.2407665,"balabanj-mean":1.9783915,"bertzct-mean":5.377444,"chi0-mean":3.1422285,"chi0n-mean":2.927731,"chi0v-mean":0.427731,"chi1-mean":1.5731325,"chi1n-mean":1.079069,"chi1v-mean":0.0,"chi2n-mean":0.0,"chi2v-mean":0.0,"chi3n-mean":0.0,"chi3v-mean":0.0,"chi4n-mean":0.0,"chi4v-mean":0.0,"e-valence-mean":8.0,"eccentricity-mean":0.879756,"hk-alpha-mean":-0.04,"hk-kappa1-mean":0.0002875,"hk-kappa2-mean":-27.04,"hk-kappa3-mean":-104.04,"ipc-mean":3.0,"isf-mean":0.758236,"labuteASA-mean":10.8629115,"logP-mean":-0.33135,"molwt-mean":17.518557,"molwt-hvy-mean":15.003,"nheavy-mean":1.0,"npr1-mean":0.450064,"npr2-mean":0.656537,"pbf-mean":0.066487,"pc+-mean":0.377718,"pc--mean":-0.377718,"pmi1-mean":1.157938,"pmi2-mean":1.570891,"pmi3-mean":2.4161535,"rbonds-mean":0.0,"rg-mean":0.380622,"rpc+-mean":0.4166665,"rpc--mean":1.0,"spherocity-mean":0.0470955,"tpsa-mean":33.25,"vsa+-mean":3.5489625,"vsa--mean":5.805187,"vsa-fhyd-mean":0.204316,"vsa-fneg-mean":0.624142,"vsa-fpneg-mean":0.624142,"vsa-fpos-mean":0.375858,"vsa-fppos-mean":0.171542,"vsa-hyd-mean":2.117763,"vsa-polar-mean":0.795684,"vsa-polar+-mean":1.4311995,"vsa-polar--mean":5.805187,"MR-min":3.6138,"asphericity-min":0.127376,"balabanj-min":1.632993,"bertzct-min":2.754888,"chi0-min":2.707107,"chi0n-min":2.408248,"chi0v-min":0.408248,"chi1-min":1.414214,"chi1n-min":0.816497,"chi1v-min":0.0,"chi2n-min":0.0,"chi2v-min":0.0,"chi3n-min":0.0,"chi3v-min":0.0,"chi4n-min":0.0,"chi4v-min":0.0,"e-valence-min":8.0,"eccentricity-min":0.80998,"hk-alpha-min":-0.04,"hk-kappa1-min":0.000175,"hk-kappa2-min":-27.04,"hk-kappa3-min":-104.04,"ipc-min":2.754888,"isf-min":0.364351,"labuteASA-min":9.832513,"logP-min":-0.8247,"molwt-min":17.026549,"molwt-hvy-min":14.007,"nheavy-min":1.0,"npr1-min":0.31367,"npr2-min":0.626744,"pbf-min":0.0,"pc+-min":0.343926,"pc--min":-0.41151,"pmi1-min":0.59571,"pmi2-min":1.303452,"pmi3-min":1.899162,"rbonds-min":0.0,"rg-min":0.324686,"rpc+-min":0.333333,"rpc--min":1.0,"spherocity-min":0.0,"tpsa-min":31.5,"vsa+-min":2.862399,"vsa--min":5.480753,"vsa-fhyd-min":0.0,"vsa-fneg-min":0.591368,"vsa-fpneg-min":0.591368,"vsa-fpos-min":0.343084,"vsa-fppos-min":0.0,"vsa-hyd-min":0.0,"vsa-polar-min":0.591368,"vsa-polar+-min":0.0,"vsa-polar--min":5.480753,"MR-max":5.0221,"asphericity-max":0.354157,"balabanj-max":2.32379,"bertzct-max":8.0,"chi0-max":3.57735,"chi0n-max":3.447214,"chi0v-max":0.447214,"chi1-max":1.732051,"chi1n-max":1.341641,"chi1v-max":0.0,"chi2n-max":0.0,"chi2v-max":0.0,"chi3n-max":0.0,"chi3v-max":0.0,"chi4n-max":0.0,"chi4v-max":0.0,"e-valence-max":8.0,"eccentricity-max":0.949532,"hk-alpha-max":-0.04,"hk-kappa1-max":0.0004,"hk-kappa2-max":-27.04,"hk-kappa3-max":-104.04,"ipc-max":3.245112,"isf-max":1.152121,"labuteASA-max":11.89331,"logP-max":0.162,"molwt-max":18.010565,"molwt-hvy-max":15.999,"nheavy-max":1.0,"npr1-max":0.586458,"npr2-max":0.68633,"pbf-max":0.132974,"pc+-max":0.41151,"pc--max":-0.343926,"pmi1-max":1.720166,"pmi2-max":1.83833,"pmi3-max":2.933145,"rbonds-max":0.0,"rg-max":0.436558,"rpc+-max":0.5,"rpc--max":1.0,"spherocity-max":0.094191,"tpsa-max":35.0,"vsa+-max":4.235526,"vsa--max":6.129621,"vsa-fhyd-max":0.408632,"vsa-fneg-max":0.656916,"vsa-fpneg-max":0.656916,"vsa-fpos-max":0.408632,"vsa-fppos-max":0.343084,"vsa-hyd-max":4.235526,"vsa-polar-max":1.0,"vsa-polar+-max":2.862399,"vsa-polar--max":6.129621,"MR-diff":1.4083,"asphericity-diff":0.226781,"balabanj-diff":0.690797,"bertzct-diff":5.245112,"chi0-diff":0.870243,"chi0n-diff":1.038966,"chi0v-diff":0.038966,"chi1-diff":0.317837,"chi1n-diff":0.525144,"chi1v-diff":0.0,"chi2n-diff":0.0,"chi2v-diff":0.0,"chi3n-diff":0.0,"chi3v-diff":0.0,"chi4n-diff":0.0,"chi4v-diff":0.0,"e-valence-diff":0.0,"eccentricity-diff":0.139552,"hk-alpha-diff":0.0,"hk-kappa1-diff":0.000225,"hk-kappa2-diff":0.0,"hk-kappa3-diff":0.0,"ipc-diff":0.490224,"isf-diff":0.78777,"labuteASA-diff":2.060797,"logP-diff":0.9867,"molwt-diff":0.984016,"molwt-hvy-diff":1.992,"nheavy-diff":0.0,"npr1-diff":0.272788,"npr2-diff":0.059586,"pbf-diff":0.132974,"pc+-diff":0.067584,"pc--diff":0.067584,"pmi1-diff":1.124456,"pmi2-diff":0.534878,"pmi3-diff":1.033983,"rbonds-diff":0.0,"rg-diff":0.111872,"rpc+-diff":0.166667,"rpc--diff":0.0,"spherocity-diff":0.094191,"tpsa-diff":3.5,"vsa+-diff":1.373127,"vsa--diff":0.648868,"vsa-fhyd-diff":0.408632,"vsa-fneg-diff":0.065548,"vsa-fpneg-diff":0.065548,"vsa-fpos-diff":0.065548,"vsa-fppos-diff":0.343084,"vsa-hyd-diff":4.235526,"vsa-polar-diff":0.408632,"vsa-polar+-diff":2.862399,"vsa-polar--diff":0.648868,"hbonds":2.0}