{"shear_15nN-qq": [-1943.2559376618706, 138.0754199497663], "delta_molecular_weight": 0.9847999999999999, "status": {"063ba3db71b23a144c5827373efec0c6-shear_15nN": 1, "063ba3db71b23a144c5827373efec0c6-log_S2": 1, "063ba3db71b23a144c5827373efec0c6-compress": 1, "063ba3db71b23a144c5827373efec0c6-log_interaction_energy_15nN": 1, "063ba3db71b23a144c5827373efec0c6-equilibrate": 1, "063ba3db71b23a144c5827373efec0c6-shear_25nN": 1, "063ba3db71b23a144c5827373efec0c6-shear_5nN": 1, "063ba3db71b23a144c5827373efec0c6-log_cof": 1, "063ba3db71b23a144c5827373efec0c6-unwrap_shear_25nN": 1, "063ba3db71b23a144c5827373efec0c6-fix_overlaps": 1, "063ba3db71b23a144c5827373efec0c6-equilibrate_grompp": 1, "063ba3db71b23a144c5827373efec0c6-shear_5nN_grompp": 1, "063ba3db71b23a144c5827373efec0c6-log_interaction_energy_5nN": 1, "063ba3db71b23a144c5827373efec0c6-calc_interdigitation": 1, "063ba3db71b23a144c5827373efec0c6-shear_15nN_grompp": 1, "063ba3db71b23a144c5827373efec0c6-shear_15nN_rerun": 1, "063ba3db71b23a144c5827373efec0c6-get_interaction_energy_25nN": 1, "063ba3db71b23a144c5827373efec0c6-shear_5nN_rerun": 1, "063ba3db71b23a144c5827373efec0c6-unwrap_shear_15nN": 1, "063ba3db71b23a144c5827373efec0c6-initialize": 1, "063ba3db71b23a144c5827373efec0c6-calc_S2_shear": 1, "063ba3db71b23a144c5827373efec0c6-shear_25nN_rerun_grompp": 1, "063ba3db71b23a144c5827373efec0c6-shear_25nN_rerun": 1, "063ba3db71b23a144c5827373efec0c6-log_tilt": 1, "063ba3db71b23a144c5827373efec0c6-get_interaction_energy_15nN": 1, "063ba3db71b23a144c5827373efec0c6-count_hydrogen_bonds": 1, "063ba3db71b23a144c5827373efec0c6-calc_tilt_shear": 1, "063ba3db71b23a144c5827373efec0c6-lammps_to_gmx": 1, "063ba3db71b23a144c5827373efec0c6-shear_25nN_grompp": 1, "063ba3db71b23a144c5827373efec0c6-shear_15nN_rerun_grompp": 1, "063ba3db71b23a144c5827373efec0c6-minimize": 1, "063ba3db71b23a144c5827373efec0c6-calc_friction": 1, "063ba3db71b23a144c5827373efec0c6-get_interaction_energy_5nN": 1, "063ba3db71b23a144c5827373efec0c6-compress_grompp": 1, "063ba3db71b23a144c5827373efec0c6-shear_5nN_rerun_grompp": 1, "063ba3db71b23a144c5827373efec0c6-top_to_mol2": 1, "063ba3db71b23a144c5827373efec0c6-log_interaction_energy_25nN": 1, "063ba3db71b23a144c5827373efec0c6-minimize_grompp": 1, "063ba3db71b23a144c5827373efec0c6-unwrap_shear_5nN": 1}, "interdigitation": {"15nN": 0.13891302848438586, "5nN": 0.12690726029036226, "25nN": 0.1233848709501355}, "avg_molecular_weight": 16.5149, "delta_dipole_moment": 0.25, "tilt_bottom": {"15nN": 39.60855626945737, "5nN": 37.80458254865273, "25nN": 41.68961896512683}, "S2_top": {"15nN": 0.9386798962574355, "5nN": 0.946335184225985, "25nN": 0.9421565962832432}, "shear_25nN-Etotal": [-3314.6749723333332, 141.3253667403617], "avg_dipole_moment": 1.755, "S2_bottom": {"15nN": 0.9570504725816397, "5nN": 0.9674497531143322, "25nN": 0.9525800423557437}, "intercept": 4.24857135950483, "shear_15nN-lj": [-1291.0789444532372, 58.833307317837075], "tilt_top": {"15nN": 38.58069945258017, "5nN": 36.117145633011134, "25nN": 40.45216065828018}, "shear_5nN-Etotal": [-3103.6982717282176, 144.31018269730706], "shear_5nN-qq": [-1922.3083613333333, 138.9831898044283], "shear_5nN-lj": [-1181.389910394884, 60.89365604555926], "COF": 0.14768531507928412, "shear_25nN-lj": [-1334.866028760192, 63.24805298570104], "shear_25nN-qq": [-1979.8089435731417, 142.87212095464622], "shear_15nN-Etotal": [-3234.3348821151076, 136.50572691605183]}