{"MR-mean":17.2714,"asphericity-mean":0.4423575,"balabanj-mean":3.3860285,"bertzct-mean":133.753097,"chi0-mean":7.3356045,"chi0n-mean":6.643106,"chi0v-mean":2.143106,"chi1-mean":4.012381,"chi1n-mean":3.150677,"chi1v-mean":0.946553,"chi2n-mean":0.469491,"chi2v-mean":0.469491,"chi3n-mean":0.2347455,"chi3v-mean":0.2347455,"chi4n-mean":0.117373,"chi4v-mean":0.117373,"e-valence-mean":25.0,"eccentricity-mean":0.9653895,"hk-alpha-mean":-0.445,"hk-kappa1-mean":0.692721,"hk-kappa2-mean":1.3474835,"hk-kappa3-mean":-13.0202115,"ipc-mean":214.239581,"isf-mean":0.1221,"labuteASA-mean":33.930914,"logP-mean":0.7171,"molwt-mean":64.0318715,"molwt-hvy-mean":59.537,"nheavy-mean":4.5,"npr1-mean":0.2542785,"npr2-mean":0.8280685,"pbf-mean":0.1757915,"pc+-mean":0.420036,"pc--mean":-0.420036,"pmi1-mean":46.195129,"pmi2-mean":108.0691025,"pmi3-mean":152.5653555,"rbonds-mean":0.5,"rg-mean":1.2776795,"rpc+-mean":0.4015795,"rpc--mean":0.7350055,"spherocity-mean":0.291727,"tpsa-mean":10.115,"vsa+-mean":12.626221,"vsa--mean":19.855658,"vsa-fhyd-mean":0.7687155,"vsa-fneg-mean":0.5103785,"vsa-fpneg-mean":0.190833,"vsa-fpos-mean":0.4896215,"vsa-fppos-mean":0.0404515,"vsa-hyd-mean":27.0166675,"vsa-polar-mean":0.2312845,"vsa-polar+-mean":0.7156,"vsa-polar--mean":4.7496115,"MR-min":8.1428,"asphericity-min":0.357873,"balabanj-min":3.16849,"bertzct-min":37.302969,"chi0-min":5.207107,"chi0n-min":4.908248,"chi0v-min":0.908248,"chi1-min":2.56066,"chi1n-min":2.112372,"chi1v-min":0.204124,"chi2n-min":0.0,"chi2v-min":0.0,"chi3n-min":0.0,"chi3v-min":0.0,"chi4n-min":0.0,"chi4v-min":0.0,"e-valence-min":14.0,"eccentricity-min":0.950614,"hk-alpha-min":-0.85,"hk-kappa1-min":0.073424,"hk-kappa2-min":0.96,"hk-kappa3-min":-27.04,"ipc-min":12.164797,"isf-min":0.00781,"labuteASA-min":19.240037,"logP-min":-0.3915,"molwt-min":32.026215,"molwt-hvy-min":28.01,"nheavy-min":2.0,"npr1-min":0.198182,"npr2-min":0.689625,"pbf-min":0.000001,"pc+-min":0.39963,"pc--min":-0.440442,"pmi1-min":4.088636,"pmi2-min":19.939842,"pmi3-min":20.630726,"rbonds-min":0.0,"rg-min":0.834797,"rpc+-min":0.2786,"rpc--min":0.470011,"spherocity-min":0.0,"tpsa-min":0.0,"vsa+-min":12.581428,"vsa--min":5.108808,"vsa-fhyd-min":0.630304,"vsa-fneg-min":0.288793,"vsa-fpneg-min":0.092873,"vsa-fpos-min":0.268036,"vsa-fppos-min":0.0,"vsa-hyd-min":11.150228,"vsa-polar-min":0.092873,"vsa-polar+-min":0.0,"vsa-polar--min":4.390415,"MR-max":26.4,"asphericity-max":0.526842,"balabanj-max":3.603567,"bertzct-max":230.203225,"chi0-max":9.464102,"chi0n-max":8.377964,"chi0v-max":3.377964,"chi1-max":5.464102,"chi1n-max":4.188982,"chi1v-max":1.688982,"chi2n-max":0.938982,"chi2v-max":0.938982,"chi3n-max":0.469491,"chi3v-max":0.469491,"chi4n-max":0.234746,"chi4v-max":0.234746,"e-valence-max":36.0,"eccentricity-max":0.980165,"hk-alpha-max":-0.04,"hk-kappa1-max":1.312018,"hk-kappa2-max":1.734967,"hk-kappa3-max":0.999577,"ipc-max":416.314365,"isf-max":0.23639,"labuteASA-max":48.621791,"logP-max":1.8257,"molwt-max":96.037528,"molwt-hvy-max":91.064,"nheavy-max":7.0,"npr1-max":0.310375,"npr2-max":0.966512,"pbf-max":0.351582,"pc+-max":0.440442,"pc--max":-0.39963,"pmi1-max":88.301622,"pmi2-max":196.198363,"pmi3-max":284.499985,"rbonds-max":1.0,"rg-max":1.720562,"rpc+-max":0.524559,"rpc--max":1.0,"spherocity-max":0.583454,"tpsa-max":20.23,"vsa+-max":12.671014,"vsa--max":34.602508,"vsa-fhyd-max":0.907127,"vsa-fneg-max":0.731964,"vsa-fpneg-max":0.288793,"vsa-fpos-max":0.711207,"vsa-fppos-max":0.080903,"vsa-hyd-max":42.883107,"vsa-polar-max":0.369696,"vsa-polar+-max":1.4312,"vsa-polar--max":5.108808,"MR-diff":18.2572,"asphericity-diff":0.168969,"balabanj-diff":0.435077,"bertzct-diff":192.900256,"chi0-diff":4.256995,"chi0n-diff":3.469716,"chi0v-diff":2.469716,"chi1-diff":2.903442,"chi1n-diff":2.07661,"chi1v-diff":1.484858,"chi2n-diff":0.938982,"chi2v-diff":0.938982,"chi3n-diff":0.469491,"chi3v-diff":0.469491,"chi4n-diff":0.234746,"chi4v-diff":0.234746,"e-valence-diff":22.0,"eccentricity-diff":0.029551,"hk-alpha-diff":0.81,"hk-kappa1-diff":1.238594,"hk-kappa2-diff":0.774967,"hk-kappa3-diff":28.039577,"ipc-diff":404.149568,"isf-diff":0.22858,"labuteASA-diff":29.381754,"logP-diff":2.2172,"molwt-diff":64.011313,"molwt-hvy-diff":63.054,"nheavy-diff":5.0,"npr1-diff":0.112193,"npr2-diff":0.276887,"pbf-diff":0.351581,"pc+-diff":0.040812,"pc--diff":0.040812,"pmi1-diff":84.212986,"pmi2-diff":176.258521,"pmi3-diff":263.869259,"rbonds-diff":1.0,"rg-diff":0.885765,"rpc+-diff":0.245959,"rpc--diff":0.529989,"spherocity-diff":0.583454,"tpsa-diff":20.23,"vsa+-diff":0.089586,"vsa--diff":29.4937,"vsa-fhyd-diff":0.276823,"vsa-fneg-diff":0.443171,"vsa-fpneg-diff":0.19592,"vsa-fpos-diff":0.443171,"vsa-fppos-diff":0.080903,"vsa-hyd-diff":31.732879,"vsa-polar-diff":0.276823,"vsa-polar+-diff":1.4312,"vsa-polar--diff":0.718393,"hbonds":0.0}