{"avg_dipole_moment": 1.855, "max_dipole_moment": 2.03, "min_dipole_moment": 1.68, "max_molecular_weight": 95.0942, "shear_5nN-qq": [-128.6623828984812, 25.941876038672127], "intercept": 1.490014358831095, "shear_15nN-qq": [-154.727803048761, 29.30726290383535], "min_molecular_weight": 31.0338, "delta_molecular_weight": 64.0604, "ch3-smiles-2": "COC", "chain-smiles-2": "CCCCCCCCCCCCCCCCCOC", "tilt_bottom": {"25nN": 38.063359854611576, "5nN": 31.920254911888758, "15nN": 36.353746425917805}, "interdigitation": {"25nN": 0.1604779576503335, "5nN": 0.15384750278601955, "15nN": 0.18792200211943969}, "tilt_top": {"25nN": 41.26428023059265, "5nN": 36.45194589227701, "15nN": 38.146817580806015}, "shear_15nN-lj": [-1669.0239267521981, 52.45246388247865], "h-smiles-1": "C1=CC=C(F)C=C1", "S2_top": {"25nN": 0.9372734715491312, "5nN": 0.9526854286252642, "15nN": 0.9299754026250125}, "S2_bottom": {"25nN": 0.9192424521599641, "5nN": 0.9206250028267984, "15nN": 0.9397553173092226}, "h-smiles-2": "OC", "shear_25nN-qq": [-166.64488413908873, 28.81077146878628], "COF": 0.13759835111749513, "shear_25nN-lj": [-1721.1361471342927, 48.99735255574428], "ch3-smiles-1": "CC1=CC=C(F)C=C1", "shear_15nN-Etotal": [-1823.7517298009593, 65.07250524012572], "shear_5nN-Etotal": [-1545.7145903445244, 65.46349508906684], "shear_25nN-Etotal": [-1887.7810312733814, 59.75951472583266], "avg_molecular_weight": 63.064, "shear_5nN-lj": [-1417.0522074460432, 52.347716853460085], "delta_dipole_moment": 0.34999999999999987, "status": {"cad1c53519ed35e9dfcdd54bb3480ef0-top_to_mol2": 1, "cad1c53519ed35e9dfcdd54bb3480ef0-shear_5nN_rerun": 1, "cad1c53519ed35e9dfcdd54bb3480ef0-shear_5nN_grompp": 1, "cad1c53519ed35e9dfcdd54bb3480ef0-compress": 1, "cad1c53519ed35e9dfcdd54bb3480ef0-calc_tilt_shear": 1, "cad1c53519ed35e9dfcdd54bb3480ef0-shear_25nN_rerun_grompp": 1, "cad1c53519ed35e9dfcdd54bb3480ef0-shear_15nN_rerun_grompp": 1, "cad1c53519ed35e9dfcdd54bb3480ef0-log_interaction_energy_5nN": 1, "cad1c53519ed35e9dfcdd54bb3480ef0-unwrap_shear_5nN": 1, "cad1c53519ed35e9dfcdd54bb3480ef0-log_tilt": 1, "cad1c53519ed35e9dfcdd54bb3480ef0-equilibrate_grompp": 1, "cad1c53519ed35e9dfcdd54bb3480ef0-get_interaction_energy_5nN": 1, "cad1c53519ed35e9dfcdd54bb3480ef0-calc_interdigitation": 1, "cad1c53519ed35e9dfcdd54bb3480ef0-unwrap_shear_25nN": 1, "cad1c53519ed35e9dfcdd54bb3480ef0-log_interaction_energy_25nN": 1, "cad1c53519ed35e9dfcdd54bb3480ef0-shear_15nN_grompp": 1, "cad1c53519ed35e9dfcdd54bb3480ef0-shear_15nN_rerun": 1, "cad1c53519ed35e9dfcdd54bb3480ef0-fix_overlaps": 1, "cad1c53519ed35e9dfcdd54bb3480ef0-log_cof": 1, "cad1c53519ed35e9dfcdd54bb3480ef0-shear_25nN_grompp": 1, "cad1c53519ed35e9dfcdd54bb3480ef0-minimize": 1, "cad1c53519ed35e9dfcdd54bb3480ef0-log_interaction_energy_15nN": 1, "cad1c53519ed35e9dfcdd54bb3480ef0-lammps_to_gmx": 1, "cad1c53519ed35e9dfcdd54bb3480ef0-compress_grompp": 1, "cad1c53519ed35e9dfcdd54bb3480ef0-minimize_grompp": 1, "cad1c53519ed35e9dfcdd54bb3480ef0-calc_friction": 1, "cad1c53519ed35e9dfcdd54bb3480ef0-shear_5nN": 1, "cad1c53519ed35e9dfcdd54bb3480ef0-get_interaction_energy_25nN": 1, "cad1c53519ed35e9dfcdd54bb3480ef0-calc_S2_shear": 1, "cad1c53519ed35e9dfcdd54bb3480ef0-unwrap_shear_15nN": 1, "cad1c53519ed35e9dfcdd54bb3480ef0-shear_5nN_rerun_grompp": 1, "cad1c53519ed35e9dfcdd54bb3480ef0-log_S2": 1, "cad1c53519ed35e9dfcdd54bb3480ef0-shear_15nN": 1, "cad1c53519ed35e9dfcdd54bb3480ef0-initialize": 1, "cad1c53519ed35e9dfcdd54bb3480ef0-shear_25nN": 1, "cad1c53519ed35e9dfcdd54bb3480ef0-shear_25nN_rerun": 1, "cad1c53519ed35e9dfcdd54bb3480ef0-get_interaction_energy_15nN": 1, "cad1c53519ed35e9dfcdd54bb3480ef0-equilibrate": 1}, "chain-smiles-1": "CCCCCCCCCCCCCCCCCC1=CC=C(F)C=C1"}