{"shear_15nN-qq": [-975.8987820039969, 83.68555306311403], "tilt_bottom": {"25nN": 41.39398392306263, "5nN": 36.35106373275475, "15nN": 39.093596317078045}, "delta_molecular_weight": 26.0372, "status": {"9a3a7880b5ec56e089ee9ceac6c6fdf7-shear_5nN_grompp": 1, "9a3a7880b5ec56e089ee9ceac6c6fdf7-calc_S2_shear": 1, "9a3a7880b5ec56e089ee9ceac6c6fdf7-shear_25nN_rerun": 1, "9a3a7880b5ec56e089ee9ceac6c6fdf7-equilibrate_grompp": 1, "9a3a7880b5ec56e089ee9ceac6c6fdf7-get_interaction_energy_5nN": 1, "9a3a7880b5ec56e089ee9ceac6c6fdf7-log_interaction_energy_25nN": 1, "9a3a7880b5ec56e089ee9ceac6c6fdf7-shear_25nN_grompp": 1, "9a3a7880b5ec56e089ee9ceac6c6fdf7-log_tilt": 1, "9a3a7880b5ec56e089ee9ceac6c6fdf7-shear_5nN_rerun": 1, "9a3a7880b5ec56e089ee9ceac6c6fdf7-minimize_grompp": 1, "9a3a7880b5ec56e089ee9ceac6c6fdf7-calc_friction": 1, "9a3a7880b5ec56e089ee9ceac6c6fdf7-shear_15nN_rerun": 1, "9a3a7880b5ec56e089ee9ceac6c6fdf7-log_interaction_energy_15nN": 1, "9a3a7880b5ec56e089ee9ceac6c6fdf7-shear_15nN_rerun_grompp": 1, "9a3a7880b5ec56e089ee9ceac6c6fdf7-unwrap_shear_25nN": 1, "9a3a7880b5ec56e089ee9ceac6c6fdf7-compress_grompp": 1, "9a3a7880b5ec56e089ee9ceac6c6fdf7-compress": 1, "9a3a7880b5ec56e089ee9ceac6c6fdf7-top_to_mol2": 1, "9a3a7880b5ec56e089ee9ceac6c6fdf7-count_hydrogen_bonds": 1, "9a3a7880b5ec56e089ee9ceac6c6fdf7-shear_5nN_rerun_grompp": 1, "9a3a7880b5ec56e089ee9ceac6c6fdf7-lammps_to_gmx": 1, "9a3a7880b5ec56e089ee9ceac6c6fdf7-log_interaction_energy_5nN": 1, "9a3a7880b5ec56e089ee9ceac6c6fdf7-shear_25nN_rerun_grompp": 1, "9a3a7880b5ec56e089ee9ceac6c6fdf7-get_interaction_energy_25nN": 1, "9a3a7880b5ec56e089ee9ceac6c6fdf7-calc_tilt_shear": 1, "9a3a7880b5ec56e089ee9ceac6c6fdf7-shear_5nN": 1, "9a3a7880b5ec56e089ee9ceac6c6fdf7-unwrap_shear_5nN": 1, "9a3a7880b5ec56e089ee9ceac6c6fdf7-equilibrate": 1, "9a3a7880b5ec56e089ee9ceac6c6fdf7-shear_25nN": 1, "9a3a7880b5ec56e089ee9ceac6c6fdf7-calc_interdigitation": 1, "9a3a7880b5ec56e089ee9ceac6c6fdf7-log_S2": 1, "9a3a7880b5ec56e089ee9ceac6c6fdf7-get_interaction_energy_15nN": 1, "9a3a7880b5ec56e089ee9ceac6c6fdf7-shear_15nN": 1, "9a3a7880b5ec56e089ee9ceac6c6fdf7-unwrap_shear_15nN": 1, "9a3a7880b5ec56e089ee9ceac6c6fdf7-fix_overlaps": 1, "9a3a7880b5ec56e089ee9ceac6c6fdf7-initialize": 1, "9a3a7880b5ec56e089ee9ceac6c6fdf7-shear_15nN_grompp": 1, "9a3a7880b5ec56e089ee9ceac6c6fdf7-minimize": 1, "9a3a7880b5ec56e089ee9ceac6c6fdf7-log_cof": 1}, "interdigitation": {"25nN": 0.1180479680895796, "5nN": 0.09784114607448256, "15nN": 0.10311590251009113}, "avg_molecular_weight": 30.0259, "delta_dipole_moment": 1.2800000000000002, "S2_top": {"25nN": 0.9531257447467396, "5nN": 0.954465768217934, "15nN": 0.9400255261421896}, "shear_25nN-Etotal": [-2714.720668995204, 103.30108853355303], "shear_5nN-Etotal": [-2304.106370633094, 96.05809501991881], "S2_bottom": {"25nN": 0.9769803068548829, "5nN": 0.9750535118385918, "15nN": 0.9760953165928606}, "intercept": 2.0271759224352746, "shear_15nN-lj": [-1619.3395162853717, 50.42767894694283], "tilt_top": {"25nN": 40.30270389659118, "5nN": 35.90865507297988, "15nN": 38.425723732230885}, "avg_dipole_moment": 2.52, "shear_5nN-qq": [-872.7729387410071, 78.62906478878641], "shear_5nN-lj": [-1431.3334318920863, 49.502322034086355], "COF": 0.15047709568740122, "shear_25nN-lj": [-1685.2378242030377, 52.34279065238781], "shear_25nN-qq": [-1029.4828447921664, 92.66845835054023], "shear_15nN-Etotal": [-2595.2382982893682, 99.78195059126583]}