{"MR-mean":16.7225,"asphericity-mean":0.2845665,"balabanj-mean":4.644572,"bertzct-mean":120.902448,"chi0-mean":9.8535535,"chi0n-mean":9.704124,"chi0v-mean":1.704124,"chi1-mean":4.7285535,"chi1n-mean":4.579124,"chi1v-mean":0.579124,"chi2n-mean":0.238531,"chi2v-mean":0.238531,"chi3n-mean":0.0,"chi3v-mean":0.0,"chi4n-mean":0.0,"chi4v-mean":0.0,"e-valence-mean":23.0,"eccentricity-mean":0.893874,"hk-alpha-mean":-0.02,"hk-kappa1-mean":0.196241,"hk-kappa2-mean":1.6466665,"hk-kappa3-mean":0.98,"ipc-mean":169.758126,"isf-mean":0.036204,"labuteASA-mean":35.2656715,"logP-mean":0.96245,"molwt-mean":52.0600575,"molwt-hvy-mean":44.0325,"nheavy-mean":3.5,"npr1-mean":0.4133615,"npr2-mean":0.728681,"pbf-mean":0.5488165,"pc+-mean":0.313513,"pc--mean":-0.313513,"pmi1-mean":38.373376,"pmi2-mean":55.905997,"pmi3-mean":82.0202235,"rbonds-mean":1.0,"rg-mean":1.272272,"rpc+-mean":0.1297835,"rpc--mean":0.631823,"spherocity-mean":0.4377885,"tpsa-mean":4.615,"vsa+-mean":18.004021,"vsa--mean":15.5932485,"vsa-fhyd-mean":0.9124015,"vsa-fneg-mean":0.4169245,"vsa-fpneg-mean":0.0875985,"vsa-fpos-mean":0.5830755,"vsa-fppos-mean":0.0,"vsa-hyd-mean":31.228838,"vsa-polar-mean":0.0875985,"vsa-polar+-mean":0.0,"vsa-polar--mean":2.3684315,"MR-min":12.933,"asphericity-min":0.149795,"balabanj-min":3.746418,"bertzct-min":76.211433,"chi0-min":7.707107,"chi0n-min":7.408248,"chi0v-min":1.408248,"chi1-min":3.707107,"chi1n-min":3.408248,"chi1v-min":0.408248,"chi2n-min":0.102062,"chi2v-min":0.102062,"chi3n-min":0.0,"chi3v-min":0.0,"chi4n-min":0.0,"chi4v-min":0.0,"e-valence-min":20.0,"eccentricity-min":0.821027,"hk-alpha-min":-0.04,"hk-kappa1-min":0.179464,"hk-kappa2-min":1.333333,"hk-kappa3-min":0.0,"ipc-min":27.435741,"isf-min":0.009403,"labuteASA-min":28.647561,"logP-min":0.2626,"molwt-min":46.041865,"molwt-hvy-min":40.021,"nheavy-min":3.0,"npr1-min":0.255834,"npr2-min":0.59261,"pbf-min":0.523298,"pc+-min":0.239098,"pc--min":-0.387928,"pmi1-min":13.725039,"pmi2-min":46.392433,"pmi3-min":53.648263,"rbonds-min":0.0,"rg-min":1.111185,"rpc+-min":0.123042,"rpc--min":0.263646,"spherocity-min":0.425175,"tpsa-min":0.0,"vsa+-min":13.707586,"vsa--min":4.736863,"vsa-fhyd-min":0.824803,"vsa-fneg-min":0.175197,"vsa-fpneg-min":0.0,"vsa-fpos-min":0.341348,"vsa-fppos-min":0.0,"vsa-hyd-min":22.300456,"vsa-polar-min":0.0,"vsa-polar+-min":0.0,"vsa-polar--min":0.0,"MR-max":20.512,"asphericity-max":0.419338,"balabanj-max":5.542726,"bertzct-max":165.593463,"chi0-max":12.0,"chi0n-max":12.0,"chi0v-max":2.0,"chi1-max":5.75,"chi1n-max":5.75,"chi1v-max":0.75,"chi2n-max":0.375,"chi2v-max":0.375,"chi3n-max":0.0,"chi3v-max":0.0,"chi4n-max":0.0,"chi4v-max":0.0,"e-valence-max":26.0,"eccentricity-max":0.966721,"hk-alpha-max":0.0,"hk-kappa1-max":0.213018,"hk-kappa2-max":1.96,"hk-kappa3-max":1.96,"ipc-max":312.080511,"isf-max":0.063005,"labuteASA-max":41.883782,"logP-max":1.6623,"molwt-max":58.07825,"molwt-hvy-max":48.044,"nheavy-max":4.0,"npr1-max":0.570889,"npr2-max":0.864752,"pbf-max":0.574335,"pc+-max":0.387928,"pc--max":-0.239098,"pmi1-max":63.021713,"pmi2-max":65.419561,"pmi3-max":110.392184,"rbonds-max":2.0,"rg-max":1.433359,"rpc+-max":0.136525,"rpc--max":1.0,"spherocity-max":0.450402,"tpsa-max":9.23,"vsa+-max":22.300456,"vsa--max":26.449634,"vsa-fhyd-max":1.0,"vsa-fneg-max":0.658652,"vsa-fpneg-max":0.175197,"vsa-fpos-max":0.824803,"vsa-fppos-max":0.0,"vsa-hyd-max":40.15722,"vsa-polar-max":0.175197,"vsa-polar+-max":0.0,"vsa-polar--max":4.736863,"MR-diff":7.579,"asphericity-diff":0.269543,"balabanj-diff":1.796308,"bertzct-diff":89.38203,"chi0-diff":4.292893,"chi0n-diff":4.591752,"chi0v-diff":0.591752,"chi1-diff":2.042893,"chi1n-diff":2.341752,"chi1v-diff":0.341752,"chi2n-diff":0.272938,"chi2v-diff":0.272938,"chi3n-diff":0.0,"chi3v-diff":0.0,"chi4n-diff":0.0,"chi4v-diff":0.0,"e-valence-diff":6.0,"eccentricity-diff":0.145694,"hk-alpha-diff":0.04,"hk-kappa1-diff":0.033554,"hk-kappa2-diff":0.626667,"hk-kappa3-diff":1.96,"ipc-diff":284.64477,"isf-diff":0.053602,"labuteASA-diff":13.236221,"logP-diff":1.3997,"molwt-diff":12.036385,"molwt-hvy-diff":8.023,"nheavy-diff":1.0,"npr1-diff":0.315055,"npr2-diff":0.272142,"pbf-diff":0.051037,"pc+-diff":0.14883,"pc--diff":0.14883,"pmi1-diff":49.296674,"pmi2-diff":19.027128,"pmi3-diff":56.743921,"rbonds-diff":2.0,"rg-diff":0.322174,"rpc+-diff":0.013483,"rpc--diff":0.736354,"spherocity-diff":0.025227,"tpsa-diff":9.23,"vsa+-diff":8.59287,"vsa--diff":21.712771,"vsa-fhyd-diff":0.175197,"vsa-fneg-diff":0.483455,"vsa-fpneg-diff":0.175197,"vsa-fpos-diff":0.483455,"vsa-fppos-diff":0.0,"vsa-hyd-diff":17.856764,"vsa-polar-diff":0.175197,"vsa-polar+-diff":0.0,"vsa-polar--diff":4.736863,"hbonds":0.0}