{"shear_15nN-qq": [25.31451640127898, 10.207754647058819], "delta_molecular_weight": 12.053600000000003, "tilt_bottom": {"25nN": 39.62945004566871, "5nN": 33.66556602310783, "15nN": 37.907035818811245}, "interdigitation": {"25nN": 0.11811003165430382, "5nN": 0.10018971722944098, "15nN": 0.10552719116352388}, "avg_molecular_weight": 37.0606, "delta_dipole_moment": 1.67, "S2_top": {"25nN": 0.9550013545830079, "5nN": 0.9643603691340275, "15nN": 0.9651454413319659}, "shear_25nN-Etotal": [-1549.2123106051158, 48.90845183112261], "shear_5nN-Etotal": [-1253.3936653764988, 49.12726932517432], "S2_bottom": {"25nN": 0.9690517291464819, "5nN": 0.9662450413146936, "15nN": 0.9725202280774154}, "status": {"d446422b5abc5c55adebd90d44ea4310-shear_15nN_grompp": 1, "d446422b5abc5c55adebd90d44ea4310-shear_5nN_rerun_grompp": 1, "d446422b5abc5c55adebd90d44ea4310-shear_5nN_rerun": 1, "d446422b5abc5c55adebd90d44ea4310-shear_15nN_rerun": 1, "d446422b5abc5c55adebd90d44ea4310-calc_tilt_shear": 1, "d446422b5abc5c55adebd90d44ea4310-get_interaction_energy_15nN": 1, "d446422b5abc5c55adebd90d44ea4310-log_interaction_energy_5nN": 1, "d446422b5abc5c55adebd90d44ea4310-log_cof": 1, "d446422b5abc5c55adebd90d44ea4310-shear_25nN_grompp": 1, "d446422b5abc5c55adebd90d44ea4310-initialize": 1, "d446422b5abc5c55adebd90d44ea4310-fix_overlaps": 1, "d446422b5abc5c55adebd90d44ea4310-minimize_grompp": 1, "d446422b5abc5c55adebd90d44ea4310-shear_25nN": 1, "d446422b5abc5c55adebd90d44ea4310-top_to_mol2": 1, "d446422b5abc5c55adebd90d44ea4310-calc_S2_shear": 1, "d446422b5abc5c55adebd90d44ea4310-unwrap_shear_5nN": 1, "d446422b5abc5c55adebd90d44ea4310-shear_25nN_rerun_grompp": 1, "d446422b5abc5c55adebd90d44ea4310-log_interaction_energy_25nN": 1, "d446422b5abc5c55adebd90d44ea4310-calc_friction": 1, "d446422b5abc5c55adebd90d44ea4310-log_tilt": 1, "d446422b5abc5c55adebd90d44ea4310-log_S2": 1, "d446422b5abc5c55adebd90d44ea4310-shear_5nN": 1, "d446422b5abc5c55adebd90d44ea4310-compress": 1, "d446422b5abc5c55adebd90d44ea4310-get_interaction_energy_5nN": 1, "d446422b5abc5c55adebd90d44ea4310-equilibrate": 1, "d446422b5abc5c55adebd90d44ea4310-calc_interdigitation": 1, "d446422b5abc5c55adebd90d44ea4310-shear_5nN_grompp": 1, "d446422b5abc5c55adebd90d44ea4310-shear_25nN_rerun": 1, "d446422b5abc5c55adebd90d44ea4310-lammps_to_gmx": 1, "d446422b5abc5c55adebd90d44ea4310-log_interaction_energy_15nN": 1, "d446422b5abc5c55adebd90d44ea4310-compress_grompp": 1, "d446422b5abc5c55adebd90d44ea4310-get_interaction_energy_25nN": 1, "d446422b5abc5c55adebd90d44ea4310-shear_15nN": 1, "d446422b5abc5c55adebd90d44ea4310-minimize": 1, "d446422b5abc5c55adebd90d44ea4310-unwrap_shear_15nN": 1, "d446422b5abc5c55adebd90d44ea4310-unwrap_shear_25nN": 1, "d446422b5abc5c55adebd90d44ea4310-shear_15nN_rerun_grompp": 1, "d446422b5abc5c55adebd90d44ea4310-equilibrate_grompp": 1}, "intercept": 0.6848000677763597, "shear_15nN-lj": [-1469.928623893685, 44.938439284685366], "tilt_top": {"25nN": 40.323384205144144, "5nN": 35.84308639889221, "15nN": 38.80637670848612}, "avg_dipole_moment": 0.845, "shear_5nN-qq": [-0.5514789744204636, 8.087794087383351], "shear_5nN-lj": [-1252.8421864020784, 49.51914781131764], "COF": 0.14088535647366554, "shear_25nN-lj": [-1597.2500516171062, 49.2419056468594], "shear_25nN-qq": [48.037741011990406, 11.109501922414639], "shear_15nN-Etotal": [-1444.6141074924062, 44.00357709263673]}