{"shear_15nN-qq": [60.847344853717026, 13.992789326551419], "delta_molecular_weight": 51.04670000000001, "status": {"9b2a49282299dc4e018a55cde078f445-lammps_to_gmx": 1, "9b2a49282299dc4e018a55cde078f445-unwrap_shear_5nN": 1, "9b2a49282299dc4e018a55cde078f445-shear_25nN": 1, "9b2a49282299dc4e018a55cde078f445-fix_overlaps": 1, "9b2a49282299dc4e018a55cde078f445-shear_15nN": 1, "9b2a49282299dc4e018a55cde078f445-unwrap_shear_25nN": 1, "9b2a49282299dc4e018a55cde078f445-initialize": 1, "9b2a49282299dc4e018a55cde078f445-shear_15nN_grompp": 1, "9b2a49282299dc4e018a55cde078f445-calc_friction": 1, "9b2a49282299dc4e018a55cde078f445-get_interaction_energy_25nN": 1, "9b2a49282299dc4e018a55cde078f445-equilibrate": 1, "9b2a49282299dc4e018a55cde078f445-shear_15nN_rerun_grompp": 1, "9b2a49282299dc4e018a55cde078f445-calc_tilt_shear": 1, "9b2a49282299dc4e018a55cde078f445-minimize": 1, "9b2a49282299dc4e018a55cde078f445-get_interaction_energy_5nN": 1, "9b2a49282299dc4e018a55cde078f445-shear_5nN_rerun": 1, "9b2a49282299dc4e018a55cde078f445-shear_25nN_rerun_grompp": 1, "9b2a49282299dc4e018a55cde078f445-log_S2": 1, "9b2a49282299dc4e018a55cde078f445-shear_25nN_grompp": 1, "9b2a49282299dc4e018a55cde078f445-log_cof": 1, "9b2a49282299dc4e018a55cde078f445-log_interaction_energy_15nN": 1, "9b2a49282299dc4e018a55cde078f445-calc_interdigitation": 1, "9b2a49282299dc4e018a55cde078f445-log_interaction_energy_25nN": 1, "9b2a49282299dc4e018a55cde078f445-log_interaction_energy_5nN": 1, "9b2a49282299dc4e018a55cde078f445-top_to_mol2": 1, "9b2a49282299dc4e018a55cde078f445-shear_5nN_rerun_grompp": 1, "9b2a49282299dc4e018a55cde078f445-equilibrate_grompp": 1, "9b2a49282299dc4e018a55cde078f445-log_tilt": 1, "9b2a49282299dc4e018a55cde078f445-get_interaction_energy_15nN": 1, "9b2a49282299dc4e018a55cde078f445-unwrap_shear_15nN": 1, "9b2a49282299dc4e018a55cde078f445-shear_25nN_rerun": 1, "9b2a49282299dc4e018a55cde078f445-compress_grompp": 1, "9b2a49282299dc4e018a55cde078f445-minimize_grompp": 1, "9b2a49282299dc4e018a55cde078f445-shear_5nN": 1, "9b2a49282299dc4e018a55cde078f445-shear_5nN_grompp": 1, "9b2a49282299dc4e018a55cde078f445-shear_15nN_rerun": 1, "9b2a49282299dc4e018a55cde078f445-compress": 1, "9b2a49282299dc4e018a55cde078f445-calc_S2_shear": 1}, "interdigitation": {"25nN": 0.11052169706714828, "5nN": 0.10369714162516061, "15nN": 0.10664094367573677}, "intercept": 1.0188818486606523, "delta_dipole_moment": 2.89, "tilt_bottom": {"25nN": 39.31826616675624, "5nN": 35.52240812179076, "15nN": 38.617445889414526}, "S2_top": {"25nN": 0.9689898483033058, "5nN": 0.9671080519250301, "15nN": 0.9639204492227266}, "shear_25nN-Etotal": [-1656.6640933621102, 50.400555029136605], "avg_dipole_moment": 1.445, "S2_bottom": {"25nN": 0.9427219959192399, "5nN": 0.9683437902547605, "15nN": 0.9695947015744009}, "avg_molecular_weight": 40.557750000000006, "shear_15nN-lj": [-1609.193021370104, 50.59699350913325], "tilt_top": {"25nN": 40.22987294137733, "5nN": 34.46262930612464, "15nN": 37.426778548999216}, "shear_5nN-Etotal": [-1359.868821407674, 62.03607921809505], "shear_5nN-qq": [23.661839893685055, 17.487322068672118], "shear_5nN-lj": [-1383.5306613013588, 61.425858392885964], "COF": 0.1313951371837544, "shear_25nN-lj": [-1744.3168680959234, 50.525127177703794], "shear_25nN-qq": [87.65277473381295, 14.296881093551894], "shear_15nN-Etotal": [-1548.3456765163871, 49.39114376466523]}