{"avg_dipole_moment": 4.154999999999999, "max_dipole_moment": 6.22, "min_dipole_moment": 2.09, "max_molecular_weight": 122.1013, "shear_5nN-qq": [-103.28821521902478, 21.193124688411103], "intercept": 1.3678586791849912, "shear_15nN-qq": [-127.60460479216624, 23.62075580373539], "min_molecular_weight": 69.0059, "delta_molecular_weight": 53.0954, "ch3-smiles-2": "CC(F)(F)F", "chain-smiles-2": "CCCCCCCCCCCCCCCCCC(F)(F)F", "tilt_bottom": {"25nN": 35.956131522480476, "5nN": 30.250197274484627, "15nN": 34.35375199785173}, "interdigitation": {"25nN": 0.17305833585419442, "5nN": 0.17403845679304583, "15nN": 0.1642208147277383}, "tilt_top": {"25nN": 41.04413016209939, "5nN": 36.15820110705568, "15nN": 38.67154489290364}, "shear_15nN-lj": [-1680.5656911982412, 54.52380641974176], "h-smiles-1": "C1=CC=C([N+](=O)[O-])C=C1", "S2_top": {"25nN": 0.9368749403258089, "5nN": 0.9672870077668148, "15nN": 0.9400937542920551}, "S2_bottom": {"25nN": 0.9219375368951241, "5nN": 0.9473173213181109, "15nN": 0.9461188711929497}, "h-smiles-2": "C(F)(F)F", "shear_25nN-qq": [-153.58010396243006, 24.234653480611172], "COF": 0.12553252343146357, "shear_25nN-lj": [-1785.5523471742604, 55.2953314326505], "ch3-smiles-1": "CC1=CC=C([N+](=O)[O-])C=C1", "shear_15nN-Etotal": [-1808.1702959904076, 64.81279710144383], "shear_5nN-Etotal": [-1595.394395605116, 72.47729125817322], "shear_25nN-Etotal": [-1939.1324511366906, 65.36309377068784], "avg_molecular_weight": 95.55359999999999, "shear_5nN-lj": [-1492.1061803860912, 60.88731046186557], "delta_dipole_moment": 4.13, "status": {"2a1c78e378f829a2962859059e512a8d-shear_15nN_rerun": 1, "2a1c78e378f829a2962859059e512a8d-fix_overlaps": 1, "2a1c78e378f829a2962859059e512a8d-calc_friction": 1, "2a1c78e378f829a2962859059e512a8d-shear_5nN_rerun_grompp": 1, "2a1c78e378f829a2962859059e512a8d-minimize": 1, "2a1c78e378f829a2962859059e512a8d-shear_15nN_rerun_grompp": 1, "2a1c78e378f829a2962859059e512a8d-shear_25nN": 1, "2a1c78e378f829a2962859059e512a8d-shear_5nN_rerun": 1, "2a1c78e378f829a2962859059e512a8d-shear_5nN": 1, "2a1c78e378f829a2962859059e512a8d-compress": 1, "2a1c78e378f829a2962859059e512a8d-compress_grompp": 1, "2a1c78e378f829a2962859059e512a8d-shear_25nN_rerun": 1, "2a1c78e378f829a2962859059e512a8d-log_cof": 1, "2a1c78e378f829a2962859059e512a8d-equilibrate": 1, "2a1c78e378f829a2962859059e512a8d-top_to_mol2": 1, "2a1c78e378f829a2962859059e512a8d-equilibrate_grompp": 1, "2a1c78e378f829a2962859059e512a8d-log_S2": 1, "2a1c78e378f829a2962859059e512a8d-shear_15nN_grompp": 1, "2a1c78e378f829a2962859059e512a8d-calc_tilt_shear": 1, "2a1c78e378f829a2962859059e512a8d-unwrap_shear_25nN": 1, "2a1c78e378f829a2962859059e512a8d-unwrap_shear_15nN": 1, "2a1c78e378f829a2962859059e512a8d-shear_15nN": 1, "2a1c78e378f829a2962859059e512a8d-log_interaction_energy_15nN": 1, "2a1c78e378f829a2962859059e512a8d-lammps_to_gmx": 1, "2a1c78e378f829a2962859059e512a8d-log_interaction_energy_5nN": 1, "2a1c78e378f829a2962859059e512a8d-initialize": 1, "2a1c78e378f829a2962859059e512a8d-log_tilt": 1, "2a1c78e378f829a2962859059e512a8d-minimize_grompp": 1, "2a1c78e378f829a2962859059e512a8d-shear_5nN_grompp": 1, "2a1c78e378f829a2962859059e512a8d-calc_S2_shear": 1, "2a1c78e378f829a2962859059e512a8d-get_interaction_energy_25nN": 1, "2a1c78e378f829a2962859059e512a8d-shear_25nN_grompp": 1, "2a1c78e378f829a2962859059e512a8d-get_interaction_energy_5nN": 1, "2a1c78e378f829a2962859059e512a8d-unwrap_shear_5nN": 1, "2a1c78e378f829a2962859059e512a8d-log_interaction_energy_25nN": 1, "2a1c78e378f829a2962859059e512a8d-get_interaction_energy_15nN": 1, "2a1c78e378f829a2962859059e512a8d-shear_25nN_rerun_grompp": 1, "2a1c78e378f829a2962859059e512a8d-calc_interdigitation": 1}, "chain-smiles-1": "CCCCCCCCCCCCCCCCCC1=CC=C([N+](=O)[O-])C=C1"}