{"shear_15nN-qq": [52.591968390087935, 11.953696820086218], "tilt_bottom": {"25nN": 39.81509298644013, "5nN": 35.27143164916238, "15nN": 36.9689498161789}, "delta_molecular_weight": 15.9994, "status": {"1f81e9a9d418e4f709056204c5a11043-unwrap_shear_5nN": 1, "1f81e9a9d418e4f709056204c5a11043-shear_5nN_grompp": 1, "1f81e9a9d418e4f709056204c5a11043-calc_friction": 1, "1f81e9a9d418e4f709056204c5a11043-shear_5nN": 1, "1f81e9a9d418e4f709056204c5a11043-equilibrate_grompp": 1, "1f81e9a9d418e4f709056204c5a11043-shear_25nN_grompp": 1, "1f81e9a9d418e4f709056204c5a11043-shear_25nN": 1, "1f81e9a9d418e4f709056204c5a11043-unwrap_shear_25nN": 1, "1f81e9a9d418e4f709056204c5a11043-log_interaction_energy_15nN": 1, "1f81e9a9d418e4f709056204c5a11043-unwrap_shear_15nN": 1, "1f81e9a9d418e4f709056204c5a11043-shear_25nN_rerun_grompp": 1, "1f81e9a9d418e4f709056204c5a11043-calc_interdigitation": 1, "1f81e9a9d418e4f709056204c5a11043-top_to_mol2": 1, "1f81e9a9d418e4f709056204c5a11043-log_interaction_energy_5nN": 1, "1f81e9a9d418e4f709056204c5a11043-log_tilt": 1, "1f81e9a9d418e4f709056204c5a11043-shear_5nN_rerun_grompp": 1, "1f81e9a9d418e4f709056204c5a11043-shear_15nN": 1, "1f81e9a9d418e4f709056204c5a11043-get_interaction_energy_15nN": 1, "1f81e9a9d418e4f709056204c5a11043-lammps_to_gmx": 1, "1f81e9a9d418e4f709056204c5a11043-log_S2": 1, "1f81e9a9d418e4f709056204c5a11043-compress": 1, "1f81e9a9d418e4f709056204c5a11043-get_interaction_energy_25nN": 1, "1f81e9a9d418e4f709056204c5a11043-log_interaction_energy_25nN": 1, "1f81e9a9d418e4f709056204c5a11043-compress_grompp": 1, "1f81e9a9d418e4f709056204c5a11043-shear_15nN_grompp": 1, "1f81e9a9d418e4f709056204c5a11043-calc_S2_shear": 1, "1f81e9a9d418e4f709056204c5a11043-shear_25nN_rerun": 1, "1f81e9a9d418e4f709056204c5a11043-get_interaction_energy_5nN": 1, "1f81e9a9d418e4f709056204c5a11043-log_cof": 1, "1f81e9a9d418e4f709056204c5a11043-equilibrate": 1, "1f81e9a9d418e4f709056204c5a11043-shear_15nN_rerun_grompp": 1, "1f81e9a9d418e4f709056204c5a11043-calc_tilt_shear": 1, "1f81e9a9d418e4f709056204c5a11043-minimize_grompp": 1, "1f81e9a9d418e4f709056204c5a11043-fix_overlaps": 1, "1f81e9a9d418e4f709056204c5a11043-shear_15nN_rerun": 1, "1f81e9a9d418e4f709056204c5a11043-shear_5nN_rerun": 1, "1f81e9a9d418e4f709056204c5a11043-minimize": 1, "1f81e9a9d418e4f709056204c5a11043-initialize": 1}, "interdigitation": {"25nN": 0.16364779826660694, "5nN": 0.13316021204772424, "15nN": 0.15763535357590988}, "intercept": 1.0058482155150426, "delta_dipole_moment": 1.68, "S2_top": {"25nN": 0.9296596236450334, "5nN": 0.9479060847418473, "15nN": 0.9424818938257362}, "shear_25nN-Etotal": [-1507.7388792661873, 50.90107932600919], "shear_5nN-Etotal": [-1235.9556645147882, 47.11384881471672], "S2_bottom": {"25nN": 0.9357514666504607, "5nN": 0.9452679375158145, "15nN": 0.9361558455071493}, "avg_molecular_weight": 23.0341, "shear_15nN-lj": [-1491.414751207834, 49.020493159816446], "tilt_top": {"25nN": 40.40704429561996, "5nN": 34.88006057664627, "15nN": 38.26535061242305}, "avg_dipole_moment": 0.84, "shear_5nN-qq": [15.944688341326938, 10.873893124113676], "shear_5nN-lj": [-1251.9003528561152, 48.471247883962924], "COF": 0.14191401624121272, "shear_25nN-lj": [-1595.4065681990407, 52.10711305347811], "shear_25nN-qq": [87.66768893285372, 18.10326140029474], "shear_15nN-Etotal": [-1438.822782817746, 48.06356813469203]}