{"MR-mean":13.6095,"asphericity-mean":0.483363,"balabanj-mean":4.212179,"bertzct-mean":88.0069405,"chi0-mean":7.3273505,"chi0n-mean":7.25,"chi0v-mean":1.25,"chi1-mean":3.571367,"chi1n-mean":3.375,"chi1v-mean":0.375,"chi2n-mean":0.0625,"chi2v-mean":0.0625,"chi3n-mean":0.0,"chi3v-mean":0.0,"chi4n-mean":0.0,"chi4v-mean":0.0,"e-valence-mean":16.0,"eccentricity-mean":0.974148,"hk-alpha-mean":-0.13,"hk-kappa1-mean":0.0812045,"hk-kappa2-mean":1.37,"hk-kappa3-mean":-3.053077,"ipc-mean":51.080811,"isf-mean":0.14066,"labuteASA-mean":26.3716855,"logP-mean":1.10925,"molwt-mean":36.04695,"molwt-hvy-mean":30.0275,"nheavy-mean":2.5,"npr1-mean":0.2214925,"npr2-mean":0.852819,"pbf-mean":0.27438,"pc+-mean":0.2014755,"pc--mean":-0.2014755,"pmi1-mean":10.553399,"pmi2-mean":37.487479,"pmi3-mean":43.117111,"rbonds-mean":1.0,"rg-mean":1.0571755,"rpc+-mean":0.193536,"rpc--mean":0.4224525,"spherocity-mean":0.23737,"tpsa-mean":0.0,"vsa+-mean":8.224551,"vsa--mean":16.5693935,"vsa-fhyd-mean":1.0,"vsa-fneg-mean":0.675542,"vsa-fpneg-mean":0.0,"vsa-fpos-mean":0.324458,"vsa-fppos-mean":0.0,"vsa-hyd-mean":24.7939445,"vsa-polar-mean":0.0,"vsa-polar+-mean":0.0,"vsa-polar--mean":0.0,"MR-min":11.254,"asphericity-min":0.405941,"balabanj-min":3.675949,"bertzct-min":55.617271,"chi0-min":5.154701,"chi0n-min":5.0,"chi0v-min":1.0,"chi1-min":2.642734,"chi1n-min":2.25,"chi1v-min":0.25,"chi2n-min":0.0,"chi2v-min":0.0,"chi3n-min":0.0,"chi3v-min":0.0,"chi4n-min":0.0,"chi4v-min":0.0,"e-valence-min":12.0,"eccentricity-min":0.96429,"hk-alpha-min":-0.26,"hk-kappa1-min":0.042409,"hk-kappa2-min":0.74,"hk-kappa3-min":-6.106154,"ipc-min":13.60964,"isf-min":0.050362,"labuteASA-min":20.034472,"logP-min":0.8022,"molwt-min":28.0313,"molwt-hvy-min":24.022,"nheavy-min":2.0,"npr1-min":0.178138,"npr2-min":0.821862,"pbf-min":0.000002,"pc+-min":0.190329,"pc--min":-0.212622,"pmi1-min":3.558485,"pmi2-min":16.417513,"pmi3-min":19.975997,"rbonds-min":0.0,"rg-min":0.843834,"rpc+-min":0.137072,"rpc--min":0.344905,"spherocity-min":0.0,"tpsa-min":0.0,"vsa+-min":5.483034,"vsa--min":13.062078,"vsa-fhyd-min":1.0,"vsa-fneg-min":0.646743,"vsa-fpneg-min":0.0,"vsa-fpos-min":0.295659,"vsa-fppos-min":0.0,"vsa-hyd-min":18.545112,"vsa-polar-min":0.0,"vsa-polar+-min":0.0,"vsa-polar--min":0.0,"MR-max":15.965,"asphericity-max":0.560785,"balabanj-max":4.748409,"bertzct-max":120.39661,"chi0-max":9.5,"chi0n-max":9.5,"chi0v-max":1.5,"chi1-max":4.5,"chi1n-max":4.5,"chi1v-max":0.5,"chi2n-max":0.125,"chi2v-max":0.125,"chi3n-max":0.0,"chi3v-max":0.0,"chi4n-max":0.0,"chi4v-max":0.0,"e-valence-max":20.0,"eccentricity-max":0.984006,"hk-alpha-max":0.0,"hk-kappa1-max":0.12,"hk-kappa2-max":2.0,"hk-kappa3-max":0.0,"ipc-max":88.551982,"isf-max":0.230958,"labuteASA-max":32.708899,"logP-max":1.4163,"molwt-max":44.0626,"molwt-hvy-max":36.033,"nheavy-max":3.0,"npr1-max":0.264847,"npr2-max":0.883776,"pbf-max":0.548758,"pc+-max":0.212622,"pc--max":-0.190329,"pmi1-max":17.548313,"pmi2-max":58.557445,"pmi3-max":66.258225,"rbonds-max":2.0,"rg-max":1.270517,"rpc+-max":0.25,"rpc--max":0.5,"spherocity-max":0.47474,"tpsa-max":0.0,"vsa+-max":10.966068,"vsa--max":20.076709,"vsa-fhyd-max":1.0,"vsa-fneg-max":0.704341,"vsa-fpneg-max":0.0,"vsa-fpos-max":0.353257,"vsa-fppos-max":0.0,"vsa-hyd-max":31.042777,"vsa-polar-max":0.0,"vsa-polar+-max":0.0,"vsa-polar--max":0.0,"MR-diff":4.711,"asphericity-diff":0.154844,"balabanj-diff":1.07246,"bertzct-diff":64.779339,"chi0-diff":4.345299,"chi0n-diff":4.5,"chi0v-diff":0.5,"chi1-diff":1.857266,"chi1n-diff":2.25,"chi1v-diff":0.25,"chi2n-diff":0.125,"chi2v-diff":0.125,"chi3n-diff":0.0,"chi3v-diff":0.0,"chi4n-diff":0.0,"chi4v-diff":0.0,"e-valence-diff":8.0,"eccentricity-diff":0.019716,"hk-alpha-diff":0.26,"hk-kappa1-diff":0.077591,"hk-kappa2-diff":1.26,"hk-kappa3-diff":6.106154,"ipc-diff":74.942342,"isf-diff":0.180596,"labuteASA-diff":12.674427,"logP-diff":0.6141,"molwt-diff":16.0313,"molwt-hvy-diff":12.011,"nheavy-diff":1.0,"npr1-diff":0.086709,"npr2-diff":0.061914,"pbf-diff":0.548756,"pc+-diff":0.022293,"pc--diff":0.022293,"pmi1-diff":13.989828,"pmi2-diff":42.139932,"pmi3-diff":46.282228,"rbonds-diff":2.0,"rg-diff":0.426683,"rpc+-diff":0.112928,"rpc--diff":0.155095,"spherocity-diff":0.47474,"tpsa-diff":0.0,"vsa+-diff":5.483034,"vsa--diff":7.014631,"vsa-fhyd-diff":0.0,"vsa-fneg-diff":0.057598,"vsa-fpneg-diff":0.0,"vsa-fpos-diff":0.057598,"vsa-fppos-diff":0.0,"vsa-hyd-diff":12.497665,"vsa-polar-diff":0.0,"vsa-polar+-diff":0.0,"vsa-polar--diff":0.0,"hbonds":0.0}