{"avg_dipole_moment": 0.005, "max_dipole_moment": 0.01, "min_dipole_moment": 0.0, "max_molecular_weight": 43.0874, "shear_5nN-qq": [3.775628056754596, 9.36645646029498], "intercept": 0.6290619029896836, "shear_15nN-qq": [28.648665442046358, 9.564535499262334], "min_molecular_weight": 27.0451, "delta_molecular_weight": 16.0423, "ch3-smiles-2": "CC(C)C", "chain-smiles-2": "CCCCCCCCCCCCCCCCCC(C)C", "tilt_bottom": {"25nN": 39.32576595210635, "5nN": 34.09594683116795, "15nN": 36.70971639725411}, "tilt_top": {"25nN": 37.443383117602316, "5nN": 32.579387586149544, "15nN": 36.788536113827654}, "shear_15nN-lj": [-1489.4252670103917, 49.058894280334854], "h-smiles-1": "C=C", "ch3-smiles-1": "CC=C", "S2_bottom": {"25nN": 0.8947070378967771, "5nN": 0.9385511636436975, "15nN": 0.9038342550430043}, "h-smiles-2": "C(C)C", "shear_25nN-qq": [59.72675579296563, 10.562066779268685], "COF": 0.14339283274405729, "shear_25nN-lj": [-1601.2281562406074, 47.851100047398354], "S2_top": {"25nN": 0.9300177858634234, "5nN": 0.9262084108368132, "15nN": 0.9394910073540675}, "shear_15nN-Etotal": [-1460.7766015683453, 47.600714847255986], "shear_5nN-Etotal": [-1249.160128920064, 48.63269956955579], "shear_25nN-Etotal": [-1541.5014004476418, 47.7458357517567], "avg_molecular_weight": 35.066250000000004, "shear_5nN-lj": [-1252.9357569768185, 49.47926235894951], "delta_dipole_moment": 0.01, "status": {"a9a167168ae34dd210bbc1ebb7a4b7b8-shear_25nN_rerun_grompp": 1, "a9a167168ae34dd210bbc1ebb7a4b7b8-compress": 1, "a9a167168ae34dd210bbc1ebb7a4b7b8-calc_interdigitation": 1, "a9a167168ae34dd210bbc1ebb7a4b7b8-unwrap_shear_15nN": 1, "a9a167168ae34dd210bbc1ebb7a4b7b8-compress_grompp": 1, "a9a167168ae34dd210bbc1ebb7a4b7b8-shear_15nN_grompp": 1, "a9a167168ae34dd210bbc1ebb7a4b7b8-top_to_mol2": 1, "a9a167168ae34dd210bbc1ebb7a4b7b8-unwrap_shear_5nN": 1, "a9a167168ae34dd210bbc1ebb7a4b7b8-shear_25nN_rerun": 1, "a9a167168ae34dd210bbc1ebb7a4b7b8-minimize": 1, "a9a167168ae34dd210bbc1ebb7a4b7b8-shear_5nN_grompp": 1, "a9a167168ae34dd210bbc1ebb7a4b7b8-shear_15nN_rerun": 1, "a9a167168ae34dd210bbc1ebb7a4b7b8-log_S2": 1, "a9a167168ae34dd210bbc1ebb7a4b7b8-log_tilt": 1, "a9a167168ae34dd210bbc1ebb7a4b7b8-unwrap_shear_25nN": 1, "a9a167168ae34dd210bbc1ebb7a4b7b8-shear_25nN_grompp": 1, "a9a167168ae34dd210bbc1ebb7a4b7b8-calc_S2_shear": 1, "a9a167168ae34dd210bbc1ebb7a4b7b8-shear_5nN_rerun_grompp": 1, "a9a167168ae34dd210bbc1ebb7a4b7b8-fix_overlaps": 1, "a9a167168ae34dd210bbc1ebb7a4b7b8-shear_5nN_rerun": 1, "a9a167168ae34dd210bbc1ebb7a4b7b8-shear_15nN": 1, "a9a167168ae34dd210bbc1ebb7a4b7b8-shear_25nN": 1, "a9a167168ae34dd210bbc1ebb7a4b7b8-get_interaction_energy_15nN": 1, "a9a167168ae34dd210bbc1ebb7a4b7b8-initialize": 1, "a9a167168ae34dd210bbc1ebb7a4b7b8-lammps_to_gmx": 1, "a9a167168ae34dd210bbc1ebb7a4b7b8-equilibrate": 1, "a9a167168ae34dd210bbc1ebb7a4b7b8-log_interaction_energy_15nN": 1, "a9a167168ae34dd210bbc1ebb7a4b7b8-get_interaction_energy_5nN": 1, "a9a167168ae34dd210bbc1ebb7a4b7b8-minimize_grompp": 1, "a9a167168ae34dd210bbc1ebb7a4b7b8-shear_15nN_rerun_grompp": 1, "a9a167168ae34dd210bbc1ebb7a4b7b8-log_interaction_energy_25nN": 1, "a9a167168ae34dd210bbc1ebb7a4b7b8-equilibrate_grompp": 1, "a9a167168ae34dd210bbc1ebb7a4b7b8-shear_5nN": 1, "a9a167168ae34dd210bbc1ebb7a4b7b8-calc_tilt_shear": 1, "a9a167168ae34dd210bbc1ebb7a4b7b8-log_interaction_energy_5nN": 1, "a9a167168ae34dd210bbc1ebb7a4b7b8-calc_friction": 1, "a9a167168ae34dd210bbc1ebb7a4b7b8-log_cof": 1, "a9a167168ae34dd210bbc1ebb7a4b7b8-get_interaction_energy_25nN": 1}, "chain-smiles-1": "CCCCCCCCCCCCCCCCCC=C"}