{"interdigitation": {"25nN": 0.12574929336768376, "5nN": 0.10058505729825178, "15nN": 0.1261299096563377}, "tilt_bottom": {"25nN": 39.96724256987334, "5nN": 34.326246146186506, "15nN": 37.253445093798966}, "S2_top": {"25nN": 0.9504074278467097, "5nN": 0.9526352003757029, "15nN": 0.9503061616688884}, "shear_25nN-qq": [55.47713599680256, 15.772839442819613], "shear_5nN-qq": [-0.6515672525979217, 14.345339436109231], "shear_15nN-Etotal": [-1477.877730414868, 51.33695489640989], "S2_bottom": {"25nN": 0.9437412300427295, "5nN": 0.9472259197570242, "15nN": 0.9279916834307441}, "shear_25nN-lj": [-1623.0837249928056, 51.46692759366253], "delta_molecular_weight": 24.064299999999996, "intercept": 0.4576254935917832, "avg_dipole_moment": 0.94, "COF": 0.17101424557700146, "shear_25nN-Etotal": [-1567.6065889960032, 51.929240765223504], "tilt_top": {"25nN": 40.02783891281968, "5nN": 33.399952872246516, "15nN": 37.62691651634998}, "status": {"2e8a44a315fbf8bf3cbe23333379e685-unwrap_shear_5nN": 1, "2e8a44a315fbf8bf3cbe23333379e685-top_to_mol2": 1, "2e8a44a315fbf8bf3cbe23333379e685-shear_25nN_rerun": 1, "2e8a44a315fbf8bf3cbe23333379e685-lammps_to_gmx": 1, "2e8a44a315fbf8bf3cbe23333379e685-count_hydrogen_bonds": 1, "2e8a44a315fbf8bf3cbe23333379e685-shear_5nN_grompp": 1, "2e8a44a315fbf8bf3cbe23333379e685-get_interaction_energy_15nN": 1, "2e8a44a315fbf8bf3cbe23333379e685-shear_25nN": 1, "2e8a44a315fbf8bf3cbe23333379e685-shear_15nN": 1, "2e8a44a315fbf8bf3cbe23333379e685-shear_25nN_rerun_grompp": 1, "2e8a44a315fbf8bf3cbe23333379e685-minimize_grompp": 1, "2e8a44a315fbf8bf3cbe23333379e685-unwrap_shear_25nN": 1, "2e8a44a315fbf8bf3cbe23333379e685-shear_15nN_grompp": 1, "2e8a44a315fbf8bf3cbe23333379e685-compress": 1, "2e8a44a315fbf8bf3cbe23333379e685-shear_15nN_rerun": 1, "2e8a44a315fbf8bf3cbe23333379e685-log_interaction_energy_5nN": 1, "2e8a44a315fbf8bf3cbe23333379e685-initialize": 1, "2e8a44a315fbf8bf3cbe23333379e685-compress_grompp": 1, "2e8a44a315fbf8bf3cbe23333379e685-shear_5nN_rerun_grompp": 1, "2e8a44a315fbf8bf3cbe23333379e685-fix_overlaps": 1, "2e8a44a315fbf8bf3cbe23333379e685-log_interaction_energy_25nN": 1, "2e8a44a315fbf8bf3cbe23333379e685-get_interaction_energy_5nN": 1, "2e8a44a315fbf8bf3cbe23333379e685-log_tilt": 1, "2e8a44a315fbf8bf3cbe23333379e685-get_interaction_energy_25nN": 1, "2e8a44a315fbf8bf3cbe23333379e685-calc_tilt_shear": 1, "2e8a44a315fbf8bf3cbe23333379e685-log_S2": 1, "2e8a44a315fbf8bf3cbe23333379e685-unwrap_shear_15nN": 1, "2e8a44a315fbf8bf3cbe23333379e685-calc_S2_shear": 1, "2e8a44a315fbf8bf3cbe23333379e685-shear_5nN_rerun": 1, "2e8a44a315fbf8bf3cbe23333379e685-log_cof": 1, "2e8a44a315fbf8bf3cbe23333379e685-shear_5nN": 1, "2e8a44a315fbf8bf3cbe23333379e685-shear_15nN_rerun_grompp": 1, "2e8a44a315fbf8bf3cbe23333379e685-shear_25nN_grompp": 1, "2e8a44a315fbf8bf3cbe23333379e685-equilibrate": 1, "2e8a44a315fbf8bf3cbe23333379e685-equilibrate_grompp": 1, "2e8a44a315fbf8bf3cbe23333379e685-minimize": 1, "2e8a44a315fbf8bf3cbe23333379e685-calc_interdigitation": 1, "2e8a44a315fbf8bf3cbe23333379e685-log_interaction_energy_15nN": 1, "2e8a44a315fbf8bf3cbe23333379e685-calc_friction": 1}, "shear_15nN-qq": [31.373214819344522, 15.062441938638182], "shear_5nN-Etotal": [-1279.6554357450038, 51.648834854495945], "avg_molecular_weight": 29.03945, "delta_dipole_moment": 1.88, "shear_15nN-lj": [-1509.2509452342126, 50.39834333185334], "shear_5nN-lj": [-1279.003868492406, 50.64865058009842]}