{"avg_dipole_moment": 0.94, "max_dipole_moment": 1.88, "min_dipole_moment": 0.0, "max_molecular_weight": 77.1037, "shear_5nN-qq": [-243.85931007434056, 37.195011705504385], "intercept": 1.529215131831669, "shear_15nN-qq": [-255.04105556914465, 40.322145977130795], "min_molecular_weight": 17.0073, "delta_molecular_weight": 60.0964, "ch3-smiles-2": "CC1=CC=CC=C1", "chain-smiles-2": "CCCCCCCCCCCCCCCCCC1=CC=CC=C1", "tilt_bottom": {"25nN": 40.26199654462095, "5nN": 35.01587607389591, "15nN": 38.83543623229839}, "interdigitation": {"25nN": 0.1275243390234916, "5nN": 0.0903072056625553, "15nN": 0.10590089718474896}, "tilt_top": {"25nN": 36.20749605368318, "5nN": 32.74933560646932, "15nN": 36.47572457947608}, "shear_15nN-lj": [-1676.1496599696243, 53.05483188334861], "h-smiles-1": "O", "S2_top": {"25nN": 0.9085252891171018, "5nN": 0.9428880356299462, "15nN": 0.9194680457085976}, "S2_bottom": {"25nN": 0.9537500670510299, "5nN": 0.9610626663437968, "15nN": 0.9614377264643725}, "h-smiles-2": "C1=CC=CC=C1", "shear_25nN-qq": [-309.9304856954437, 42.33493333362671], "COF": 0.1591648057777184, "shear_25nN-lj": [-1770.511659918465, 53.11056678953622], "ch3-smiles-1": "CO", "shear_15nN-Etotal": [-1931.190715538769, 68.48370686855223], "shear_5nN-Etotal": [-1743.7320364116706, 70.5561774121971], "shear_25nN-Etotal": [-2080.442145613909, 71.17945008449968], "avg_molecular_weight": 47.0555, "shear_5nN-lj": [-1499.8727263373303, 53.18117715889091], "delta_dipole_moment": 1.88, "status": {"9c2a0237182f4031e0980c33b1bfa70b-log_tilt": 1, "9c2a0237182f4031e0980c33b1bfa70b-shear_15nN_rerun_grompp": 1, "9c2a0237182f4031e0980c33b1bfa70b-unwrap_shear_25nN": 1, "9c2a0237182f4031e0980c33b1bfa70b-calc_interdigitation": 1, "9c2a0237182f4031e0980c33b1bfa70b-shear_15nN": 1, "9c2a0237182f4031e0980c33b1bfa70b-compress": 1, "9c2a0237182f4031e0980c33b1bfa70b-compress_grompp": 1, "9c2a0237182f4031e0980c33b1bfa70b-shear_25nN_grompp": 1, "9c2a0237182f4031e0980c33b1bfa70b-shear_15nN_rerun": 1, "9c2a0237182f4031e0980c33b1bfa70b-lammps_to_gmx": 1, "9c2a0237182f4031e0980c33b1bfa70b-minimize": 1, "9c2a0237182f4031e0980c33b1bfa70b-equilibrate_grompp": 1, "9c2a0237182f4031e0980c33b1bfa70b-log_interaction_energy_15nN": 1, "9c2a0237182f4031e0980c33b1bfa70b-calc_tilt_shear": 1, "9c2a0237182f4031e0980c33b1bfa70b-unwrap_shear_15nN": 1, "9c2a0237182f4031e0980c33b1bfa70b-shear_5nN_rerun": 1, "9c2a0237182f4031e0980c33b1bfa70b-initialize": 1, "9c2a0237182f4031e0980c33b1bfa70b-fix_overlaps": 1, "9c2a0237182f4031e0980c33b1bfa70b-get_interaction_energy_5nN": 1, "9c2a0237182f4031e0980c33b1bfa70b-shear_15nN_grompp": 1, "9c2a0237182f4031e0980c33b1bfa70b-shear_25nN_rerun": 1, "9c2a0237182f4031e0980c33b1bfa70b-count_hydrogen_bonds": 1, "9c2a0237182f4031e0980c33b1bfa70b-minimize_grompp": 1, "9c2a0237182f4031e0980c33b1bfa70b-shear_5nN_grompp": 1, "9c2a0237182f4031e0980c33b1bfa70b-shear_25nN_rerun_grompp": 1, "9c2a0237182f4031e0980c33b1bfa70b-calc_S2_shear": 1, "9c2a0237182f4031e0980c33b1bfa70b-shear_5nN_rerun_grompp": 1, "9c2a0237182f4031e0980c33b1bfa70b-unwrap_shear_5nN": 1, "9c2a0237182f4031e0980c33b1bfa70b-equilibrate": 1, "9c2a0237182f4031e0980c33b1bfa70b-top_to_mol2": 1, "9c2a0237182f4031e0980c33b1bfa70b-log_cof": 1, "9c2a0237182f4031e0980c33b1bfa70b-log_interaction_energy_5nN": 1, "9c2a0237182f4031e0980c33b1bfa70b-calc_friction": 1, "9c2a0237182f4031e0980c33b1bfa70b-log_S2": 1, "9c2a0237182f4031e0980c33b1bfa70b-shear_5nN": 1, "9c2a0237182f4031e0980c33b1bfa70b-get_interaction_energy_15nN": 1, "9c2a0237182f4031e0980c33b1bfa70b-shear_25nN": 1, "9c2a0237182f4031e0980c33b1bfa70b-get_interaction_energy_25nN": 1, "9c2a0237182f4031e0980c33b1bfa70b-log_interaction_energy_25nN": 1}, "chain-smiles-1": "CCCCCCCCCCCCCCCCCO"}