{"tilt_bottom": {"25nN": 39.25449059968647, "5nN": 32.32676720297082, "15nN": 34.55662090638976}, "shear_25nN-qq": [-60.39761739008792, 18.253164089386978], "S2_top": {"25nN": 0.9571705347449926, "5nN": 0.9695245497701194, "15nN": 0.9568959242369739}, "shear_5nN-qq": [-52.977163215827346, 14.614957417650443], "shear_15nN-Etotal": [-1464.859105031175, 52.080103017215926], "S2_bottom": {"25nN": 0.9240487367786171, "5nN": 0.9003972301424881, "15nN": 0.881564309141307}, "shear_25nN-lj": [-1495.7147459824141, 51.543104659926485], "delta_molecular_weight": 26.088300000000004, "intercept": 1.0529348463266794, "avg_dipole_moment": 2.0599999999999996, "COF": 0.14450701235695915, "shear_25nN-Etotal": [-1556.1123633725022, 57.52826858296905], "tilt_top": {"25nN": 40.03872597760569, "5nN": 35.64701140758355, "15nN": 38.269540367665776}, "status": {"773558555e85d792aa67fda0bf9cf8dc-log_cof": 1, "773558555e85d792aa67fda0bf9cf8dc-shear_25nN": 1, "773558555e85d792aa67fda0bf9cf8dc-compress_grompp": 1, "773558555e85d792aa67fda0bf9cf8dc-calc_friction": 1, "773558555e85d792aa67fda0bf9cf8dc-get_interaction_energy_25nN": 1, "773558555e85d792aa67fda0bf9cf8dc-minimize_grompp": 1, "773558555e85d792aa67fda0bf9cf8dc-shear_15nN_rerun_grompp": 1, "773558555e85d792aa67fda0bf9cf8dc-unwrap_shear_25nN": 1, "773558555e85d792aa67fda0bf9cf8dc-lammps_to_gmx": 1, "773558555e85d792aa67fda0bf9cf8dc-unwrap_shear_5nN": 1, "773558555e85d792aa67fda0bf9cf8dc-initialize": 1, "773558555e85d792aa67fda0bf9cf8dc-shear_25nN_grompp": 1, "773558555e85d792aa67fda0bf9cf8dc-get_interaction_energy_5nN": 1, "773558555e85d792aa67fda0bf9cf8dc-calc_S2_shear": 1, "773558555e85d792aa67fda0bf9cf8dc-calc_tilt_shear": 1, "773558555e85d792aa67fda0bf9cf8dc-top_to_mol2": 1, "773558555e85d792aa67fda0bf9cf8dc-shear_5nN_rerun": 1, "773558555e85d792aa67fda0bf9cf8dc-shear_25nN_rerun_grompp": 1, "773558555e85d792aa67fda0bf9cf8dc-shear_5nN": 1, "773558555e85d792aa67fda0bf9cf8dc-shear_15nN_rerun": 1, "773558555e85d792aa67fda0bf9cf8dc-shear_5nN_rerun_grompp": 1, "773558555e85d792aa67fda0bf9cf8dc-shear_5nN_grompp": 1, "773558555e85d792aa67fda0bf9cf8dc-log_interaction_energy_5nN": 1, "773558555e85d792aa67fda0bf9cf8dc-shear_15nN": 1, "773558555e85d792aa67fda0bf9cf8dc-equilibrate": 1, "773558555e85d792aa67fda0bf9cf8dc-equilibrate_grompp": 1, "773558555e85d792aa67fda0bf9cf8dc-shear_25nN_rerun": 1, "773558555e85d792aa67fda0bf9cf8dc-unwrap_shear_15nN": 1, "773558555e85d792aa67fda0bf9cf8dc-log_interaction_energy_25nN": 1, "773558555e85d792aa67fda0bf9cf8dc-minimize": 1, "773558555e85d792aa67fda0bf9cf8dc-compress": 1, "773558555e85d792aa67fda0bf9cf8dc-log_S2": 1, "773558555e85d792aa67fda0bf9cf8dc-get_interaction_energy_15nN": 1, "773558555e85d792aa67fda0bf9cf8dc-log_interaction_energy_15nN": 1, "773558555e85d792aa67fda0bf9cf8dc-calc_interdigitation": 1, "773558555e85d792aa67fda0bf9cf8dc-log_tilt": 1, "773558555e85d792aa67fda0bf9cf8dc-shear_15nN_grompp": 1, "773558555e85d792aa67fda0bf9cf8dc-fix_overlaps": 1}, "shear_15nN-qq": [-56.230764346922456, 16.89925072830654], "shear_5nN-Etotal": [-1252.3357287202239, 57.70270059772332], "avg_molecular_weight": 82.05005, "delta_dipole_moment": 0.06000000000000005, "shear_15nN-lj": [-1408.6283406842526, 46.4000243655106], "shear_5nN-lj": [-1199.3585655043964, 51.06348967239637]}