{"MR-mean":26.421,"asphericity-mean":0.3041185,"balabanj-mean":3.603567,"bertzct-mean":228.2531575,"chi0-mean":9.464102,"chi0n-mean":8.688982,"chi0v-mean":3.188982,"chi1-mean":5.464102,"chi1n-mean":4.344491,"chi1v-mean":1.594491,"chi2n-mean":0.844491,"chi2v-mean":0.844491,"chi3n-mean":0.4222455,"chi3v-mean":0.4222455,"chi4n-mean":0.211123,"chi4v-mean":0.211123,"e-valence-mean":33.0,"eccentricity-mean":0.909736,"hk-alpha-mean":-0.815,"hk-kappa1-mean":1.0252245,"hk-kappa2-mean":1.670368,"hk-kappa3-mean":0.790988,"ipc-mean":416.314365,"isf-mean":0.006826,"labuteASA-mean":47.2415085,"logP-mean":1.75615,"molwt-mean":87.042239,"molwt-hvy-mean":81.565,"nheavy-mean":6.5,"npr1-mean":0.4026635,"npr2-mean":0.5973365,"pbf-mean":0.000008,"pc+-mean":0.4070265,"pc--mean":-0.4070265,"pmi1-mean":87.354984,"pmi2-mean":142.32968,"pmi3-mean":229.684664,"rbonds-mean":0.0,"rg-mean":1.6079935,"rpc+-mean":0.2226335,"rpc--mean":0.318339,"spherocity-mean":0.0,"tpsa-mean":0.0,"vsa+-mean":10.4477825,"vsa--mean":35.42851,"vsa-fhyd-mean":0.9535635,"vsa-fneg-mean":0.773528,"vsa-fpneg-mean":0.0464365,"vsa-fpos-mean":0.226472,"vsa-fppos-mean":0.0,"vsa-hyd-mean":43.681085,"vsa-polar-mean":0.0464365,"vsa-polar+-mean":0.0,"vsa-polar--mean":2.1952075,"MR-min":26.4,"asphericity-min":0.250069,"balabanj-min":3.603567,"bertzct-min":226.30309,"chi0-min":9.464102,"chi0n-min":8.377964,"chi0v-min":3.0,"chi1-min":5.464102,"chi1n-min":4.188982,"chi1v-min":1.5,"chi2n-min":0.75,"chi2v-min":0.75,"chi3n-min":0.375,"chi3v-min":0.375,"chi4n-min":0.1875,"chi4v-min":0.1875,"e-valence-min":30.0,"eccentricity-min":0.868773,"hk-alpha-min":-0.85,"hk-kappa1-min":0.738431,"hk-kappa2-min":1.605769,"hk-kappa3-min":0.582399,"ipc-min":416.314365,"isf-min":0.00585,"labuteASA-min":45.861226,"logP-min":1.6866,"molwt-min":78.04695,"molwt-hvy-min":72.066,"nheavy-min":6.0,"npr1-min":0.310116,"npr2-min":0.504789,"pbf-min":0.000005,"pc+-min":0.373611,"pc--min":-0.440442,"pmi1-min":86.288719,"pmi2-min":87.957569,"pmi3-min":174.246288,"rbonds-min":0.0,"rg-min":1.493542,"rpc+-min":0.166667,"rpc--min":0.166667,"spherocity-min":0.0,"tpsa-min":0.0,"vsa+-min":8.224551,"vsa--min":34.602508,"vsa-fhyd-min":0.907127,"vsa-fneg-min":0.731964,"vsa-fpneg-min":0.0,"vsa-fpos-min":0.184908,"vsa-fppos-min":0.0,"vsa-hyd-min":42.883107,"vsa-polar-min":0.0,"vsa-polar+-min":0.0,"vsa-polar--min":0.0,"MR-max":26.442,"asphericity-max":0.358168,"balabanj-max":3.603567,"bertzct-max":230.203225,"chi0-max":9.464102,"chi0n-max":9.0,"chi0v-max":3.377964,"chi1-max":5.464102,"chi1n-max":4.5,"chi1v-max":1.688982,"chi2n-max":0.938982,"chi2v-max":0.938982,"chi3n-max":0.469491,"chi3v-max":0.469491,"chi4n-max":0.234746,"chi4v-max":0.234746,"e-valence-max":36.0,"eccentricity-max":0.950699,"hk-alpha-max":-0.78,"hk-kappa1-max":1.312018,"hk-kappa2-max":1.734967,"hk-kappa3-max":0.999577,"ipc-max":416.314365,"isf-max":0.007802,"labuteASA-max":48.621791,"logP-max":1.8257,"molwt-max":96.037528,"molwt-hvy-max":91.064,"nheavy-max":7.0,"npr1-max":0.495211,"npr2-max":0.689884,"pbf-max":0.000011,"pc+-max":0.440442,"pc--max":-0.373611,"pmi1-max":88.421249,"pmi2-max":196.701791,"pmi3-max":285.12304,"rbonds-max":0.0,"rg-max":1.722445,"rpc+-max":0.2786,"rpc--max":0.470011,"spherocity-max":0.0,"tpsa-max":0.0,"vsa+-max":12.671014,"vsa--max":36.254512,"vsa-fhyd-max":1.0,"vsa-fneg-max":0.815092,"vsa-fpneg-max":0.092873,"vsa-fpos-max":0.268036,"vsa-fppos-max":0.0,"vsa-hyd-max":44.479063,"vsa-polar-max":0.092873,"vsa-polar+-max":0.0,"vsa-polar--max":4.390415,"MR-diff":0.042,"asphericity-diff":0.108099,"balabanj-diff":0.0,"bertzct-diff":3.900135,"chi0-diff":0.0,"chi0n-diff":0.622036,"chi0v-diff":0.377964,"chi1-diff":0.0,"chi1n-diff":0.311018,"chi1v-diff":0.188982,"chi2n-diff":0.188982,"chi2v-diff":0.188982,"chi3n-diff":0.094491,"chi3v-diff":0.094491,"chi4n-diff":0.047246,"chi4v-diff":0.047246,"e-valence-diff":6.0,"eccentricity-diff":0.081926,"hk-alpha-diff":0.07,"hk-kappa1-diff":0.573587,"hk-kappa2-diff":0.129198,"hk-kappa3-diff":0.417178,"ipc-diff":0.0,"isf-diff":0.001952,"labuteASA-diff":2.760565,"logP-diff":0.1391,"molwt-diff":17.990578,"molwt-hvy-diff":18.998,"nheavy-diff":1.0,"npr1-diff":0.185095,"npr2-diff":0.185095,"pbf-diff":0.000006,"pc+-diff":0.066831,"pc--diff":0.066831,"pmi1-diff":2.13253,"pmi2-diff":108.744222,"pmi3-diff":110.876752,"rbonds-diff":0.0,"rg-diff":0.228903,"rpc+-diff":0.111933,"rpc--diff":0.303344,"spherocity-diff":0.0,"tpsa-diff":0.0,"vsa+-diff":4.446463,"vsa--diff":1.652004,"vsa-fhyd-diff":0.092873,"vsa-fneg-diff":0.083128,"vsa-fpneg-diff":0.092873,"vsa-fpos-diff":0.083128,"vsa-fppos-diff":0.0,"vsa-hyd-diff":1.595956,"vsa-polar-diff":0.092873,"vsa-polar+-diff":0.0,"vsa-polar--diff":4.390415,"hbonds":0.0}