{"MR-mean":11.3175,"asphericity-mean":0.681334,"balabanj-mean":3.6119715,"bertzct-mean":73.3306365,"chi0-mean":6.1035535,"chi0n-mean":5.723607,"chi0v-mean":1.223607,"chi1-mean":2.957107,"chi1n-mean":2.6118035,"chi1v-mean":0.3618035,"chi2n-mean":0.0625,"chi2v-mean":0.0625,"chi3n-mean":0.0,"chi3v-mean":0.0,"chi4n-mean":0.0,"chi4v-mean":0.0,"e-valence-mean":15.0,"eccentricity-mean":0.9780315,"hk-alpha-mean":-0.255,"hk-kappa1-mean":0.1405705,"hk-kappa2-mean":1.245,"hk-kappa3-mean":-2.235392,"ipc-mean":45.653435,"isf-mean":0.0230575,"labuteASA-mean":23.62285,"logP-mean":0.77804,"molwt-mean":35.5367495,"molwt-hvy-mean":31.0255,"nheavy-mean":2.5,"npr1-mean":0.146581,"npr2-mean":0.9311055,"pbf-mean":0.2684935,"pc+-mean":0.196148,"pc--mean":-0.196148,"pmi1-mean":9.3485265,"pmi2-mean":33.262437,"pmi3-mean":37.656306,"rbonds-mean":1.0,"rg-mean":0.9508865,"rpc+-mean":0.4542515,"rpc--mean":0.6724525,"spherocity-mean":0.2484575,"tpsa-mean":11.895,"vsa+-mean":9.442508,"vsa--mean":12.6693005,"vsa-fhyd-mean":0.800396,"vsa-fneg-mean":0.5229755,"vsa-fpneg-mean":0.199604,"vsa-fpos-mean":0.4770245,"vsa-fppos-mean":0.0,"vsa-hyd-mean":19.4808625,"vsa-polar-mean":0.199604,"vsa-polar+-mean":0.0,"vsa-polar--mean":2.630946,"MR-min":6.67,"asphericity-min":0.362675,"balabanj-min":2.475534,"bertzct-min":26.264663,"chi0-min":2.707107,"chi0n-min":1.947214,"chi0v-min":0.947214,"chi1-min":1.414214,"chi1n-min":0.723607,"chi1v-min":0.223607,"chi2n-min":0.0,"chi2v-min":0.0,"chi3n-min":0.0,"chi3v-min":0.0,"chi4n-min":0.0,"chi4v-min":0.0,"e-valence-min":10.0,"eccentricity-min":0.956063,"hk-alpha-min":-0.51,"hk-kappa1-min":0.12,"hk-kappa2-min":0.49,"hk-kappa3-min":-4.470784,"ipc-min":2.754888,"isf-min":0.0,"labuteASA-min":14.536801,"logP-min":0.13978,"molwt-min":27.010899,"molwt-hvy-min":26.018,"nheavy-min":2.0,"npr1-min":0.000002,"npr2-min":0.862213,"pbf-min":0.0,"pc+-min":0.190329,"pc--min":-0.201967,"pmi1-min":0.000027,"pmi2-min":11.535095,"pmi3-min":11.535121,"rbonds-min":0.0,"rg-min":0.653311,"rpc+-min":0.137072,"rpc--min":0.344905,"spherocity-min":0.0,"tpsa-min":0.0,"vsa+-min":7.918948,"vsa--min":5.261892,"vsa-fhyd-min":0.600792,"vsa-fneg-min":0.399208,"vsa-fpneg-min":0.0,"vsa-fpos-min":0.353257,"vsa-fppos-min":0.0,"vsa-hyd-min":7.918948,"vsa-polar-min":0.0,"vsa-polar+-min":0.0,"vsa-polar--min":0.0,"MR-max":15.965,"asphericity-max":0.999993,"balabanj-max":4.748409,"bertzct-max":120.39661,"chi0-max":9.5,"chi0n-max":9.5,"chi0v-max":1.5,"chi1-max":4.5,"chi1n-max":4.5,"chi1v-max":0.5,"chi2n-max":0.125,"chi2v-max":0.125,"chi3n-max":0.0,"chi3v-max":0.0,"chi4n-max":0.0,"chi4v-max":0.0,"e-valence-max":20.0,"eccentricity-max":1.0,"hk-alpha-max":0.0,"hk-kappa1-max":0.161141,"hk-kappa2-max":2.0,"hk-kappa3-max":0.0,"ipc-max":88.551982,"isf-max":0.046115,"labuteASA-max":32.708899,"logP-max":1.4163,"molwt-max":44.0626,"molwt-hvy-max":36.033,"nheavy-max":3.0,"npr1-max":0.29316,"npr2-max":0.999998,"pbf-max":0.536987,"pc+-max":0.201967,"pc--max":-0.190329,"pmi1-max":18.697026,"pmi2-max":54.989779,"pmi3-max":63.777491,"rbonds-max":2.0,"rg-max":1.248462,"rpc+-max":0.771431,"rpc--max":1.0,"spherocity-max":0.496915,"tpsa-max":23.79,"vsa+-max":10.966068,"vsa--max":20.076709,"vsa-fhyd-max":1.0,"vsa-fneg-max":0.646743,"vsa-fpneg-max":0.399208,"vsa-fpos-max":0.600792,"vsa-fppos-max":0.0,"vsa-hyd-max":31.042777,"vsa-polar-max":0.399208,"vsa-polar+-max":0.0,"vsa-polar--max":5.261892,"MR-diff":9.295,"asphericity-diff":0.637318,"balabanj-diff":2.272875,"bertzct-diff":94.131947,"chi0-diff":6.792893,"chi0n-diff":7.552786,"chi0v-diff":0.552786,"chi1-diff":3.085786,"chi1n-diff":3.776393,"chi1v-diff":0.276393,"chi2n-diff":0.125,"chi2v-diff":0.125,"chi3n-diff":0.0,"chi3v-diff":0.0,"chi4n-diff":0.0,"chi4v-diff":0.0,"e-valence-diff":10.0,"eccentricity-diff":0.043937,"hk-alpha-diff":0.51,"hk-kappa1-diff":0.041141,"hk-kappa2-diff":1.51,"hk-kappa3-diff":4.470784,"ipc-diff":85.797094,"isf-diff":0.046115,"labuteASA-diff":18.172098,"logP-diff":1.27652,"molwt-diff":17.051701,"molwt-hvy-diff":10.015,"nheavy-diff":1.0,"npr1-diff":0.293158,"npr2-diff":0.137785,"pbf-diff":0.536987,"pc+-diff":0.011638,"pc--diff":0.011638,"pmi1-diff":18.696999,"pmi2-diff":43.454684,"pmi3-diff":52.24237,"rbonds-diff":2.0,"rg-diff":0.595151,"rpc+-diff":0.634359,"rpc--diff":0.655095,"spherocity-diff":0.496915,"tpsa-diff":23.79,"vsa+-diff":3.04712,"vsa--diff":14.814817,"vsa-fhyd-diff":0.399208,"vsa-fneg-diff":0.247535,"vsa-fpneg-diff":0.399208,"vsa-fpos-diff":0.247535,"vsa-fppos-diff":0.0,"vsa-hyd-diff":23.123829,"vsa-polar-diff":0.399208,"vsa-polar+-diff":0.0,"vsa-polar--diff":5.261892,"hbonds":0.0}