{"MR-mean":15.8995,"asphericity-mean":0.4910325,"balabanj-mean":4.54773,"bertzct-mean":120.6839505,"chi0-mean":8.6035535,"chi0n-mean":8.223607,"chi0v-mean":1.723607,"chi1-mean":4.15533,"chi1n-mean":3.8618035,"chi1v-mean":0.6118035,"chi2n-mean":0.2434015,"chi2v-mean":0.2434015,"chi3n-mean":0.0,"chi3v-mean":0.0,"chi4n-mean":0.0,"chi4v-mean":0.0,"e-valence-mean":21.0,"eccentricity-mean":0.9109935,"hk-alpha-mean":-0.255,"hk-kappa1-mean":0.2436125,"hk-kappa2-mean":1.4116665,"hk-kappa3-mean":0.745,"ipc-mean":162.122654,"isf-mean":0.152244,"labuteASA-mean":32.797733,"logP-mean":1.09609,"molwt-mean":49.5523995,"molwt-hvy-mean":43.0365,"nheavy-mean":3.5,"npr1-mean":0.3139275,"npr2-mean":0.795902,"pbf-mean":0.4730295,"pc+-mean":0.218878,"pc--mean":-0.218878,"pmi1-mean":32.8887205,"pmi2-mean":60.3343955,"pmi3-mean":82.778216,"rbonds-mean":0.0,"rg-mean":1.304927,"rpc+-mean":0.2092995,"rpc--mean":0.631823,"spherocity-mean":0.4385245,"tpsa-mean":11.895,"vsa+-mean":15.3704875,"vsa--mean":15.855763,"vsa-fhyd-mean":1.0,"vsa-fneg-mean":0.4473305,"vsa-fpneg-mean":0.0,"vsa-fpos-mean":0.5526695,"vsa-fppos-mean":0.0,"vsa-hyd-mean":31.2262505,"vsa-polar-mean":0.0,"vsa-polar+-mean":0.0,"vsa-polar--mean":0.0,"MR-min":11.287,"asphericity-min":0.151956,"balabanj-min":3.552734,"bertzct-min":75.774438,"chi0-min":5.207107,"chi0n-min":4.447214,"chi0v-min":1.447214,"chi1-min":2.56066,"chi1n-min":1.973607,"chi1v-min":0.473607,"chi2n-min":0.111803,"chi2v-min":0.111803,"chi3n-min":0.0,"chi3v-min":0.0,"chi4n-min":0.0,"chi4v-min":0.0,"e-valence-min":16.0,"eccentricity-min":0.823852,"hk-alpha-min":-0.51,"hk-kappa1-min":0.213018,"hk-kappa2-min":1.333333,"hk-kappa3-min":0.0,"ipc-min":12.164797,"isf-min":0.009498,"labuteASA-min":23.711684,"logP-min":0.52988,"molwt-min":41.026549,"molwt-hvy-min":38.029,"nheavy-min":3.0,"npr1-min":0.06105,"npr2-min":0.592609,"pbf-min":0.354021,"pc+-min":0.198658,"pc--min":-0.239098,"pmi1-min":3.387221,"pmi2-min":55.438288,"pmi3-min":55.482942,"rbonds-min":0.0,"rg-min":1.179918,"rpc+-min":0.123042,"rpc--min":0.263646,"spherocity-min":0.437652,"tpsa-min":0.0,"vsa+-min":13.707586,"vsa--min":5.261892,"vsa-fhyd-min":1.0,"vsa-fneg-min":0.236009,"vsa-fpneg-min":0.0,"vsa-fpos-min":0.341348,"vsa-fppos-min":0.0,"vsa-hyd-min":22.295281,"vsa-polar-min":0.0,"vsa-polar+-min":0.0,"vsa-polar--min":0.0,"MR-max":20.512,"asphericity-max":0.830109,"balabanj-max":5.542726,"bertzct-max":165.593463,"chi0-max":12.0,"chi0n-max":12.0,"chi0v-max":2.0,"chi1-max":5.75,"chi1n-max":5.75,"chi1v-max":0.75,"chi2n-max":0.375,"chi2v-max":0.375,"chi3n-max":0.0,"chi3v-max":0.0,"chi4n-max":0.0,"chi4v-max":0.0,"e-valence-max":26.0,"eccentricity-max":0.998135,"hk-alpha-max":0.0,"hk-kappa1-max":0.274207,"hk-kappa2-max":1.49,"hk-kappa3-max":1.49,"ipc-max":312.080511,"isf-max":0.29499,"labuteASA-max":41.883782,"logP-max":1.6623,"molwt-max":58.07825,"molwt-hvy-max":48.044,"nheavy-max":4.0,"npr1-max":0.566805,"npr2-max":0.999195,"pbf-max":0.592038,"pc+-max":0.239098,"pc--max":-0.198658,"pmi1-max":62.39022,"pmi2-max":65.230503,"pmi3-max":110.07349,"rbonds-max":0.0,"rg-max":1.429936,"rpc+-max":0.295557,"rpc--max":1.0,"spherocity-max":0.439397,"tpsa-max":23.79,"vsa+-max":17.033389,"vsa--max":26.449634,"vsa-fhyd-max":1.0,"vsa-fneg-max":0.658652,"vsa-fpneg-max":0.0,"vsa-fpos-max":0.763991,"vsa-fppos-max":0.0,"vsa-hyd-max":40.15722,"vsa-polar-max":0.0,"vsa-polar+-max":0.0,"vsa-polar--max":0.0,"MR-diff":9.225,"asphericity-diff":0.678153,"balabanj-diff":1.989992,"bertzct-diff":89.819025,"chi0-diff":6.792893,"chi0n-diff":7.552786,"chi0v-diff":0.552786,"chi1-diff":3.18934,"chi1n-diff":3.776393,"chi1v-diff":0.276393,"chi2n-diff":0.263197,"chi2v-diff":0.263197,"chi3n-diff":0.0,"chi3v-diff":0.0,"chi4n-diff":0.0,"chi4v-diff":0.0,"e-valence-diff":10.0,"eccentricity-diff":0.174283,"hk-alpha-diff":0.51,"hk-kappa1-diff":0.061189,"hk-kappa2-diff":0.156667,"hk-kappa3-diff":1.49,"ipc-diff":299.915714,"isf-diff":0.285492,"labuteASA-diff":18.172098,"logP-diff":1.13242,"molwt-diff":17.051701,"molwt-hvy-diff":10.015,"nheavy-diff":1.0,"npr1-diff":0.505755,"npr2-diff":0.406586,"pbf-diff":0.238017,"pc+-diff":0.04044,"pc--diff":0.04044,"pmi1-diff":59.002999,"pmi2-diff":9.792215,"pmi3-diff":54.590548,"rbonds-diff":0.0,"rg-diff":0.250018,"rpc+-diff":0.172515,"rpc--diff":0.736354,"spherocity-diff":0.001745,"tpsa-diff":23.79,"vsa+-diff":3.325803,"vsa--diff":21.187742,"vsa-fhyd-diff":0.0,"vsa-fneg-diff":0.422643,"vsa-fpneg-diff":0.0,"vsa-fpos-diff":0.422643,"vsa-fppos-diff":0.0,"vsa-hyd-diff":17.861939,"vsa-polar-diff":0.0,"vsa-polar+-diff":0.0,"vsa-polar--diff":0.0,"hbonds":0.0}