{"tilt_bottom": {"25nN": 40.914954551318864, "5nN": 35.1686240253762, "15nN": 39.39499151134866}, "shear_25nN-qq": [36.49041743165468, 11.948092922025305], "S2_top": {"25nN": 0.9122930177919324, "5nN": 0.8486100613235287, "15nN": 0.9121420365135416}, "shear_5nN-qq": [1.8064781294964025, 9.771693716862792], "shear_15nN-Etotal": [-1421.9215172973622, 46.58503270688347], "status": {"6ae3eff2003d7474d3adf30c0ac5ec43-shear_25nN_rerun": 1, "6ae3eff2003d7474d3adf30c0ac5ec43-equilibrate": 1, "6ae3eff2003d7474d3adf30c0ac5ec43-log_tilt": 1, "6ae3eff2003d7474d3adf30c0ac5ec43-calc_friction": 1, "6ae3eff2003d7474d3adf30c0ac5ec43-shear_15nN": 1, "6ae3eff2003d7474d3adf30c0ac5ec43-log_interaction_energy_25nN": 1, "6ae3eff2003d7474d3adf30c0ac5ec43-log_S2": 1, "6ae3eff2003d7474d3adf30c0ac5ec43-compress_grompp": 1, "6ae3eff2003d7474d3adf30c0ac5ec43-calc_S2_shear": 1, "6ae3eff2003d7474d3adf30c0ac5ec43-calc_interdigitation": 1, "6ae3eff2003d7474d3adf30c0ac5ec43-log_cof": 1, "6ae3eff2003d7474d3adf30c0ac5ec43-shear_5nN_rerun": 1, "6ae3eff2003d7474d3adf30c0ac5ec43-shear_15nN_grompp": 1, "6ae3eff2003d7474d3adf30c0ac5ec43-get_interaction_energy_25nN": 1, "6ae3eff2003d7474d3adf30c0ac5ec43-shear_5nN_grompp": 1, "6ae3eff2003d7474d3adf30c0ac5ec43-compress": 1, "6ae3eff2003d7474d3adf30c0ac5ec43-minimize_grompp": 1, "6ae3eff2003d7474d3adf30c0ac5ec43-shear_25nN": 1, "6ae3eff2003d7474d3adf30c0ac5ec43-shear_5nN": 1, "6ae3eff2003d7474d3adf30c0ac5ec43-shear_15nN_rerun": 1, "6ae3eff2003d7474d3adf30c0ac5ec43-shear_15nN_rerun_grompp": 1, "6ae3eff2003d7474d3adf30c0ac5ec43-log_interaction_energy_15nN": 1, "6ae3eff2003d7474d3adf30c0ac5ec43-shear_25nN_grompp": 1, "6ae3eff2003d7474d3adf30c0ac5ec43-initialize": 1, "6ae3eff2003d7474d3adf30c0ac5ec43-unwrap_shear_15nN": 1, "6ae3eff2003d7474d3adf30c0ac5ec43-unwrap_shear_5nN": 1, "6ae3eff2003d7474d3adf30c0ac5ec43-minimize": 1, "6ae3eff2003d7474d3adf30c0ac5ec43-top_to_mol2": 1, "6ae3eff2003d7474d3adf30c0ac5ec43-shear_5nN_rerun_grompp": 1, "6ae3eff2003d7474d3adf30c0ac5ec43-equilibrate_grompp": 1, "6ae3eff2003d7474d3adf30c0ac5ec43-log_interaction_energy_5nN": 1, "6ae3eff2003d7474d3adf30c0ac5ec43-get_interaction_energy_15nN": 1, "6ae3eff2003d7474d3adf30c0ac5ec43-fix_overlaps": 1, "6ae3eff2003d7474d3adf30c0ac5ec43-unwrap_shear_25nN": 1, "6ae3eff2003d7474d3adf30c0ac5ec43-calc_tilt_shear": 1, "6ae3eff2003d7474d3adf30c0ac5ec43-get_interaction_energy_5nN": 1, "6ae3eff2003d7474d3adf30c0ac5ec43-shear_25nN_rerun_grompp": 1, "6ae3eff2003d7474d3adf30c0ac5ec43-lammps_to_gmx": 1}, "shear_25nN-lj": [-1551.4553096770583, 42.9798934429413], "delta_molecular_weight": 17.070000000000004, "interdigitation": {"25nN": 0.09192448414173568, "5nN": 0.11413120191214483, "15nN": 0.0952903325549434}, "shear_15nN-qq": [23.934812003197443, 11.958890400255775], "avg_dipole_moment": 1.71, "COF": 0.11285965006581555, "shear_25nN-Etotal": [-1514.9648922454037, 44.25344671052885], "tilt_top": {"25nN": 35.13245540419003, "5nN": 29.86680251602953, "15nN": 34.766163464253886}, "S2_bottom": {"25nN": 0.9632992059452052, "5nN": 0.950810091405943, "15nN": 0.9682599969742375}, "intercept": 0.3598795447045626, "shear_5nN-Etotal": [-1251.666292372502, 46.25877580931739], "avg_molecular_weight": 34.5524, "delta_dipole_moment": 3.4000000000000004, "shear_15nN-lj": [-1445.8563293005595, 45.15762821164363], "shear_5nN-lj": [-1253.4727705019984, 45.95479995911412]}