{"avg_dipole_moment": 1.015, "max_dipole_moment": 2.03, "min_dipole_moment": 0.0, "max_molecular_weight": 95.0942, "shear_5nN-qq": [-22.57561913908873, 8.131483211969412], "intercept": 0.5283630899730061, "shear_15nN-qq": [-28.884366313349325, 9.989085231017638], "min_molecular_weight": 41.0716, "delta_molecular_weight": 54.022600000000004, "ch3-smiles-2": "CC1=CC=C(F)C=C1", "chain-smiles-2": "CCCCCCCCCCCCCCCCCC1=CC=C(F)C=C1", "tilt_bottom": {"25nN": 39.967215932028914, "5nN": 35.62383184599366, "15nN": 38.14025606929025}, "interdigitation": {"25nN": 0.13053465393342786, "5nN": 0.1232675403602711, "15nN": 0.12342833170818501}, "tilt_top": {"25nN": 38.46359639554122, "5nN": 33.329060074884865, "15nN": 37.29953722187791}, "shear_15nN-lj": [-1560.0196137194243, 45.99934951379233], "h-smiles-1": "C1CC1", "S2_top": {"25nN": 0.9523190746359504, "5nN": 0.9511774768537107, "15nN": 0.9542354021603714}, "S2_bottom": {"25nN": 0.9673304960936001, "5nN": 0.973163993716398, "15nN": 0.9700425572966248}, "h-smiles-2": "C1=CC=C(F)C=C1", "shear_25nN-qq": [-29.114635101518786, 10.077802115015634], "COF": 0.1263440686633275, "shear_25nN-lj": [-1676.5625364892085, 47.48612499348396], "ch3-smiles-1": "CC1CC1", "shear_15nN-Etotal": [-1588.903980032774, 47.30266516949746], "shear_5nN-Etotal": [-1339.566334286171, 49.30799088910836], "shear_25nN-Etotal": [-1705.6771715907275, 48.1513796739182], "avg_molecular_weight": 68.0829, "shear_5nN-lj": [-1316.9907151470823, 48.41952505242552], "delta_dipole_moment": 2.03, "status": {"073fd46dac4b5736025ff46dcf16f303-shear_15nN_rerun": 1, "073fd46dac4b5736025ff46dcf16f303-equilibrate_grompp": 1, "073fd46dac4b5736025ff46dcf16f303-shear_15nN_grompp": 1, "073fd46dac4b5736025ff46dcf16f303-log_interaction_energy_5nN": 1, "073fd46dac4b5736025ff46dcf16f303-log_interaction_energy_25nN": 1, "073fd46dac4b5736025ff46dcf16f303-shear_5nN_grompp": 1, "073fd46dac4b5736025ff46dcf16f303-log_S2": 1, "073fd46dac4b5736025ff46dcf16f303-shear_5nN_rerun_grompp": 1, "073fd46dac4b5736025ff46dcf16f303-calc_S2_shear": 1, "073fd46dac4b5736025ff46dcf16f303-compress": 1, "073fd46dac4b5736025ff46dcf16f303-get_interaction_energy_5nN": 1, "073fd46dac4b5736025ff46dcf16f303-shear_25nN": 1, "073fd46dac4b5736025ff46dcf16f303-calc_friction": 1, "073fd46dac4b5736025ff46dcf16f303-log_interaction_energy_15nN": 1, "073fd46dac4b5736025ff46dcf16f303-lammps_to_gmx": 1, "073fd46dac4b5736025ff46dcf16f303-equilibrate": 1, "073fd46dac4b5736025ff46dcf16f303-shear_25nN_rerun_grompp": 1, "073fd46dac4b5736025ff46dcf16f303-calc_interdigitation": 1, "073fd46dac4b5736025ff46dcf16f303-unwrap_shear_15nN": 1, "073fd46dac4b5736025ff46dcf16f303-shear_5nN_rerun": 1, "073fd46dac4b5736025ff46dcf16f303-initialize": 1, "073fd46dac4b5736025ff46dcf16f303-get_interaction_energy_25nN": 1, "073fd46dac4b5736025ff46dcf16f303-get_interaction_energy_15nN": 1, "073fd46dac4b5736025ff46dcf16f303-log_cof": 1, "073fd46dac4b5736025ff46dcf16f303-unwrap_shear_5nN": 1, "073fd46dac4b5736025ff46dcf16f303-shear_15nN": 1, "073fd46dac4b5736025ff46dcf16f303-minimize": 1, "073fd46dac4b5736025ff46dcf16f303-top_to_mol2": 1, "073fd46dac4b5736025ff46dcf16f303-minimize_grompp": 1, "073fd46dac4b5736025ff46dcf16f303-shear_5nN": 1, "073fd46dac4b5736025ff46dcf16f303-unwrap_shear_25nN": 1, "073fd46dac4b5736025ff46dcf16f303-calc_tilt_shear": 1, "073fd46dac4b5736025ff46dcf16f303-compress_grompp": 1, "073fd46dac4b5736025ff46dcf16f303-shear_15nN_rerun_grompp": 1, "073fd46dac4b5736025ff46dcf16f303-shear_25nN_rerun": 1, "073fd46dac4b5736025ff46dcf16f303-log_tilt": 1, "073fd46dac4b5736025ff46dcf16f303-shear_25nN_grompp": 1, "073fd46dac4b5736025ff46dcf16f303-fix_overlaps": 1}, "chain-smiles-1": "CCCCCCCCCCCCCCCCCC1CC1"}