{"shear_15nN-qq": [58.97925778657075, 12.367791018282567], "tilt_bottom": {"25nN": 39.54907752654223, "5nN": 34.84838496133595, "15nN": 37.66597386422584}, "delta_molecular_weight": 62.069300000000005, "status": {"6e1d07ebf9f197cf9d16f1f4f0a0fe45-shear_15nN_rerun": 1, "6e1d07ebf9f197cf9d16f1f4f0a0fe45-log_S2": 1, "6e1d07ebf9f197cf9d16f1f4f0a0fe45-initialize": 1, "6e1d07ebf9f197cf9d16f1f4f0a0fe45-shear_5nN": 1, "6e1d07ebf9f197cf9d16f1f4f0a0fe45-equilibrate": 1, "6e1d07ebf9f197cf9d16f1f4f0a0fe45-unwrap_shear_25nN": 1, "6e1d07ebf9f197cf9d16f1f4f0a0fe45-log_interaction_energy_25nN": 1, "6e1d07ebf9f197cf9d16f1f4f0a0fe45-minimize": 1, "6e1d07ebf9f197cf9d16f1f4f0a0fe45-log_interaction_energy_15nN": 1, "6e1d07ebf9f197cf9d16f1f4f0a0fe45-shear_5nN_grompp": 1, "6e1d07ebf9f197cf9d16f1f4f0a0fe45-get_interaction_energy_15nN": 1, "6e1d07ebf9f197cf9d16f1f4f0a0fe45-shear_15nN_rerun_grompp": 1, "6e1d07ebf9f197cf9d16f1f4f0a0fe45-shear_25nN_rerun": 1, "6e1d07ebf9f197cf9d16f1f4f0a0fe45-calc_S2_shear": 1, "6e1d07ebf9f197cf9d16f1f4f0a0fe45-log_interaction_energy_5nN": 1, "6e1d07ebf9f197cf9d16f1f4f0a0fe45-log_tilt": 1, "6e1d07ebf9f197cf9d16f1f4f0a0fe45-calc_friction": 1, "6e1d07ebf9f197cf9d16f1f4f0a0fe45-equilibrate_grompp": 1, "6e1d07ebf9f197cf9d16f1f4f0a0fe45-compress": 1, "6e1d07ebf9f197cf9d16f1f4f0a0fe45-calc_tilt_shear": 1, "6e1d07ebf9f197cf9d16f1f4f0a0fe45-log_cof": 1, "6e1d07ebf9f197cf9d16f1f4f0a0fe45-minimize_grompp": 1, "6e1d07ebf9f197cf9d16f1f4f0a0fe45-unwrap_shear_15nN": 1, "6e1d07ebf9f197cf9d16f1f4f0a0fe45-top_to_mol2": 1, "6e1d07ebf9f197cf9d16f1f4f0a0fe45-shear_15nN_grompp": 1, "6e1d07ebf9f197cf9d16f1f4f0a0fe45-shear_25nN": 1, "6e1d07ebf9f197cf9d16f1f4f0a0fe45-unwrap_shear_5nN": 1, "6e1d07ebf9f197cf9d16f1f4f0a0fe45-calc_interdigitation": 1, "6e1d07ebf9f197cf9d16f1f4f0a0fe45-get_interaction_energy_5nN": 1, "6e1d07ebf9f197cf9d16f1f4f0a0fe45-shear_5nN_rerun": 1, "6e1d07ebf9f197cf9d16f1f4f0a0fe45-shear_25nN_grompp": 1, "6e1d07ebf9f197cf9d16f1f4f0a0fe45-shear_25nN_rerun_grompp": 1, "6e1d07ebf9f197cf9d16f1f4f0a0fe45-shear_15nN": 1, "6e1d07ebf9f197cf9d16f1f4f0a0fe45-compress_grompp": 1, "6e1d07ebf9f197cf9d16f1f4f0a0fe45-shear_5nN_rerun_grompp": 1, "6e1d07ebf9f197cf9d16f1f4f0a0fe45-fix_overlaps": 1, "6e1d07ebf9f197cf9d16f1f4f0a0fe45-get_interaction_energy_25nN": 1, "6e1d07ebf9f197cf9d16f1f4f0a0fe45-lammps_to_gmx": 1}, "interdigitation": {"25nN": 0.14147440414387186, "5nN": 0.10680742122643086, "15nN": 0.09839998585494106}, "avg_molecular_weight": 46.069050000000004, "delta_dipole_moment": 0.0, "S2_top": {"25nN": 0.948456859186435, "5nN": 0.9608545947807633, "15nN": 0.9356598375561592}, "shear_25nN-Etotal": [-1589.5054855979217, 49.3308460046183], "shear_5nN-Etotal": [-1354.6878896706635, 52.0305564898579], "S2_bottom": {"25nN": 0.9500377484900924, "5nN": 0.9610409233531678, "15nN": 0.9575836296135676}, "intercept": 1.0089414421105678, "shear_15nN-lj": [-1575.1172280967228, 48.57178441493972], "tilt_top": {"25nN": 38.01056913375346, "5nN": 33.112451177231954, "15nN": 36.1581756680924}, "avg_dipole_moment": 0.0, "shear_5nN-qq": [11.76494474980016, 10.874065499507976], "shear_5nN-lj": [-1366.4528344204637, 53.81036873150576], "COF": 0.14238196028085381, "shear_25nN-lj": [-1678.562759347722, 50.83779519273856], "shear_25nN-qq": [89.05727374980016, 10.596628564804325], "shear_15nN-Etotal": [-1516.137970310152, 46.55662382615818]}