{"MR-mean":9.9359,"asphericity-mean":0.259204,"balabanj-mean":3.594441,"bertzct-mean":52.406372,"chi0-mean":6.1035535,"chi0n-mean":5.0210705,"chi0v-mean":1.5210705,"chi1-mean":2.90533,"chi1n-mean":2.2146595,"chi1v-mean":0.5105355,"chi2n-mean":0.2488795,"chi2v-mean":0.2488795,"chi3n-mean":0.0,"chi3v-mean":0.0,"chi4n-mean":0.0,"chi4v-mean":0.0,"e-valence-mean":23.0,"eccentricity-mean":0.6688545,"hk-alpha-mean":-0.125,"hk-kappa1-mean":0.7828935,"hk-kappa2-mean":0.920008,"hk-kappa3-mean":124.161848,"ipc-mean":16.735428,"isf-mean":0.118522,"labuteASA-mean":25.527874,"logP-mean":0.58855,"molwt-mean":58.02245,"molwt-hvy-mean":54.513,"nheavy-mean":3.5,"npr1-mean":0.568337,"npr2-mean":0.9678435,"pbf-mean":0.46013,"pc+-mean":0.4570875,"pc--mean":-0.4570875,"pmi1-mean":50.537458,"pmi2-mean":60.6254435,"pmi3-mean":62.275745,"rbonds-mean":0.5,"rg-mean":1.089036,"rpc+-mean":0.637291,"rpc--mean":0.6666665,"spherocity-mean":0.6213775,"tpsa-mean":10.115,"vsa+-mean":14.8609475,"vsa--mean":9.1400265,"vsa-fhyd-mean":0.7132725,"vsa-fneg-mean":0.36166,"vsa-fpneg-mean":0.1443965,"vsa-fpos-mean":0.63834,"vsa-fppos-mean":0.142331,"vsa-hyd-mean":17.6428205,"vsa-polar-mean":0.2867275,"vsa-polar+-mean":3.8037495,"vsa-polar--mean":2.554404,"MR-min":8.1428,"asphericity-min":0.00161,"balabanj-min":3.16849,"bertzct-min":37.302969,"chi0-min":5.207107,"chi0n-min":4.908248,"chi0v-min":0.908248,"chi1-min":2.56066,"chi1n-min":2.112372,"chi1v-min":0.204124,"chi2n-min":0.0,"chi2v-min":0.0,"chi3n-min":0.0,"chi3v-min":0.0,"chi4n-min":0.0,"chi4v-min":0.0,"e-valence-min":14.0,"eccentricity-min":0.358565,"hk-alpha-min":-0.21,"hk-kappa1-min":0.073424,"hk-kappa2-min":0.880016,"hk-kappa3-min":-27.04,"ipc-min":12.164797,"isf-min":0.010081,"labuteASA-min":19.240037,"logP-min":-0.3915,"molwt-min":32.026215,"molwt-hvy-min":28.01,"nheavy-min":2.0,"npr1-min":0.203169,"npr2-min":0.959349,"pbf-min":0.357724,"pc+-min":0.39963,"pc--min":-0.514545,"pmi1-min":4.226897,"pmi2-min":19.959067,"pmi3-min":20.804804,"rbonds-min":0.0,"rg-min":0.83789,"rpc+-min":0.524559,"rpc--min":0.333333,"spherocity-min":0.580445,"tpsa-min":0.0,"vsa+-min":12.581428,"vsa--min":5.108808,"vsa-fhyd-min":0.630304,"vsa-fneg-min":0.288793,"vsa-fpneg-min":0.0,"vsa-fpos-min":0.565473,"vsa-fppos-min":0.080903,"vsa-hyd-min":11.150228,"vsa-polar-min":0.203759,"vsa-polar+-min":1.4312,"vsa-polar--min":0.0,"MR-max":11.729,"asphericity-max":0.516798,"balabanj-max":4.020392,"bertzct-max":67.509775,"chi0-max":7.0,"chi0n-max":5.133893,"chi0v-max":2.133893,"chi1-max":3.25,"chi1n-max":2.316947,"chi1v-max":0.816947,"chi2n-max":0.497759,"chi2v-max":0.497759,"chi3n-max":0.0,"chi3v-max":0.0,"chi4n-max":0.0,"chi4v-max":0.0,"e-valence-max":32.0,"eccentricity-max":0.979144,"hk-alpha-max":-0.04,"hk-kappa1-max":1.492363,"hk-kappa2-max":0.96,"hk-kappa3-max":275.363696,"ipc-max":21.306059,"isf-max":0.226963,"labuteASA-max":31.815711,"logP-max":1.5686,"molwt-max":84.018685,"molwt-hvy-max":81.016,"nheavy-max":5.0,"npr1-max":0.933505,"npr2-max":0.976338,"pbf-max":0.562536,"pc+-max":0.514545,"pc--max":-0.39963,"pmi1-max":96.848019,"pmi2-max":101.29182,"pmi3-max":103.746686,"rbonds-max":1.0,"rg-max":1.340182,"rpc+-max":0.750023,"rpc--max":1.0,"spherocity-max":0.66231,"tpsa-max":20.23,"vsa+-max":17.140467,"vsa--max":13.171245,"vsa-fhyd-max":0.796241,"vsa-fneg-max":0.434527,"vsa-fpneg-max":0.288793,"vsa-fpos-max":0.711207,"vsa-fppos-max":0.203759,"vsa-hyd-max":24.135413,"vsa-polar-max":0.369696,"vsa-polar+-max":6.176299,"vsa-polar--max":5.108808,"MR-diff":3.5862,"asphericity-diff":0.515188,"balabanj-diff":0.851902,"bertzct-diff":30.206806,"chi0-diff":1.792893,"chi0n-diff":0.225645,"chi0v-diff":1.225645,"chi1-diff":0.68934,"chi1n-diff":0.204575,"chi1v-diff":0.612823,"chi2n-diff":0.497759,"chi2v-diff":0.497759,"chi3n-diff":0.0,"chi3v-diff":0.0,"chi4n-diff":0.0,"chi4v-diff":0.0,"e-valence-diff":18.0,"eccentricity-diff":0.620579,"hk-alpha-diff":0.17,"hk-kappa1-diff":1.418939,"hk-kappa2-diff":0.079984,"hk-kappa3-diff":302.403696,"ipc-diff":9.141262,"isf-diff":0.216882,"labuteASA-diff":12.575674,"logP-diff":1.9601,"molwt-diff":51.99247,"molwt-hvy-diff":53.006,"nheavy-diff":3.0,"npr1-diff":0.730336,"npr2-diff":0.016989,"pbf-diff":0.204812,"pc+-diff":0.114915,"pc--diff":0.114915,"pmi1-diff":92.621122,"pmi2-diff":81.332753,"pmi3-diff":82.941882,"rbonds-diff":1.0,"rg-diff":0.502292,"rpc+-diff":0.225464,"rpc--diff":0.666667,"spherocity-diff":0.081865,"tpsa-diff":20.23,"vsa+-diff":4.559039,"vsa--diff":8.062437,"vsa-fhyd-diff":0.165937,"vsa-fneg-diff":0.145734,"vsa-fpneg-diff":0.288793,"vsa-fpos-diff":0.145734,"vsa-fppos-diff":0.122856,"vsa-hyd-diff":12.985185,"vsa-polar-diff":0.165937,"vsa-polar+-diff":4.745099,"vsa-polar--diff":5.108808,"hbonds":0.0}