{"tilt_bottom": {"25nN": 38.8790490695685, "5nN": 34.093088861851555, "15nN": 37.48498035565863}, "shear_25nN-qq": [-147.41187243325342, 28.397513607403422], "S2_top": {"25nN": 0.9010834927782393, "5nN": 0.9183486629776689, "15nN": 0.8779332488167726}, "shear_5nN-qq": [-104.92598436770582, 22.221537977874352], "shear_15nN-Etotal": [-1503.155542091127, 56.526237071304415], "status": {"0fb61ff0f76f1eda308e14bd8baeede0-shear_25nN_rerun_grompp": 1, "0fb61ff0f76f1eda308e14bd8baeede0-get_interaction_energy_15nN": 1, "0fb61ff0f76f1eda308e14bd8baeede0-shear_15nN_grompp": 1, "0fb61ff0f76f1eda308e14bd8baeede0-equilibrate_grompp": 1, "0fb61ff0f76f1eda308e14bd8baeede0-log_interaction_energy_15nN": 1, "0fb61ff0f76f1eda308e14bd8baeede0-calc_tilt_shear": 1, "0fb61ff0f76f1eda308e14bd8baeede0-calc_friction": 1, "0fb61ff0f76f1eda308e14bd8baeede0-shear_5nN_rerun_grompp": 1, "0fb61ff0f76f1eda308e14bd8baeede0-shear_25nN": 1, "0fb61ff0f76f1eda308e14bd8baeede0-shear_5nN_grompp": 1, "0fb61ff0f76f1eda308e14bd8baeede0-calc_S2_shear": 1, "0fb61ff0f76f1eda308e14bd8baeede0-get_interaction_energy_5nN": 1, "0fb61ff0f76f1eda308e14bd8baeede0-log_S2": 1, "0fb61ff0f76f1eda308e14bd8baeede0-equilibrate": 1, "0fb61ff0f76f1eda308e14bd8baeede0-minimize": 1, "0fb61ff0f76f1eda308e14bd8baeede0-lammps_to_gmx": 1, "0fb61ff0f76f1eda308e14bd8baeede0-log_interaction_energy_25nN": 1, "0fb61ff0f76f1eda308e14bd8baeede0-unwrap_shear_15nN": 1, "0fb61ff0f76f1eda308e14bd8baeede0-log_tilt": 1, "0fb61ff0f76f1eda308e14bd8baeede0-initialize": 1, "0fb61ff0f76f1eda308e14bd8baeede0-shear_5nN": 1, "0fb61ff0f76f1eda308e14bd8baeede0-shear_25nN_grompp": 1, "0fb61ff0f76f1eda308e14bd8baeede0-compress_grompp": 1, "0fb61ff0f76f1eda308e14bd8baeede0-get_interaction_energy_25nN": 1, "0fb61ff0f76f1eda308e14bd8baeede0-top_to_mol2": 1, "0fb61ff0f76f1eda308e14bd8baeede0-unwrap_shear_25nN": 1, "0fb61ff0f76f1eda308e14bd8baeede0-shear_15nN": 1, "0fb61ff0f76f1eda308e14bd8baeede0-shear_5nN_rerun": 1, "0fb61ff0f76f1eda308e14bd8baeede0-log_interaction_energy_5nN": 1, "0fb61ff0f76f1eda308e14bd8baeede0-fix_overlaps": 1, "0fb61ff0f76f1eda308e14bd8baeede0-compress": 1, "0fb61ff0f76f1eda308e14bd8baeede0-log_cof": 1, "0fb61ff0f76f1eda308e14bd8baeede0-minimize_grompp": 1, "0fb61ff0f76f1eda308e14bd8baeede0-shear_15nN_rerun": 1, "0fb61ff0f76f1eda308e14bd8baeede0-shear_15nN_rerun_grompp": 1, "0fb61ff0f76f1eda308e14bd8baeede0-calc_interdigitation": 1, "0fb61ff0f76f1eda308e14bd8baeede0-shear_25nN_rerun": 1, "0fb61ff0f76f1eda308e14bd8baeede0-count_hydrogen_bonds": 1, "0fb61ff0f76f1eda308e14bd8baeede0-unwrap_shear_5nN": 1}, "shear_25nN-lj": [-1461.6974189272582, 49.88992161896216], "delta_molecular_weight": 51.998599999999996, "shear_15nN-qq": [-128.25553299520385, 26.526262697941952], "avg_dipole_moment": 1.9849999999999999, "COF": 0.15892677160242102, "shear_25nN-Etotal": [-1609.1092913605114, 59.42306700728285], "tilt_top": {"25nN": 39.368522713052606, "5nN": 33.81208108825084, "15nN": 36.524723999130515}, "S2_bottom": {"25nN": 0.9514765360472708, "5nN": 0.9500828490395392, "15nN": 0.9375862795309938}, "intercept": 1.0050853164357818, "shear_5nN-Etotal": [-1240.3935493285371, 59.452684301368976], "avg_molecular_weight": 43.0066, "delta_dipole_moment": 0.20999999999999996, "shear_15nN-lj": [-1374.9000090959232, 50.07607511631774], "shear_5nN-lj": [-1135.4675649608314, 51.519497731755514]}