{"MR-mean":14.908,"asphericity-mean":0.261932,"balabanj-mean":3.830764,"bertzct-mean":113.124624,"chi0-mean":8.5,"chi0n-mean":8.5,"chi0v-mean":1.5,"chi1-mean":4.125,"chi1n-mean":4.125,"chi1v-mean":0.625,"chi2n-mean":0.25,"chi2v-mean":0.25,"chi3n-mean":0.0625,"chi3v-mean":0.0625,"chi4n-mean":0.0,"chi4v-mean":0.0,"e-valence-mean":19.0,"eccentricity-mean":0.8770065,"hk-alpha-mean":0.0,"hk-kappa1-mean":0.134074,"hk-kappa2-mean":1.111111,"hk-kappa3-mean":0.0,"ipc-mean":79.192626,"isf-mean":0.0389535,"labuteASA-mean":30.801013,"logP-mean":1.2933,"molwt-mean":43.054775,"molwt-hvy-mean":36.033,"nheavy-mean":3.0,"npr1-mean":0.4374195,"npr2-mean":0.7646605,"pbf-mean":0.575206,"pc+-mean":0.1751235,"pc--mean":-0.1751235,"pmi1-mean":20.9023615,"pmi2-mean":42.1436645,"pmi3-mean":53.0207755,"rbonds-mean":1.0,"rg-mean":1.15215,"rpc+-mean":0.1518695,"rpc--mean":0.339119,"spherocity-mean":0.6071185,"tpsa-mean":0.0,"vsa+-mean":9.5953095,"vsa--mean":19.597742,"vsa-fhyd-mean":1.0,"vsa-fneg-mean":0.6729775,"vsa-fpneg-mean":0.0,"vsa-fpos-mean":0.3270225,"vsa-fppos-mean":0.0,"vsa-hyd-mean":29.1930515,"vsa-polar-mean":0.0,"vsa-polar+-mean":0.0,"vsa-polar--mean":0.0,"MR-min":13.851,"asphericity-min":0.109275,"balabanj-min":2.913119,"bertzct-min":105.852638,"chi0-min":7.5,"chi0n-min":7.5,"chi0v-min":1.5,"chi1-min":3.75,"chi1n-min":3.75,"chi1v-min":0.5,"chi2n-min":0.125,"chi2v-min":0.125,"chi3n-min":0.0,"chi3v-min":0.0,"chi4n-min":0.0,"chi4v-min":0.0,"e-valence-min":18.0,"eccentricity-min":0.788274,"hk-alpha-min":0.0,"hk-kappa1-min":0.12,"hk-kappa2-min":0.222222,"hk-kappa3-min":0.0,"ipc-min":69.83327,"isf-min":0.025918,"labuteASA-min":28.893127,"logP-min":1.1703,"molwt-min":42.04695,"molwt-hvy-min":36.033,"nheavy-min":3.0,"npr1-min":0.259515,"npr2-min":0.640297,"pbf-min":0.522712,"pc+-min":0.159918,"pc--min":-0.190329,"pmi1-min":17.10011,"pmi2-min":25.707217,"pmi3-min":40.148925,"rbonds-min":0.0,"rg-min":1.037318,"rpc+-min":0.137072,"rpc--min":0.333333,"spherocity-min":0.469142,"tpsa-min":0.0,"vsa+-min":8.224551,"vsa--min":19.118775,"vsa-fhyd-min":1.0,"vsa-fneg-min":0.646743,"vsa-fpneg-min":0.0,"vsa-fpos-min":0.300788,"vsa-fppos-min":0.0,"vsa-hyd-min":27.343326,"vsa-polar-min":0.0,"vsa-polar+-min":0.0,"vsa-polar--min":0.0,"MR-max":15.965,"asphericity-max":0.414589,"balabanj-max":4.748409,"bertzct-max":120.39661,"chi0-max":9.5,"chi0n-max":9.5,"chi0v-max":1.5,"chi1-max":4.5,"chi1n-max":4.5,"chi1v-max":0.75,"chi2n-max":0.375,"chi2v-max":0.375,"chi3n-max":0.125,"chi3v-max":0.125,"chi4n-max":0.0,"chi4v-max":0.0,"e-valence-max":20.0,"eccentricity-max":0.965739,"hk-alpha-max":0.0,"hk-kappa1-max":0.148148,"hk-kappa2-max":2.0,"hk-kappa3-max":0.0,"ipc-max":88.551982,"isf-max":0.051989,"labuteASA-max":32.708899,"logP-max":1.4163,"molwt-max":44.0626,"molwt-hvy-max":36.033,"nheavy-max":3.0,"npr1-max":0.615324,"npr2-max":0.889024,"pbf-max":0.6277,"pc+-max":0.190329,"pc--max":-0.159918,"pmi1-max":24.704613,"pmi2-max":58.580112,"pmi3-max":65.892626,"rbonds-max":2.0,"rg-max":1.266982,"rpc+-max":0.166667,"rpc--max":0.344905,"spherocity-max":0.745095,"tpsa-max":0.0,"vsa+-max":10.966068,"vsa--max":20.076709,"vsa-fhyd-max":1.0,"vsa-fneg-max":0.699212,"vsa-fpneg-max":0.0,"vsa-fpos-max":0.353257,"vsa-fppos-max":0.0,"vsa-hyd-max":31.042777,"vsa-polar-max":0.0,"vsa-polar+-max":0.0,"vsa-polar--max":0.0,"MR-diff":2.114,"asphericity-diff":0.305314,"balabanj-diff":1.83529,"bertzct-diff":14.543972,"chi0-diff":2.0,"chi0n-diff":2.0,"chi0v-diff":0.0,"chi1-diff":0.75,"chi1n-diff":0.75,"chi1v-diff":0.25,"chi2n-diff":0.25,"chi2v-diff":0.25,"chi3n-diff":0.125,"chi3v-diff":0.125,"chi4n-diff":0.0,"chi4v-diff":0.0,"e-valence-diff":2.0,"eccentricity-diff":0.177465,"hk-alpha-diff":0.0,"hk-kappa1-diff":0.028148,"hk-kappa2-diff":1.777778,"hk-kappa3-diff":0.0,"ipc-diff":18.718712,"isf-diff":0.026071,"labuteASA-diff":3.815772,"logP-diff":0.246,"molwt-diff":2.01565,"molwt-hvy-diff":0.0,"nheavy-diff":0.0,"npr1-diff":0.355809,"npr2-diff":0.248727,"pbf-diff":0.104988,"pc+-diff":0.030411,"pc--diff":0.030411,"pmi1-diff":7.604503,"pmi2-diff":32.872895,"pmi3-diff":25.743701,"rbonds-diff":2.0,"rg-diff":0.229664,"rpc+-diff":0.029595,"rpc--diff":0.011572,"spherocity-diff":0.275953,"tpsa-diff":0.0,"vsa+-diff":2.741517,"vsa--diff":0.957934,"vsa-fhyd-diff":0.0,"vsa-fneg-diff":0.052469,"vsa-fpneg-diff":0.0,"vsa-fpos-diff":0.052469,"vsa-fppos-diff":0.0,"vsa-hyd-diff":3.699451,"vsa-polar-diff":0.0,"vsa-polar+-diff":0.0,"vsa-polar--diff":0.0,"hbonds":0.0}