{"MR-mean":23.504,"asphericity-mean":0.51559,"balabanj-mean":4.040126,"bertzct-mean":252.751978,"chi0-mean":9.8094015,"chi0n-mean":9.188982,"chi0v-mean":2.688982,"chi1-mean":5.2647425,"chi1n-mean":4.469491,"chi1v-mean":1.219491,"chi2n-mean":0.656991,"chi2v-mean":0.656991,"chi3n-mean":0.2972455,"chi3v-mean":0.2972455,"chi4n-mean":0.148623,"chi4v-mean":0.148623,"e-valence-mean":30.0,"eccentricity-mean":0.9795665,"hk-alpha-mean":-0.555,"hk-kappa1-mean":0.744563,"hk-kappa2-mean":1.844131,"hk-kappa3-mean":1.3997015,"ipc-mean":642.953867,"isf-mean":0.04052,"labuteASA-mean":43.5030145,"logP-mean":1.66321,"molwt-mean":76.050064,"molwt-hvy-mean":69.554,"nheavy-mean":5.5,"npr1-mean":0.2011165,"npr2-mean":0.831032,"pbf-mean":0.186944,"pc+-mean":0.3540835,"pc--mean":-0.3540835,"pmi1-mean":50.016403,"pmi2-mean":203.4809055,"pmi3-mean":250.124747,"rbonds-mean":1.0,"rg-mean":1.601677,"rpc+-mean":0.248034,"rpc--mean":0.4342275,"spherocity-mean":0.1341575,"tpsa-mean":0.0,"vsa+-mean":11.8185415,"vsa--mean":30.2052185,"vsa-fhyd-mean":0.9610695,"vsa-fneg-mean":0.7146605,"vsa-fpneg-mean":0.0389305,"vsa-fpos-mean":0.2853395,"vsa-fppos-mean":0.0,"vsa-hyd-mean":39.8285525,"vsa-polar-mean":0.0389305,"vsa-polar+-mean":0.0,"vsa-polar--mean":2.1952075,"MR-min":15.871,"asphericity-min":0.511353,"balabanj-min":3.680736,"bertzct-min":125.728624,"chi0-min":7.654701,"chi0n-min":7.5,"chi0v-min":1.5,"chi1-min":3.854059,"chi1n-min":3.5,"chi1v-min":0.5,"chi2n-min":0.125,"chi2v-min":0.125,"chi3n-min":0.0,"chi3v-min":0.0,"chi4n-min":0.0,"chi4v-min":0.0,"e-valence-min":18.0,"eccentricity-min":0.979258,"hk-alpha-min":-0.85,"hk-kappa1-min":0.138474,"hk-kappa2-min":1.74,"hk-kappa3-min":1.059403,"ipc-min":50.070311,"isf-min":0.009168,"labuteASA-min":29.209355,"logP-min":1.1923,"molwt-min":42.04695,"molwt-hvy-min":36.033,"nheavy-min":3.0,"npr1-min":0.199613,"npr2-min":0.808155,"pbf-min":0.132921,"pc+-min":0.245501,"pc--min":-0.462666,"pmi1-min":11.880924,"pmi2-min":50.070324,"pmi3-min":58.636594,"rbonds-min":1.0,"rg-min":1.196999,"rpc+-min":0.230808,"rpc--min":0.421022,"spherocity-min":0.063555,"tpsa-min":0.0,"vsa+-min":8.224552,"vsa--min":19.435003,"vsa-fhyd-min":0.922139,"vsa-fneg-min":0.702651,"vsa-fpneg-min":0.0,"vsa-fpos-min":0.27333,"vsa-fppos-min":0.0,"vsa-hyd-min":27.659555,"vsa-polar-min":0.0,"vsa-polar+-min":0.0,"vsa-polar--min":0.0,"MR-max":31.137,"asphericity-max":0.519827,"balabanj-max":4.399516,"bertzct-max":379.775332,"chi0-max":11.964102,"chi0n-max":10.877964,"chi0v-max":3.877964,"chi1-max":6.675426,"chi1n-max":5.438982,"chi1v-max":1.938982,"chi2n-max":1.188982,"chi2v-max":1.188982,"chi3n-max":0.594491,"chi3v-max":0.594491,"chi4n-max":0.297246,"chi4v-max":0.297246,"e-valence-max":42.0,"eccentricity-max":0.979875,"hk-alpha-max":-0.26,"hk-kappa1-max":1.350652,"hk-kappa2-max":1.948262,"hk-kappa3-max":1.74,"ipc-max":1235.837423,"isf-max":0.071872,"labuteASA-max":57.796674,"logP-max":2.13412,"molwt-max":110.053178,"molwt-hvy-max":103.075,"nheavy-max":8.0,"npr1-max":0.20262,"npr2-max":0.853909,"pbf-max":0.240967,"pc+-max":0.462666,"pc--max":-0.245501,"pmi1-max":88.151882,"pmi2-max":356.891487,"pmi3-max":441.6129,"rbonds-max":1.0,"rg-max":2.006355,"rpc+-max":0.26526,"rpc--max":0.447433,"spherocity-max":0.20476,"tpsa-max":0.0,"vsa+-max":15.412531,"vsa--max":40.975434,"vsa-fhyd-max":1.0,"vsa-fneg-max":0.72667,"vsa-fpneg-max":0.077861,"vsa-fpos-max":0.297349,"vsa-fppos-max":0.0,"vsa-hyd-max":51.99755,"vsa-polar-max":0.077861,"vsa-polar+-max":0.0,"vsa-polar--max":4.390415,"MR-diff":15.266,"asphericity-diff":0.008474,"balabanj-diff":0.71878,"bertzct-diff":254.046708,"chi0-diff":4.309401,"chi0n-diff":3.377964,"chi0v-diff":2.377964,"chi1-diff":2.821367,"chi1n-diff":1.938982,"chi1v-diff":1.438982,"chi2n-diff":1.063982,"chi2v-diff":1.063982,"chi3n-diff":0.594491,"chi3v-diff":0.594491,"chi4n-diff":0.297246,"chi4v-diff":0.297246,"e-valence-diff":24.0,"eccentricity-diff":0.000617,"hk-alpha-diff":0.59,"hk-kappa1-diff":1.212178,"hk-kappa2-diff":0.208262,"hk-kappa3-diff":0.680597,"ipc-diff":1185.767112,"isf-diff":0.062704,"labuteASA-diff":28.587319,"logP-diff":0.94182,"molwt-diff":68.006228,"molwt-hvy-diff":67.042,"nheavy-diff":5.0,"npr1-diff":0.003007,"npr2-diff":0.045754,"pbf-diff":0.108046,"pc+-diff":0.217165,"pc--diff":0.217165,"pmi1-diff":76.270958,"pmi2-diff":306.821163,"pmi3-diff":382.976306,"rbonds-diff":0.0,"rg-diff":0.809356,"rpc+-diff":0.034452,"rpc--diff":0.026411,"spherocity-diff":0.141205,"tpsa-diff":0.0,"vsa+-diff":7.187979,"vsa--diff":21.540431,"vsa-fhyd-diff":0.077861,"vsa-fneg-diff":0.024019,"vsa-fpneg-diff":0.077861,"vsa-fpos-diff":0.024019,"vsa-fppos-diff":0.0,"vsa-hyd-diff":24.337995,"vsa-polar-diff":0.077861,"vsa-polar+-diff":0.0,"vsa-polar--diff":4.390415,"hbonds":0.0}