{"interdigitation": {"25nN": 0.1972860786898437, "5nN": 0.1431561067209707, "15nN": 0.13175686369495834}, "shear_25nN-qq": [-57.72633134852118, 16.893379195956374], "S2_top": {"25nN": 0.9001055859417163, "5nN": 0.878553827805271, "15nN": 0.9044797039638504}, "tilt_bottom": {"25nN": 40.30630144824265, "5nN": 35.44570129024578, "15nN": 38.890140501646826}, "shear_15nN-Etotal": [-1658.2900627841727, 48.1168517197972], "S2_bottom": {"25nN": 0.9467608841411809, "5nN": 0.964062553116661, "15nN": 0.9706612469247569}, "shear_25nN-lj": [-1737.9213916035171, 48.045283822196744], "delta_molecular_weight": 68.0491, "intercept": 0.7357157650116799, "avg_dipole_moment": 1.015, "COF": 0.12722305812391724, "shear_25nN-Etotal": [-1795.6477229520385, 51.65256385918074], "tilt_top": {"25nN": 37.01456345923322, "5nN": 30.324837657183995, "15nN": 34.0548421818986}, "status": {"64f193d23729fc1b71c1d94c479ed9c4-shear_15nN": 1, "64f193d23729fc1b71c1d94c479ed9c4-shear_5nN_grompp": 1, "64f193d23729fc1b71c1d94c479ed9c4-get_interaction_energy_5nN": 1, "64f193d23729fc1b71c1d94c479ed9c4-calc_tilt_shear": 1, "64f193d23729fc1b71c1d94c479ed9c4-get_interaction_energy_15nN": 1, "64f193d23729fc1b71c1d94c479ed9c4-equilibrate_grompp": 1, "64f193d23729fc1b71c1d94c479ed9c4-shear_25nN_grompp": 1, "64f193d23729fc1b71c1d94c479ed9c4-shear_5nN_rerun": 1, "64f193d23729fc1b71c1d94c479ed9c4-initialize": 1, "64f193d23729fc1b71c1d94c479ed9c4-lammps_to_gmx": 1, "64f193d23729fc1b71c1d94c479ed9c4-shear_25nN": 1, "64f193d23729fc1b71c1d94c479ed9c4-minimize": 1, "64f193d23729fc1b71c1d94c479ed9c4-get_interaction_energy_25nN": 1, "64f193d23729fc1b71c1d94c479ed9c4-log_cof": 1, "64f193d23729fc1b71c1d94c479ed9c4-shear_15nN_grompp": 1, "64f193d23729fc1b71c1d94c479ed9c4-fix_overlaps": 1, "64f193d23729fc1b71c1d94c479ed9c4-minimize_grompp": 1, "64f193d23729fc1b71c1d94c479ed9c4-top_to_mol2": 1, "64f193d23729fc1b71c1d94c479ed9c4-unwrap_shear_25nN": 1, "64f193d23729fc1b71c1d94c479ed9c4-calc_interdigitation": 1, "64f193d23729fc1b71c1d94c479ed9c4-log_tilt": 1, "64f193d23729fc1b71c1d94c479ed9c4-shear_15nN_rerun_grompp": 1, "64f193d23729fc1b71c1d94c479ed9c4-shear_25nN_rerun": 1, "64f193d23729fc1b71c1d94c479ed9c4-unwrap_shear_5nN": 1, "64f193d23729fc1b71c1d94c479ed9c4-compress_grompp": 1, "64f193d23729fc1b71c1d94c479ed9c4-equilibrate": 1, "64f193d23729fc1b71c1d94c479ed9c4-unwrap_shear_15nN": 1, "64f193d23729fc1b71c1d94c479ed9c4-log_interaction_energy_25nN": 1, "64f193d23729fc1b71c1d94c479ed9c4-shear_5nN": 1, "64f193d23729fc1b71c1d94c479ed9c4-log_S2": 1, "64f193d23729fc1b71c1d94c479ed9c4-compress": 1, "64f193d23729fc1b71c1d94c479ed9c4-log_interaction_energy_15nN": 1, "64f193d23729fc1b71c1d94c479ed9c4-shear_5nN_rerun_grompp": 1, "64f193d23729fc1b71c1d94c479ed9c4-log_interaction_energy_5nN": 1, "64f193d23729fc1b71c1d94c479ed9c4-calc_friction": 1, "64f193d23729fc1b71c1d94c479ed9c4-shear_15nN_rerun": 1, "64f193d23729fc1b71c1d94c479ed9c4-calc_S2_shear": 1, "64f193d23729fc1b71c1d94c479ed9c4-shear_25nN_rerun_grompp": 1}, "shear_15nN-qq": [-49.99155295443645, 15.003819823076618], "shear_5nN-qq": [-34.088280828936846, 13.743076770289939], "shear_5nN-Etotal": [-1432.421501172662, 52.372549338380004], "avg_molecular_weight": 61.06965, "delta_dipole_moment": 2.03, "shear_15nN-lj": [-1608.298509829736, 44.19266935915283], "shear_5nN-lj": [-1398.3332203437249, 50.257473658491364]}