{"MR-mean":11.3595,"asphericity-mean":0.4374655,"balabanj-mean":2.5503075,"bertzct-mean":58.0586505,"chi0-mean":5.1035535,"chi0n-mean":4.381855,"chi0v-mean":1.381855,"chi1-mean":2.582107,"chi1n-mean":2.057574,"chi1v-mean":0.557574,"chi2n-mean":0.224768,"chi2v-mean":0.224768,"chi3n-mean":0.0625,"chi3v-mean":0.0625,"chi4n-mean":0.0,"chi4v-mean":0.0,"e-valence-mean":17.5,"eccentricity-mean":0.887211,"hk-alpha-mean":-0.3,"hk-kappa1-mean":1.274074,"hk-kappa2-mean":0.811111,"hk-kappa3-mean":0.7,"ipc-mean":36.294079,"isf-mean":0.130083,"labuteASA-mean":22.85522,"logP-mean":0.37835,"molwt-mean":44.0199265,"molwt-hvy-mean":41.019,"nheavy-mean":3.0,"npr1-mean":0.35633,"npr2-mean":0.774333,"pbf-mean":0.3127865,"pc+-mean":0.2735645,"pc--mean":-0.2735645,"pmi1-mean":14.3280565,"pmi2-mean":33.64611,"pmi3-mean":42.826264,"rbonds-mean":0.0,"rg-mean":1.0157895,"rpc+-mean":0.5833335,"rpc--mean":0.4166665,"spherocity-mean":0.377664,"tpsa-mean":27.115,"vsa+-mean":6.7823705,"vsa--mean":14.6165465,"vsa-fhyd-mean":0.8272285,"vsa-fneg-mean":0.6768345,"vsa-fpneg-mean":0.0,"vsa-fpos-mean":0.3231655,"vsa-fppos-mean":0.1727715,"vsa-hyd-mean":18.728822,"vsa-polar-mean":0.1727715,"vsa-polar+-mean":2.670095,"vsa-polar--mean":0.0,"MR-min":8.868,"asphericity-min":0.106717,"balabanj-min":2.187496,"bertzct-min":10.264663,"chi0-min":2.707107,"chi0n-min":1.26371,"chi0v-min":1.26371,"chi1-min":1.414214,"chi1n-min":0.365148,"chi1v-min":0.365148,"chi2n-min":0.074536,"chi2v-min":0.074536,"chi3n-min":0.0,"chi3v-min":0.0,"chi4n-min":0.0,"chi4v-min":0.0,"e-valence-min":17.0,"eccentricity-min":0.777989,"hk-alpha-min":-0.6,"hk-kappa1-min":0.148148,"hk-kappa2-min":0.222222,"hk-kappa3-min":0.0,"ipc-min":2.754888,"isf-min":0.025575,"labuteASA-min":16.817313,"logP-min":-0.4136,"molwt-min":42.04695,"molwt-hvy-min":36.033,"nheavy-min":3.0,"npr1-min":0.084382,"npr2-min":0.633048,"pbf-min":0.0,"pc+-min":0.159918,"pc--min":-0.387211,"pmi1-min":3.903046,"pmi2-min":24.941027,"pmi3-min":39.398289,"rbonds-min":0.0,"rg-min":1.002705,"rpc+-min":0.166667,"rpc--min":0.333333,"spherocity-min":0.0,"tpsa-min":0.0,"vsa+-min":5.34019,"vsa--min":10.114318,"vsa-fhyd-min":0.654457,"vsa-fneg-min":0.654457,"vsa-fpneg-min":0.0,"vsa-fpos-min":0.300788,"vsa-fppos-min":0.0,"vsa-hyd-min":10.114318,"vsa-polar-min":0.0,"vsa-polar+-min":0.0,"vsa-polar--min":0.0,"MR-max":13.851,"asphericity-max":0.768214,"balabanj-max":2.913119,"bertzct-max":105.852638,"chi0-max":7.5,"chi0n-max":7.5,"chi0v-max":1.5,"chi1-max":3.75,"chi1n-max":3.75,"chi1v-max":0.75,"chi2n-max":0.375,"chi2v-max":0.375,"chi3n-max":0.125,"chi3v-max":0.125,"chi4n-max":0.0,"chi4v-max":0.0,"e-valence-max":18.0,"eccentricity-max":0.996433,"hk-alpha-max":0.0,"hk-kappa1-max":2.4,"hk-kappa2-max":1.4,"hk-kappa3-max":1.4,"ipc-max":69.83327,"isf-max":0.234591,"labuteASA-max":28.893127,"logP-max":1.1703,"molwt-max":45.992903,"molwt-hvy-max":46.005,"nheavy-max":3.0,"npr1-max":0.628278,"npr2-max":0.915618,"pbf-max":0.625573,"pc+-max":0.387211,"pc--max":-0.159918,"pmi1-max":24.753067,"pmi2-max":42.351193,"pmi3-max":46.254239,"rbonds-max":0.0,"rg-max":1.028874,"rpc+-max":1.0,"rpc--max":0.5,"spherocity-max":0.755328,"tpsa-max":54.23,"vsa+-max":8.224551,"vsa--max":19.118775,"vsa-fhyd-max":1.0,"vsa-fneg-max":0.699212,"vsa-fpneg-max":0.0,"vsa-fpos-max":0.345543,"vsa-fppos-max":0.345543,"vsa-hyd-max":27.343326,"vsa-polar-max":0.345543,"vsa-polar+-max":5.34019,"vsa-polar--max":0.0,"MR-diff":4.983,"asphericity-diff":0.661497,"balabanj-diff":0.725623,"bertzct-diff":95.587975,"chi0-diff":4.792893,"chi0n-diff":6.23629,"chi0v-diff":0.23629,"chi1-diff":2.335786,"chi1n-diff":3.384852,"chi1v-diff":0.384852,"chi2n-diff":0.300464,"chi2v-diff":0.300464,"chi3n-diff":0.125,"chi3v-diff":0.125,"chi4n-diff":0.0,"chi4v-diff":0.0,"e-valence-diff":1.0,"eccentricity-diff":0.218444,"hk-alpha-diff":0.6,"hk-kappa1-diff":2.251852,"hk-kappa2-diff":1.177778,"hk-kappa3-diff":1.4,"ipc-diff":67.078382,"isf-diff":0.209016,"labuteASA-diff":12.075814,"logP-diff":1.5839,"molwt-diff":3.945953,"molwt-hvy-diff":9.972,"nheavy-diff":0.0,"npr1-diff":0.543896,"npr2-diff":0.28257,"pbf-diff":0.625573,"pc+-diff":0.227293,"pc--diff":0.227293,"pmi1-diff":20.850021,"pmi2-diff":17.410166,"pmi3-diff":6.85595,"rbonds-diff":0.0,"rg-diff":0.026169,"rpc+-diff":0.833333,"rpc--diff":0.166667,"spherocity-diff":0.755328,"tpsa-diff":54.23,"vsa+-diff":2.884361,"vsa--diff":9.004457,"vsa-fhyd-diff":0.345543,"vsa-fneg-diff":0.044755,"vsa-fpneg-diff":0.0,"vsa-fpos-diff":0.044755,"vsa-fppos-diff":0.345543,"vsa-hyd-diff":17.229008,"vsa-polar-diff":0.345543,"vsa-polar+-diff":5.34019,"vsa-polar--diff":0.0,"hbonds":0.0}