{"shear_15nN-qq": [-686.710226736211, 95.80803936220671], "tilt_bottom": {"25nN": 40.50427409493641, "5nN": 35.186518577694684, "15nN": 38.86391714666036}, "delta_molecular_weight": 13.983600000000003, "status": {"8fc97475de54af6bfeea7b7891a23139-shear_25nN_rerun_grompp": 1, "8fc97475de54af6bfeea7b7891a23139-log_tilt": 1, "8fc97475de54af6bfeea7b7891a23139-shear_15nN_grompp": 1, "8fc97475de54af6bfeea7b7891a23139-get_interaction_energy_5nN": 1, "8fc97475de54af6bfeea7b7891a23139-shear_15nN_rerun": 1, "8fc97475de54af6bfeea7b7891a23139-calc_tilt_shear": 1, "8fc97475de54af6bfeea7b7891a23139-count_hydrogen_bonds": 1, "8fc97475de54af6bfeea7b7891a23139-calc_friction": 1, "8fc97475de54af6bfeea7b7891a23139-fix_overlaps": 1, "8fc97475de54af6bfeea7b7891a23139-compress": 1, "8fc97475de54af6bfeea7b7891a23139-unwrap_shear_25nN": 1, "8fc97475de54af6bfeea7b7891a23139-shear_15nN": 1, "8fc97475de54af6bfeea7b7891a23139-compress_grompp": 1, "8fc97475de54af6bfeea7b7891a23139-unwrap_shear_15nN": 1, "8fc97475de54af6bfeea7b7891a23139-get_interaction_energy_15nN": 1, "8fc97475de54af6bfeea7b7891a23139-shear_25nN_grompp": 1, "8fc97475de54af6bfeea7b7891a23139-shear_5nN": 1, "8fc97475de54af6bfeea7b7891a23139-log_interaction_energy_25nN": 1, "8fc97475de54af6bfeea7b7891a23139-log_interaction_energy_5nN": 1, "8fc97475de54af6bfeea7b7891a23139-shear_5nN_grompp": 1, "8fc97475de54af6bfeea7b7891a23139-log_cof": 1, "8fc97475de54af6bfeea7b7891a23139-top_to_mol2": 1, "8fc97475de54af6bfeea7b7891a23139-shear_5nN_rerun_grompp": 1, "8fc97475de54af6bfeea7b7891a23139-shear_15nN_rerun_grompp": 1, "8fc97475de54af6bfeea7b7891a23139-equilibrate": 1, "8fc97475de54af6bfeea7b7891a23139-shear_25nN": 1, "8fc97475de54af6bfeea7b7891a23139-log_S2": 1, "8fc97475de54af6bfeea7b7891a23139-shear_5nN_rerun": 1, "8fc97475de54af6bfeea7b7891a23139-calc_interdigitation": 1, "8fc97475de54af6bfeea7b7891a23139-minimize_grompp": 1, "8fc97475de54af6bfeea7b7891a23139-unwrap_shear_5nN": 1, "8fc97475de54af6bfeea7b7891a23139-calc_S2_shear": 1, "8fc97475de54af6bfeea7b7891a23139-log_interaction_energy_15nN": 1, "8fc97475de54af6bfeea7b7891a23139-shear_25nN_rerun": 1, "8fc97475de54af6bfeea7b7891a23139-minimize": 1, "8fc97475de54af6bfeea7b7891a23139-initialize": 1, "8fc97475de54af6bfeea7b7891a23139-lammps_to_gmx": 1, "8fc97475de54af6bfeea7b7891a23139-get_interaction_energy_25nN": 1, "8fc97475de54af6bfeea7b7891a23139-equilibrate_grompp": 1}, "interdigitation": {"25nN": 0.11532363383888927, "5nN": 0.12669563342652976, "15nN": 0.11521386152005052}, "intercept": 2.9148342249284385, "delta_dipole_moment": 3.13, "S2_top": {"25nN": 0.9414920504857597, "5nN": 0.9262420320787671, "15nN": 0.9243144871087194}, "shear_25nN-Etotal": [-2563.1161682981615, 107.90218513782493], "avg_dipole_moment": 3.2449999999999997, "S2_bottom": {"25nN": 0.9294995704962881, "5nN": 0.9339693671132527, "15nN": 0.9376329149984763}, "avg_molecular_weight": 38.0256, "shear_15nN-lj": [-1813.9992060031977, 54.34873289474789], "tilt_top": {"25nN": 41.89943350364666, "5nN": 37.68760003740316, "15nN": 39.89457065377137}, "shear_5nN-Etotal": [-2353.881827393285, 112.66858100149275], "shear_5nN-qq": [-742.0938788281375, 92.10661465572052], "shear_5nN-lj": [-1611.7879485651479, 57.505360563724565], "COF": 0.1291555510885446, "shear_25nN-lj": [-1923.5825600375701, 54.9135094566701], "shear_25nN-qq": [-639.5336082605914, 97.25083682924561], "shear_15nN-Etotal": [-2500.7094327394084, 110.50752839135434]}