{"MR-mean":17.5674,"asphericity-mean":0.442164,"balabanj-mean":3.225473,"bertzct-mean":134.6078495,"chi0-mean":6.8742795,"chi0n-mean":6.1582485,"chi0v-mean":2.1582485,"chi1-mean":3.867079,"chi1n-mean":2.9082485,"chi1v-mean":0.954124,"chi2n-mean":0.4166665,"chi2v-mean":0.4166665,"chi3n-mean":0.1875,"chi3v-mean":0.1875,"chi4n-mean":0.09375,"chi4v-mean":0.09375,"e-valence-mean":24.0,"eccentricity-mean":0.931152,"hk-alpha-mean":-0.655,"hk-kappa1-mean":0.5908525,"hk-kappa2-mean":1.5378845,"hk-kappa3-mean":1.0261995,"ipc-mean":212.9829245,"isf-mean":0.0646585,"labuteASA-mean":33.226422,"logP-mean":0.6937,"molwt-mean":62.0262145,"molwt-hvy-mean":58.0375,"nheavy-mean":4.5,"npr1-mean":0.3152905,"npr2-mean":0.697203,"pbf-mean":0.088533,"pc+-mean":0.556701,"pc--mean":-0.556701,"pmi1-mean":46.0204825,"pmi2-mean":66.694693,"pmi3-mean":112.084065,"rbonds-mean":0.0,"rg-mean":1.272579,"rpc+-mean":0.2833695,"rpc--mean":0.4100925,"spherocity-mean":0.04803,"tpsa-mean":18.65,"vsa+-mean":8.737391,"vsa--mean":23.0789285,"vsa-fhyd-mean":0.5357835,"vsa-fneg-mean":0.6660705,"vsa-fpneg-mean":0.2585245,"vsa-fpos-mean":0.3339295,"vsa-fppos-mean":0.205692,"vsa-hyd-mean":22.924911,"vsa-polar-mean":0.4642165,"vsa-polar+-mean":3.939736,"vsa-polar--mean":4.9516725,"MR-min":8.6928,"asphericity-min":0.250378,"balabanj-min":2.847379,"bertzct-min":42.912609,"chi0-min":4.284457,"chi0n-min":3.316497,"chi0v-min":1.316497,"chi1-min":2.270056,"chi1n-min":1.316497,"chi1v-min":0.408248,"chi2n-min":0.083333,"chi2v-min":0.083333,"chi3n-min":0.0,"chi3v-min":0.0,"chi4n-min":0.0,"chi4v-min":0.0,"e-valence-min":18.0,"eccentricity-min":0.87241,"hk-alpha-min":-0.78,"hk-kappa1-min":0.443274,"hk-kappa2-min":1.47,"hk-kappa3-min":0.582399,"ipc-min":9.651484,"isf-min":0.006023,"labuteASA-min":20.591618,"logP-min":-0.2992,"molwt-min":46.005479,"molwt-hvy-min":44.009,"nheavy-min":3.0,"npr1-min":0.141806,"npr2-min":0.511225,"pbf-min":0.000001,"pc+-min":0.373611,"pc--min":-0.739791,"pmi1-min":7.163199,"pmi2-min":44.612954,"pmi3-min":50.513932,"rbonds-min":0.0,"rg-min":1.054156,"rpc+-min":0.166667,"rpc--min":0.166667,"spherocity-min":0.0,"tpsa-min":0.0,"vsa+-min":8.224551,"vsa--min":9.903345,"vsa-fhyd-min":0.071567,"vsa-fneg-min":0.517049,"vsa-fpneg-min":0.0,"vsa-fpos-min":0.184908,"vsa-fppos-min":0.0,"vsa-hyd-min":1.370759,"vsa-polar-min":0.0,"vsa-polar+-min":0.0,"vsa-polar--min":0.0,"MR-max":26.442,"asphericity-max":0.63395,"balabanj-max":3.603567,"bertzct-max":226.30309,"chi0-max":9.464102,"chi0n-max":9.0,"chi0v-max":3.0,"chi1-max":5.464102,"chi1n-max":4.5,"chi1v-max":1.5,"chi2n-max":0.75,"chi2v-max":0.75,"chi3n-max":0.375,"chi3v-max":0.375,"chi4n-max":0.1875,"chi4v-max":0.1875,"e-valence-max":30.0,"eccentricity-max":0.989894,"hk-alpha-max":-0.53,"hk-kappa1-max":0.738431,"hk-kappa2-max":1.605769,"hk-kappa3-max":1.47,"ipc-max":416.314365,"isf-max":0.123294,"labuteASA-max":45.861226,"logP-max":1.6866,"molwt-max":78.04695,"molwt-hvy-max":72.066,"nheavy-max":6.0,"npr1-max":0.488775,"npr2-max":0.883181,"pbf-max":0.177065,"pc+-max":0.739791,"pc--max":-0.373611,"pmi1-max":84.877766,"pmi2-max":88.776432,"pmi3-max":173.654198,"rbonds-max":0.0,"rg-max":1.491002,"rpc+-max":0.400072,"rpc--max":0.653518,"spherocity-max":0.09606,"tpsa-max":37.3,"vsa+-max":9.250231,"vsa--max":36.254512,"vsa-fhyd-max":1.0,"vsa-fneg-max":0.815092,"vsa-fpneg-max":0.517049,"vsa-fpos-max":0.482951,"vsa-fppos-max":0.411384,"vsa-hyd-max":44.479063,"vsa-polar-max":0.928433,"vsa-polar+-max":7.879472,"vsa-polar--max":9.903345,"MR-diff":17.7492,"asphericity-diff":0.383572,"balabanj-diff":0.756188,"bertzct-diff":183.390481,"chi0-diff":5.179645,"chi0n-diff":5.683503,"chi0v-diff":1.683503,"chi1-diff":3.194046,"chi1n-diff":3.183503,"chi1v-diff":1.091752,"chi2n-diff":0.666667,"chi2v-diff":0.666667,"chi3n-diff":0.375,"chi3v-diff":0.375,"chi4n-diff":0.1875,"chi4v-diff":0.1875,"e-valence-diff":12.0,"eccentricity-diff":0.117484,"hk-alpha-diff":0.25,"hk-kappa1-diff":0.295157,"hk-kappa2-diff":0.135769,"hk-kappa3-diff":0.887601,"ipc-diff":406.662881,"isf-diff":0.117271,"labuteASA-diff":25.269608,"logP-diff":1.9858,"molwt-diff":32.041471,"molwt-hvy-diff":28.057,"nheavy-diff":3.0,"npr1-diff":0.346969,"npr2-diff":0.371956,"pbf-diff":0.177064,"pc+-diff":0.36618,"pc--diff":0.36618,"pmi1-diff":77.714567,"pmi2-diff":44.163478,"pmi3-diff":123.140266,"rbonds-diff":0.0,"rg-diff":0.436846,"rpc+-diff":0.233405,"rpc--diff":0.486851,"spherocity-diff":0.09606,"tpsa-diff":37.3,"vsa+-diff":1.02568,"vsa--diff":26.351167,"vsa-fhyd-diff":0.928433,"vsa-fneg-diff":0.298043,"vsa-fpneg-diff":0.517049,"vsa-fpos-diff":0.298043,"vsa-fppos-diff":0.411384,"vsa-hyd-diff":43.108304,"vsa-polar-diff":0.928433,"vsa-polar+-diff":7.879472,"vsa-polar--diff":9.903345,"hbonds":0.0}