{"tilt_bottom": {"25nN": 39.632197506690666, "5nN": 34.35408059075313, "15nN": 37.14195794853431}, "shear_25nN-qq": [-202.69042331254994, 49.56401921743639], "S2_top": {"25nN": 0.9076879675281107, "5nN": 0.8830005294117068, "15nN": 0.9098511568151338}, "shear_5nN-qq": [-253.6497339640288, 44.89066523230089], "shear_15nN-Etotal": [-2232.6654175539566, 79.40712831802273], "status": {"640eeb8a35e9ea6b674dee53f9dd5b63-get_interaction_energy_25nN": 1, "640eeb8a35e9ea6b674dee53f9dd5b63-log_interaction_energy_5nN": 1, "640eeb8a35e9ea6b674dee53f9dd5b63-shear_15nN_grompp": 1, "640eeb8a35e9ea6b674dee53f9dd5b63-unwrap_shear_5nN": 1, "640eeb8a35e9ea6b674dee53f9dd5b63-unwrap_shear_15nN": 1, "640eeb8a35e9ea6b674dee53f9dd5b63-shear_5nN_rerun": 1, "640eeb8a35e9ea6b674dee53f9dd5b63-shear_5nN_grompp": 1, "640eeb8a35e9ea6b674dee53f9dd5b63-shear_25nN_rerun_grompp": 1, "640eeb8a35e9ea6b674dee53f9dd5b63-log_S2": 1, "640eeb8a35e9ea6b674dee53f9dd5b63-log_cof": 1, "640eeb8a35e9ea6b674dee53f9dd5b63-top_to_mol2": 1, "640eeb8a35e9ea6b674dee53f9dd5b63-shear_25nN_rerun": 1, "640eeb8a35e9ea6b674dee53f9dd5b63-shear_25nN_grompp": 1, "640eeb8a35e9ea6b674dee53f9dd5b63-minimize_grompp": 1, "640eeb8a35e9ea6b674dee53f9dd5b63-compress": 1, "640eeb8a35e9ea6b674dee53f9dd5b63-log_interaction_energy_25nN": 1, "640eeb8a35e9ea6b674dee53f9dd5b63-shear_15nN_rerun_grompp": 1, "640eeb8a35e9ea6b674dee53f9dd5b63-get_interaction_energy_15nN": 1, "640eeb8a35e9ea6b674dee53f9dd5b63-initialize": 1, "640eeb8a35e9ea6b674dee53f9dd5b63-shear_25nN": 1, "640eeb8a35e9ea6b674dee53f9dd5b63-shear_15nN_rerun": 1, "640eeb8a35e9ea6b674dee53f9dd5b63-equilibrate_grompp": 1, "640eeb8a35e9ea6b674dee53f9dd5b63-calc_S2_shear": 1, "640eeb8a35e9ea6b674dee53f9dd5b63-shear_5nN": 1, "640eeb8a35e9ea6b674dee53f9dd5b63-equilibrate": 1, "640eeb8a35e9ea6b674dee53f9dd5b63-calc_friction": 1, "640eeb8a35e9ea6b674dee53f9dd5b63-log_interaction_energy_15nN": 1, "640eeb8a35e9ea6b674dee53f9dd5b63-minimize": 1, "640eeb8a35e9ea6b674dee53f9dd5b63-log_tilt": 1, "640eeb8a35e9ea6b674dee53f9dd5b63-fix_overlaps": 1, "640eeb8a35e9ea6b674dee53f9dd5b63-calc_tilt_shear": 1, "640eeb8a35e9ea6b674dee53f9dd5b63-count_hydrogen_bonds": 1, "640eeb8a35e9ea6b674dee53f9dd5b63-unwrap_shear_25nN": 1, "640eeb8a35e9ea6b674dee53f9dd5b63-shear_5nN_rerun_grompp": 1, "640eeb8a35e9ea6b674dee53f9dd5b63-lammps_to_gmx": 1, "640eeb8a35e9ea6b674dee53f9dd5b63-get_interaction_energy_5nN": 1, "640eeb8a35e9ea6b674dee53f9dd5b63-shear_15nN": 1, "640eeb8a35e9ea6b674dee53f9dd5b63-calc_interdigitation": 1, "640eeb8a35e9ea6b674dee53f9dd5b63-compress_grompp": 1}, "shear_25nN-lj": [-2083.600386378897, 53.51139265016832], "delta_molecular_weight": 32.0863, "interdigitation": {"25nN": 0.1219460755795248, "5nN": 0.1077326847742689, "15nN": 0.13674868178747068}, "shear_15nN-qq": [-248.80695676978416, 51.950811859336284], "avg_dipole_moment": 2.405, "COF": 0.12532757600126923, "shear_25nN-Etotal": [-2286.290809691447, 73.64442648293266], "tilt_top": {"25nN": 37.51675565837891, "5nN": 33.61326039491229, "15nN": 37.103676682154465}, "S2_bottom": {"25nN": 0.9273757267243358, "5nN": 0.9426408413984274, "15nN": 0.9367351574550518}, "intercept": 1.6395811649029075, "shear_5nN-Etotal": [-2043.837473039968, 75.55284464458447], "avg_molecular_weight": 61.060550000000006, "delta_dipole_moment": 4.81, "shear_15nN-lj": [-1983.8584607841728, 54.97907311802164], "shear_5nN-lj": [-1790.1877390759396, 54.679124980478534]}