{"tilt_bottom": {"25nN": 39.54863146608867, "5nN": 34.143503601106296, "15nN": 37.324884556498475}, "shear_25nN-qq": [90.09989185451639, 14.66924764869397], "S2_top": {"25nN": 0.9366808721283423, "5nN": 0.9488836022773123, "15nN": 0.961066747726413}, "shear_5nN-qq": [20.43927487529976, 12.432432124496913], "shear_15nN-Etotal": [-1584.6407433069544, 50.27332546867908], "S2_bottom": {"25nN": 0.9366626994720407, "5nN": 0.9511130794867807, "15nN": 0.9354427881476304}, "shear_25nN-lj": [-1751.6238171558755, 52.547774631365826], "delta_molecular_weight": 51.04670000000001, "intercept": 1.1027502693045435, "avg_dipole_moment": 1.445, "COF": 0.1345960664510203, "shear_25nN-Etotal": [-1661.5239253013588, 51.28435068125562], "tilt_top": {"25nN": 37.71537583262532, "5nN": 34.20249118649457, "15nN": 37.6153075228561}, "status": {"929adf7fa1a6743562c00bee10fb480d-shear_15nN_rerun": 1, "929adf7fa1a6743562c00bee10fb480d-top_to_mol2": 1, "929adf7fa1a6743562c00bee10fb480d-lammps_to_gmx": 1, "929adf7fa1a6743562c00bee10fb480d-log_cof": 1, "929adf7fa1a6743562c00bee10fb480d-minimize_grompp": 1, "929adf7fa1a6743562c00bee10fb480d-shear_15nN_grompp": 1, "929adf7fa1a6743562c00bee10fb480d-get_interaction_energy_5nN": 1, "929adf7fa1a6743562c00bee10fb480d-initialize": 1, "929adf7fa1a6743562c00bee10fb480d-shear_25nN_rerun": 1, "929adf7fa1a6743562c00bee10fb480d-get_interaction_energy_25nN": 1, "929adf7fa1a6743562c00bee10fb480d-log_S2": 1, "929adf7fa1a6743562c00bee10fb480d-minimize": 1, "929adf7fa1a6743562c00bee10fb480d-equilibrate": 1, "929adf7fa1a6743562c00bee10fb480d-calc_friction": 1, "929adf7fa1a6743562c00bee10fb480d-unwrap_shear_5nN": 1, "929adf7fa1a6743562c00bee10fb480d-shear_25nN_rerun_grompp": 1, "929adf7fa1a6743562c00bee10fb480d-calc_tilt_shear": 1, "929adf7fa1a6743562c00bee10fb480d-compress": 1, "929adf7fa1a6743562c00bee10fb480d-unwrap_shear_15nN": 1, "929adf7fa1a6743562c00bee10fb480d-compress_grompp": 1, "929adf7fa1a6743562c00bee10fb480d-log_interaction_energy_5nN": 1, "929adf7fa1a6743562c00bee10fb480d-shear_15nN": 1, "929adf7fa1a6743562c00bee10fb480d-log_tilt": 1, "929adf7fa1a6743562c00bee10fb480d-shear_5nN_grompp": 1, "929adf7fa1a6743562c00bee10fb480d-shear_25nN": 1, "929adf7fa1a6743562c00bee10fb480d-shear_5nN_rerun": 1, "929adf7fa1a6743562c00bee10fb480d-log_interaction_energy_15nN": 1, "929adf7fa1a6743562c00bee10fb480d-shear_15nN_rerun_grompp": 1, "929adf7fa1a6743562c00bee10fb480d-shear_25nN_grompp": 1, "929adf7fa1a6743562c00bee10fb480d-fix_overlaps": 1, "929adf7fa1a6743562c00bee10fb480d-unwrap_shear_25nN": 1, "929adf7fa1a6743562c00bee10fb480d-calc_S2_shear": 1, "929adf7fa1a6743562c00bee10fb480d-calc_interdigitation": 1, "929adf7fa1a6743562c00bee10fb480d-equilibrate_grompp": 1, "929adf7fa1a6743562c00bee10fb480d-shear_5nN_rerun_grompp": 1, "929adf7fa1a6743562c00bee10fb480d-get_interaction_energy_15nN": 1, "929adf7fa1a6743562c00bee10fb480d-shear_5nN": 1, "929adf7fa1a6743562c00bee10fb480d-log_interaction_energy_25nN": 1}, "shear_15nN-qq": [58.75803765227817, 14.181336865786502], "shear_5nN-Etotal": [-1363.2102669256597, 59.06746922916912], "avg_molecular_weight": 40.557750000000006, "delta_dipole_moment": 2.89, "shear_15nN-lj": [-1643.3987809592325, 53.032781688529354], "shear_5nN-lj": [-1383.6495418009592, 60.05773324214793]}