{"shear_15nN-qq": [-79.92059726378896, 13.906230812567298], "delta_molecular_weight": 107.06689999999999, "tilt_bottom": {"15nN": 37.93864760663915, "5nN": 34.68214296586253, "25nN": 39.59392210185843}, "interdigitation": {"15nN": 0.13952750924770185, "5nN": 0.14716779120557003, "25nN": 0.15526500604384347}, "avg_molecular_weight": 68.56784999999999, "delta_dipole_moment": 6.22, "S2_top": {"15nN": 0.9123758368250406, "5nN": 0.906540848028379, "25nN": 0.905381471314385}, "shear_25nN-Etotal": [-2098.507731394884, 58.15809691862632], "shear_5nN-Etotal": [-1658.453941159872, 62.05664860114046], "S2_bottom": {"15nN": 0.9140043302713929, "5nN": 0.9380467927554398, "25nN": 0.931263287471295}, "status": {"e4c9c3c50778fe3653b533d56df433b5-shear_15nN_rerun_grompp": 1, "e4c9c3c50778fe3653b533d56df433b5-shear_5nN_rerun": 1, "e4c9c3c50778fe3653b533d56df433b5-shear_15nN_grompp": 1, "e4c9c3c50778fe3653b533d56df433b5-calc_friction": 1, "e4c9c3c50778fe3653b533d56df433b5-unwrap_shear_15nN": 1, "e4c9c3c50778fe3653b533d56df433b5-minimize": 1, "e4c9c3c50778fe3653b533d56df433b5-shear_25nN": 1, "e4c9c3c50778fe3653b533d56df433b5-shear_15nN": 1, "e4c9c3c50778fe3653b533d56df433b5-shear_25nN_grompp": 1, "e4c9c3c50778fe3653b533d56df433b5-shear_5nN": 1, "e4c9c3c50778fe3653b533d56df433b5-minimize_grompp": 1, "e4c9c3c50778fe3653b533d56df433b5-calc_tilt_shear": 1, "e4c9c3c50778fe3653b533d56df433b5-compress_grompp": 1, "e4c9c3c50778fe3653b533d56df433b5-log_interaction_energy_25nN": 1, "e4c9c3c50778fe3653b533d56df433b5-log_interaction_energy_5nN": 1, "e4c9c3c50778fe3653b533d56df433b5-log_interaction_energy_15nN": 1, "e4c9c3c50778fe3653b533d56df433b5-get_interaction_energy_25nN": 1, "e4c9c3c50778fe3653b533d56df433b5-shear_25nN_rerun_grompp": 1, "e4c9c3c50778fe3653b533d56df433b5-get_interaction_energy_15nN": 1, "e4c9c3c50778fe3653b533d56df433b5-shear_5nN_grompp": 1, "e4c9c3c50778fe3653b533d56df433b5-calc_interdigitation": 1, "e4c9c3c50778fe3653b533d56df433b5-log_cof": 1, "e4c9c3c50778fe3653b533d56df433b5-shear_25nN_rerun": 1, "e4c9c3c50778fe3653b533d56df433b5-equilibrate": 1, "e4c9c3c50778fe3653b533d56df433b5-shear_5nN_rerun_grompp": 1, "e4c9c3c50778fe3653b533d56df433b5-unwrap_shear_5nN": 1, "e4c9c3c50778fe3653b533d56df433b5-equilibrate_grompp": 1, "e4c9c3c50778fe3653b533d56df433b5-initialize": 1, "e4c9c3c50778fe3653b533d56df433b5-shear_15nN_rerun": 1, "e4c9c3c50778fe3653b533d56df433b5-calc_S2_shear": 1, "e4c9c3c50778fe3653b533d56df433b5-log_S2": 1, "e4c9c3c50778fe3653b533d56df433b5-top_to_mol2": 1, "e4c9c3c50778fe3653b533d56df433b5-compress": 1, "e4c9c3c50778fe3653b533d56df433b5-fix_overlaps": 1, "e4c9c3c50778fe3653b533d56df433b5-get_interaction_energy_5nN": 1, "e4c9c3c50778fe3653b533d56df433b5-log_tilt": 1, "e4c9c3c50778fe3653b533d56df433b5-lammps_to_gmx": 1, "e4c9c3c50778fe3653b533d56df433b5-unwrap_shear_25nN": 1}, "intercept": 1.3415094324051597, "shear_15nN-lj": [-1865.0473351670662, 55.35344190018302], "tilt_top": {"15nN": 35.78862986226506, "5nN": 31.76130143898413, "25nN": 37.90959033558695}, "avg_dipole_moment": 3.11, "shear_5nN-qq": [-38.67124857154276, 11.67962354214705], "shear_5nN-lj": [-1619.7826925883294, 58.64991292570898], "COF": 0.13322774579393998, "shear_25nN-lj": [-1987.1584145691443, 53.19208942092345], "shear_25nN-qq": [-111.34931682573941, 15.518884585819674], "shear_15nN-Etotal": [-1944.9679324308554, 58.58861560703064]}