{"shear_15nN-qq": [-1982.5904123405276, 139.92153801173762], "delta_molecular_weight": 0.9847999999999999, "status": {"831ef469340d33d98ecef04ac7101d1e-count_hydrogen_bonds": 1, "831ef469340d33d98ecef04ac7101d1e-top_to_mol2": 1, "831ef469340d33d98ecef04ac7101d1e-log_S2": 1, "831ef469340d33d98ecef04ac7101d1e-equilibrate_grompp": 1, "831ef469340d33d98ecef04ac7101d1e-get_interaction_energy_25nN": 1, "831ef469340d33d98ecef04ac7101d1e-unwrap_shear_25nN": 1, "831ef469340d33d98ecef04ac7101d1e-minimize_grompp": 1, "831ef469340d33d98ecef04ac7101d1e-shear_5nN_grompp": 1, "831ef469340d33d98ecef04ac7101d1e-minimize": 1, "831ef469340d33d98ecef04ac7101d1e-log_tilt": 1, "831ef469340d33d98ecef04ac7101d1e-unwrap_shear_5nN": 1, "831ef469340d33d98ecef04ac7101d1e-shear_5nN_rerun": 1, "831ef469340d33d98ecef04ac7101d1e-compress": 1, "831ef469340d33d98ecef04ac7101d1e-log_interaction_energy_25nN": 1, "831ef469340d33d98ecef04ac7101d1e-calc_S2_shear": 1, "831ef469340d33d98ecef04ac7101d1e-calc_interdigitation": 1, "831ef469340d33d98ecef04ac7101d1e-shear_25nN_rerun": 1, "831ef469340d33d98ecef04ac7101d1e-shear_15nN_grompp": 1, "831ef469340d33d98ecef04ac7101d1e-equilibrate": 1, "831ef469340d33d98ecef04ac7101d1e-shear_25nN_grompp": 1, "831ef469340d33d98ecef04ac7101d1e-get_interaction_energy_15nN": 1, "831ef469340d33d98ecef04ac7101d1e-calc_tilt_shear": 1, "831ef469340d33d98ecef04ac7101d1e-log_cof": 1, "831ef469340d33d98ecef04ac7101d1e-compress_grompp": 1, "831ef469340d33d98ecef04ac7101d1e-fix_overlaps": 1, "831ef469340d33d98ecef04ac7101d1e-shear_15nN_rerun_grompp": 1, "831ef469340d33d98ecef04ac7101d1e-get_interaction_energy_5nN": 1, "831ef469340d33d98ecef04ac7101d1e-log_interaction_energy_15nN": 1, "831ef469340d33d98ecef04ac7101d1e-unwrap_shear_15nN": 1, "831ef469340d33d98ecef04ac7101d1e-shear_25nN": 1, "831ef469340d33d98ecef04ac7101d1e-shear_15nN_rerun": 1, "831ef469340d33d98ecef04ac7101d1e-lammps_to_gmx": 1, "831ef469340d33d98ecef04ac7101d1e-shear_15nN": 1, "831ef469340d33d98ecef04ac7101d1e-shear_5nN": 1, "831ef469340d33d98ecef04ac7101d1e-shear_5nN_rerun_grompp": 1, "831ef469340d33d98ecef04ac7101d1e-shear_25nN_rerun_grompp": 1, "831ef469340d33d98ecef04ac7101d1e-initialize": 1, "831ef469340d33d98ecef04ac7101d1e-calc_friction": 1, "831ef469340d33d98ecef04ac7101d1e-log_interaction_energy_5nN": 1}, "interdigitation": {"15nN": 0.13929065698067353, "5nN": 0.13811242389858902, "25nN": 0.14059270725478296}, "intercept": 4.3223720546324795, "delta_dipole_moment": 0.25, "tilt_bottom": {"15nN": 40.41739905306237, "5nN": 37.51943319801546, "25nN": 41.40579684289466}, "S2_top": {"15nN": 0.9598402304222512, "5nN": 0.9569519889099344, "25nN": 0.9534784319465337}, "shear_25nN-Etotal": [-3339.467974747402, 144.24236475993942], "avg_dipole_moment": 1.755, "S2_bottom": {"15nN": 0.9749704953084074, "5nN": 0.9718044184638408, "25nN": 0.9655948988443879}, "avg_molecular_weight": 16.5149, "shear_15nN-lj": [-1280.4613509320543, 59.00238847846907], "tilt_top": {"15nN": 39.59805978526038, "5nN": 37.1590535279278, "25nN": 41.83090714178085}, "shear_5nN-Etotal": [-3114.3864269984015, 151.24030899349418], "shear_5nN-qq": [-1932.7760273309352, 148.6717056974914], "shear_5nN-lj": [-1181.610399667466, 62.316046603734726], "COF": 0.15600368164458833, "shear_25nN-lj": [-1337.0623868121504, 62.38338729338501], "shear_25nN-qq": [-2002.4055879352516, 148.35760608906213], "shear_15nN-Etotal": [-3263.051763272582, 136.34186909282866]}