{"MR-mean":6.9215,"asphericity-mean":0.0965055,"balabanj-mean":3.023716,"bertzct-mean":20.7419715,"chi0-mean":4.5,"chi0n-mean":3.5669465,"chi0v-mean":1.0669465,"chi1-mean":2.0,"chi1n-mean":1.5334735,"chi1v-mean":0.2834735,"chi2n-mean":0.107143,"chi2v-mean":0.107143,"chi3n-mean":0.0,"chi3v-mean":0.0,"chi4n-mean":0.0,"chi4v-mean":0.0,"e-valence-mean":17.0,"eccentricity-mean":0.577299,"hk-alpha-mean":-0.105,"hk-kappa1-mean":1.026926,"hk-kappa2-mean":0.5742115,"hk-kappa3-mean":12.665975,"ipc-mean":3.60964,"isf-mean":0.1564365,"labuteASA-mean":18.4999805,"logP-mean":0.9073,"molwt-mean":43.0171675,"molwt-hvy-mean":40.508,"nheavy-mean":2.5,"npr1-mean":0.7403015,"npr2-mean":0.7678995,"pbf-mean":0.4567935,"pc+-mean":0.300115,"pc--mean":-0.300115,"pmi1-mean":27.2743465,"pmi2-mean":28.7606355,"pmi3-mean":50.2485315,"rbonds-mean":0.0,"rg-mean":0.8800275,"rpc+-mean":0.487202,"rpc--mean":0.6666665,"spherocity-mean":0.871513,"tpsa-mean":0.0,"vsa+-mean":6.7545295,"vsa--mean":10.251052,"vsa-fhyd-mean":0.843016,"vsa-fneg-mean":0.5967335,"vsa-fpneg-mean":0.0,"vsa-fpos-mean":0.4032665,"vsa-fppos-mean":0.156984,"vsa-hyd-mean":13.6779485,"vsa-polar-mean":0.156984,"vsa-polar+-mean":3.327633,"vsa-polar--mean":0.0,"MR-min":6.731,"asphericity-min":0.000801,"balabanj-min":3.023716,"bertzct-min":19.119415,"chi0-min":4.5,"chi0n-min":2.633893,"chi0v-min":0.5,"chi1-min":2.0,"chi1n-min":1.066947,"chi1v-min":0.0,"chi2n-min":0.0,"chi2v-min":0.0,"chi3n-min":0.0,"chi3v-min":0.0,"chi4n-min":0.0,"chi4v-min":0.0,"e-valence-min":8.0,"eccentricity-min":0.305637,"hk-alpha-min":-0.21,"hk-kappa1-min":0.0,"hk-kappa2-min":0.0,"hk-kappa3-min":0.0,"ipc-min":3.60964,"isf-min":0.010878,"labuteASA-min":14.359133,"logP-min":0.6361,"molwt-min":16.0313,"molwt-hvy-min":12.011,"nheavy-min":1.0,"npr1-min":0.528455,"npr2-min":0.558178,"pbf-min":0.431908,"pc+-min":0.077558,"pc--min":-0.522672,"pmi1-min":3.237214,"pmi2-min":3.32382,"pmi3-min":3.399906,"rbonds-min":0.0,"rg-min":0.557176,"rpc+-min":0.25,"rpc--min":0.333333,"spherocity-min":0.791162,"tpsa-min":0.0,"vsa+-min":5.483034,"vsa--min":7.330859,"vsa-fhyd-min":0.686032,"vsa-fneg-min":0.572102,"vsa-fpneg-min":0.0,"vsa-fpos-min":0.378635,"vsa-fppos-min":0.0,"vsa-hyd-min":12.813893,"vsa-polar-min":0.0,"vsa-polar+-min":0.0,"vsa-polar--min":0.0,"MR-max":7.112,"asphericity-max":0.19221,"balabanj-max":3.023716,"bertzct-max":22.364528,"chi0-max":4.5,"chi0n-max":4.5,"chi0v-max":1.633893,"chi1-max":2.0,"chi1n-max":2.0,"chi1v-max":0.566947,"chi2n-max":0.214286,"chi2v-max":0.214286,"chi3n-max":0.0,"chi3v-max":0.0,"chi4n-max":0.0,"chi4v-max":0.0,"e-valence-max":26.0,"eccentricity-max":0.848961,"hk-alpha-max":0.0,"hk-kappa1-max":2.053852,"hk-kappa2-max":1.148423,"hk-kappa3-max":25.33195,"ipc-max":3.60964,"isf-max":0.301995,"labuteASA-max":22.640828,"logP-max":1.1785,"molwt-max":70.003035,"molwt-hvy-max":69.005,"nheavy-max":4.0,"npr1-max":0.952148,"npr2-max":0.977621,"pbf-max":0.481679,"pc+-max":0.522672,"pc--max":-0.077558,"pmi1-max":51.311479,"pmi2-max":54.197451,"pmi3-max":97.097157,"rbonds-max":0.0,"rg-max":1.202879,"rpc+-max":0.724404,"rpc--max":1.0,"spherocity-max":0.951864,"tpsa-max":0.0,"vsa+-max":8.026025,"vsa--max":13.171245,"vsa-fhyd-max":1.0,"vsa-fneg-max":0.621365,"vsa-fpneg-max":0.0,"vsa-fpos-max":0.427898,"vsa-fppos-max":0.313968,"vsa-hyd-max":14.542004,"vsa-polar-max":0.313968,"vsa-polar+-max":6.655266,"vsa-polar--max":0.0,"MR-diff":0.381,"asphericity-diff":0.191409,"balabanj-diff":0.0,"bertzct-diff":3.245113,"chi0-diff":0.0,"chi0n-diff":1.866107,"chi0v-diff":1.133893,"chi1-diff":0.0,"chi1n-diff":0.933053,"chi1v-diff":0.566947,"chi2n-diff":0.214286,"chi2v-diff":0.214286,"chi3n-diff":0.0,"chi3v-diff":0.0,"chi4n-diff":0.0,"chi4v-diff":0.0,"e-valence-diff":18.0,"eccentricity-diff":0.543324,"hk-alpha-diff":0.21,"hk-kappa1-diff":2.053852,"hk-kappa2-diff":1.148423,"hk-kappa3-diff":25.33195,"ipc-diff":0.0,"isf-diff":0.291117,"labuteASA-diff":8.281695,"logP-diff":0.5424,"molwt-diff":53.971735,"molwt-hvy-diff":56.994,"nheavy-diff":3.0,"npr1-diff":0.423693,"npr2-diff":0.419443,"pbf-diff":0.049771,"pc+-diff":0.445114,"pc--diff":0.445114,"pmi1-diff":48.074265,"pmi2-diff":50.873631,"pmi3-diff":93.697251,"rbonds-diff":0.0,"rg-diff":0.645703,"rpc+-diff":0.474404,"rpc--diff":0.666667,"spherocity-diff":0.160702,"tpsa-diff":0.0,"vsa+-diff":2.542991,"vsa--diff":5.840386,"vsa-fhyd-diff":0.313968,"vsa-fneg-diff":0.049263,"vsa-fpneg-diff":0.0,"vsa-fpos-diff":0.049263,"vsa-fppos-diff":0.313968,"vsa-hyd-diff":1.728111,"vsa-polar-diff":0.313968,"vsa-polar+-diff":6.655266,"vsa-polar--diff":0.0,"hbonds":0.0}