{"tilt_bottom": {"25nN": 39.67428778576136, "5nN": 34.19639663252767, "15nN": 37.885119414385535}, "interdigitation": {"25nN": 0.16251092304596265, "5nN": 0.1461304467635018, "15nN": 0.13649828202554584}, "S2_top": {"25nN": 0.9491644919772907, "5nN": 0.9752320120751705, "15nN": 0.9750303148285954}, "shear_25nN-qq": [-16.285851521982416, 9.812089624987545], "shear_5nN-qq": [-13.987906904876098, 7.168236849328718], "shear_15nN-Etotal": [-1249.404736410072, 48.558944024124685], "S2_bottom": {"25nN": 0.9529441958046551, "5nN": 0.9669301526059001, "15nN": 0.9711914803520274}, "shear_25nN-lj": [-1381.7682307306156, 45.366805059537825], "delta_molecular_weight": 53.9715, "intercept": 0.5628933881833946, "avg_dipole_moment": 1.045, "COF": 0.16385695086125734, "shear_25nN-Etotal": [-1398.054082252598, 46.372017151678016], "tilt_top": {"25nN": 38.361019883172666, "5nN": 33.60564882691323, "15nN": 37.68913554620506}, "status": {"cb21c2d24f652c6aa6c14017b5264cd1-minimize_grompp": 1, "cb21c2d24f652c6aa6c14017b5264cd1-log_tilt": 1, "cb21c2d24f652c6aa6c14017b5264cd1-equilibrate_grompp": 1, "cb21c2d24f652c6aa6c14017b5264cd1-shear_5nN_rerun_grompp": 1, "cb21c2d24f652c6aa6c14017b5264cd1-log_interaction_energy_25nN": 1, "cb21c2d24f652c6aa6c14017b5264cd1-compress": 1, "cb21c2d24f652c6aa6c14017b5264cd1-shear_15nN": 1, "cb21c2d24f652c6aa6c14017b5264cd1-calc_friction": 1, "cb21c2d24f652c6aa6c14017b5264cd1-shear_15nN_grompp": 1, "cb21c2d24f652c6aa6c14017b5264cd1-get_interaction_energy_5nN": 1, "cb21c2d24f652c6aa6c14017b5264cd1-shear_25nN": 1, "cb21c2d24f652c6aa6c14017b5264cd1-minimize": 1, "cb21c2d24f652c6aa6c14017b5264cd1-fix_overlaps": 1, "cb21c2d24f652c6aa6c14017b5264cd1-calc_interdigitation": 1, "cb21c2d24f652c6aa6c14017b5264cd1-top_to_mol2": 1, "cb21c2d24f652c6aa6c14017b5264cd1-shear_5nN_rerun": 1, "cb21c2d24f652c6aa6c14017b5264cd1-lammps_to_gmx": 1, "cb21c2d24f652c6aa6c14017b5264cd1-log_interaction_energy_5nN": 1, "cb21c2d24f652c6aa6c14017b5264cd1-unwrap_shear_15nN": 1, "cb21c2d24f652c6aa6c14017b5264cd1-log_interaction_energy_15nN": 1, "cb21c2d24f652c6aa6c14017b5264cd1-get_interaction_energy_15nN": 1, "cb21c2d24f652c6aa6c14017b5264cd1-shear_15nN_rerun_grompp": 1, "cb21c2d24f652c6aa6c14017b5264cd1-initialize": 1, "cb21c2d24f652c6aa6c14017b5264cd1-shear_5nN_grompp": 1, "cb21c2d24f652c6aa6c14017b5264cd1-equilibrate": 1, "cb21c2d24f652c6aa6c14017b5264cd1-unwrap_shear_25nN": 1, "cb21c2d24f652c6aa6c14017b5264cd1-calc_tilt_shear": 1, "cb21c2d24f652c6aa6c14017b5264cd1-log_cof": 1, "cb21c2d24f652c6aa6c14017b5264cd1-shear_15nN_rerun": 1, "cb21c2d24f652c6aa6c14017b5264cd1-shear_25nN_rerun": 1, "cb21c2d24f652c6aa6c14017b5264cd1-shear_25nN_rerun_grompp": 1, "cb21c2d24f652c6aa6c14017b5264cd1-calc_S2_shear": 1, "cb21c2d24f652c6aa6c14017b5264cd1-get_interaction_energy_25nN": 1, "cb21c2d24f652c6aa6c14017b5264cd1-shear_25nN_grompp": 1, "cb21c2d24f652c6aa6c14017b5264cd1-shear_5nN": 1, "cb21c2d24f652c6aa6c14017b5264cd1-compress_grompp": 1, "cb21c2d24f652c6aa6c14017b5264cd1-log_S2": 1, "cb21c2d24f652c6aa6c14017b5264cd1-unwrap_shear_5nN": 1}, "shear_15nN-qq": [-18.31259488968825, 8.066597355074835], "shear_5nN-Etotal": [-1035.8848153341326, 47.98241063429064], "avg_molecular_weight": 42.02015, "delta_dipole_moment": 2.09, "shear_15nN-lj": [-1231.0921415203836, 47.56192637921891], "shear_5nN-lj": [-1021.8969084292567, 47.066566311374274]}