{"shear_15nN-qq": [-647.6233986394884, 71.33458574125494], "delta_molecular_weight": 14.026499999999999, "status": {"7dc1bce91b98d2b32b36fd2e343dcc9f-log_cof": 1, "7dc1bce91b98d2b32b36fd2e343dcc9f-log_S2": 1, "7dc1bce91b98d2b32b36fd2e343dcc9f-shear_25nN_grompp": 1, "7dc1bce91b98d2b32b36fd2e343dcc9f-shear_5nN": 1, "7dc1bce91b98d2b32b36fd2e343dcc9f-shear_15nN_rerun_grompp": 1, "7dc1bce91b98d2b32b36fd2e343dcc9f-shear_5nN_rerun_grompp": 1, "7dc1bce91b98d2b32b36fd2e343dcc9f-unwrap_shear_5nN": 1, "7dc1bce91b98d2b32b36fd2e343dcc9f-shear_15nN_rerun": 1, "7dc1bce91b98d2b32b36fd2e343dcc9f-calc_friction": 1, "7dc1bce91b98d2b32b36fd2e343dcc9f-calc_interdigitation": 1, "7dc1bce91b98d2b32b36fd2e343dcc9f-count_hydrogen_bonds": 1, "7dc1bce91b98d2b32b36fd2e343dcc9f-initialize": 1, "7dc1bce91b98d2b32b36fd2e343dcc9f-log_interaction_energy_15nN": 1, "7dc1bce91b98d2b32b36fd2e343dcc9f-shear_25nN_rerun": 1, "7dc1bce91b98d2b32b36fd2e343dcc9f-fix_overlaps": 1, "7dc1bce91b98d2b32b36fd2e343dcc9f-log_interaction_energy_5nN": 1, "7dc1bce91b98d2b32b36fd2e343dcc9f-minimize": 1, "7dc1bce91b98d2b32b36fd2e343dcc9f-calc_S2_shear": 1, "7dc1bce91b98d2b32b36fd2e343dcc9f-equilibrate": 1, "7dc1bce91b98d2b32b36fd2e343dcc9f-lammps_to_gmx": 1, "7dc1bce91b98d2b32b36fd2e343dcc9f-shear_5nN_rerun": 1, "7dc1bce91b98d2b32b36fd2e343dcc9f-get_interaction_energy_15nN": 1, "7dc1bce91b98d2b32b36fd2e343dcc9f-log_tilt": 1, "7dc1bce91b98d2b32b36fd2e343dcc9f-get_interaction_energy_5nN": 1, "7dc1bce91b98d2b32b36fd2e343dcc9f-shear_15nN_grompp": 1, "7dc1bce91b98d2b32b36fd2e343dcc9f-get_interaction_energy_25nN": 1, "7dc1bce91b98d2b32b36fd2e343dcc9f-unwrap_shear_25nN": 1, "7dc1bce91b98d2b32b36fd2e343dcc9f-shear_25nN": 1, "7dc1bce91b98d2b32b36fd2e343dcc9f-top_to_mol2": 1, "7dc1bce91b98d2b32b36fd2e343dcc9f-equilibrate_grompp": 1, "7dc1bce91b98d2b32b36fd2e343dcc9f-calc_tilt_shear": 1, "7dc1bce91b98d2b32b36fd2e343dcc9f-log_interaction_energy_25nN": 1, "7dc1bce91b98d2b32b36fd2e343dcc9f-unwrap_shear_15nN": 1, "7dc1bce91b98d2b32b36fd2e343dcc9f-minimize_grompp": 1, "7dc1bce91b98d2b32b36fd2e343dcc9f-compress": 1, "7dc1bce91b98d2b32b36fd2e343dcc9f-shear_5nN_grompp": 1, "7dc1bce91b98d2b32b36fd2e343dcc9f-shear_25nN_rerun_grompp": 1, "7dc1bce91b98d2b32b36fd2e343dcc9f-shear_15nN": 1, "7dc1bce91b98d2b32b36fd2e343dcc9f-compress_grompp": 1}, "interdigitation": {"25nN": 0.13422574280528596, "5nN": 0.11132150946180028, "15nN": 0.09798425784310938}, "avg_molecular_weight": 24.02055, "delta_dipole_moment": 0.19999999999999996, "tilt_bottom": {"25nN": 40.49831916076074, "5nN": 35.58560172312397, "15nN": 39.70761661090816}, "S2_top": {"25nN": 0.9685384623707243, "5nN": 0.9769959502455099, "15nN": 0.9746380074886137}, "shear_25nN-Etotal": [-2313.9203014676254, 96.97570342662384], "avg_dipole_moment": 1.7799999999999998, "S2_bottom": {"25nN": 0.9505690802165957, "5nN": 0.9720400453832213, "15nN": 0.978119442447066}, "intercept": 2.0768988605057195, "shear_15nN-lj": [-1543.0677524444443, 54.041297437969114], "tilt_top": {"25nN": 42.051425284816354, "5nN": 37.349184773827524, "15nN": 39.86887348242832}, "shear_5nN-Etotal": [-1900.3842148792965, 91.10786480288841], "shear_5nN-qq": [-532.9842618944845, 63.79996425797557], "shear_5nN-lj": [-1367.3999529848122, 53.562476601630756], "COF": 0.16729523724970408, "shear_25nN-lj": [-1627.036202681055, 55.08161786213276], "shear_25nN-qq": [-686.8840987865707, 76.0652040579787], "shear_15nN-Etotal": [-2190.6911510839327, 86.75843378722048]}