{"tilt_bottom": {"25nN": 38.21331036890886, "5nN": 32.47599085431609, "15nN": 35.806780937932444}, "shear_25nN-qq": [-53.99329226618705, 23.49151898195034], "S2_top": {"25nN": 0.9053598312437245, "5nN": 0.9249887040964372, "15nN": 0.8973784789430057}, "shear_5nN-qq": [-34.62842931254996, 20.470730367053992], "shear_15nN-Etotal": [-1796.314791135092, 54.90848720915416], "S2_bottom": {"25nN": 0.9119932357488503, "5nN": 0.8870454437006703, "15nN": 0.9169745900609125}, "shear_25nN-lj": [-1817.500488481215, 47.526396437532405], "delta_molecular_weight": 17.990499999999997, "intercept": 1.0917349062966304, "avg_dipole_moment": 1.015, "COF": 0.13542055155911284, "shear_25nN-Etotal": [-1871.493780747402, 54.219679341900374], "tilt_top": {"25nN": 36.2775021689784, "5nN": 31.476381434532108, "15nN": 34.524716633178905}, "status": {"45336aee426d1162a6042dc0e9d6dd49-unwrap_shear_25nN": 1, "45336aee426d1162a6042dc0e9d6dd49-shear_25nN_rerun": 1, "45336aee426d1162a6042dc0e9d6dd49-shear_15nN": 1, "45336aee426d1162a6042dc0e9d6dd49-top_to_mol2": 1, "45336aee426d1162a6042dc0e9d6dd49-shear_25nN_grompp": 1, "45336aee426d1162a6042dc0e9d6dd49-get_interaction_energy_5nN": 1, "45336aee426d1162a6042dc0e9d6dd49-log_interaction_energy_15nN": 1, "45336aee426d1162a6042dc0e9d6dd49-shear_25nN": 1, "45336aee426d1162a6042dc0e9d6dd49-calc_tilt_shear": 1, "45336aee426d1162a6042dc0e9d6dd49-compress": 1, "45336aee426d1162a6042dc0e9d6dd49-log_interaction_energy_5nN": 1, "45336aee426d1162a6042dc0e9d6dd49-calc_friction": 1, "45336aee426d1162a6042dc0e9d6dd49-get_interaction_energy_15nN": 1, "45336aee426d1162a6042dc0e9d6dd49-shear_15nN_rerun": 1, "45336aee426d1162a6042dc0e9d6dd49-shear_5nN_rerun": 1, "45336aee426d1162a6042dc0e9d6dd49-initialize": 1, "45336aee426d1162a6042dc0e9d6dd49-log_tilt": 1, "45336aee426d1162a6042dc0e9d6dd49-compress_grompp": 1, "45336aee426d1162a6042dc0e9d6dd49-equilibrate": 1, "45336aee426d1162a6042dc0e9d6dd49-unwrap_shear_5nN": 1, "45336aee426d1162a6042dc0e9d6dd49-calc_interdigitation": 1, "45336aee426d1162a6042dc0e9d6dd49-get_interaction_energy_25nN": 1, "45336aee426d1162a6042dc0e9d6dd49-shear_5nN": 1, "45336aee426d1162a6042dc0e9d6dd49-shear_15nN_grompp": 1, "45336aee426d1162a6042dc0e9d6dd49-log_cof": 1, "45336aee426d1162a6042dc0e9d6dd49-unwrap_shear_15nN": 1, "45336aee426d1162a6042dc0e9d6dd49-minimize_grompp": 1, "45336aee426d1162a6042dc0e9d6dd49-shear_25nN_rerun_grompp": 1, "45336aee426d1162a6042dc0e9d6dd49-fix_overlaps": 1, "45336aee426d1162a6042dc0e9d6dd49-shear_5nN_grompp": 1, "45336aee426d1162a6042dc0e9d6dd49-shear_5nN_rerun_grompp": 1, "45336aee426d1162a6042dc0e9d6dd49-log_interaction_energy_25nN": 1, "45336aee426d1162a6042dc0e9d6dd49-log_S2": 1, "45336aee426d1162a6042dc0e9d6dd49-equilibrate_grompp": 1, "45336aee426d1162a6042dc0e9d6dd49-shear_15nN_rerun_grompp": 1, "45336aee426d1162a6042dc0e9d6dd49-minimize": 1, "45336aee426d1162a6042dc0e9d6dd49-calc_S2_shear": 1, "45336aee426d1162a6042dc0e9d6dd49-lammps_to_gmx": 1}, "shear_15nN-qq": [-61.49245174180655, 22.447858733937434], "shear_5nN-Etotal": [-1546.6143407785771, 61.1362248879341], "avg_molecular_weight": 86.09895, "delta_dipole_moment": 2.03, "shear_15nN-lj": [-1734.8223393932856, 48.13102056947119], "shear_5nN-lj": [-1511.9859114660271, 53.848669197163865]}