{"tilt_bottom": {"25nN": 40.74699369576617, "5nN": 35.02530719410732, "15nN": 38.44938919366617}, "shear_25nN-qq": [125.500673784972, 21.51875791821957], "S2_top": {"25nN": 0.9216517380710464, "5nN": 0.9228590570414799, "15nN": 0.9313506850382952}, "shear_5nN-qq": [51.18725386250999, 15.285671424789923], "shear_15nN-Etotal": [-1312.2258609216626, 47.089920792338546], "status": {"d8f454dfff043d785e93c67dc496e42a-fix_overlaps": 1, "d8f454dfff043d785e93c67dc496e42a-unwrap_shear_5nN": 1, "d8f454dfff043d785e93c67dc496e42a-unwrap_shear_25nN": 1, "d8f454dfff043d785e93c67dc496e42a-shear_15nN_grompp": 1, "d8f454dfff043d785e93c67dc496e42a-shear_25nN_grompp": 1, "d8f454dfff043d785e93c67dc496e42a-calc_tilt_shear": 1, "d8f454dfff043d785e93c67dc496e42a-lammps_to_gmx": 1, "d8f454dfff043d785e93c67dc496e42a-shear_5nN_grompp": 1, "d8f454dfff043d785e93c67dc496e42a-calc_friction": 1, "d8f454dfff043d785e93c67dc496e42a-shear_15nN_rerun_grompp": 1, "d8f454dfff043d785e93c67dc496e42a-shear_5nN_rerun": 1, "d8f454dfff043d785e93c67dc496e42a-shear_15nN": 1, "d8f454dfff043d785e93c67dc496e42a-shear_25nN_rerun_grompp": 1, "d8f454dfff043d785e93c67dc496e42a-shear_5nN": 1, "d8f454dfff043d785e93c67dc496e42a-compress": 1, "d8f454dfff043d785e93c67dc496e42a-top_to_mol2": 1, "d8f454dfff043d785e93c67dc496e42a-equilibrate": 1, "d8f454dfff043d785e93c67dc496e42a-get_interaction_energy_25nN": 1, "d8f454dfff043d785e93c67dc496e42a-get_interaction_energy_15nN": 1, "d8f454dfff043d785e93c67dc496e42a-get_interaction_energy_5nN": 1, "d8f454dfff043d785e93c67dc496e42a-shear_25nN_rerun": 1, "d8f454dfff043d785e93c67dc496e42a-minimize_grompp": 1, "d8f454dfff043d785e93c67dc496e42a-minimize": 1, "d8f454dfff043d785e93c67dc496e42a-unwrap_shear_15nN": 1, "d8f454dfff043d785e93c67dc496e42a-shear_15nN_rerun": 1, "d8f454dfff043d785e93c67dc496e42a-log_interaction_energy_15nN": 1, "d8f454dfff043d785e93c67dc496e42a-calc_S2_shear": 1, "d8f454dfff043d785e93c67dc496e42a-compress_grompp": 1, "d8f454dfff043d785e93c67dc496e42a-log_interaction_energy_5nN": 1, "d8f454dfff043d785e93c67dc496e42a-count_hydrogen_bonds": 1, "d8f454dfff043d785e93c67dc496e42a-log_S2": 1, "d8f454dfff043d785e93c67dc496e42a-log_interaction_energy_25nN": 1, "d8f454dfff043d785e93c67dc496e42a-shear_25nN": 1, "d8f454dfff043d785e93c67dc496e42a-log_cof": 1, "d8f454dfff043d785e93c67dc496e42a-shear_5nN_rerun_grompp": 1, "d8f454dfff043d785e93c67dc496e42a-initialize": 1, "d8f454dfff043d785e93c67dc496e42a-log_tilt": 1, "d8f454dfff043d785e93c67dc496e42a-equilibrate_grompp": 1, "d8f454dfff043d785e93c67dc496e42a-calc_interdigitation": 1}, "shear_25nN-lj": [-1537.8870562781774, 49.78137268700614], "delta_molecular_weight": 0.9881000000000011, "shear_15nN-qq": [102.81498267785773, 19.087976641409846], "avg_dipole_moment": 0.815, "COF": 0.16858539577114479, "shear_25nN-Etotal": [-1412.3863824932055, 52.30321753937253], "tilt_top": {"25nN": 39.257146160444734, "5nN": 33.85291804843981, "15nN": 37.710119751734375}, "S2_bottom": {"25nN": 0.956262052457807, "5nN": 0.9553068243551035, "15nN": 0.9488682240457234}, "intercept": 0.5004597106584256, "shear_5nN-Etotal": [-1128.3045801159074, 46.928400010057345], "avg_molecular_weight": 15.52845, "delta_dipole_moment": 1.63, "shear_15nN-lj": [-1415.0408435995205, 46.949315531462084], "shear_5nN-lj": [-1179.4918339784172, 48.56762718340091]}